timestamp,high,low,close
1779660000,4555.5,4525.5,4553
1779660300,4559.9,4551.5,4557.1
1779660600,4560.4,4554.2,4557.6
1779660900,4558.7,4551,4554.3
1779661200,4557.8,4554,4556.5
1779661500,4557.5,4553.2,4553.9
1779661800,4563.2,4553.2,4560.8
1779662100,4561.6,4558.8,4560.1
1779662400,4560.7,4558.6,4560.5
1779662700,4567.8,4560.1,4567.2
1779663000,4567.5,4564.2,4564.2
1779663300,4567.6,4563.8,4567.1
1779663600,4571,4567,4570.6
1779663900,4576.5,4569.9,4574.7
1779664200,4578.8,4574.9,4576.7
1779664500,4579.8,4575.4,4576.2
1779664800,4580.4,4576,4578.9
1779665100,4580.3,4575.9,4577.1
1779665400,4581.1,4577.1,4580.2
1779665700,4581.4,4579.7,4581
1779666000,4582.7,4579,4579.1
1779666300,4580.3,4577.4,4579
1779666600,4578.9,4575.9,4577.1
1779666900,4577.1,4567.6,4569
1779667200,4573.5,4568.1,4570.9
1779667500,4576.4,4570,4575.3
1779667800,4578,4572.3,4574.6
1779668100,4575.4,4571.6,4573.3
1779668400,4576.8,4571.6,4576.6
1779668700,4577.7,4571.8,4574.4
1779669000,4576.7,4573.5,4575.8
1779669300,4577.6,4574.1,4577
1779669600,4576.7,4572.2,4573.4
1779669900,4581.6,4572.5,4578.5
1779670200,4579.5,4573.3,4575.4
1779670500,4576.4,4566.9,4570.8
1779670800,4578.1,4568.1,4570.1
1779671100,4571.2,4561.5,4563.1
1779671400,4568.1,4562.9,4566.9
1779671700,4567.7,4563.4,4567.7
1779672000,4574.4,4566.4,4572.6
1779672300,4576.7,4569.5,4574.6
1779672600,4576.1,4569.8,4570.1
1779672900,4573.1,4569.9,4571.3
1779673200,4572,4564,4564.5
1779673500,4566,4561.2,4564.6
1779673800,4568.2,4562.3,4567.4
1779674100,4567.6,4561.7,4563.5
1779674400,4566.3,4562.2,4563.3
1779674700,4569.3,4563,4568.5
1779675000,4568.9,4561.9,4562.8
1779675300,4563.3,4559.6,4562.6
1779675600,4564.4,4560.5,4563.3
1779675900,4563.9,4560.5,4563.7
1779676200,4566.3,4561.9,4564.4
1779676500,4566.3,4562.6,4565.9
1779676800,4570.7,4565.3,4570.7
1779677100,4571.1,4563.2,4564.4
1779677400,4565.7,4562.6,4562.6
1779677700,4563.6,4560,4562.1
1779678000,4565.3,4561.7,4563.5
1779678300,4564.4,4560.8,4563.8
1779678600,4564.4,4562.1,4563.8
1779678900,4564,4562.1,4562.6
1779679200,4565.2,4561.9,4561.9
1779679500,4562.7,4560.9,4561.1
1779679800,4563.1,4560,4562.6
1779680100,4565.1,4562.2,4563.4
1779680400,4563.4,4558.4,4559
1779680700,4559.8,4557.4,4559.1
1779681000,4560.8,4557.1,4560.5
1779681300,4562,4560,4560.2
1779681600,4562.7,4560,4561.9
1779681900,4562.7,4561.4,4562.2
1779682200,4563.3,4560.5,4561.5
1779682500,4562.8,4560.6,4561.7
1779682800,4565.3,4561.9,4564.6
1779683100,4566.7,4564.6,4565.8
1779683400,4566.3,4561.1,4561.6
1779683700,4563.3,4560.4,4562.9
1779684000,4564,4561.4,4563.4
1779684300,4565.5,4563,4565
1779684600,4566.7,4564.1,4565.1
1779684900,4566.7,4565,4566
1779685200,4567.3,4564,4566.8
1779685500,4567.2,4565.4,4566
1779685800,4566.4,4564,4564.8
1779686100,4564.9,4563.6,4564.3
1779686400,4564,4557.1,4557.9
1779686700,4558.4,4555.2,4555.3
1779687000,4560.9,4553.8,4558.6
1779687300,4561.7,4558.7,4560.9
1779687600,4561.9,4556.5,4558
1779687900,4559.1,4555.8,4556
1779688200,4556.4,4552.7,4555.1
1779688500,4556.6,4554,4554.6
1779688800,4557,4553.4,4554
1779689100,4554.7,4551.3,4553
1779689400,4555.6,4552.5,4554.9
1779689700,4556.5,4553.6,4555.5
1779690000,4557.8,4553,4557.6
1779690300,4558.4,4555,4555.2
1779690600,4557.1,4554.5,4556.3
1779690900,4558.5,4555.7,4556.3
1779691200,4558.2,4556,4557.4
1779691500,4560.3,4557.2,4558.7
1779691800,4560.3,4557.4,4559.5
1779692100,4564.2,4559.6,4563.4
1779692400,4565.8,4561.9,4564.8
1779692700,4565.5,4562.2,4563.1
1779693000,4565.3,4561.6,4561.6
1779693300,4562.1,4553.6,4556.4
1779693600,4557.2,4553.2,4557.1
1779693900,4558,4555.2,4555.7
1779694200,4563.2,4555.2,4560.2
1779694500,4561.3,4558.4,4560.1
1779694800,4562.4,4559.8,4561
1779695100,4563.6,4559.6,4563.6
1779695400,4566.7,4562.9,4565.2
1779695700,4566.7,4564.7,4566.1
1779696000,4566.6,4563.6,4564.3
1779696300,4564.6,4561.3,4563.2
1779696600,4563.6,4561.1,4562.4
1779696900,4562.5,4561.1,4562.4
1779697200,4562.6,4556.6,4556.8
1779697500,4557.6,4555.2,4556.1
1779697800,4559.3,4555.6,4558.4
1779698100,4559.4,4556.5,4557.5
1779698400,4558,4554.8,4556
1779698700,4556.8,4555,4555.9
1779699000,4558,4555.8,4557.4
1779699300,4558.2,4557,4557.5
1779699600,4560.3,4557.1,4558.9
1779699900,4558.8,4556.5,4556.6
1779700200,4558.8,4556.5,4556.8
1779700500,4559.1,4557,4558.1
1779700800,4558.1,4557,4558
1779701100,4560.6,4558,4560.4
1779701400,4566.9,4559.9,4566.7
1779701700,4567.4,4564.4,4566.2
1779702000,4567.7,4565.1,4567.3
1779702300,4568.3,4565.6,4567.9
1779702600,4570.5,4567.7,4568.9
1779702900,4570.7,4568.4,4569.1
1779703200,4571.7,4569.2,4570.5
1779703500,4572.7,4570.5,4572.7
1779703800,4574.3,4571.5,4573.4
1779704100,4575.4,4573,4574.7
1779704400,4574.6,4572.7,4574.2
1779704700,4574.2,4571.5,4572.7
1779705000,4574.9,4571.8,4574.3
1779705300,4574.4,4572.5,4572.7
1779705600,4572.8,4570.3,4572
1779705900,4574.1,4572,4572.1
1779706200,4572.5,4571.2,4571.9
1779706500,4572.2,4570.4,4570.6
1779706800,4570.8,4569.8,4570.4
1779707100,4570.7,4569.4,4570.3
1779707400,4574.4,4570.1,4574
1779707700,4577.5,4573.7,4576.7
1779708000,4577.1,4573.1,4573.9
1779708300,4573.8,4571.2,4573.8
1779708600,4576.6,4573.5,4575.1
1779708900,4578.2,4574.8,4577.9
1779709200,4578.2,4575.9,4576.5
1779709500,4579.3,4573,4573
1779709800,4574,4572.4,4572.5
1779710100,4573.2,4571.1,4571.3
1779710400,4571.5,4565.3,4566.5
1779710700,4566.4,4558.7,4562.1
1779711000,4563.2,4557.7,4558
1779711300,4558.6,4555.2,4555.5
1779711600,4559.1,4554.3,4557.6
1779711900,4562.4,4557.4,4561.9
1779712200,4565.7,4561.3,4565.7
1779712500,4572.1,4564.8,4570.4
1779712800,4571,4568,4568.3
1779713100,4570.2,4565.8,4568
1779713400,4569.1,4567.8,4568.7
1779713700,4570.5,4568.5,4569.3
1779714000,4569.5,4563.3,4566.2
1779714300,4573.2,4566,4570.2
1779714600,4570.3,4564.2,4565.9
1779714900,4566,4562.2,4563.8
1779715200,4566.3,4563.5,4564.9
1779715500,4565.4,4562.5,4563.4
1779715800,4566.2,4563.1,4565.9
1779716100,4567.5,4564.7,4566.1
1779716400,4567.3,4565.4,4566.7
1779716700,4567,4561.7,4563.4
1779717000,4565.3,4562.3,4565.1
1779717300,4566.6,4564.7,4564.9
1779717600,4569.1,4564,4568.8
1779717900,4571.6,4568.8,4571.5
1779718200,4571.7,4568.6,4569.4
1779718500,4570.7,4569,4570
1779718800,4572,4569.3,4571.8
1779719100,4572.4,4569,4569.6
1779719400,4570,4566.7,4569.5
1779719700,4570.2,4567.9,4568.9
1779720000,4570.2,4568,4568.6
1779720300,4570,4567.8,4569.9
1779720600,4570.5,4567.2,4567.4
1779720900,4568.9,4567,4568.4
1779721200,4570.9,4568.2,4569.6
1779721500,4569.7,4566.9,4568.3
1779721800,4575.5,4567.7,4571.8
1779722100,4572.8,4569.7,4572
1779722400,4575.2,4572.1,4574.8
1779722700,4576.7,4573.3,4575.2
1779723000,4575.5,4571.9,4572.8
1779723300,4573.1,4568.4,4570.6
1779723600,4571.4,4569.6,4570.7
1779723900,4572.3,4570.4,4572
1779724200,4574.2,4571.9,4573.6
1779724500,4574.7,4572.3,4572.7
1779724800,4573.1,4570.3,4571
1779725100,4571.9,4570.7,4571.1
1779725400,4572.6,4571.1,4572.5
1779725700,4572.7,4570.6,4570.6
1779726000,4572.2,4570.6,4571.5
1779726300,4572.1,4570.1,4570.1
1779726600,4572.1,4569.9,4572.1
1779726900,4573.2,4571.7,4572.9
1779727200,4574.5,4572.3,4574.2
1779727500,4575.2,4573.6,4575.1
1779727800,4576.6,4572.7,4573.1
1779728100,4576,4573,4575.6
1779728400,4578.9,4575.6,4578.2
1779728700,4578.5,4576.6,4578.2
1779729000,4580.6,4576.1,4576.7
1779729300,4577,4575.8,4576.2
1779729600,4576.3,4573.4,4573.8
1779729900,4574.2,4572.7,4573.8
1779730200,4574,4572.3,4572.4
1779730500,4572.4,4570.3,4570.4
1779730800,4570.8,4569.1,4569.6
1779731100,4569.2,4565.7,4567.8
1779731400,4568.4,4566.1,4567
1779731700,4568.3,4566.6,4567.9
1779732000,4571.8,4566.8,4571.4
1779732300,4574,4570.3,4572.6
1779732600,4573.1,4570.5,4571.5
1779732900,4572.7,4570.9,4571.1
1779733200,4573.3,4569.8,4570.2
1779733500,4573.5,4569.6,4573.5
1779746400,4574.9,4568.9,4573
1779746700,4574.7,4572.4,4574.3
1779747000,4575.9,4573.4,4575.3
1779747300,4577.3,4575.2,4575.6
1779747600,4577.1,4574.4,4577.1
1779747900,4577.3,4574.8,4574.8
1779748200,4574.8,4572.8,4572.9
1779748500,4575.3,4571.2,4574.7
1779748800,4577.1,4573.8,4576.1
1779749100,4577.2,4575.3,4575.8
1779749400,4578.4,4575.9,4578.2
1779749700,4578.5,4576.2,4576.8
1779750000,4578.6,4575.7,4576.1
1779750300,4579,4575.7,4578.3
1779750600,4582,4577.4,4581.1
1779750900,4583.2,4579.2,4579.7
1779751200,4580.2,4574.9,4576.1
1779751500,4576.1,4569.1,4570.4
1779751800,4570.9,4562.4,4562.8
1779752100,4564.7,4556.8,4563.7
1779752400,4564.3,4557,4558.6
1779752700,4563.6,4558.6,4561.5
1779753000,4564.8,4560.6,4564.2
1779753300,4564.9,4561,4561.4
1779753600,4562.1,4550.4,4552.1
1779753900,4554,4549.5,4551
1779754200,4554.4,4548.8,4553.5
1779754500,4554.7,4542.2,4547
1779754800,4548.2,4542.3,4546
1779755100,4551.4,4545.2,4550.3
1779755400,4554.1,4550.2,4553.1
1779755700,4553.5,4547,4548.2
1779756000,4550.8,4544.5,4548.9
1779756300,4552.6,4545.8,4545.9
1779756600,4547.2,4539.9,4543.5
1779756900,4551.4,4543.5,4550.6
1779757200,4552.1,4543,4543.5
1779757500,4548.1,4543.2,4546.6
1779757800,4550.1,4546.7,4549.9
1779758100,4549.9,4546.5,4547.9
1779758400,4549.2,4542.7,4545
1779758700,4547.3,4543.9,4544.7
1779759000,4544.8,4537.6,4539.7
1779759300,4540,4528,4530.6
1779759600,4533.8,4528.9,4533
1779759900,4536.3,4532.1,4534.2
1779760200,4537.3,4532.3,4535.8
1779760500,4538.5,4535.4,4538.1
1779760800,4539,4536.3,4537.2
1779761100,4539.9,4536.2,4539.4
1779761400,4540.5,4538,4539.2
1779761700,4540,4537.3,4539.4
1779762000,4539.4,4537.5,4539.1
1779762300,4540.1,4537.3,4537.9
1779762600,4538.1,4534.8,4535.7
1779762900,4539.5,4535.3,4538.4
1779763200,4539.5,4534.3,4534.8
1779763500,4535,4531.6,4533.4
1779763800,4534.4,4530.7,4532.9
1779764100,4535.4,4532.8,4532.8
1779764400,4537.1,4532.8,4534.4
1779764700,4537.4,4534.3,4536.3
1779765000,4539,4535.6,4537.7
1779765300,4539.7,4537.3,4539.1
1779765600,4544.4,4539,4542.5
1779765900,4543.8,4541.4,4542.7
1779766200,4545,4542.3,4545
1779766500,4546.1,4543.6,4543.7
1779766800,4544.9,4541.5,4542.1
1779767100,4543.2,4541,4542.4
1779767400,4544.3,4542.1,4543.6
1779767700,4543.5,4541.8,4542.9
1779768000,4543.7,4541,4541
1779768300,4541.4,4539.5,4539.8
1779768600,4540.4,4536.5,4538.2
1779768900,4540,4537,4538.6
1779769200,4538.9,4535.6,4536
1779769500,4536.2,4533,4533.1
1779769800,4533.8,4530.3,4531.1
1779770100,4531.6,4525,4528.3
1779770400,4530,4525.8,4526.9
1779770700,4528.6,4525.1,4528.1
1779771000,4529.7,4526.8,4527.9
1779771300,4528.3,4523.7,4525.8
1779771600,4529.9,4523.3,4529.2
1779771900,4530.9,4526.5,4530.8
1779772200,4531.9,4529.3,4529.8
1779772500,4531.8,4529.3,4529.9
1779772800,4531.9,4529.3,4530.4
1779773100,4532.1,4529.2,4531.7
1779773400,4534.5,4530.6,4533.9
1779773700,4535.5,4532.7,4533
1779774000,4533.3,4528.3,4530.1
1779774300,4530.2,4526.6,4528.1
1779774600,4528.5,4523.9,4527.2
1779774900,4529.4,4525.2,4527.8
1779775200,4531.9,4527.4,4531.5
1779775500,4533,4530.7,4531.5
1779775800,4533.3,4529.5,4532
1779776100,4532.6,4529.8,4531.4
1779776400,4535.2,4530.4,4534.5
1779776700,4536.8,4528.6,4530.8
1779777000,4532.4,4529.1,4531.2
1779777300,4533.7,4531,4532.2
1779777600,4534.6,4531.9,4534.5
1779777900,4534.5,4529.5,4530.5
1779778200,4532.5,4529.3,4532.5
1779778500,4534.2,4531.2,4531.8
1779778800,4534.3,4529.8,4532
1779779100,4534.9,4527.8,4528.1
1779779400,4530.9,4526.2,4528.9
1779779700,4529,4522.4,4527.3
1779780000,4530.5,4525.5,4530.5
1779780300,4531.8,4529.2,4530.1
1779780600,4530.3,4523.2,4526.4
1779780900,4527,4521.7,4523.6
1779781200,4527.8,4522.3,4526.9
1779781500,4533.8,4525.4,4533.8
1779781800,4535.9,4531.7,4532.2
1779782100,4539.6,4532.3,4538.7
1779782400,4539.5,4535.5,4536.3
1779782700,4536.5,4533.2,4533.4
1779783000,4534,4527.2,4527.7
1779783300,4530.2,4527.7,4530.1
1779783600,4530.5,4526.6,4527.6
1779783900,4528.3,4520.8,4522.8
1779784200,4523.7,4520,4521.7
1779784500,4524.7,4520.7,4522.5
1779784800,4526.7,4522.1,4525.9
1779785100,4527.7,4521.7,4522.5
1779785400,4525.8,4520.3,4524.4
1779785700,4524.9,4522.4,4524.5
1779786000,4525,4522.1,4525
1779786300,4525.4,4522.4,4523.7
1779786600,4523.9,4519.3,4520.7
1779786900,4526.1,4518.2,4525.1
1779787200,4525.7,4520.8,4522.4
1779787500,4526.7,4521.9,4525
1779787800,4525.5,4517.5,4518.6
1779788100,4519.2,4516.2,4517
1779788400,4517.6,4512.2,4513.9
1779788700,4519.3,4513.4,4519.1
1779789000,4519.7,4516.4,4519.4
1779789300,4523.9,4517.9,4523.1
1779789600,4523.8,4519.9,4520.2
1779789900,4525.9,4519.4,4525.9
1779790200,4532.6,4525.4,4529.6
1779790500,4533.2,4527.7,4528.5
1779790800,4532.8,4528,4532
1779791100,4535.9,4531.8,4533.7
1779791400,4539.5,4533.9,4539.3
1779791700,4539.4,4534.1,4534.4
1779792000,4535.3,4531.9,4533.6
1779792300,4537.9,4533.4,4537.7
1779792600,4540.8,4534.7,4535.2
1779792900,4535.9,4534.3,4534.9
1779793200,4536.9,4533.5,4536.7
1779793500,4537,4534.5,4535.6
1779793800,4536.5,4532.2,4532.2
1779794100,4533.3,4530.3,4530.3
1779794400,4530.6,4525.4,4525.7
1779794700,4526.3,4523.1,4523.8
1779795000,4523.9,4517.6,4519.4
1779795300,4519.7,4507.3,4511.1
1779795600,4513.4,4504.2,4509.8
1779795900,4515.8,4508.1,4512.5
1779796200,4515.6,4510.4,4511.6
1779796500,4511.8,4503.5,4507.3
1779796800,4510,4504,4508.1
1779797100,4512.3,4505.7,4510.5
1779797400,4512.3,4507.6,4510.5
1779797700,4516.2,4509.1,4512.3
1779798000,4513.1,4508,4509.5
1779798300,4511.5,4503.5,4506.3
1779798600,4510.6,4500.3,4510.2
1779798900,4510.4,4501.3,4502.1
1779799200,4511.9,4502.1,4511.9
1779799500,4521.3,4510.4,4519.8
1779799800,4523.7,4517.2,4522.7
1779800100,4524.2,4519.5,4520.6
1779800400,4526.9,4519.6,4523.7
1779800700,4524.1,4519.7,4522.8
1779801000,4522.8,4516.5,4518.8
1779801300,4522.3,4518.6,4520.7
1779801600,4527.8,4520.6,4526.8
1779801900,4528.4,4522.8,4523
1779802200,4528.8,4522.6,4523.2
1779802500,4529.7,4521.5,4525.3
1779802800,4532.2,4524.9,4527.9
1779803100,4530,4525.8,4526.7
1779803400,4527,4513,4516.2
1779803700,4518.4,4512.7,4514.5
1779804000,4518.8,4511.6,4518.3
1779804300,4521.3,4515.7,4516.2
1779804600,4516.4,4508.4,4511.5
1779804900,4515.9,4509.2,4514.8
1779805200,4518.8,4513.1,4516.3
1779805500,4518.5,4515.6,4518.3
1779805800,4522.4,4517.2,4518
1779806100,4525.6,4518.4,4522.9
1779806400,4524.6,4520.1,4522
1779806700,4522.7,4518.9,4519.8
1779807000,4520,4515.8,4516.4
1779807300,4516.7,4513,4515.8
1779807600,4516,4508.4,4511.7
1779807900,4514.6,4509.3,4510.9
1779808200,4512.9,4508.6,4510.3
1779808500,4511.1,4505.3,4508.5
1779808800,4509,4505.2,4506
1779809100,4508.8,4505.1,4506.2
1779809400,4509.1,4504,4505.7
1779809700,4508.2,4502.3,4508
1779810000,4509.5,4506.5,4508.7
1779810300,4509.9,4506.7,4507
1779810600,4511.2,4506.1,4510.1
1779810900,4510.3,4506.1,4506.7
1779811200,4508.7,4505.5,4506.4
1779811500,4506.6,4502.3,4503.3
1779811800,4504,4498.8,4502
1779812100,4506.5,4499.6,4505.6
1779812400,4506.8,4502.7,4506.6
1779812700,4509.8,4506.1,4508.4
1779813000,4512.8,4507.8,4510
1779813300,4511.2,4508.5,4508.6
1779813600,4509.2,4506.4,4506.9
1779813900,4508.1,4503.3,4503.5
1779814200,4506.7,4503.1,4505.3
1779814500,4506.1,4504.7,4505.2
1779814800,4507.9,4504.5,4505.9
1779815100,4506.1,4503.4,4504.4
1779815400,4505,4503.8,4503.8
1779815700,4505.1,4503.5,4504.5
1779816000,4506.9,4504.3,4506.9
1779816300,4508.2,4500.5,4501.6
1779816600,4502.1,4497.1,4500.3
1779816900,4501.3,4496,4499.3
1779817200,4499.7,4495.3,4498.5
1779817500,4501.1,4498.3,4500.4
1779817800,4501.2,4495,4496.3
1779818100,4496.9,4487.2,4490.3
1779818400,4492.7,4483.5,4486.7
1779818700,4488.2,4480.1,4487.8
1779819000,4490.3,4484.3,4486.5
1779819300,4490.3,4485.8,4490.1
1779819600,4492.5,4489.7,4491.8
1779819900,4495.6,4491.4,4494.7
1779820200,4498,4493.5,4496.9
1779820500,4496.9,4494.5,4495.9
1779820800,4496,4494.5,4495.5
1779821100,4498,4495.7,4497.2
1779821400,4499.2,4496.8,4498.3
1779821700,4499.1,4497.4,4498.9
1779822000,4500.8,4496.7,4499.3
1779822300,4500.1,4498,4500
1779822600,4500.7,4498.5,4499
1779822900,4504.3,4498.8,4502.1
1779823200,4503.9,4501.7,4502.7
1779823500,4503.2,4500.9,4502
1779823800,4503.4,4500.1,4503.4
1779824100,4504.3,4502.7,4503.1
1779824400,4505.6,4503.4,4504.5
1779824700,4508.3,4503.8,4507.2
1779825000,4507.9,4505.5,4505.6
1779825300,4509.7,4505.6,4508.8
1779825600,4511.3,4507.1,4507.4
1779825900,4509,4506.2,4506.8
1779826200,4508.1,4506.2,4507.7
1779826500,4509.8,4507.7,4508.7
1779826800,4509.4,4507.2,4508.7
1779827100,4509.1,4506.2,4506.9
1779827400,4507.9,4506.4,4506.9
1779827700,4508.4,4506,4508.4
1779828000,4510,4507.9,4509.1
1779828300,4510.5,4506.8,4506.8
1779828600,4507,4504.4,4506.7
1779828900,4508.5,4506.5,4507.8
1779832800,4511.9,4503,4508
1779833100,4509.1,4503.4,4504.2
1779833400,4506.6,4503.8,4505.2
1779833700,4508.1,4504.3,4507.8
1779834000,4510.9,4505.2,4506.4
1779834300,4507.1,4504.5,4505.6
1779834600,4507.2,4500.8,4501
1779834900,4502.7,4498.8,4502.4
1779835200,4504.2,4501.1,4501.2
1779835500,4503.5,4500,4503.5
1779835800,4507.8,4502.5,4507.6
1779836100,4512.7,4507,4511.1
1779836400,4514,4509.8,4511.4
1779836700,4513.4,4509.6,4510
1779837000,4510.2,4507.8,4508.9
1779837300,4510.2,4508.2,4509.2
1779837600,4508.1,4504.6,4505.6
1779837900,4512.4,4505.4,4512.4
1779838200,4516.8,4510.9,4515
1779838500,4515.6,4512.3,4514.9
1779838800,4527.2,4514.8,4526.7
1779839100,4527.9,4520.2,4521
1779839400,4522.8,4520.2,4521.2
1779839700,4520.8,4518.3,4519.7
1779840000,4525.8,4516.8,4520.4
1779840300,4524,4519.3,4521.4
1779840600,4522.1,4519.7,4521.9
1779840900,4522.1,4519.6,4520.6
1779841200,4521.3,4515.6,4516.2
1779841500,4518.6,4513.8,4517.5
1779841800,4520.3,4517,4519.2
1779842100,4520.2,4517,4517.7
1779842400,4518.9,4515.9,4518.1
1779842700,4522,4518.2,4518.5
1779843000,4518.6,4515.1,4516.4
1779843300,4518.8,4514,4514.8
1779843600,4517.4,4513.5,4515.3
1779843900,4516.9,4512,4516.1
1779844200,4520.5,4515.4,4519.8
1779844500,4519.8,4515.1,4515.4
1779844800,4520.7,4515.1,4518.6
1779845100,4518.5,4513.9,4515.6
1779845400,4516.4,4512.9,4514.2
1779845700,4515.9,4510.4,4511.3
1779846000,4512.8,4508.8,4509.5
1779846300,4509.7,4506,4509.1
1779846600,4509.5,4506.3,4506.7
1779846900,4509.1,4505.8,4507.5
1779847200,4508.9,4503.2,4504.7
1779847500,4504.7,4500.9,4502.8
1779847800,4503.8,4501.4,4503.8
1779848100,4504.7,4498.3,4498.9
1779848400,4504,4498.9,4503.5
1779848700,4505.3,4503.3,4505.3
1779849000,4505.2,4503.2,4504.8
1779849300,4505.5,4499.3,4499.8
1779849600,4501.6,4497.9,4499.4
1779849900,4501.2,4497.3,4501.2
1779850200,4504.5,4501,4503.2
1779850500,4506.7,4503.3,4505.2
1779850800,4509.7,4504.5,4507.1
1779851100,4508.6,4504.8,4508.6
1779851400,4509.8,4507.4,4509.1
1779851700,4511.2,4507.4,4510.3
1779852000,4510.6,4507.4,4507.7
1779852300,4507.7,4504.9,4506.5
1779852600,4506.5,4504,4504
1779852900,4503.7,4500.7,4501.9
1779853200,4504.3,4501.8,4503.4
1779853500,4504.7,4502.4,4503.1
1779853800,4503.7,4500.5,4501
1779854100,4500.9,4495.5,4496.4
1779854400,4499.6,4494.6,4498.7
1779854700,4501.4,4498.2,4500.4
1779855000,4502.1,4500.1,4501.2
1779855300,4502,4499,4499.8
1779855600,4502.2,4499.3,4501.4
1779855900,4501.2,4498.3,4498.3
1779856200,4500.9,4496.8,4500.2
1779856500,4501.7,4498.7,4501.6
1779856800,4507.2,4501.2,4507
1779857100,4516,4507,4516
1779857400,4515.7,4510.3,4511.1
1779857700,4511.1,4508.2,4509.2
1779858000,4512.7,4507.4,4512.4
1779858300,4512.4,4508.9,4509.8
1779858600,4509.6,4507.7,4507.7
1779858900,4507.7,4503.6,4504.8
1779859200,4506.1,4503.2,4505.2
1779859500,4507.4,4504.9,4506.9
1779859800,4507.6,4492.3,4495.5
1779860100,4500,4493.6,4498.4
1779860400,4498.8,4490.4,4492
1779860700,4496.5,4490.2,4496.3
1779861000,4500.5,4494.6,4497.5
1779861300,4498.6,4495.6,4496.6
1779861600,4497.8,4492.2,4494
1779861900,4497.7,4492.5,4496.5
1779862200,4497.1,4492.5,4493.1
1779862500,4494.6,4485.4,4488.4
1779862800,4489.5,4482.8,4486
1779863100,4488,4482.9,4485.6
1779863400,4485.3,4478.3,4482.8
1779863700,4484.8,4479.7,4482.7
1779864000,4486.8,4481.7,4486.6
1779864300,4489.3,4486,4487.4
1779864600,4488.5,4485.9,4486.9
1779864900,4486.6,4482.7,4484.4
1779865200,4487.9,4484.2,4485.1
1779865500,4487.9,4482.2,4483.8
1779865800,4484,4479.4,4479.4
1779866100,4484.3,4479.2,4483
1779866400,4488.4,4481.6,4485.5
1779866700,4486.5,4484.3,4485.4
1779867000,4487.9,4484.2,4484.9
1779867300,4485.3,4480,4482.2
1779867600,4483.8,4481.2,4481.7
1779867900,4483.1,4476.7,4478.4
1779868200,4479.1,4474.2,4477.5
1779868500,4480.8,4477.1,4480.6
1779868800,4487.8,4479.6,4485
1779869100,4486.2,4483.6,4485.3
1779869400,4485.5,4482.3,4484.7
1779869700,4489.4,4484.6,4488.6
1779870000,4491.1,4486.6,4489.1
1779870300,4489.7,4486.8,4487.9
1779870600,4488.2,4484.7,4487.2
1779870900,4491.2,4487.1,4490.9
1779871200,4495.2,4490.9,4494.1
1779871500,4495.4,4490.9,4494.5
1779871800,4496.8,4494,4495.9
1779872100,4496,4493,4495.9
1779872400,4495.8,4489.4,4490.5
1779872700,4490.8,4486.9,4487.7
1779873000,4491.6,4487.9,4490.4
1779873300,4493.6,4490.1,4492.6
1779873600,4493.4,4488.9,4489.4
1779873900,4490,4487.6,4487.9
1779874200,4489.2,4485.1,4489
1779874500,4490.8,4488.7,4490.7
1779874800,4490.3,4486.8,4487.7
1779875100,4488.4,4486.9,4488.1
1779875400,4491.6,4488.5,4490.9
1779875700,4492,4488.8,4489.1
1779876000,4489.4,4483.6,4485.4
1779876300,4487.6,4484.9,4485.7
1779876600,4486.3,4482.8,4483.9
1779876900,4484.9,4478.3,4478.3
1779877200,4479.9,4476.5,4477.9
1779877500,4478.8,4474.9,4475.6
1779877800,4475.9,4470.9,4472.8
1779878100,4473.8,4459.3,4461.3
1779878400,4467.7,4460.3,4463.1
1779878700,4464.8,4439.7,4445.2
1779879000,4447.7,4439.8,4442
1779879300,4447.5,4439.8,4443.5
1779879600,4450.8,4443,4449.6
1779879900,4449.8,4443.9,4446.6
1779880200,4449.1,4440.6,4448.1
1779880500,4449.8,4445.1,4446.7
1779880800,4446.5,4437.4,4442.9
1779881100,4443.6,4436.5,4438.2
1779881400,4439.2,4429.8,4433.9
1779881700,4439.4,4431.6,4438.1
1779882000,4441.3,4435.8,4440.3
1779882300,4442,4436.1,4436.1
1779882600,4436.9,4430.5,4431.2
1779882900,4431.5,4422.1,4425.8
1779883200,4434.5,4425.7,4431.6
1779883500,4435,4429.2,4430.4
1779883800,4430.6,4426.2,4427.8
1779884100,4451.8,4424.8,4445.1
1779884400,4463.8,4439.3,4451.7
1779884700,4458,4450.3,4452.2
1779885000,4457.3,4443,4445
1779885300,4451.1,4442.4,4450.2
1779885600,4450.2,4443.6,4444.3
1779885900,4446,4440.3,4443.1
1779886200,4444.8,4438.8,4444.2
1779886500,4444.3,4435.3,4436.6
1779886800,4437,4426.7,4430.2
1779887100,4430.4,4409.3,4412.1
1779887400,4418.2,4408.6,4414.6
1779887700,4419.2,4407.5,4409.2
1779888000,4415.3,4403.8,4414.5
1779888300,4417.5,4398.4,4401.5
1779888600,4422.2,4400.5,4420.8
1779888900,4423.8,4410.3,4416.4
1779889200,4421.7,4414,4416.8
1779889500,4426.7,4416.1,4419
1779889800,4432.5,4417.8,4423.8
1779890100,4426.4,4422.1,4424.7
1779890400,4437.2,4424.2,4437
1779890700,4447,4435.6,4442.9
1779891000,4454.3,4441.6,4446.5
1779891300,4450.3,4445.2,4449.3
1779891600,4454,4441.5,4443
1779891900,4444.9,4438.7,4444.2
1779892200,4448.2,4434,4439.4
1779892500,4444.1,4438.3,4443.1
1779892800,4443.7,4438.2,4441.6
1779893100,4445,4436.6,4436.6
1779893400,4438.4,4435.2,4438.4
1779893700,4438,4431.9,4432.3
1779894000,4436.8,4428.7,4434.6
1779894300,4435.6,4427.1,4428.2
1779894600,4430.9,4426.7,4430.7
1779894900,4431.8,4428.2,4429.2
1779895200,4433,4428.4,4431.9
1779895500,4434.6,4431.1,4434.6
1779895800,4440.3,4434.4,4436.8
1779896100,4439.3,4435.9,4438.9
1779896400,4439.8,4431.6,4432.4
1779896700,4437.1,4429.6,4431.6
1779897000,4433.8,4429.4,4432.2
1779897300,4435.7,4431.2,4435.1
1779897600,4440.8,4433.7,4436.4
1779897900,4436.7,4432.5,4435.2
1779898200,4439.6,4435.4,4438.7
1779898500,4441.8,4438.5,4440.5
1779898800,4442.8,4440.3,4442.8
1779899100,4446.3,4443,4445.8
1779899400,4448.3,4443.6,4446.8
1779899700,4449.7,4447.4,4448.5
1779900000,4452,4448.1,4449.1
1779900300,4451.3,4447.9,4450.2
1779900600,4451.4,4448.5,4448.9
1779900900,4450,4447.8,4449.3
1779901200,4449.6,4445.5,4447.7
1779901500,4450,4440.6,4441.3
1779901800,4444,4439.7,4442.2
1779902100,4445.8,4441.8,4445.1
1779902400,4446.3,4444.1,4444.6
1779902700,4449.7,4443.5,4448.1
1779903000,4452,4448.5,4450.4
1779903300,4453.1,4449.9,4450.1
1779903600,4450.4,4448.7,4449
1779903900,4450.2,4448.5,4449.2
1779904200,4452.3,4449.1,4451.5
1779904500,4452.9,4448.6,4448.6
1779904800,4450.6,4447.3,4448
1779905100,4448.6,4446,4446.2
1779905400,4448.4,4446.7,4448.2
1779905700,4451.4,4448.2,4451.3
1779906000,4457,4451.9,4453.6
1779906300,4454.4,4452.6,4454
1779906600,4454.9,4450.8,4451.1
1779906900,4451.6,4450,4451.4
1779907200,4452.4,4451.3,4451.5
1779907500,4452.1,4450.9,4451.6
1779907800,4452,4450.4,4450.9
1779908100,4453.5,4450.6,4452.4
1779908400,4453.4,4450.2,4450.7
1779908700,4451.9,4450.1,4451.4
1779909000,4451.3,4448.8,4450.4
1779909300,4450.7,4447.9,4447.9
1779909600,4452.7,4448.6,4451.8
1779909900,4451.6,4448.9,4449.7
1779910200,4452,4448.1,4451.2
1779910500,4453.6,4450.7,4453.4
1779910800,4453.4,4451.6,4452.4
1779911100,4452.2,4450.5,4450.7
1779911400,4451.5,4449.4,4449.4
1779911700,4450,4447.7,4450
1779912000,4452.4,4448.6,4451
1779912300,4452.2,4450,4451.5
1779912600,4453.9,4451.1,4453.9
1779912900,4457.4,4454,4456.4
1779913200,4456.9,4454.8,4455.2
1779913500,4454.8,4453.1,4453.7
1779913800,4454.4,4453.1,4453.3
1779914100,4452.7,4451.1,4451.3
1779914400,4452.8,4449.9,4452.4
1779914700,4453.2,4451,4453.2
1779915000,4453.8,4452.5,4453.8
1779915300,4455.2,4453.5,4455.2
1779919200,4502.4,4479.1,4486.9
1779919500,4492.7,4486,4489.3
1779919800,4491,4487.4,4488.2
1779920100,4491.2,4487,4490.2
1779920400,4492.5,4488.1,4491.4
1779920700,4492.4,4490.2,4490.3
1779921000,4490.4,4485.2,4487.7
1779921300,4492.3,4488,4491.8
1779921600,4493,4488.5,4488.8
1779921900,4489.2,4486.6,4486.8
1779922200,4488.7,4485.9,4487.2
1779922500,4488.4,4487,4488.1
1779922800,4488.5,4485.6,4487.2
1779923100,4487.2,4481.9,4483.4
1779923400,4484.9,4482,4483.8
1779923700,4485.7,4481.4,4484.3
1779924000,4485.6,4479.7,4482.7
1779924300,4482.8,4479.3,4481.1
1779924600,4482.1,4479.7,4480.3
1779924900,4484.4,4480.3,4483.7
1779925200,4484.4,4481.3,4481.3
1779925500,4481.1,4476.7,4478.8
1779925800,4479.5,4474.2,4477.3
1779926100,4480.8,4476.5,4477.5
1779926400,4483.5,4475.6,4480.2
1779926700,4481.1,4476.3,4480
1779927000,4480.9,4475,4475.2
1779927300,4484.9,4474.6,4483.3
1779927600,4484.5,4474.9,4476.9
1779927900,4478.9,4474.8,4477.2
1779928200,4480.9,4473.9,4480.4
1779928500,4483.3,4479.6,4481.4
1779928800,4483.8,4480.7,4482.8
1779929100,4486,4482.4,4484.2
1779929400,4485,4482.1,4482.2
1779929700,4488.6,4481,4487.6
1779930000,4489.7,4476.1,4476.3
1779930300,4478.6,4472.9,4475
1779930600,4476.8,4467.7,4468.7
1779930900,4470.9,4462,4464
1779931200,4465.6,4457.1,4461.9
1779931500,4462,4447.6,4449.9
1779931800,4456.3,4447.5,4455.8
1779932100,4457.4,4451.2,4453.1
1779932400,4453.7,4446.1,4448.1
1779932700,4450.9,4446.6,4448.5
1779933000,4450.5,4437.8,4439.5
1779933300,4441.7,4437.3,4440.6
1779933600,4443.3,4433.3,4434.7
1779933900,4439.5,4432.7,4437.9
1779934200,4439.1,4427,4433.4
1779934500,4436.7,4432.9,4434.7
1779934800,4437,4430.1,4436.2
1779935100,4438.9,4435.9,4436.7
1779935400,4441,4434.4,4439.5
1779935700,4440,4436.3,4437.4
1779936000,4438.9,4431.1,4432.4
1779936300,4432.8,4423.9,4426.3
1779936600,4428.7,4423.5,4425.5
1779936900,4429.2,4422.7,4424.6
1779937200,4426.8,4420.3,4425.6
1779937500,4428.2,4424.3,4426.6
1779937800,4427.6,4421.6,4424.1
1779938100,4424.7,4412.5,4414.3
1779938400,4417.9,4411.8,4416.7
1779938700,4418.3,4412.7,4417.5
1779939000,4417.8,4409.1,4409.9
1779939300,4409.9,4400.2,4403.9
1779939600,4407.8,4401.6,4406.5
1779939900,4409.1,4402.1,4404.7
1779940200,4406.3,4401.6,4405.2
1779940500,4406.7,4398.1,4404.8
1779940800,4407.5,4399.1,4404.9
1779941100,4411.6,4403.5,4410.7
1779941400,4411.3,4404.8,4406
1779941700,4407,4398.5,4399.1
1779942000,4402.8,4395.8,4401
1779942300,4401.6,4396.7,4398
1779942600,4402.3,4398,4401.3
1779942900,4403.4,4399.8,4401.8
1779943200,4404.6,4400.4,4403.5
1779943500,4404.6,4398.4,4399
1779943800,4402,4397.3,4400.2
1779944100,4403.9,4400.3,4402
1779944400,4403.2,4396.1,4399.2
1779944700,4403.3,4397.1,4401
1779945000,4406.4,4400.5,4404.3
1779945300,4405.2,4400.6,4403.4
1779945600,4406.5,4400.7,4405.9
1779945900,4408.8,4405.4,4407.4
1779946200,4416.7,4403.7,4415.7
1779946500,4420.1,4415.3,4419.9
1779946800,4422.5,4418,4418.2
1779947100,4423.9,4418.5,4421.2
1779947400,4425.2,4419.8,4422.2
1779947700,4422.5,4416.8,4417.3
1779948000,4419.7,4414.8,4416.9
1779948300,4417.2,4408,4409.4
1779948600,4411,4403.6,4405.3
1779948900,4410,4403.8,4409
1779949200,4414.4,4409,4412
1779949500,4414.4,4409.4,4410
1779949800,4414.7,4408.5,4413
1779950100,4415,4411.3,4411.5
1779950400,4413.4,4406.5,4410
1779950700,4414.3,4408.9,4413
1779951000,4413.7,4410.6,4412.5
1779951300,4414.4,4411.4,4413.4
1779951600,4419.4,4413.5,4417
1779951900,4422.1,4416.5,4421.9
1779952200,4421.7,4416.5,4418.5
1779952500,4425.1,4415.8,4424.1
1779952800,4426.1,4422.8,4424
1779953100,4425.9,4421.2,4422.1
1779953400,4423.5,4418.7,4418.9
1779953700,4422.3,4418.1,4418.8
1779954000,4419.6,4415.1,4419.1
1779954300,4420.7,4415.9,4417.6
1779954600,4419.1,4412.4,4415.1
1779954900,4418.7,4413.2,4417.5
1779955200,4422.9,4415.9,4417.1
1779955500,4423.3,4416,4422.9
1779955800,4424.6,4421.1,4422.8
1779956100,4424.3,4420.5,4421.5
1779956400,4424,4420.8,4422.1
1779956700,4423,4417,4419
1779957000,4421.7,4415.6,4421.7
1779957300,4424.8,4419.7,4421.7
1779957600,4423.1,4419,4419.8
1779957900,4420.9,4416.8,4420.7
1779958200,4421.7,4418,4418.2
1779958500,4418.6,4415.5,4416.6
1779958800,4420.9,4415.9,4419.1
1779959100,4421.5,4417.9,4419.5
1779959400,4420.4,4416.5,4419.2
1779959700,4422,4418.3,4420.1
1779960000,4429.1,4419.7,4425.2
1779960300,4427.7,4423.5,4426.4
1779960600,4427,4421.7,4422.9
1779960900,4426,4421.8,4422.7
1779961200,4423.5,4420.2,4421.1
1779961500,4423.8,4419.7,4423.3
1779961800,4426.6,4422.5,4424.8
1779962100,4426.4,4423.1,4423.9
1779962400,4425.2,4421.9,4423.5
1779962700,4432,4423.7,4431.9
1779963000,4434.5,4428.8,4429.7
1779963300,4431,4428.1,4429.5
1779963600,4429.7,4423.9,4426
1779963900,4432.7,4425.8,4431.4
1779964200,4432.7,4428.4,4428.9
1779964500,4430.1,4427.4,4428.4
1779964800,4428.7,4417.8,4419
1779965100,4419.2,4410,4411
1779965400,4415.8,4405.3,4412.4
1779965700,4417.6,4412.4,4413.7
1779966000,4419.2,4411.8,4418.6
1779966300,4419.6,4415.7,4417
1779966600,4418.9,4415.8,4417.3
1779966900,4421,4417,4419.6
1779967200,4420.4,4415.8,4417.7
1779967500,4419.4,4414.4,4415
1779967800,4417.2,4411,4416.6
1779968100,4420.8,4415.9,4418.4
1779968400,4420.6,4415.1,4416
1779968700,4416.5,4412.8,4413.5
1779969000,4414.6,4410.9,4413.8
1779969300,4418.8,4413.2,4418.1
1779969600,4421.6,4417.9,4420.3
1779969900,4423.6,4419.9,4421.8
1779970200,4423,4418.5,4422.7
1779970500,4423.1,4417.6,4418.6
1779970800,4420,4409.6,4411
1779971100,4416.9,4411,4415.2
1779971400,4425,4413.3,4422.4
1779971700,4432.7,4421.5,4428.9
1779972000,4433.5,4427.7,4432.8
1779972300,4440.9,4431.8,4440.2
1779972600,4451.7,4439.3,4450.7
1779972900,4464.4,4450.5,4462
1779973200,4466.6,4458.5,4462.4
1779973500,4469.2,4455.9,4456.1
1779973800,4462.1,4455,4456.8
1779974100,4462.3,4455.8,4461.8
1779974400,4464.8,4457.6,4459
1779974700,4463.3,4458,4458.8
1779975000,4461.1,4448.4,4449.1
1779975300,4456.7,4448,4455
1779975600,4456.1,4449.6,4452.6
1779975900,4460.7,4451.4,4455.8
1779976200,4464.5,4455.6,4460.7
1779976500,4462.3,4456.2,4460.6
1779976800,4463.5,4450.5,4454.3
1779977100,4473.3,4454.3,4469.2
1779977400,4498.6,4462.6,4495
1779977700,4504.8,4482.1,4495.3
1779978000,4498,4483.8,4492.3
1779978300,4496,4489.4,4491.8
1779978600,4498.9,4486.7,4487.1
1779978900,4491,4483.2,4490
1779979200,4502.2,4489,4499.6
1779979500,4511.3,4496.5,4498.5
1779979800,4506.8,4497.1,4501
1779980100,4501.5,4492.3,4500.3
1779980400,4507.7,4499.2,4505.7
1779980700,4511.7,4503,4504.1
1779981000,4505.1,4500.8,4502
1779981300,4504.7,4501,4502.8
1779981600,4507.4,4499.6,4506.5
1779981900,4513,4505.5,4507
1779982200,4511.7,4506.9,4511.2
1779982500,4515.4,4508.5,4508.5
1779982800,4511.4,4507.3,4509.7
1779983100,4513,4509,4510
1779983400,4512.8,4509.8,4510.7
1779983700,4512.8,4508.8,4512.8
1779984000,4514.1,4507.6,4510.8
1779984300,4516.6,4510.9,4511.8
1779984600,4516.1,4511.8,4514.8
1779984900,4528.4,4514,4527.7
1779985200,4533.5,4525.1,4532.7
1779985500,4533.6,4529.4,4530.9
1779985800,4533.1,4528.1,4529.4
1779986100,4533.8,4528.1,4530.1
1779986400,4537.1,4529.6,4535.3
1779986700,4539.1,4534.9,4535.6
1779987000,4540.7,4535.1,4538.8
1779987300,4541.9,4538.6,4541.6
1779987600,4546.4,4540.1,4541
1779987900,4541,4536.4,4540.5
1779988200,4541.2,4534.1,4534.4
1779988500,4537.5,4534,4535.1
1779988800,4536.3,4532.9,4535.6
1779989100,4536.8,4531.5,4532.4
1779989400,4537.7,4532.6,4535.6
1779989700,4536.3,4534.2,4536.1
1779990000,4537.7,4534.9,4535.5
1779990300,4539.6,4535.1,4538.7
1779990600,4539.2,4537.2,4537.6
1779990900,4540.3,4537.8,4539.4
1779991200,4547.4,4539.1,4543.5
1779991500,4544.2,4539.7,4540.1
1779991800,4540.1,4536.5,4537.9
1779992100,4543.9,4535.7,4540.2
1779992400,4541.6,4538.2,4538.6
1779992700,4538.7,4535.8,4537
1779993000,4537.2,4532.1,4532.8
1779993300,4534.6,4531.5,4532.7
1779993600,4533.8,4531.8,4532.5
1779993900,4533.2,4529.2,4530.1
1779994200,4534.6,4529.6,4533.8
1779994500,4534.2,4531.5,4532.2
1779994800,4534.6,4530.6,4532.7
1779995100,4533.3,4529.4,4529.6
1779995400,4532.7,4529.2,4530.5
1779995700,4532.4,4530.3,4531.8
1779996000,4534,4531.4,4533.3
1779996300,4533.3,4530.8,4530.8
1779996600,4533.3,4530.8,4532
1779996900,4532.7,4530.4,4531.9
1779997200,4532.2,4529.8,4530.2
1779997500,4531.4,4528.7,4529.6
1779997800,4530.9,4528.4,4529.6
1779998100,4530.4,4527.9,4528.7
1779998400,4529.1,4526.3,4526.9
1779998700,4528.2,4525.7,4527
1779999000,4529.6,4526.7,4527.8
1779999300,4531.6,4527.1,4528.3
1779999600,4529.7,4527.9,4528.5
1779999900,4530.4,4527.7,4530.1
1780000200,4531.7,4528.9,4531.1
1780000500,4531,4527.3,4527.3
1780000800,4528.1,4525.9,4526.6
1780001100,4527.6,4525.9,4527.2
1780001400,4527.3,4525.9,4526.9
1780001700,4527.7,4526.5,4527.3
1780005600,4530.9,4526.1,4528.1
1780005900,4529.1,4522.1,4524.1
1780006200,4526.2,4522.9,4524.3
1780006500,4525.6,4523.8,4524
1780006800,4525.5,4523.5,4524.2
1780007100,4527.7,4523.5,4526.3
1780007400,4527.3,4524.2,4524.5
1780007700,4525.8,4523.5,4525.2
1780008000,4527.1,4524.1,4526.3
1780008300,4527.1,4525.3,4525.4
1780008600,4525.6,4523,4524.5
1780008900,4525.1,4521.2,4521.6
1780009200,4526.4,4521.6,4526.1
1780009500,4526.8,4524.8,4525.2
1780009800,4525.8,4525,4525.3
1780010100,4528.6,4525.6,4526.8
1780010400,4526.8,4524.6,4525.5
1780010700,4525.4,4522.3,4523.1
1780011000,4525.5,4521.8,4524.7
1780011300,4525.4,4522.7,4522.7
1780011600,4522.9,4519.1,4520.3
1780011900,4522,4519.5,4521.1
1780012200,4525.1,4520.9,4523
1780012500,4527,4522.4,4525.6
1780012800,4529.9,4522.9,4525.6
1780013100,4527.1,4522.6,4525.3
1780013400,4528.8,4523,4528.1
1780013700,4530.8,4527.1,4530
1780014000,4531.4,4526.2,4528.1
1780014300,4531.2,4526.6,4530.3
1780014600,4530.8,4525.2,4525.2
1780014900,4526.9,4523.4,4524.4
1780015200,4529.2,4524.4,4528.9
1780015500,4528.8,4523.3,4525.5
1780015800,4527,4523.9,4524.3
1780016100,4526.5,4523.6,4526.4
1780016400,4534.3,4521.7,4531.2
1780016700,4540,4529.2,4539.4
1780017000,4545.7,4538.5,4545.2
1780017300,4551.3,4544.7,4548.8
1780017600,4550.9,4543,4543
1780017900,4543.7,4535.5,4535.7
1780018200,4536.3,4532.7,4534.2
1780018500,4538.7,4533.2,4537
1780018800,4538.7,4535.6,4536.4
1780019100,4536.9,4531.7,4532
1780019400,4536.7,4531,4536.3
1780019700,4538.2,4533.9,4536.8
1780020000,4541.2,4536.3,4541.1
1780020300,4541.5,4535,4536.1
1780020600,4538.4,4534.3,4537.2
1780020900,4539.3,4535.3,4535.9
1780021200,4536.3,4533.1,4534.5
1780021500,4535.1,4531.6,4533.4
1780021800,4535.3,4528.2,4534.2
1780022100,4537.3,4533.3,4536.5
1780022400,4538.3,4535,4535.4
1780022700,4538.5,4535,4537
1780023000,4536.7,4532,4533.3
1780023300,4535.6,4531.3,4532.1
1780023600,4532.3,4528.9,4531.7
1780023900,4531.7,4526.8,4528.1
1780024200,4529,4525,4526.7
1780024500,4528.2,4525.3,4526.8
1780024800,4529.8,4526.8,4528.8
1780025100,4529,4525.7,4527.1
1780025400,4528.7,4527.1,4527.8
1780025700,4528.5,4525.2,4526.7
1780026000,4529.9,4526.9,4528.7
1780026300,4530.6,4528.4,4530.6
1780026600,4531.3,4526.7,4530.3
1780026900,4532.2,4529.2,4531.4
1780027200,4537.5,4531.2,4533.1
1780027500,4534.3,4531.9,4533.6
1780027800,4534,4532,4532.8
1780028100,4535.5,4532.2,4535
1780028400,4542.7,4534.3,4541.2
1780028700,4542.5,4539.5,4539.7
1780029000,4541.3,4538.9,4539.7
1780029300,4541.7,4538.5,4540.3
1780029600,4541.5,4539.7,4541.4
1780029900,4542.2,4539.1,4539.9
1780030200,4540.9,4538.8,4540
1780030500,4545.6,4539.5,4544.9
1780030800,4546.4,4540,4540.5
1780031100,4541.8,4540.1,4541
1780031400,4543.3,4539.5,4543.1
1780031700,4543.1,4541.4,4542.5
1780032000,4543,4540.6,4540.7
1780032300,4541.5,4540.4,4540.7
1780032600,4543.6,4537.2,4539.3
1780032900,4539,4533.1,4534.2
1780033200,4538.7,4533.1,4537.5
1780033500,4539.4,4536,4536.4
1780033800,4547,4534.7,4546.1
1780034100,4546.5,4541.5,4545.9
1780034400,4553.7,4545.1,4550.2
1780034700,4551.1,4544.8,4545.1
1780035000,4547,4541.9,4546.6
1780035300,4546.6,4540.2,4542
1780035600,4550.8,4542,4549.5
1780035900,4552.2,4547,4547.3
1780036200,4551.6,4547.3,4548.5
1780036500,4549.7,4544.5,4545.5
1780036800,4547.8,4541.8,4547.2
1780037100,4550.3,4546.1,4548.3
1780037400,4554,4547.5,4552.9
1780037700,4554.9,4552.5,4554.5
1780038000,4554.8,4549.6,4549.6
1780038300,4551.5,4548.5,4549.9
1780038600,4551.5,4546.6,4546.8
1780038900,4547.7,4544.9,4546.1
1780039200,4546.6,4542.3,4542.3
1780039500,4544.8,4541.2,4544.8
1780039800,4551.7,4543.4,4551.1
1780040100,4556,4550.8,4553.2
1780040400,4557.2,4551.7,4556.3
1780040700,4557.2,4554,4555.5
1780041000,4556.2,4552.5,4553.8
1780041300,4556.3,4553.5,4555.4
1780041600,4555.6,4549.3,4549.8
1780041900,4551.5,4546.3,4546.8
1780042200,4549.8,4544.9,4545.7
1780042500,4547.1,4543.6,4544
1780042800,4547.9,4543.2,4546.1
1780043100,4548.7,4544.9,4548.1
1780043400,4548.7,4545.5,4545.8
1780043700,4547,4544.4,4545.4
1780044000,4546.5,4544.6,4545.3
1780044300,4546.9,4541.2,4541.5
1780044600,4545.6,4540,4544.1
1780044900,4545.4,4543.2,4544.8
1780045200,4550.1,4543.3,4549.1
1780045500,4554.5,4547.7,4553.9
1780045800,4561.4,4553.5,4559.8
1780046100,4560.4,4557.8,4558.6
1780046400,4559.1,4552.8,4553.3
1780046700,4563.2,4553,4559.8
1780047000,4561.5,4555,4559.4
1780047300,4561.5,4557.2,4559.5
1780047600,4563.7,4559,4563.2
1780047900,4568.9,4562.8,4568.2
1780048200,4571.1,4562.3,4563.7
1780048500,4564.5,4560.5,4562.1
1780048800,4562.4,4556.5,4557.1
1780049100,4559.7,4556.7,4557.3
1780049400,4559.9,4557,4559.6
1780049700,4561.5,4556.5,4557.6
1780050000,4558.9,4556.8,4558.6
1780050300,4562.1,4558.5,4561.3
1780050600,4570.4,4561.3,4570
1780050900,4574.7,4569.2,4572.6
1780051200,4573.2,4567.3,4569
1780051500,4572.1,4567.3,4568.4
1780051800,4570.2,4567.6,4567.8
1780052100,4569.8,4566.2,4569.5
1780052400,4571.9,4566.7,4567
1780052700,4568,4563.2,4563.7
1780053000,4564.5,4561.8,4563.5
1780053300,4563.9,4560.3,4562.8
1780053600,4565.6,4561.1,4562.1
1780053900,4563.2,4557.8,4559.1
1780054200,4559.7,4556.8,4558.1
1780054500,4559.8,4557.1,4559
1780054800,4562.4,4558.9,4562
1780055100,4565,4559.8,4560.1
1780055400,4566.3,4558,4564.8
1780055700,4569.7,4564.3,4569.2
1780056000,4569.5,4558.8,4559.9
1780056300,4561.4,4557.9,4560.8
1780056600,4563,4557.5,4559.4
1780056900,4562.6,4558.3,4561.1
1780057200,4561.1,4550.3,4554.1
1780057500,4555.2,4551.1,4553.1
1780057800,4554.4,4544.8,4548
1780058100,4549.6,4546,4548.3
1780058400,4548.5,4543.6,4545.3
1780058700,4548.9,4543.2,4546.3
1780059000,4551.7,4544.9,4549.5
1780059300,4554.9,4547.2,4553.9
1780059600,4556.5,4547.4,4554.7
1780059900,4557.6,4550.8,4556.2
1780060200,4556.2,4551.3,4553.4
1780060500,4555.2,4552,4553.2
1780060800,4559.8,4553,4557
1780061100,4559.2,4556.2,4558.7
1780061400,4563,4555.4,4555.7
1780061700,4563.9,4552.9,4562.2
1780062000,4566.1,4560.8,4563.5
1780062300,4567.3,4559.7,4566.3
1780062600,4569.8,4562.3,4569
1780062900,4571.2,4565.7,4567.3
1780063200,4580.4,4565.4,4578.6
1780063500,4583.7,4577,4582
1780063800,4583.8,4574.7,4574.9
1780064100,4576.3,4568.9,4569
1780064400,4571.8,4561.8,4562.2
1780064700,4564.3,4556.9,4561
1780065000,4567.6,4556,4567.5
1780065300,4567.8,4561.8,4562.7
1780065600,4573.1,4563.3,4571.3
1780065900,4572.2,4567.7,4570.7
1780066200,4600.8,4570.9,4588.5
1780066500,4603.3,4587.2,4595.1
1780066800,4610.1,4595.5,4609.6
1780067100,4621.5,4604.4,4619.4
1780067400,4627.3,4617.2,4621.5
1780067700,4623.3,4617.6,4620.2
1780068000,4620.7,4612.8,4616.2
1780068300,4617.2,4609.2,4609.6
1780068600,4614.7,4609.2,4609.4
1780068900,4612.2,4602.5,4604.1
1780069200,4606.5,4592.1,4597.9
1780069500,4600.5,4587.4,4595.8
1780069800,4601.4,4594,4599.8
1780070100,4602.6,4599.1,4602.1
1780070400,4603.2,4598.2,4598.7
1780070700,4599.7,4594.5,4595.2
1780071000,4596,4590.6,4594.5
1780071300,4599.1,4593.4,4595.9
1780071600,4597.8,4594.4,4595.2
1780071900,4594.9,4591,4593.8
1780072200,4601.1,4592.5,4600
1780072500,4604.6,4598.8,4603.1
1780072800,4603.9,4599.6,4600.5
1780073100,4600.4,4595.3,4595.6
1780073400,4596.7,4591.5,4596
1780073700,4598.3,4593.1,4597.5
1780074000,4598.9,4594.7,4594.9
1780074300,4599.3,4593.8,4598.6
1780074600,4599.2,4594.5,4595
1780074900,4597.8,4594.6,4596.3
1780075200,4598,4590.8,4596.3
1780075500,4596.6,4592,4592.6
1780075800,4593.1,4588.5,4592.3
1780076100,4592.8,4589.2,4589.8
1780076400,4590.8,4584,4585
1780076700,4588.7,4583.9,4587.1
1780077000,4587.3,4583.2,4584.6
1780077300,4585.2,4582.4,4584.5
1780077600,4588.3,4583.2,4588.3
1780077900,4589.7,4586.5,4588.8
1780078200,4589.5,4587.1,4589.1
1780078500,4590.1,4586.3,4589.6
1780078800,4590.9,4588.4,4589.6
1780079100,4591.5,4588.8,4590.5
1780079400,4592.4,4590.5,4592
1780079700,4592.7,4590.7,4590.9
1780080000,4591.3,4588.5,4589.2
1780080300,4588.9,4581.4,4584.2
1780080600,4586,4582.9,4585.8
1780080900,4588.3,4584.1,4584.5
1780081200,4586.4,4583.5,4585.7
1780081500,4589.9,4585.9,4589.9
1780081800,4591.7,4589,4589.7
1780082100,4590.4,4587.8,4588.9
1780082400,4589.3,4587,4587.8
1780082700,4588.4,4585.8,4586.5
1780083000,4587.7,4584.3,4584.6
1780083300,4585.3,4582.9,4583.8
1780083600,4585.2,4582.2,4582.8
1780083900,4582.8,4579.5,4579.9
1780084200,4580.8,4576.6,4577.7
1780084500,4580,4574.2,4577.2
1780084800,4578.8,4574,4575.8
1780085100,4577.7,4574.7,4577.1
1780085400,4581.1,4576.6,4580
1780085700,4580.3,4576.8,4577.2
1780086000,4577.2,4575.6,4576.5
1780086300,4576.6,4573.4,4574.3
1780086600,4574.9,4573.2,4574.6
1780086900,4575,4573.4,4574.4
1780087200,4575.8,4572.5,4575.2
1780087500,4575.3,4573.2,4573.4
1780087800,4574.6,4570.9,4571.3
1780088100,4572.8,4566.2,4569.7
1780264800,4584.6,4548.1,4551.7
1780265100,4557.9,4550,4556.5
1780265400,4565.9,4554.1,4565.2
1780265700,4567.4,4561.8,4567.2
1780266000,4567.2,4561.7,4563.8
1780266300,4564.9,4562.2,4563.6
1780266600,4567.2,4563.3,4566.2
1780266900,4567,4562.2,4562.2
1780267200,4566.2,4560.7,4566.1
1780267500,4571.3,4566,4568.9
1780267800,4569.9,4565.3,4565.6
1780268100,4568.7,4565.8,4565.8
1780268400,4571,4565.8,4570.3
1780268700,4572.6,4569.3,4572.4
1780269000,4574.1,4570.6,4573.2
1780269300,4574.4,4571.9,4572.8
1780269600,4574.4,4570.5,4572.5
1780269900,4576.3,4572.4,4575.7
1780270200,4576.9,4569.9,4570.1
1780270500,4572.5,4568.8,4571.5
1780270800,4573.6,4571.2,4572.4
1780271100,4573.5,4568.8,4571.8
1780271400,4575.8,4571.1,4575.1
1780271700,4575.8,4570.2,4570.3
1780272000,4577.4,4568.1,4575.6
1780272300,4576,4571.5,4571.6
1780272600,4574.6,4570,4571.7
1780272900,4574.7,4568.5,4569.3
1780273200,4572.5,4568.8,4571.4
1780273500,4575.4,4570.3,4573.9
1780273800,4575.7,4566.5,4568.8
1780274100,4569.6,4565.7,4567.5
1780274400,4568,4565.8,4566.3
1780274700,4572.6,4566.3,4572.2
1780275000,4573.5,4568.6,4569.9
1780275300,4572.7,4568,4571.3
1780275600,4572.4,4562.3,4565.3
1780275900,4566.4,4558,4560
1780276200,4565.2,4556.5,4565
1780276500,4565.5,4560.7,4560.8
1780276800,4567.7,4560.6,4563.2
1780277100,4564,4558.9,4559.6
1780277400,4564,4557.8,4564
1780277700,4564.3,4558.9,4560.7
1780278000,4565.2,4559.4,4564.2
1780278300,4564.6,4558.2,4559.6
1780278600,4562.1,4558.6,4560.7
1780278900,4560.8,4554.5,4556.2
1780279200,4558.7,4555.1,4556
1780279500,4563,4555.7,4559.6
1780279800,4564.9,4559.3,4562.8
1780280100,4565.5,4562.4,4562.8
1780280400,4563.8,4561.1,4562.5
1780280700,4562.7,4560.3,4561.2
1780281000,4561.4,4553.4,4558
1780281300,4561.8,4557.7,4559
1780281600,4559.1,4552.6,4553.3
1780281900,4555.7,4552.2,4554
1780282200,4554.6,4552.3,4552.8
1780282500,4554.2,4551.6,4552.1
1780282800,4556.2,4551.8,4555.2
1780283100,4555.4,4547.6,4548.1
1780283400,4551.2,4545.9,4549.3
1780283700,4550.6,4543.7,4550
1780284000,4551,4547.8,4549.3
1780284300,4552,4548.6,4550.9
1780284600,4554.8,4550.4,4552.2
1780284900,4552.2,4544.8,4545.9
1780285200,4546.3,4540.3,4541.1
1780285500,4543.9,4540.4,4543.3
1780285800,4544.7,4542.1,4543.7
1780286100,4546.8,4542.5,4546.8
1780286400,4550.2,4546,4546.7
1780286700,4547.7,4544.1,4544.7
1780287000,4545.6,4542.9,4545.2
1780287300,4549,4545.3,4547
1780287600,4548,4546.4,4547.6
1780287900,4548,4545.5,4546.1
1780288200,4547,4544.4,4544.7
1780288500,4546,4543.8,4545.3
1780288800,4547.7,4544.8,4545.1
1780289100,4545.1,4537.7,4540.9
1780289400,4544.7,4540.1,4544.4
1780289700,4545.5,4542.6,4544.5
1780290000,4546.7,4543.8,4546.5
1780290300,4548.1,4545.9,4546.6
1780290600,4549.7,4545.5,4548.3
1780290900,4552.4,4547.7,4552
1780291200,4553.2,4550,4552.6
1780291500,4553.8,4550.4,4550.7
1780291800,4552.3,4542.9,4543.9
1780292100,4552.3,4543.6,4550.3
1780292400,4551.2,4545.3,4550
1780292700,4555.4,4547.3,4554.1
1780293000,4554.6,4551,4553.5
1780293300,4553.5,4547.1,4548.1
1780293600,4548.9,4544.1,4546.5
1780293900,4548.6,4545.3,4547
1780294200,4547.4,4542.1,4544.1
1780294500,4546.2,4539.9,4541.1
1780294800,4541.3,4535.1,4536.3
1780295100,4544.7,4535.9,4544.7
1780295400,4545.1,4540.4,4540.7
1780295700,4541.2,4531.9,4534.9
1780296000,4536.5,4533.5,4534.9
1780296300,4534.8,4530.6,4534.8
1780296600,4534.7,4529.1,4533.7
1780296900,4535.4,4530.7,4531.7
1780297200,4538.7,4530.7,4537.7
1780297500,4540,4536.2,4536.2
1780297800,4539.5,4535.6,4537.3
1780298100,4538.3,4534.6,4536.7
1780298400,4537.3,4533.2,4534.9
1780298700,4536.1,4532.9,4533.9
1780299000,4537.8,4533.8,4534.7
1780299300,4536.4,4532.5,4533.3
1780299600,4533.8,4527.7,4528.1
1780299900,4530.4,4522.6,4524.6
1780300200,4526.6,4522.3,4525.6
1780300500,4533.3,4525.3,4533.1
1780300800,4534.6,4525.1,4525.7
1780301100,4529.5,4523.1,4523.8
1780301400,4528.6,4523.3,4525.2
1780301700,4526.1,4521.3,4524.6
1780302000,4526.9,4519.7,4522.6
1780302300,4526,4522.2,4525.6
1780302600,4526.5,4522.2,4525.5
1780302900,4526.2,4522.8,4524.5
1780303200,4530.4,4522.5,4529.9
1780303500,4532.2,4526,4530.9
1780303800,4531.5,4526.6,4527
1780304100,4529.3,4525.3,4527.8
1780304400,4530.5,4527.4,4530.2
1780304700,4530.3,4528,4529.1
1780305000,4530,4527.8,4529.4
1780305300,4535.4,4527.7,4535.3
1780305600,4536,4528,4529.1
1780305900,4529.3,4526.1,4526.2
1780306200,4527.2,4518.1,4520.3
1780306500,4527.6,4520.1,4527.6
1780306800,4528.8,4524.1,4527.9
1780307100,4527.9,4523.3,4524.8
1780307400,4528.2,4523.5,4527.4
1780307700,4527.5,4524.1,4525.6
1780308000,4528.7,4525.8,4527.9
1780308300,4531.2,4526.1,4529.8
1780308600,4532.1,4529.3,4531.3
1780308900,4531.8,4529.1,4529.5
1780309200,4530.4,4525.8,4530.3
1780309500,4533.5,4530.2,4530.8
1780309800,4535.5,4530.4,4534.6
1780310100,4536.7,4532.8,4532.9
1780310400,4537.3,4532.9,4535.7
1780310700,4540.3,4535.1,4539.1
1780311000,4540.7,4536.6,4536.9
1780311300,4537.1,4532.3,4533.9
1780311600,4536.6,4530,4530
1780311900,4535.9,4529.5,4535.6
1780312200,4535.4,4533.3,4534.9
1780312500,4539.9,4534.2,4539.8
1780312800,4543.1,4538.5,4538.6
1780313100,4542.4,4537.8,4540.6
1780313400,4542.2,4536.4,4537
1780313700,4541.5,4536.3,4540.6
1780314000,4541.1,4536.7,4537.3
1780314300,4540,4536.9,4538.7
1780314600,4538.6,4536.3,4537.7
1780314900,4538.2,4535.4,4535.9
1780315200,4537.3,4533.3,4536.2
1780315500,4539.5,4536.1,4537.8
1780315800,4540,4532.5,4533.3
1780316100,4536.1,4531.3,4533.7
1780316400,4533.6,4527.5,4532
1780316700,4537.9,4531.4,4535.5
1780317000,4535.7,4527.3,4531
1780317300,4533.4,4528.9,4533.3
1780317600,4538.5,4529,4537.7
1780317900,4540.9,4535.5,4536.9
1780318200,4538.6,4535.1,4535.7
1780318500,4536.3,4528.5,4531.7
1780318800,4533.9,4525.4,4531.5
1780319100,4532.6,4525.9,4531.3
1780319400,4531.1,4502,4513.7
1780319700,4519.4,4508.2,4511.8
1780320000,4512.8,4493.5,4495.8
1780320300,4499.1,4491.7,4494.5
1780320600,4500,4488.4,4495.6
1780320900,4508.5,4491.3,4502.8
1780321200,4504.2,4494.8,4496.9
1780321500,4499.5,4492.7,4494
1780321800,4495.3,4481.6,4484.3
1780322100,4485.1,4477.5,4479.6
1780322400,4484.3,4477,4484.1
1780322700,4491.3,4478.9,4490.1
1780323000,4491.9,4485.7,4491.3
1780323300,4494.9,4483,4487
1780323600,4491.9,4484.5,4485
1780323900,4486,4479.2,4486
1780324200,4490.5,4483.3,4488.2
1780324500,4490.1,4483.6,4484.9
1780324800,4491.3,4484.9,4489.6
1780325100,4490.8,4483.1,4484.7
1780325400,4486.5,4481.7,4485.8
1780325700,4489,4484.5,4488.4
1780326000,4492.1,4487.3,4490
1780326300,4495.4,4485,4492.4
1780326600,4495.4,4490.4,4494
1780326900,4497.2,4493,4495.2
1780327200,4498,4493.9,4497
1780327500,4500.4,4495.6,4498.6
1780327800,4509,4498,4507.2
1780328100,4510.3,4503.9,4506.8
1780328400,4507.6,4501.3,4502.4
1780328700,4504.9,4498.7,4499.9
1780329000,4502.4,4499,4501.2
1780329300,4505.8,4501.3,4504.4
1780329600,4508.9,4502.6,4503.1
1780329900,4504.5,4498.1,4499
1780330200,4499,4495.1,4497.4
1780330500,4497.7,4493,4497
1780330800,4499,4494.7,4498.2
1780331100,4500.1,4496.8,4498.5
1780331400,4503.1,4498.2,4499.7
1780331700,4501.4,4497.6,4499.3
1780332000,4500.2,4497.8,4498.2
1780332300,4501.9,4497.4,4501.9
1780332600,4511.5,4501.8,4510.3
1780332900,4512.7,4508.6,4510.3
1780333200,4511.8,4505.6,4506.6
1780333500,4507.7,4501.5,4503.8
1780333800,4506.4,4503.4,4505.2
1780334100,4506,4503.5,4506
1780334400,4506.9,4503.8,4505.2
1780334700,4513.2,4502.4,4512.8
1780335000,4516,4510.3,4511.6
1780335300,4514.8,4510.7,4513
1780335600,4521.6,4512.9,4521.6
1780335900,4525.5,4520.9,4521.1
1780336200,4521.9,4518.8,4521.1
1780336500,4521.7,4517.1,4517.3
1780336800,4518.4,4516.2,4516.8
1780337100,4520.2,4516.5,4519.7
1780337400,4520,4517.8,4518.4
1780337700,4519.3,4516.6,4519.3
1780338000,4520,4518.4,4519.1
1780338300,4519.3,4516.2,4516.5
1780338600,4517.2,4514.4,4515.9
1780338900,4517.4,4515.6,4516.1
1780339200,4518.2,4515.4,4517.9
1780339500,4518.8,4517.6,4518.8
1780339800,4518.6,4517.1,4517.2
1780340100,4518.7,4516.3,4516.5
1780340400,4518.5,4515,4517.8
1780340700,4518.2,4514.3,4515.1
1780341000,4517.2,4515,4515.4
1780341300,4516.5,4514.4,4515.5
1780341600,4516.6,4514.9,4515.6
1780341900,4516.1,4514.2,4514.5
1780342200,4515.6,4513.4,4513.6
1780342500,4515.4,4512.7,4514.4
1780342800,4515.5,4513.2,4513.2
1780343100,4514.2,4512.7,4513.5
1780343400,4514,4509.5,4510
1780343700,4511.4,4509.1,4511.2
1780344000,4513.9,4510.2,4513
1780344300,4514.5,4512.8,4513.7
1780344600,4513.9,4512.3,4513.5
1780344900,4514.3,4513,4513.1
1780345200,4513.2,4512.1,4512.4
1780345500,4513.8,4512.4,4513.2
1780345800,4514.8,4512.1,4514.8
1780346100,4514.6,4513.1,4514.1
1780346400,4514.6,4512.3,4512.5
1780346700,4514.1,4511.2,4513.9
1780347000,4514.2,4512.4,4513.2
1780347300,4515.9,4512.3,4515.4
1780351200,4517.8,4511.9,4513
1780351500,4513.4,4511.5,4512
1780351800,4514.5,4511.7,4514.2
1780352100,4514.9,4513.6,4513.9
1780352400,4514.5,4511.3,4512.5
1780352700,4513.7,4510.8,4511.1
1780353000,4513.2,4511,4511.2
1780353300,4512.9,4509.4,4512.7
1780353600,4513.5,4511,4511.5
1780353900,4515.7,4511.2,4514
1780354200,4514.7,4513.1,4513.6
1780354500,4516.4,4513.7,4515.5
1780354800,4518.1,4511.5,4516.4
1780355100,4516.4,4514.8,4515.1
1780355400,4516.4,4515.1,4516.2
1780355700,4518.3,4516,4516.7
1780356000,4517.7,4515.5,4517.7
1780356300,4518.3,4517,4517.2
1780356600,4517.5,4514.6,4514.6
1780356900,4515.5,4510.6,4514.3
1780357200,4516.7,4512.9,4513.2
1780357500,4513.3,4507.8,4510.8
1780357800,4514.9,4510.6,4514.6
1780358100,4516,4513.6,4514.4
1780358400,4515.1,4511.1,4514.3
1780358700,4515,4506.2,4508.3
1780359000,4511.3,4507.8,4510.8
1780359300,4515.2,4510.7,4515
1780359600,4519.5,4513.3,4519.2
1780359900,4523.4,4518.2,4523.4
1780360200,4526.9,4518.6,4518.8
1780360500,4521.1,4518,4519
1780360800,4519.1,4514.3,4516.9
1780361100,4517.5,4510.3,4511
1780361400,4513.7,4510.8,4511.3
1780361700,4513.8,4510.4,4511
1780362000,4516.5,4501.9,4511.3
1780362300,4515.5,4508.7,4508.9
1780362600,4521.9,4508.2,4519.6
1780362900,4520.1,4511.5,4515.9
1780363200,4518.5,4509.9,4512.8
1780363500,4522.4,4512.7,4516.2
1780363800,4519.4,4515.7,4516.9
1780364100,4519.6,4510.8,4511.8
1780364400,4515.2,4509.2,4509.8
1780364700,4512.1,4501,4504.8
1780365000,4505.8,4492.2,4503
1780365300,4506.7,4500.9,4503.4
1780365600,4510.7,4501.7,4503.1
1780365900,4505.3,4501.8,4504.3
1780366200,4510.5,4503.9,4510.3
1780366500,4511.9,4508.3,4510.7
1780366800,4514.4,4510.9,4513.5
1780367100,4514.3,4511.1,4511.4
1780367400,4515.5,4509.5,4511.1
1780367700,4513.7,4508.7,4508.7
1780368000,4509.2,4504.2,4506.6
1780368300,4507.7,4503.4,4504.5
1780368600,4509.9,4504.1,4508.6
1780368900,4516.4,4508.9,4515.8
1780369200,4522.8,4515.4,4517.9
1780369500,4519.4,4515.4,4516.6
1780369800,4519,4515.9,4517.9
1780370100,4521.2,4517.8,4519.7
1780370400,4519.8,4515.5,4519.8
1780370700,4528.1,4519.3,4525.1
1780371000,4529.5,4523.1,4523.9
1780371300,4529.2,4523.5,4524.7
1780371600,4527.5,4524.3,4527.2
1780371900,4529.9,4525.3,4528.4
1780372200,4528.7,4526.9,4527.6
1780372500,4529.8,4527.6,4529.6
1780372800,4532.2,4527.9,4530.5
1780373100,4533.4,4530.6,4532.5
1780373400,4535.8,4532.4,4534.9
1780373700,4540.8,4534.6,4538.1
1780374000,4538.6,4535.4,4536.1
1780374300,4536.5,4534.8,4535.2
1780374600,4538.6,4534.1,4538.5
1780374900,4539.7,4537.8,4539.4
1780375200,4542,4539.1,4540.9
1780375500,4546.6,4540.2,4542.8
1780375800,4544.9,4542.2,4543.1
1780376100,4548.6,4543.1,4547.7
1780376400,4548.5,4546,4546
1780376700,4547.9,4545.6,4546.3
1780377000,4549.1,4545.3,4548.9
1780377300,4550,4547.3,4548.8
1780377600,4550.8,4547.9,4549
1780377900,4552.2,4546.9,4549.8
1780378200,4557.3,4549.7,4556.4
1780378500,4558.4,4553.2,4553.5
1780378800,4557,4552.7,4554.3
1780379100,4556.3,4551.5,4553.3
1780379400,4553.6,4548.2,4549.5
1780379700,4549.7,4545.8,4546.9
1780380000,4550.7,4546.8,4550.4
1780380300,4554.9,4550.3,4550.7
1780380600,4553.1,4548.7,4549
1780380900,4554.3,4547.8,4550.4
1780381200,4561,4550.5,4559.4
1780381500,4564.2,4556.2,4563.1
1780381800,4567.5,4563.2,4565.5
1780382100,4568.8,4563.8,4564.3
1780382400,4564.8,4561.8,4563.1
1780382700,4566.2,4562.5,4563.8
1780383000,4564.4,4562.1,4562.9
1780383300,4567.1,4562.8,4566
1780383600,4568.1,4563.4,4566.1
1780383900,4568.1,4564.1,4568
1780384200,4572,4567.8,4569.7
1780384500,4570.7,4567.4,4568.9
1780384800,4569.3,4566.2,4566.8
1780385100,4567.3,4563.1,4564
1780385400,4565.1,4561.8,4563.7
1780385700,4564.1,4561.8,4563.1
1780386000,4565,4561.1,4561.9
1780386300,4562.4,4559.8,4561.9
1780386600,4562.3,4558,4560.9
1780386900,4565.9,4560.9,4565.3
1780387200,4567.5,4563.3,4564.6
1780387500,4569.5,4563.6,4565.8
1780387800,4567.6,4564.4,4564.9
1780388100,4565.6,4561.6,4562.6
1780388400,4565,4559.4,4564.3
1780388700,4564.6,4559.9,4561.2
1780389000,4563.6,4560.4,4562.3
1780389300,4562.4,4558.7,4560.2
1780389600,4560.8,4558.4,4559
1780389900,4560.8,4557.4,4559.8
1780390200,4559.8,4557.8,4558
1780390500,4558.6,4555.9,4556.8
1780390800,4558.3,4555.4,4557.4
1780391100,4561,4557.7,4558.9
1780391400,4564.3,4559,4563.8
1780391700,4565.6,4562.6,4564.5
1780392000,4564.2,4558.5,4559.1
1780392300,4560,4555,4556.5
1780392600,4557.4,4551.8,4555.5
1780392900,4556.9,4553.4,4554.1
1780393200,4556.3,4550.9,4555.6
1780393500,4557.1,4554.8,4556
1780393800,4560.8,4555.4,4559.9
1780394100,4561,4556.9,4559.4
1780394400,4560.5,4557.1,4557.7
1780394700,4560,4557.9,4559.1
1780395000,4561.7,4557.6,4558.6
1780395300,4559.2,4557.5,4558.5
1780395600,4558.3,4554.1,4554.8
1780395900,4558.2,4554.5,4558.1
1780396200,4558.1,4556.5,4557.4
1780396500,4558.3,4555,4556.3
1780396800,4558.5,4555.9,4558.5
1780397100,4562.8,4558.5,4560.3
1780397400,4562.2,4559,4562.2
1780397700,4563.8,4560.9,4562.9
1780398000,4564.5,4560.4,4560.7
1780398300,4561,4558.7,4559.5
1780398600,4561.1,4558.5,4558.5
1780398900,4559.5,4555.9,4557.7
1780399200,4558.6,4557.2,4558.6
1780399500,4560,4556.9,4560
1780399800,4560.7,4558.6,4559.8
1780400100,4560,4555.8,4557
1780400400,4558.2,4556.4,4556.7
1780400700,4559.5,4555.4,4558.9
1780401000,4559.4,4558.1,4558.4
1780401300,4560.5,4554.7,4557.1
1780401600,4558.6,4555.5,4557.6
1780401900,4558.1,4554.5,4557.2
1780402200,4557.6,4555.6,4556
1780402500,4557.6,4553.5,4556.4
1780402800,4562.3,4556,4560.9
1780403100,4564,4557.4,4559.1
1780403400,4560,4551.3,4557.5
1780403700,4563.5,4552.7,4554.5
1780404000,4556.9,4553,4554.6
1780404300,4555.5,4549.2,4549.6
1780404600,4550.7,4543.4,4544.7
1780404900,4547,4542.9,4544.1
1780405200,4550.4,4542.4,4549.7
1780405500,4554.4,4541.8,4545.7
1780405800,4547.8,4541,4543.2
1780406100,4546.6,4541.9,4542.1
1780406400,4544.1,4539.2,4542.3
1780406700,4545.8,4539.3,4540
1780407000,4541.4,4536.1,4537.8
1780407300,4541.7,4535.5,4540.7
1780407600,4543.9,4536.9,4537.6
1780407900,4540.7,4535.8,4539
1780408200,4543.4,4533.5,4533.9
1780408500,4535.6,4532,4532.4
1780408800,4535.7,4525.7,4531.7
1780409100,4534.4,4529.6,4532.3
1780409400,4536.7,4532,4533.8
1780409700,4534.5,4521.8,4525.4
1780410000,4527.7,4519.4,4522.7
1780410300,4526.9,4521.5,4524.7
1780410600,4529.2,4524.2,4528.7
1780410900,4533.8,4528.4,4532
1780411200,4535.2,4530.4,4533.8
1780411500,4535.8,4532.3,4533
1780411800,4533.9,4529.8,4533.6
1780412100,4535.2,4530.6,4533.6
1780412400,4537.6,4532,4532.1
1780412700,4538.4,4531,4536.4
1780413000,4537.1,4532,4532.9
1780413300,4534.9,4532.5,4534
1780413600,4535.9,4531.6,4533.4
1780413900,4535.6,4530.6,4535
1780414200,4536.4,4532.5,4535.9
1780414500,4539,4534.1,4534.1
1780414800,4534.3,4528.7,4531.9
1780415100,4536.6,4531.1,4535.3
1780415400,4535.2,4531.9,4533.5
1780415700,4533.3,4530.5,4531.7
1780416000,4532.3,4529,4530.2
1780416300,4532.5,4526.9,4531.3
1780416600,4531.6,4527.3,4527.5
1780416900,4527.8,4523.6,4524.2
1780417200,4525.5,4521.7,4524
1780417500,4524.4,4519.3,4519.5
1780417800,4520.7,4518.3,4518.9
1780418100,4519.4,4515.5,4517.1
1780418400,4521.1,4515.9,4519.2
1780418700,4521.5,4518.5,4520.4
1780419000,4521.2,4518.7,4518.8
1780419300,4521.4,4518.5,4521.2
1780419600,4522.9,4519.1,4519.9
1780419900,4521.6,4516.2,4516.6
1780420200,4519.5,4516.2,4519.2
1780420500,4519.7,4516,4516.6
1780420800,4518.3,4515.8,4517.5
1780421100,4521.4,4516.9,4520.7
1780421400,4521.3,4518.2,4518.2
1780421700,4518.4,4511.2,4512.6
1780422000,4514.9,4512.1,4514.1
1780422300,4515.7,4513.6,4515.3
1780422600,4516,4512.7,4513.4
1780422900,4514.4,4512.1,4514
1780423200,4518.2,4513.7,4515.9
1780423500,4517.2,4514.7,4517.1
1780423800,4517.7,4514.4,4514.6
1780424100,4515.7,4513.5,4514.3
1780424400,4517,4514,4517
1780424700,4520.4,4516.7,4517.8
1780425000,4519,4516,4517.7
1780425300,4517.5,4513.8,4514.8
1780425600,4514.9,4508,4509.8
1780425900,4515.9,4509.5,4515.8
1780426200,4520,4515.3,4517
1780426500,4518.2,4516.5,4517
1780426800,4518.8,4517,4518.3
1780427100,4518.7,4517.7,4518
1780427400,4518.5,4516.8,4516.9
1780427700,4517.4,4515.6,4516.4
1780428000,4516.8,4515.3,4516.1
1780428300,4519.6,4515.8,4519.6
1780428600,4520.4,4515.7,4516.5
1780428900,4516.5,4512.3,4514.5
1780429200,4517.8,4513.7,4517.2
1780429500,4517.8,4515.4,4516.8
1780429800,4517.2,4515.8,4515.9
1780430100,4518.5,4516.1,4518
1780430400,4518.6,4516,4517.2
1780430700,4518.4,4517,4517.9
1780431000,4519.7,4517.7,4519.3
1780431300,4520.8,4519.3,4520
1780431600,4520.4,4518.7,4518.9
1780431900,4519.6,4518.1,4519.5
1780432200,4521,4518.8,4519.5
1780432500,4520.2,4518.7,4519.2
1780432800,4519.9,4518.6,4518.8
1780433100,4519.6,4518,4518.5
1780433400,4518.5,4517.3,4517.4
1780433700,4519.6,4516.3,4519.1
1780437600,4522.8,4518.4,4519.7
1780437900,4522.6,4517.3,4521.3
1780438200,4521.6,4518.8,4518.9
1780438500,4520.3,4517.7,4518.4
1780438800,4520.9,4517.4,4517.9
1780439100,4519.3,4516.3,4519.1
1780439400,4520.2,4517.3,4517.3
1780439700,4518.1,4516.2,4517.6
1780440000,4518.9,4516.8,4518
1780440300,4521.4,4512.7,4518.1
1780440600,4519.4,4515.8,4516
1780440900,4517.4,4513.4,4513.8
1780441200,4517.7,4511.6,4514.1
1780441500,4516,4509.6,4511.3
1780441800,4512.4,4503.2,4506.4
1780442100,4506.3,4497.8,4499.1
1780442400,4501.3,4495.1,4496.5
1780442700,4499.8,4490.4,4496.2
1780443000,4498,4491,4495.2
1780443300,4496.8,4492,4494.5
1780443600,4504,4492.7,4503.5
1780443900,4503.7,4497.4,4500
1780444200,4503.1,4499.5,4501.7
1780444500,4503.4,4499.8,4502.8
1780444800,4508,4502.4,4507.1
1780445100,4508.4,4503.8,4505.1
1780445400,4505.5,4502.3,4504.4
1780445700,4507.5,4502.5,4505.8
1780446000,4510.8,4505.7,4507.4
1780446300,4511.7,4506.7,4511.6
1780446600,4513.6,4509.5,4513.5
1780446900,4520.3,4512.8,4520.1
1780447200,4525,4519.4,4524.2
1780447500,4524.4,4517.1,4519.2
1780447800,4520.8,4516.8,4517.3
1780448100,4517.3,4514.1,4514.4
1780448400,4516.1,4500.9,4501.7
1780448700,4503.6,4495,4502.4
1780449000,4505.7,4496.6,4499.4
1780449300,4500.9,4496.6,4497.5
1780449600,4499.9,4493.9,4494.3
1780449900,4496.3,4491.1,4495.2
1780450200,4501.2,4495,4499.3
1780450500,4500.9,4494.1,4494.1
1780450800,4499.4,4492.7,4498.4
1780451100,4503.8,4497.7,4503.8
1780451400,4505.3,4501.3,4502.3
1780451700,4505,4500.4,4503.8
1780452000,4504.4,4500.8,4501.8
1780452300,4507.2,4501.5,4506.4
1780452600,4509.4,4503.4,4508.7
1780452900,4509,4502,4504.1
1780453200,4506.7,4503,4506.1
1780453500,4509,4506,4506.8
1780453800,4508,4502.4,4506.8
1780454100,4510.3,4505.9,4509.2
1780454400,4513.3,4507.1,4507.2
1780454700,4507.7,4500.9,4502.9
1780455000,4508.3,4501.8,4507.6
1780455300,4510.1,4504.9,4510
1780455600,4515.2,4509.8,4514
1780455900,4515.7,4512.3,4513.3
1780456200,4514.4,4511.3,4513.4
1780456500,4514.8,4511.2,4513.3
1780456800,4515.4,4512.9,4513.4
1780457100,4513.6,4511.1,4511.4
1780457400,4513.5,4511.1,4512.2
1780457700,4513.8,4511.1,4512.8
1780458000,4513.1,4511.7,4512.4
1780458300,4512.7,4510.2,4510.9
1780458600,4514.3,4510.5,4511.6
1780458900,4512.5,4511.1,4512.3
1780459200,4514.6,4512.2,4514.1
1780459500,4515,4512.6,4514
1780459800,4514.7,4512.4,4514.7
1780460100,4516.3,4509.3,4509.3
1780460400,4510.1,4508.2,4508.7
1780460700,4509,4505,4505
1780461000,4505.5,4500.7,4502.7
1780461300,4503.3,4498.8,4499.4
1780461600,4501.7,4499.2,4501.2
1780461900,4501.8,4498.1,4499.3
1780462200,4499.5,4497.5,4498.1
1780462500,4498.6,4495.8,4497.3
1780462800,4499.5,4495.5,4498.6
1780463100,4499.9,4495.2,4498.8
1780463400,4501.4,4497.9,4501
1780463700,4502.1,4499.7,4500.2
1780464000,4500.9,4496.1,4496.3
1780464300,4497.6,4494,4496.5
1780464600,4496.9,4486.8,4493.2
1780464900,4496.9,4491.2,4494.7
1780465200,4495,4488.1,4489.9
1780465500,4495.1,4489.1,4494.3
1780465800,4496.5,4490.7,4491.7
1780466100,4492.3,4484,4485.4
1780466400,4495.9,4485.2,4495.5
1780466700,4495.5,4490.4,4493.2
1780467000,4495,4491.2,4494.6
1780467300,4499.5,4494.1,4496.7
1780467600,4498.6,4487.5,4488.8
1780467900,4491.7,4487.2,4490.7
1780468200,4493.5,4485.4,4488.2
1780468500,4492.4,4487.1,4491.3
1780468800,4493.2,4485.9,4489.2
1780469100,4489.1,4483.5,4487.5
1780469400,4489,4485.9,4486.7
1780469700,4491.5,4486.7,4491.5
1780470000,4495.6,4488.3,4493.7
1780470300,4497.6,4492.2,4497
1780470600,4500.4,4496.4,4497.6
1780470900,4498.3,4491.1,4492
1780471200,4493.4,4490.2,4491.9
1780471500,4493.1,4484.7,4484.7
1780471800,4490.5,4482.6,4490.1
1780472100,4491.9,4486.4,4486.7
1780472400,4490.1,4483,4487
1780472700,4488.5,4484.1,4487.5
1780473000,4492.3,4486.9,4488.3
1780473300,4488.1,4481.1,4481.9
1780473600,4487.8,4479.1,4486
1780473900,4486.9,4481.2,4483.4
1780474200,4486.1,4482.7,4483.6
1780474500,4485.2,4480.3,4482.3
1780474800,4483.8,4478.7,4479.6
1780475100,4485.9,4478.7,4485.6
1780475400,4487.1,4483.5,4485.1
1780475700,4485.6,4482.8,4483.8
1780476000,4487.2,4483.6,4484.8
1780476300,4486.2,4482,4482.4
1780476600,4483.3,4470.8,4473.2
1780476900,4474.5,4468.4,4472.6
1780477200,4480.6,4470.1,4479.4
1780477500,4487.9,4479.8,4485.3
1780477800,4485.4,4479.6,4479.7
1780478100,4480.3,4475.5,4478.4
1780478400,4480.5,4475,4476.1
1780478700,4477.4,4467.6,4468.5
1780479000,4473.5,4468.3,4470.6
1780479300,4475.8,4467.3,4475.7
1780479600,4477,4472.8,4475.5
1780479900,4476.2,4471.2,4475.6
1780480200,4477.1,4471.9,4471.9
1780480500,4473.1,4469.1,4471.4
1780480800,4476.3,4469.4,4476.3
1780481100,4496.2,4475.5,4490.1
1780481400,4493.7,4487.4,4490.9
1780481700,4492,4488.7,4490.8
1780482000,4492.6,4484.3,4485.6
1780482300,4489.5,4482,4488.5
1780482600,4491.8,4487.1,4488.4
1780482900,4488.7,4486.4,4487.2
1780483200,4487.7,4481.3,4483
1780483500,4485.2,4482.1,4484.3
1780483800,4488.2,4484.4,4487.5
1780484100,4489.8,4486.9,4487.3
1780484400,4493.2,4487.7,4492.8
1780484700,4496.5,4490.7,4491.4
1780485000,4492.6,4489.5,4490.6
1780485300,4491.3,4487.4,4489.2
1780485600,4494.4,4490,4491.3
1780485900,4493,4490.2,4492.7
1780486200,4495.6,4492,4494.3
1780486500,4494.5,4490.9,4491.7
1780486800,4493,4487.7,4488.7
1780487100,4492.1,4486.6,4490.8
1780487400,4493.4,4490,4491
1780487700,4491.6,4489.8,4490.7
1780488000,4492.9,4488.2,4492.4
1780488300,4492.8,4485.3,4486.5
1780488600,4489.9,4486.2,4487.3
1780488900,4487.2,4484.2,4484.5
1780489200,4490.8,4483.8,4486.3
1780489500,4486.4,4479.7,4480.7
1780489800,4485.2,4479,4479.7
1780490100,4482.1,4476.1,4477.7
1780490400,4488.7,4478.1,4487.1
1780490700,4490,4484.7,4489.7
1780491000,4495.9,4488.6,4489.2
1780491300,4491.2,4483.6,4488.7
1780491600,4494.2,4486.2,4492
1780491900,4494.1,4490,4491.3
1780492200,4494.8,4490.3,4490.8
1780492500,4491.9,4483.7,4485.7
1780492800,4486.7,4475.4,4478.5
1780493100,4479.2,4473.6,4477.1
1780493400,4481.8,4474,4476.7
1780493700,4480.6,4474.3,4476.8
1780494000,4478.5,4454.8,4455.3
1780494300,4466.5,4453.3,4465.4
1780494600,4475,4463.4,4472.5
1780494900,4478.1,4469.4,4474.3
1780495200,4480,4470.3,4474.3
1780495500,4480.4,4472.8,4478.2
1780495800,4484.9,4478.5,4482.4
1780496100,4486.5,4473,4475.9
1780496400,4479.6,4473.3,4477.5
1780496700,4480.4,4474.2,4480.2
1780497000,4481.3,4475.2,4476.8
1780497300,4481.7,4476.8,4479.6
1780497600,4480.4,4475,4476.2
1780497900,4483.5,4475.7,4482.2
1780498200,4488.4,4478.4,4487
1780498500,4487.2,4483.8,4485.4
1780498800,4486.7,4480.8,4481
1780499100,4481.5,4476.2,4477.3
1780499400,4480.3,4472.1,4473.7
1780499700,4479.1,4473.1,4473.6
1780500000,4474.9,4467.4,4471.2
1780500300,4473.8,4467.7,4473.2
1780500600,4474,4468.8,4469.5
1780500900,4471,4464.6,4467.1
1780501200,4470.9,4466.3,4468.3
1780501500,4470.3,4465.9,4469.8
1780501800,4471.9,4468,4469.7
1780502100,4471,4468.7,4469.9
1780502400,4471.2,4467.7,4470.8
1780502700,4472.5,4465,4467.2
1780503000,4468.7,4465.3,4467.1
1780503300,4469.2,4464.1,4466.3
1780503600,4467.9,4461.6,4464
1780503900,4465.8,4461.4,4465.5
1780504200,4468.7,4465,4468.1
1780504500,4468.4,4464,4464.2
1780504800,4467.2,4463.2,4467.2
1780505100,4468.5,4465.5,4465.8
1780505400,4467.4,4464.6,4466.1
1780505700,4471.2,4465.3,4469.9
1780506000,4473.7,4469.6,4472.4
1780506300,4476.7,4471.2,4475.3
1780506600,4475.4,4469.5,4469.8
1780506900,4471.6,4469.1,4470.6
1780507200,4470.7,4468,4470.2
1780507500,4470.8,4465.7,4466.9
1780507800,4468.7,4463.3,4467.9
1780508100,4468.3,4465.7,4468.3
1780508400,4470.4,4467.1,4468.4
1780508700,4468.7,4465.5,4466.2
1780509000,4467.6,4464.7,4466
1780509300,4467.3,4465.7,4467
1780509600,4468.8,4465.9,4467.7
1780509900,4467.8,4464.2,4465.3
1780510200,4466.7,4463.1,4464.7
1780510500,4466.1,4463.5,4466.1
1780510800,4467.5,4461.7,4467
1780511100,4468.9,4466.4,4468.3
1780511400,4470.9,4467.1,4467.3
1780511700,4467.5,4464.9,4466.6
1780512000,4468.4,4465.2,4468.2
1780512300,4470,4467.8,4467.9
1780512600,4469,4468,4468.5
1780512900,4471.1,4467.5,4470.2
1780513200,4477.6,4469.2,4476.8
1780513500,4477.5,4474.8,4475.3
1780513800,4477.5,4474.5,4477.5
1780514100,4480,4476.4,4479.3
1780514400,4480,4475.6,4475.7
1780514700,4476.4,4474.1,4475.7
1780515000,4477.6,4475,4476.2
1780515300,4476.9,4475.5,4475.6
1780515600,4476.9,4474.4,4474.9
1780515900,4475.4,4472.8,4474.8
1780516200,4475.2,4472.9,4473.5
1780516500,4473.4,4471.2,4472
1780516800,4473.8,4470.2,4470.4
1780517100,4470.1,4466.7,4469.7
1780517400,4470.1,4467,4468.5
1780517700,4468.4,4465,4465.8
1780518000,4468.2,4465.6,4467.6
1780518300,4468.4,4466.3,4467.6
1780518600,4467.8,4461.2,4462
1780518900,4462.9,4460.5,4461.8
1780519200,4462.8,4460.1,4461.6
1780519500,4463,4459.5,4459.6
1780519800,4462.9,4458.4,4462.1
1780520100,4463.3,4461.3,4463.1
1780524000,4467.5,4457.5,4459.2
1780524300,4463.1,4458.7,4461.3
1780524600,4462.3,4455.9,4458.5
1780524900,4458.5,4450.1,4453.9
1780525200,4457.4,4451.1,4456.8
1780525500,4462.1,4456.7,4460.5
1780525800,4466.2,4460.3,4465.9
1780526100,4467.5,4462.1,4462.7
1780526400,4465.3,4461.2,4463.3
1780526700,4465.4,4462.9,4465
1780527000,4468,4463.7,4466
1780527300,4479.5,4465.5,4475.4
1780527600,4476.8,4471.5,4472.7
1780527900,4476.8,4471.8,4474.7
1780528200,4474.8,4471.8,4474.2
1780528500,4475.8,4473.7,4474.3
1780528800,4477.4,4473.7,4475.7
1780529100,4478.1,4474.8,4477.4
1780529400,4478.5,4473.9,4477.6
1780529700,4479.5,4474.7,4476.7
1780530000,4481.2,4472.5,4480.2
1780530300,4491.3,4480.4,4486.1
1780530600,4488.3,4484.3,4486.3
1780530900,4486.9,4482.5,4484
1780531200,4491.9,4481.4,4486.6
1780531500,4488.4,4481.7,4482.8
1780531800,4484,4479,4479.8
1780532100,4483.4,4476.3,4482.2
1780532400,4483.1,4475.1,4476.5
1780532700,4478.5,4474.2,4477.3
1780533000,4479.7,4473.9,4477.8
1780533300,4478.6,4471.8,4473.3
1780533600,4475.4,4470.5,4475.3
1780533900,4477.1,4471.6,4477.1
1780534200,4480.1,4476.3,4477.8
1780534500,4477.7,4473.7,4475.2
1780534800,4483.6,4469.6,4480.9
1780535100,4486.5,4479.8,4486.5
1780535400,4494.2,4486.3,4491.2
1780535700,4491.8,4486.2,4491.3
1780536000,4500.8,4491.1,4496.1
1780536300,4498.5,4492.5,4492.6
1780536600,4497.3,4491.6,4492.5
1780536900,4496.8,4491.2,4495.2
1780537200,4495.6,4485.5,4485.7
1780537500,4493.6,4485.1,4492.5
1780537800,4492.9,4483.4,4487.8
1780538100,4493.8,4488.1,4492.3
1780538400,4494,4488.8,4489.1
1780538700,4489.7,4485.2,4485.4
1780539000,4491.5,4482.4,4489.4
1780539300,4490.2,4485.3,4488.6
1780539600,4490,4486,4487.3
1780539900,4489.5,4485.1,4487.5
1780540200,4489.4,4484.4,4487.5
1780540500,4488,4484.8,4484.8
1780540800,4491.5,4484.6,4489
1780541100,4498,4489,4496.8
1780541400,4502.1,4495.7,4500.8
1780541700,4504.2,4498,4502
1780542000,4503.3,4498.4,4499.7
1780542300,4504.5,4499.9,4501.1
1780542600,4502.4,4496.9,4498.5
1780542900,4499,4496.4,4496.4
1780543200,4496.9,4494,4494.9
1780543500,4496.6,4492.9,4496.5
1780543800,4497.8,4493.9,4494.7
1780544100,4494.6,4490.5,4491.8
1780544400,4492.6,4487.6,4487.6
1780544700,4488.2,4485,4486.7
1780545000,4490.6,4485.8,4490.3
1780545300,4491.7,4488.9,4490.7
1780545600,4493,4489.9,4490.7
1780545900,4492.9,4489.2,4490.9
1780546200,4498.2,4490.3,4498
1780546500,4499.3,4496.7,4498.4
1780546800,4503.2,4498.1,4501.5
1780547100,4503,4500.6,4501.7
1780547400,4510.9,4501.8,4507.4
1780547700,4508.8,4505.2,4508.2
1780548000,4511.2,4506.7,4510.2
1780548300,4511.1,4506.5,4506.8
1780548600,4508.1,4505.8,4506.9
1780548900,4508.3,4505.8,4508
1780549200,4509.7,4504.2,4504.4
1780549500,4505.7,4500.8,4500.8
1780549800,4506.6,4498.6,4504.4
1780550100,4504.8,4502.9,4503.4
1780550400,4503.7,4499.2,4499.6
1780550700,4501.4,4498.1,4500.3
1780551000,4503.3,4498.1,4500.6
1780551300,4501.9,4498.1,4498.5
1780551600,4501.5,4497.5,4501.3
1780551900,4501.9,4494.1,4494.7
1780552200,4498.1,4494.1,4495.8
1780552500,4497.2,4493.7,4496
1780552800,4501.4,4494.8,4500.6
1780553100,4504.5,4498.9,4502.7
1780553400,4504,4500.2,4501.1
1780553700,4501.4,4493.3,4496.3
1780554000,4497.3,4493.9,4494.9
1780554300,4499.1,4494.6,4499.1
1780554600,4502.5,4496.4,4501.8
1780554900,4503.8,4497.4,4500
1780555200,4500.1,4495.8,4496.4
1780555500,4496.9,4489.8,4493.7
1780555800,4497.3,4493.5,4494.7
1780556100,4496.2,4493.3,4494.8
1780556400,4497.8,4491.5,4496.9
1780556700,4497.7,4491,4492.7
1780557000,4492.8,4489.2,4491.2
1780557300,4497.4,4489.7,4496.2
1780557600,4496.4,4492.4,4492.9
1780557900,4493.2,4488.4,4492.3
1780558200,4494,4490.5,4490.9
1780558500,4495.2,4489.6,4490.7
1780558800,4491.9,4486.8,4488.5
1780559100,4489.2,4487.3,4488
1780559400,4489.4,4487.2,4488.3
1780559700,4489.4,4486.1,4488.4
1780560000,4493.2,4487,4492.4
1780560300,4494.6,4491.2,4492.3
1780560600,4493,4486.5,4487.2
1780560900,4492.3,4487.3,4490.9
1780561200,4490.9,4485.6,4486.8
1780561500,4490.5,4485.3,4490.5
1780561800,4496.5,4486.9,4491.6
1780562100,4492,4486.9,4487.1
1780562400,4490.6,4487.7,4490.2
1780562700,4491.1,4486.4,4486.6
1780563000,4491,4486.8,4490.2
1780563300,4492.8,4489.6,4490.2
1780563600,4495.7,4487.7,4494
1780563900,4496.5,4491.7,4495.3
1780564200,4496,4489.3,4490.7
1780564500,4493.4,4490,4493.1
1780564800,4494.7,4490.4,4493.1
1780565100,4493.9,4491.3,4491.8
1780565400,4495.3,4488.8,4494
1780565700,4497,4492.1,4494.9
1780566000,4496.3,4493.6,4495.4
1780566300,4500,4494.9,4498.4
1780566600,4503.2,4497.8,4502.4
1780566900,4503,4497,4498.2
1780567200,4499.8,4495.9,4497.2
1780567500,4499,4496.5,4497.2
1780567800,4499.6,4495.2,4498.8
1780568100,4499,4496.1,4496.5
1780568400,4496.6,4492,4494.6
1780568700,4496.1,4491.8,4495.2
1780569000,4497.6,4493.9,4495.6
1780569300,4498.9,4495.3,4496.7
1780569600,4500.4,4496.3,4498.7
1780569900,4500.6,4498.1,4499.4
1780570200,4499.3,4496.2,4498.7
1780570500,4501.8,4497.3,4501.6
1780570800,4503.2,4496.4,4500
1780571100,4506.1,4499.7,4505.2
1780571400,4506.6,4501.4,4501.5
1780571700,4507.4,4501.3,4506.2
1780572000,4508.3,4504.5,4506.9
1780572300,4519.5,4505.5,4517.1
1780572600,4520.3,4512.2,4512.8
1780572900,4516.3,4510,4515.9
1780573200,4520.4,4514.3,4519.4
1780573500,4532.3,4519.2,4529.2
1780573800,4532.8,4528.8,4531.6
1780574100,4542.4,4531.5,4539.2
1780574400,4541.8,4524.7,4525.2
1780574700,4531.8,4522.6,4526.1
1780575000,4527.1,4519.3,4521.7
1780575300,4523.4,4518.7,4520.3
1780575600,4527.3,4519.7,4525.3
1780575900,4527.9,4523.5,4526.4
1780576200,4529.2,4524.5,4526.8
1780576500,4529.9,4524.5,4526.8
1780576800,4530,4526.7,4530
1780577100,4533.5,4526.8,4532.6
1780577400,4538.9,4529.6,4536
1780577700,4537.8,4530.4,4531.8
1780578000,4538,4527.8,4532.8
1780578300,4536.7,4531.4,4532.7
1780578600,4533.3,4529.6,4530.9
1780578900,4537.1,4530.6,4535.4
1780579200,4537.2,4531.9,4532.5
1780579500,4534,4529.2,4532.1
1780579800,4535,4529.4,4533.7
1780580100,4540.5,4532.6,4537
1780580400,4542.9,4532.8,4542.4
1780580700,4543.6,4535.1,4538
1780581000,4540.4,4525.4,4526.5
1780581300,4531.2,4523.2,4523.6
1780581600,4527.8,4522.4,4523.3
1780581900,4528,4516,4518
1780582200,4520.5,4514,4515.5
1780582500,4521.8,4513.3,4515.4
1780582800,4517.4,4511.5,4513.1
1780583100,4515.4,4511.2,4513.7
1780583400,4514.3,4508.7,4511.9
1780583700,4511.9,4505.2,4507.7
1780584000,4508.6,4499.7,4502.7
1780584300,4503.6,4492.6,4494.1
1780584600,4498.3,4484.3,4491
1780584900,4493.6,4487,4493
1780585200,4497.9,4490.5,4497.6
1780585500,4500.1,4494.3,4497.9
1780585800,4502.3,4497.5,4499.6
1780586100,4502,4499,4501.3
1780586400,4501.8,4498.5,4498.5
1780586700,4500,4496.8,4498.4
1780587000,4500.8,4497.4,4499.5
1780587300,4505,4498.6,4504.7
1780587600,4504.9,4498.2,4500
1780587900,4503.4,4497.4,4501.7
1780588200,4506.7,4501.9,4505.6
1780588500,4506,4503.8,4505
1780588800,4506.4,4503.5,4503.8
1780589100,4510.4,4502.6,4510.1
1780589400,4511.9,4507,4507.2
1780589700,4513,4507,4511.4
1780590000,4512.9,4508.2,4512.1
1780590300,4513,4510.4,4511.3
1780590600,4512.1,4507.3,4508.2
1780590900,4510.8,4507.8,4509.2
1780591200,4510.3,4508.4,4508.9
1780591500,4510.8,4507.6,4508.9
1780591800,4510,4507.8,4509.3
1780592100,4511.8,4509.1,4510.8
1780592400,4510.8,4508.4,4509.4
1780592700,4510.1,4507,4507
1780593000,4508.5,4503.9,4504
1780593300,4504.1,4502,4503.3
1780593600,4504,4502,4503.3
1780593900,4507.5,4503.4,4504.8
1780594200,4509.5,4504.6,4508.1
1780594500,4508.5,4505.5,4505.8
1780594800,4506.3,4503.7,4504.7
1780595100,4507,4504.7,4506.6
1780595400,4508.3,4506.1,4506.1
1780595700,4506.8,4505.4,4506
1780596000,4508.2,4504.4,4504.8
1780596300,4505.9,4503.9,4505.3
1780596600,4507.2,4504.9,4506.7
1780596900,4507.1,4505.3,4506.7
1780597200,4508.5,4506,4508.2
1780597500,4508.9,4505,4505.8
1780597800,4505.8,4500.8,4501.3
1780598100,4501.9,4500.1,4501.3
1780598400,4502.6,4500.8,4501.9
1780598700,4504.1,4501.5,4503.1
1780599000,4507.4,4503.2,4506
1780599300,4506.4,4504.4,4505.8
1780599600,4511.8,4505.6,4509.3
1780599900,4509.1,4505.4,4506.3
1780600200,4506.6,4503.9,4506.1
1780600500,4507.4,4505.6,4506.6
1780600800,4507.4,4505.6,4507.2
1780601100,4508.3,4506.5,4508.1
1780601400,4508.4,4505.6,4506.4
1780601700,4507.4,4505.4,4506.8
1780602000,4508.3,4504.9,4505.8
1780602300,4506.3,4504.3,4506.3
1780602600,4506.7,4504.6,4506.3
1780602900,4510.3,4504.9,4508.5
1780603200,4509.3,4506.8,4507.4
1780603500,4508.2,4506.5,4507.1
1780603800,4508,4505.7,4505.9
1780604100,4507.3,4505.1,4505.5
1780604400,4506.1,4503.4,4505.7
1780604700,4505.9,4504.5,4505.8
1780605000,4505.5,4503.1,4503.7
1780605300,4504.4,4503,4504.2
1780605600,4505.4,4503,4503.1
1780605900,4503.7,4501.7,4502.4
1780606200,4503.8,4502.3,4503.8
1780606500,4503.7,4502.4,4502.4
1780610400,4503.6,4500.2,4500.9
1780610700,4503.6,4500.9,4502.7
1780611000,4503.5,4501.5,4502.8
1780611300,4506.2,4501.7,4505
1780611600,4506.5,4504.6,4506.5
1780611900,4508.3,4505,4506.1
1780612200,4509,4505.1,4505.5
1780612500,4507.4,4505,4506.6
1780612800,4507.2,4502.7,4502.7
1780613100,4503.9,4499.7,4501
1780613400,4501.7,4496.3,4496.9
1780613700,4499.3,4495.8,4496.8
1780614000,4498.7,4491.4,4496.8
1780614300,4500.5,4494.1,4499
1780614600,4501.6,4497.7,4498.2
1780614900,4498.8,4495.5,4497.2
1780615200,4499.2,4493.1,4498.6
1780615500,4500.7,4495.3,4496.3
1780615800,4496.9,4491.2,4493
1780616100,4494.4,4489.4,4490.8
1780616400,4492.2,4489,4490.4
1780616700,4491.3,4487.3,4490.9
1780617000,4493.1,4490.1,4491.5
1780617300,4492.1,4488.2,4488.7
1780617600,4491,4485.7,4489.6
1780617900,4492.1,4486.5,4488.2
1780618200,4489.5,4481.1,4482.1
1780618500,4484.4,4478.6,4479
1780618800,4483,4477.2,4481.1
1780619100,4484.5,4479.8,4484.4
1780619400,4488.1,4482.9,4487.3
1780619700,4493.9,4487.1,4491
1780620000,4493.1,4489.4,4489.7
1780620300,4493.3,4487.8,4488.1
1780620600,4492.4,4487.4,4491.7
1780620900,4491.8,4485.1,4485.9
1780621200,4495,4479.4,4493.2
1780621500,4497,4490.2,4491.5
1780621800,4491.9,4486.6,4487
1780622100,4491.8,4484.2,4489.7
1780622400,4490.7,4480.3,4481.7
1780622700,4486.3,4475.6,4485.1
1780623000,4486.4,4480.6,4480.6
1780623300,4483.3,4475,4476.4
1780623600,4478.2,4471.8,4472.7
1780623900,4476.3,4470.3,4473.2
1780624200,4477.6,4471.2,4477.1
1780624500,4477.8,4471.5,4473.3
1780624800,4479,4468.4,4476.2
1780625100,4476.2,4470.8,4474.4
1780625400,4477,4472.4,4475.8
1780625700,4477.4,4471.7,4473.9
1780626000,4479.6,4473.7,4479.5
1780626300,4481.6,4476.5,4477.6
1780626600,4478.2,4468.4,4470.9
1780626900,4473.2,4467.1,4472.1
1780627200,4471.5,4464.4,4469
1780627500,4473.6,4468.3,4471.8
1780627800,4476.3,4469.5,4469.6
1780628100,4470.4,4466.3,4466.8
1780628400,4467.6,4462.4,4464.9
1780628700,4466.8,4463.1,4466.2
1780629000,4467.5,4464.4,4467.4
1780629300,4470.1,4464.4,4465
1780629600,4465.3,4461.3,4463.4
1780629900,4465.2,4462.4,4463
1780630200,4467.9,4462.5,4465.6
1780630500,4467.5,4462.7,4466.9
1780630800,4468.8,4466.5,4467
1780631100,4467.8,4466.3,4467.3
1780631400,4468.5,4465,4466.7
1780631700,4469.5,4466.7,4468.4
1780632000,4471.1,4467.1,4468.6
1780632300,4470,4465.8,4466.8
1780632600,4467.8,4464.5,4467.5
1780632900,4470.1,4465,4465.4
1780633200,4467.9,4465.1,4465.7
1780633500,4469.9,4465.7,4465.7
1780633800,4466.3,4463.4,4465.5
1780634100,4468.2,4465.1,4468
1780634400,4470.4,4465.6,4467.4
1780634700,4468.7,4465.9,4467.3
1780635000,4470.6,4467.3,4470.5
1780635300,4473,4470,4471
1780635600,4475.9,4469.2,4473.5
1780635900,4475.8,4472.9,4473.2
1780636200,4475.8,4472.2,4475.1
1780636500,4475.1,4470,4471.2
1780636800,4472.3,4468,4470.9
1780637100,4471.8,4470,4470.9
1780637400,4472.2,4465.2,4468.6
1780637700,4474.1,4467.8,4471.7
1780638000,4473,4469.1,4469.8
1780638300,4474.6,4468.2,4473.6
1780638600,4474.2,4468.4,4470
1780638900,4471.3,4464.8,4466.2
1780639200,4468.8,4461.7,4463.7
1780639500,4467.8,4463.5,4467.1
1780639800,4468.7,4462.5,4462.8
1780640100,4463.3,4454.8,4463.3
1780640400,4471.7,4460.9,4470.5
1780640700,4472.8,4466.9,4468.8
1780641000,4474.8,4469,4473.1
1780641300,4476.8,4472.7,4475
1780641600,4475.5,4473.2,4475.1
1780641900,4483.1,4473.5,4480.2
1780642200,4483.1,4478.2,4478.5
1780642500,4480.6,4476.3,4479.9
1780642800,4482.7,4478.7,4481.6
1780643100,4485.2,4480,4484.3
1780643400,4490.3,4483.1,4485.6
1780643700,4491.2,4485,4488.5
1780644000,4493.1,4486.6,4490.8
1780644300,4494.2,4488.3,4494
1780644600,4494.3,4491.3,4493.2
1780644900,4493.1,4488.3,4488.7
1780645200,4492.8,4486.3,4489.1
1780645500,4491.2,4488.8,4489.7
1780645800,4492.1,4488.3,4488.7
1780646100,4489.9,4487.6,4487.8
1780646400,4490.3,4485.3,4488.4
1780646700,4489.2,4486.3,4487.2
1780647000,4488.7,4486,4487.9
1780647300,4490.5,4486.9,4489.9
1780647600,4492.8,4489,4491
1780647900,4494.3,4490,4494
1780648200,4495.4,4490.1,4490.2
1780648500,4490.8,4488.5,4488.8
1780648800,4490.3,4487.6,4488.8
1780649100,4491.3,4488.3,4490.2
1780649400,4490.8,4488.8,4490.8
1780649700,4490.8,4489.2,4489.8
1780650000,4490.6,4487.8,4488.1
1780650300,4490.1,4486.7,4487.9
1780650600,4496.8,4485.8,4493.2
1780650900,4496.6,4491.2,4494.8
1780651200,4496.2,4493.3,4493.4
1780651500,4494.6,4488.5,4489.6
1780651800,4493.9,4486,4490.7
1780652100,4492.5,4489.3,4490.2
1780652400,4493.3,4490.3,4492.8
1780652700,4496.5,4492,4492.2
1780653000,4492.8,4491.4,4492.3
1780653300,4492.6,4489.5,4491.7
1780653600,4491.9,4490.1,4490.5
1780653900,4492.3,4490.2,4491.9
1780654200,4492.3,4490.5,4492.1
1780654500,4493.1,4491.5,4492.5
1780654800,4495,4492.2,4494.3
1780655100,4494.4,4492.1,4493.2
1780655400,4494.2,4489.5,4490
1780655700,4491.3,4489.3,4490.3
1780656000,4491.7,4488.7,4491.7
1780656300,4494.2,4491.5,4493.8
1780656600,4494.9,4492.5,4493.2
1780656900,4494.1,4492.9,4493.9
1780657200,4494,4490.5,4490.6
1780657500,4494,4490.1,4493.5
1780657800,4494,4487.7,4488.3
1780658100,4490.5,4487.6,4488.6
1780658400,4490.8,4484.3,4488.4
1780658700,4493.3,4488.5,4493.1
1780659000,4494.3,4491.5,4492.3
1780659300,4493.9,4490,4490.5
1780659600,4492.6,4489.9,4491.8
1780659900,4494.5,4490.9,4493.9
1780660200,4502.4,4493.7,4498.8
1780660500,4499.5,4494.5,4497.3
1780660800,4497.9,4490.9,4492.1
1780661100,4494.9,4491.6,4494.8
1780661400,4498,4493.5,4496.1
1780661700,4500.7,4494.9,4499.8
1780662000,4502.9,4493.9,4495.1
1780662300,4495.9,4487.9,4491.8
1780662600,4491.8,4473.2,4479.4
1780662900,4480.3,4465.3,4470.2
1780663200,4474.7,4469.1,4472.2
1780663500,4475.8,4466.3,4466.4
1780663800,4467.1,4442.3,4442.7
1780664100,4446.4,4430.3,4432.3
1780664400,4444.2,4425.3,4437.4
1780664700,4445.6,4433.1,4441.9
1780665000,4446.3,4439.5,4443.8
1780665300,4446.6,4441.4,4443.3
1780665600,4446.2,4435,4435.6
1780665900,4440.8,4429.3,4430.6
1780666200,4435.3,4423.5,4430.7
1780666500,4430.5,4411.2,4417.5
1780666800,4423.8,4413.1,4414.6
1780667100,4416.3,4408.2,4408.8
1780667400,4413.3,4406.5,4410
1780667700,4411,4390,4390.4
1780668000,4404.2,4388.3,4396.4
1780668300,4402.2,4388.1,4398.9
1780668600,4401.8,4388.7,4390.8
1780668900,4395.4,4389.2,4394.4
1780669200,4395.3,4380,4382.3
1780669500,4386.2,4377.3,4385.8
1780669800,4388.9,4374.3,4378.2
1780670100,4379.9,4372.2,4373.3
1780670400,4375.4,4369.2,4374.4
1780670700,4384.4,4373.2,4381.4
1780671000,4391.9,4379.9,4387.6
1780671300,4394.9,4385.5,4394.5
1780671600,4397.6,4387.4,4392.9
1780671900,4394.2,4386.5,4387
1780672200,4387,4377.6,4377.6
1780672500,4381.1,4373.9,4380.1
1780672800,4383,4373.1,4377
1780673100,4380.9,4374.4,4376.6
1780673400,4380.2,4370.3,4372.1
1780673700,4374.5,4361.1,4365.4
1780674000,4366.9,4359.7,4363.8
1780674300,4366.1,4361.5,4364.2
1780674600,4367,4361.3,4365.6
1780674900,4366.5,4358.5,4360.3
1780675200,4365.6,4355,4359.3
1780675500,4359,4353.8,4357.8
1780675800,4363.1,4356.3,4358.4
1780676100,4358.4,4350.3,4355.6
1780676400,4355.8,4350,4353.6
1780676700,4358.8,4353,4354.6
1780677000,4354.9,4347.4,4353.4
1780677300,4357.1,4349.7,4356.4
1780677600,4356.7,4350.6,4352.5
1780677900,4359.5,4349.5,4358.8
1780678200,4363.7,4357.6,4362.8
1780678500,4369.8,4361.3,4369.3
1780678800,4371.7,4364,4369
1780679100,4368.9,4363.2,4363.9
1780679400,4366.3,4361,4363.9
1780679700,4367,4360.5,4363.2
1780680000,4366.3,4360.3,4363.8
1780680300,4367.9,4360.7,4367.5
1780680600,4368.7,4364.6,4367.8
1780680900,4370.1,4364.2,4369.8
1780681200,4372.2,4364.7,4365.8
1780681500,4367.6,4362.1,4364.5
1780681800,4368.2,4362.7,4368.1
1780682100,4368.1,4365.7,4366.5
1780682400,4366.7,4358,4358.1
1780682700,4359.3,4353.9,4355.1
1780683000,4356.7,4347.3,4347.6
1780683300,4351.4,4346.1,4350.9
1780683600,4355.4,4350.4,4351.8
1780683900,4352.5,4347,4350.2
1780684200,4351.1,4342.5,4349.7
1780684500,4350.4,4343.5,4345
1780684800,4345.8,4338.1,4342.9
1780685100,4346.5,4340.6,4346.2
1780685400,4346.2,4341.4,4345
1780685700,4351.6,4343.4,4346.9
1780686000,4348.4,4340.4,4345.1
1780686300,4345.7,4340.8,4344.2
1780686600,4344.7,4339.4,4340
1780686900,4343.6,4338.2,4342.7
1780687200,4346.7,4339.8,4343.3
1780687500,4348.7,4343.4,4348.4
1780687800,4350.1,4345,4347.6
1780688100,4349.4,4344.6,4347
1780688400,4346.9,4338.3,4343.2
1780688700,4347,4342.2,4345.4
1780689000,4348.3,4342.3,4343.2
1780689300,4346.4,4342,4343.3
1780689600,4343.9,4337.3,4338.4
1780689900,4339.5,4336.5,4338.7
1780690200,4342.2,4336.9,4340.6
1780690500,4341.7,4338.6,4340.3
1780690800,4344.7,4339.2,4344.7
1780691100,4351.3,4343.2,4347.2
1780691400,4348.3,4346.2,4347
1780691700,4349.7,4346.2,4347.7
1780692000,4349.8,4345.5,4349.3
1780692300,4355.2,4348.3,4352.4
1780692600,4354.9,4350.2,4352.4
1780692900,4355.8,4352.2,4354.2
1780869600,4363.8,4333.5,4344.5
1780869900,4345.4,4333.6,4342.8
1780870200,4354.6,4336.3,4354.2
1780870500,4354.8,4347.4,4351
1780870800,4353.1,4345.6,4347.3
1780871100,4348.2,4339.5,4340.2
1780871400,4347.3,4338.8,4347.1
1780871700,4352.8,4346.1,4349.2
1780872000,4350.6,4347.5,4349.7
1780872300,4350,4343.5,4346.7
1780872600,4350.8,4344.8,4347
1780872900,4347.2,4339,4340.9
1780873200,4350.7,4340.1,4349.6
1780873500,4351.2,4345.8,4350.3
1780873800,4358,4349.5,4354.4
1780874100,4358.2,4353.5,4355.3
1780874400,4356.5,4352.2,4354.1
1780874700,4358.5,4352,4357.9
1780875000,4360.3,4356.3,4357.6
1780875300,4361.5,4356.7,4360.3
1780875600,4364.4,4360.2,4362.8
1780875900,4366.9,4358.7,4365.4
1780876200,4367.4,4362.5,4366.9
1780876500,4370.8,4365.7,4367.5
1780876800,4370.4,4364.2,4368.1
1780877100,4369.5,4364.7,4368.7
1780877400,4369,4364.4,4367
1780877700,4371.5,4365.1,4371.2
1780878000,4376.2,4371,4374.7
1780878300,4377.3,4372.6,4375.2
1780878600,4376.2,4369.7,4373
1780878900,4375.8,4369.8,4371.7
1780879200,4372.5,4365.6,4369.2
1780879500,4370.1,4363.2,4366.4
1780879800,4367.3,4363.1,4365.2
1780880100,4369.2,4364.2,4365.9
1780880400,4369.6,4359.5,4362.7
1780880700,4364.9,4354.4,4360.9
1780881000,4361.6,4349.2,4350.8
1780881300,4351.1,4337.8,4341.7
1780881600,4348.9,4334.9,4345.8
1780881900,4347.7,4334.5,4338.2
1780882200,4342,4323.3,4338.5
1780882500,4341.7,4335.4,4341.1
1780882800,4351.6,4340.5,4350.4
1780883100,4353.7,4347,4347.5
1780883400,4352.4,4343.2,4348.2
1780883700,4352.8,4346.8,4349.2
1780884000,4354.7,4344.9,4346.6
1780884300,4348.3,4339.7,4342.9
1780884600,4343,4338.5,4340.6
1780884900,4343.6,4335.1,4335.8
1780885200,4340.6,4334.9,4340.3
1780885500,4340.8,4335.3,4338.8
1780885800,4341,4332.3,4333.5
1780886100,4336.6,4330.7,4335.8
1780886400,4341.8,4333,4340
1780886700,4345.1,4338.2,4341.1
1780887000,4341.6,4333,4335.5
1780887300,4339.8,4333.4,4334.6
1780887600,4338.4,4334,4335.1
1780887900,4336,4330,4332
1780888200,4332.5,4328.1,4328.7
1780888500,4331.9,4327.2,4331.5
1780888800,4336.3,4330.3,4334.8
1780889100,4335,4330,4331.1
1780889400,4333.2,4328.7,4331.1
1780889700,4333.3,4330.5,4331.7
1780890000,4334.2,4330.8,4334
1780890300,4337.9,4333.3,4336.8
1780890600,4341.5,4335.6,4339.4
1780890900,4341.2,4338.2,4341
1780891200,4344.9,4338.6,4339.1
1780891500,4343.8,4337.7,4342.3
1780891800,4343.9,4340.8,4343.2
1780892100,4346.3,4341.8,4342.7
1780892400,4343.2,4340,4341.7
1780892700,4345,4341.1,4344.1
1780893000,4344.6,4335.2,4337.5
1780893300,4338.2,4334.6,4335.2
1780893600,4336.2,4331.7,4331.9
1780893900,4335.8,4331.8,4334.2
1780894200,4338.4,4333.8,4335.8
1780894500,4337.6,4333,4336.9
1780894800,4340.3,4335.8,4339.4
1780895100,4339.8,4333.7,4334.8
1780895400,4336,4328.5,4328.5
1780895700,4335.2,4328.5,4333.7
1780896000,4338.8,4333.5,4335.5
1780896300,4337.3,4333.2,4335.7
1780896600,4337.5,4310.9,4311.2
1780896900,4316.2,4292.6,4315.4
1780897200,4317.9,4307.8,4312.9
1780897500,4317,4309.7,4311.6
1780897800,4320.9,4310.4,4314.8
1780898100,4320,4310.9,4317
1780898400,4333.3,4317,4328.5
1780898700,4331.8,4324.4,4327.5
1780899000,4331.5,4324,4328.7
1780899300,4332.5,4324.6,4328.6
1780899600,4336.6,4327.7,4333.6
1780899900,4335.5,4330.3,4330.8
1780900200,4331.5,4324,4324.3
1780900500,4325.1,4320.2,4321.7
1780900800,4325.1,4318.9,4323.1
1780901100,4325.4,4320.9,4322.4
1780901400,4325.8,4321.3,4322.7
1780901700,4325.5,4317.9,4325.2
1780902000,4328.1,4320.5,4324.1
1780902300,4326.3,4319.6,4325.6
1780902600,4333.7,4323.4,4330.4
1780902900,4335.7,4324.4,4331.8
1780903200,4340.4,4330.9,4339.2
1780903500,4342.4,4331,4331.3
1780903800,4334.6,4329.9,4333.5
1780904100,4337,4327.6,4333.1
1780904400,4333.1,4326.4,4326.7
1780904700,4327.9,4323.2,4323.5
1780905000,4324.6,4320.8,4321.6
1780905300,4324.6,4319.3,4319.4
1780905600,4322.3,4315.1,4318.5
1780905900,4321.5,4314.6,4319.9
1780906200,4320.9,4316.1,4316.2
1780906500,4318.4,4313.2,4317.5
1780906800,4318,4312.5,4313.4
1780907100,4314.7,4309.7,4312.8
1780907400,4316.8,4311.3,4315.8
1780907700,4315.7,4310.7,4311.9
1780908000,4315.9,4310.9,4315.3
1780908300,4318.4,4313.2,4315.9
1780908600,4317.6,4311.1,4313.2
1780908900,4315,4309.7,4313.4
1780909200,4316.9,4313.3,4315.5
1780909500,4315.5,4308.5,4309.6
1780909800,4313.7,4309.3,4313.7
1780910100,4315.1,4311.9,4312.7
1780910400,4315.9,4310.6,4311.4
1780910700,4312.5,4303.7,4304
1780911000,4305.4,4297.2,4298.2
1780911300,4320,4297.7,4317.9
1780911600,4320.9,4313.5,4317.9
1780911900,4326.4,4317.2,4325.7
1780912200,4326.3,4315.9,4318.1
1780912500,4320.1,4315.4,4318.8
1780912800,4319.6,4310.5,4314.9
1780913100,4322.3,4313.9,4319.2
1780913400,4322.4,4318,4319
1780913700,4320.5,4314.5,4314.7
1780914000,4317.4,4314.2,4315.9
1780914300,4320.1,4314.7,4318.4
1780914600,4329.9,4316.8,4328.5
1780914900,4330.5,4323.7,4324.3
1780915200,4329.4,4323.9,4329.3
1780915500,4329.5,4323.5,4324.8
1780915800,4326.6,4322.5,4322.6
1780916100,4327.8,4321.1,4326.5
1780916400,4326.9,4321.5,4324.5
1780916700,4330.7,4324.6,4330.4
1780917000,4343.5,4328.9,4343.4
1780917300,4353.2,4337.4,4352.2
1780917600,4356.3,4348.1,4350.3
1780917900,4354.9,4347,4350.4
1780918200,4358.4,4349.9,4354.8
1780918500,4355.3,4348.8,4350.3
1780918800,4352.3,4347.2,4349
1780919100,4351.4,4346,4348.8
1780919400,4353.5,4348.4,4351.4
1780919700,4357.6,4350.1,4356.3
1780920000,4359.4,4352.5,4355.5
1780920300,4359.7,4352,4355.2
1780920600,4355.7,4346.6,4346.6
1780920900,4351,4344.6,4349.6
1780921200,4354.9,4347.5,4353.7
1780921500,4357.3,4352.6,4354.7
1780921800,4359.4,4352.6,4352.9
1780922100,4359,4352.2,4355
1780922400,4364.8,4353.1,4360.6
1780922700,4363.1,4357.1,4357.3
1780923000,4358.5,4351.7,4354.9
1780923300,4359.5,4353.6,4357.8
1780923600,4359.8,4350.3,4353.7
1780923900,4355,4347.8,4348.9
1780924200,4351.4,4347.7,4348.6
1780924500,4350.2,4345.6,4349.8
1780924800,4360.9,4349.9,4356.4
1780925100,4358.1,4353.7,4355.7
1780925400,4365.2,4355.4,4358
1780925700,4371.6,4356.3,4365
1780926000,4369.2,4359.7,4360.9
1780926300,4363.1,4356.8,4356.8
1780926600,4363.8,4352.7,4358.8
1780926900,4361.7,4350.4,4351.4
1780927200,4355.5,4346.5,4346.9
1780927500,4352.3,4343.4,4345.1
1780927800,4345.5,4341.3,4344
1780928100,4346.9,4341.7,4346.5
1780928400,4349.2,4341.8,4343.4
1780928700,4347.8,4340.4,4344.6
1780929000,4349.2,4343.3,4347.1
1780929300,4348,4339.2,4344.4
1780929600,4348.2,4340.8,4347.5
1780929900,4354.1,4342,4342.2
1780930200,4352,4341.6,4351.3
1780930500,4356.8,4349,4355.8
1780930800,4361.2,4353.2,4353.7
1780931100,4355.9,4348.7,4353
1780931400,4353.6,4349.7,4349.8
1780931700,4356.7,4346.8,4355.9
1780932000,4360.5,4353.6,4359.9
1780932300,4359.8,4352.7,4354.8
1780932600,4358,4352.9,4356.7
1780932900,4362.7,4355.8,4361.3
1780933200,4364.5,4360,4364.1
1780933500,4365.9,4359.3,4360.1
1780933800,4367.9,4360.3,4367.2
1780934100,4370.1,4365.3,4366
1780934400,4368.1,4362.8,4365.5
1780934700,4367.5,4363.1,4364.1
1780935000,4366.3,4362.3,4365.4
1780935300,4368.2,4364.5,4367.2
1780935600,4368.1,4363.7,4365.5
1780935900,4367.4,4364.6,4365.1
1780936200,4369.4,4365.2,4367
1780936500,4370.8,4364.9,4365.7
1780936800,4368.6,4365.1,4368.4
1780937100,4370.7,4366.8,4369.7
1780937400,4370.5,4361.8,4362.3
1780937700,4366,4362.1,4364.9
1780938000,4366.8,4360.9,4362
1780938300,4366.5,4361.8,4362.6
1780938600,4363.6,4360.4,4363.1
1780938900,4364.4,4360.5,4362.8
1780939200,4364.8,4359.4,4360
1780939500,4364.7,4357.9,4363.6
1780939800,4364,4358,4360.4
1780940100,4360.5,4356.4,4359.4
1780940400,4359.9,4357.7,4358.5
1780940700,4361.6,4358.5,4361.4
1780941000,4362.8,4360.5,4361.2
1780941300,4363.8,4359.9,4363.3
1780941600,4369.6,4362.9,4368.2
1780941900,4369.9,4366.6,4368.1
1780942200,4368.9,4364.7,4365.9
1780942500,4368.2,4366,4366.9
1780942800,4369.4,4366.2,4368
1780943100,4370.3,4366,4366.9
1780943400,4369,4364.3,4364.9
1780943700,4365.9,4361.1,4361.2
1780944000,4362.8,4360.3,4360.7
1780944300,4361.2,4358.7,4358.7
1780944600,4361,4357.1,4358.6
1780944900,4360.2,4357.3,4358.8
1780945200,4362.4,4358.3,4361.3
1780945500,4361.2,4356.6,4356.8
1780945800,4356.8,4353.7,4354
1780946100,4355.9,4352.3,4353.1
1780946400,4354.9,4351,4351
1780946700,4352.5,4350.3,4352
1780947000,4354.9,4350.5,4351.7
1780947300,4352.8,4349,4350
1780947600,4350.4,4348.4,4349.1
1780947900,4351.8,4349,4351.2
1780948200,4354.2,4351.5,4352.1
1780948500,4353.1,4346.9,4350.4
1780948800,4353.8,4350.4,4353.4
1780949100,4353.8,4351.3,4352
1780949400,4352.3,4350.2,4352.3
1780949700,4352.1,4348.2,4349.6
1780950000,4351.5,4349.1,4351.1
1780950300,4351.1,4348.3,4350.7
1780950600,4352.1,4349.3,4351.7
1780950900,4352.5,4350.7,4351.6
1780951200,4351.6,4349.5,4350.1
1780951500,4351.6,4349.5,4351.1
1780951800,4353.7,4351,4353.6
1780952100,4354.6,4353,4354.6
1780956000,4361.3,4349.6,4350.1
1780956300,4351.3,4347.9,4350.3
1780956600,4351.4,4347.8,4348.3
1780956900,4348.5,4345.7,4347.8
1780957200,4349.6,4347.5,4349.1
1780957500,4350.9,4347.8,4348.1
1780957800,4350.6,4348.1,4348.9
1780958100,4350.2,4348.5,4349
1780958400,4350.7,4347.5,4350.7
1780958700,4351.4,4349.4,4350.4
1780959000,4352.1,4349.2,4351.5
1780959300,4352.2,4351,4351.3
1780959600,4351.5,4350.2,4351
1780959900,4351.1,4348.4,4349.7
1780960200,4352.3,4349,4350.8
1780960500,4352.2,4349.5,4350.3
1780960800,4351,4347.8,4348.5
1780961100,4348.2,4343.5,4343.9
1780961400,4344.4,4338.3,4341.1
1780961700,4345.4,4341.5,4345.2
1780962000,4345.8,4342.6,4342.9
1780962300,4343.4,4336.7,4337.1
1780962600,4342.6,4335.7,4340.2
1780962900,4341.5,4337.4,4341.1
1780963200,4343.3,4338.7,4341.3
1780963500,4345.4,4340.8,4342.5
1780963800,4347.6,4342.3,4346.4
1780964100,4347.4,4343.7,4343.9
1780964400,4344.4,4340.6,4342.6
1780964700,4343.3,4340.3,4340.8
1780965000,4344,4338.7,4342.9
1780965300,4347.1,4341.6,4342.8
1780965600,4345.2,4341.1,4342.7
1780965900,4343.3,4339.2,4341.2
1780966200,4344.2,4340,4340
1780966500,4345.5,4339.5,4344.1
1780966800,4348.7,4342.5,4345.7
1780967100,4352.4,4345,4349.4
1780967400,4351.2,4345.5,4348.4
1780967700,4354.7,4346.1,4348.3
1780968000,4356.7,4347.2,4352.3
1780968300,4362.6,4351.9,4359.7
1780968600,4362.5,4357.3,4361.5
1780968900,4363.5,4358.6,4359.8
1780969200,4362.8,4356.7,4360.1
1780969500,4363,4358.1,4358.4
1780969800,4361.8,4358,4361.2
1780970100,4362.6,4357.5,4360.8
1780970400,4361.5,4355.9,4356.9
1780970700,4357.4,4352.5,4355.6
1780971000,4358,4353.7,4357.4
1780971300,4359.2,4354.5,4356.8
1780971600,4360.2,4355.8,4358.8
1780971900,4360.7,4356.5,4360
1780972200,4364.1,4358,4360.2
1780972500,4360.1,4355.4,4359.4
1780972800,4363.3,4357.8,4363.3
1780973100,4365.6,4361.9,4362.2
1780973400,4365,4359.2,4363.2
1780973700,4363.9,4359.1,4360.5
1780974000,4362.1,4356,4356.2
1780974300,4366.3,4355.2,4362.5
1780974600,4364.5,4361.6,4362.9
1780974900,4366.8,4363,4363.9
1780975200,4364.6,4357.6,4358.8
1780975500,4361.5,4358.4,4360.6
1780975800,4362.1,4357.8,4358.1
1780976100,4361.2,4357.9,4359.6
1780976400,4362.4,4359.1,4362.2
1780976700,4366.5,4362.2,4363.1
1780977000,4364.7,4361.3,4363.9
1780977300,4364.4,4358.8,4360.9
1780977600,4360.9,4357.6,4359.6
1780977900,4362.5,4359,4361.6
1780978200,4363.8,4356.5,4356.7
1780978500,4357.5,4353.8,4354.5
1780978800,4356.1,4353.1,4355.9
1780979100,4356.5,4353.8,4354.7
1780979400,4355.1,4348.4,4349.4
1780979700,4355,4349.6,4354.4
1780980000,4354.3,4351.1,4352.5
1780980300,4354,4351.3,4353.4
1780980600,4356.2,4351.7,4351.9
1780980900,4357.4,4350.7,4356.7
1780981200,4361.2,4356.5,4360.5
1780981500,4361.5,4356.8,4356.8
1780981800,4358.8,4355.1,4355.8
1780982100,4359,4354.8,4357.5
1780982400,4359.6,4355.4,4357.5
1780982700,4358.1,4356.1,4356.9
1780983000,4368.4,4355.8,4367
1780983300,4368.4,4363.9,4367.9
1780983600,4375.9,4366.7,4372.9
1780983900,4373.7,4367.3,4370.9
1780984200,4371.2,4367.4,4369.7
1780984500,4369.6,4365.9,4367.9
1780984800,4373.5,4367.1,4369.3
1780985100,4371.3,4367.5,4368.9
1780985400,4369.1,4364.5,4365.5
1780985700,4368.1,4365.1,4366.8
1780986000,4370.2,4365,4368.9
1780986300,4369.6,4362.2,4363.4
1780986600,4363.6,4356,4357.9
1780986900,4363.8,4357.4,4361.9
1780987200,4362.9,4358.4,4360.7
1780987500,4364.4,4360.2,4363.5
1780987800,4363.4,4358.7,4359.3
1780988100,4360.2,4354.1,4354.7
1780988400,4358.7,4352.5,4355.6
1780988700,4357.7,4353.6,4356.3
1780989000,4356.4,4350.6,4350.6
1780989300,4353.6,4346.1,4352.7
1780989600,4354.7,4349.5,4353.8
1780989900,4356,4352.3,4354.6
1780990200,4355.1,4348.9,4350.3
1780990500,4350.5,4345.7,4349.3
1780990800,4352.2,4348.6,4351.9
1780991100,4354,4349.5,4349.9
1780991400,4353.6,4348.7,4352.1
1780991700,4352.4,4349.4,4349.9
1780992000,4350.8,4346,4346
1780992300,4350.4,4344.4,4350.2
1780992600,4360.1,4349.9,4355.6
1780992900,4359,4355,4356
1780993200,4358.2,4355.5,4355.7
1780993500,4359.2,4355.2,4358.2
1780993800,4359.7,4354.4,4354.5
1780994100,4358.6,4353.8,4358
1780994400,4360.5,4356.9,4358.7
1780994700,4358.8,4351,4351.8
1780995000,4353.7,4349.4,4353.4
1780995300,4354.3,4350.2,4350.2
1780995600,4352.8,4348.4,4352.3
1780995900,4354.3,4350.8,4353.7
1780996200,4354.7,4351.2,4352
1780996500,4354.2,4351.4,4353.4
1780996800,4359.7,4353.4,4356.8
1780997100,4358,4347.8,4350.3
1780997400,4353.1,4349.3,4350.4
1780997700,4355,4350.2,4353
1780998000,4354,4348.8,4351.1
1780998300,4354.8,4350.5,4353.9
1780998600,4357.6,4353.6,4357.2
1780998900,4357.4,4354.7,4356.2
1780999200,4357.3,4354.1,4354.6
1780999500,4355.2,4349.1,4351.1
1780999800,4359.8,4350.5,4359.4
1781000100,4360.7,4358.2,4358.8
1781000400,4359.1,4355.3,4356.7
1781000700,4360.9,4355.7,4357.7
1781001000,4359,4356.3,4357.7
1781001300,4358.1,4355.4,4355.8
1781001600,4356.6,4353.4,4356.3
1781001900,4356.8,4354.4,4354.6
1781002200,4360.7,4354.4,4359.1
1781002500,4365.2,4358.8,4363.6
1781002800,4364.9,4359.9,4360
1781003100,4363.2,4359.8,4361.4
1781003400,4362.2,4359.9,4361.9
1781003700,4363.3,4360.3,4363.2
1781004000,4364.9,4361.1,4361.1
1781004300,4362.8,4360.3,4362.8
1781004600,4363,4361,4362.1
1781004900,4362.3,4360.8,4361.3
1781005200,4364.2,4361.2,4363.1
1781005500,4365.8,4361.5,4364.3
1781005800,4368.1,4364.4,4365.8
1781006100,4367.8,4363.6,4364.3
1781006400,4368,4364.1,4366.7
1781006700,4368.5,4366.2,4368.2
1781007000,4368.7,4365.3,4365.6
1781007300,4367.7,4363.4,4367.7
1781007600,4367.4,4361.6,4363
1781007900,4364.5,4359.7,4360.3
1781008200,4364.5,4359,4361
1781008500,4365.9,4360.3,4365
1781008800,4366.3,4363.3,4365.4
1781009100,4368.9,4364.1,4365.6
1781009400,4368.1,4361.5,4361.8
1781009700,4366.7,4360.8,4365.5
1781010000,4370.2,4362.5,4363.7
1781010300,4368.8,4363,4365.8
1781010600,4367.2,4364.1,4365.6
1781010900,4366.7,4358.3,4358.4
1781011200,4360.5,4355.7,4357.8
1781011500,4359.9,4354.6,4355.3
1781011800,4358.5,4352.7,4354.2
1781012100,4358.7,4353.8,4356
1781012400,4356.5,4349.1,4354.4
1781012700,4388.8,4353.3,4377.1
1781013000,4377.8,4358.2,4359
1781013300,4359.5,4350.7,4353.3
1781013600,4360.4,4350.4,4353.4
1781013900,4356.6,4348.3,4352.8
1781014200,4352.9,4343.1,4345.2
1781014500,4347.2,4328.8,4335.1
1781014800,4344.3,4332.8,4342.6
1781015100,4348.1,4339.9,4342.5
1781015400,4345.5,4333.7,4338.8
1781015700,4339.1,4326.4,4329.2
1781016000,4331.6,4307.5,4308.6
1781016300,4313.9,4302,4308.1
1781016600,4322.2,4305.3,4321.9
1781016900,4325.2,4316.5,4324.8
1781017200,4326.4,4315.5,4317.4
1781017500,4321.1,4314.2,4320
1781017800,4323.7,4313.5,4319.3
1781018100,4321.3,4315.8,4316.1
1781018400,4319.1,4309.3,4309.9
1781018700,4313.1,4301,4302.8
1781019000,4306.1,4287.4,4298.6
1781019300,4298.9,4287,4294.4
1781019600,4304.5,4293.5,4304
1781019900,4310.1,4302.7,4305.1
1781020200,4308.7,4300.7,4304.3
1781020500,4309.9,4296.5,4296.5
1781020800,4305.4,4295.2,4298.2
1781021100,4298.7,4284.6,4287.5
1781021400,4291.1,4282.1,4283.6
1781021700,4287.2,4276.8,4278.2
1781022000,4287.7,4277,4286.2
1781022300,4290.6,4284.7,4287.4
1781022600,4288.5,4283.6,4285.9
1781022900,4291.5,4260.7,4265.3
1781023200,4272.1,4260,4268.7
1781023500,4277.9,4267.8,4273.6
1781023800,4275,4262.3,4263.9
1781024100,4276.3,4263.4,4276
1781024400,4288,4275.1,4286.4
1781024700,4287.8,4282.7,4287
1781025000,4288.8,4281.5,4285.4
1781025300,4290.2,4282.6,4288.5
1781025600,4292.4,4286.9,4290.7
1781025900,4291.2,4285,4287.5
1781026200,4290.8,4285.1,4290.2
1781026500,4290.7,4286.2,4286.8
1781026800,4292.8,4286.3,4289.2
1781027100,4291.2,4280.6,4281.6
1781027400,4284.3,4279.9,4282.9
1781027700,4288.8,4282.4,4287.1
1781028000,4290.2,4283.6,4286.8
1781028300,4291.4,4285,4291.1
1781028600,4291.5,4286.9,4289.8
1781028900,4294.5,4287,4293.7
1781029200,4298.7,4291.5,4297.9
1781029500,4297.9,4292.2,4295.6
1781029800,4298.7,4293.1,4295.3
1781030100,4295.4,4293,4293.5
1781030400,4294.4,4288,4288.6
1781030700,4290,4286.7,4289.8
1781031000,4292.7,4288.6,4290.3
1781031300,4296,4289.9,4294.3
1781031600,4295.5,4290.6,4294.5
1781031900,4296.2,4289.3,4289.6
1781032200,4289.4,4282,4283.1
1781032500,4283.3,4278.5,4279.5
1781032800,4280.7,4276.6,4279.8
1781033100,4282,4278.2,4281.5
1781033400,4284.2,4280.1,4283.4
1781033700,4284,4276.6,4277.6
1781034000,4277.9,4274.1,4275
1781034300,4276.7,4273.9,4275
1781034600,4283.1,4275.1,4282.8
1781034900,4283.9,4280,4282.8
1781035200,4285.6,4280,4285.2
1781035500,4284.9,4281.3,4281.8
1781035800,4283.3,4280.8,4282.4
1781036100,4284.8,4282.1,4282.7
1781036400,4283.7,4281.8,4282.3
1781036700,4284,4282,4282.9
1781037000,4283.5,4281.3,4281.8
1781037300,4284.9,4282,4284.6
1781037600,4286.2,4283.9,4285.2
1781037900,4286,4284.3,4285.8
1781038200,4285.8,4283.7,4284.2
1781038500,4285,4283.4,4285
1781042400,4282.3,4270.2,4279.3
1781042700,4281.2,4274.6,4277.4
1781043000,4280.6,4276.9,4279
1781043300,4280,4276.3,4277.5
1781043600,4279.8,4276.8,4277.9
1781043900,4280.2,4276.8,4280.2
1781044200,4281.2,4275.8,4276.8
1781044500,4278,4273.7,4276.4
1781044800,4278.5,4270.8,4272.6
1781045100,4273.7,4258.2,4262.7
1781045400,4264.3,4255.3,4258.5
1781045700,4261.6,4257.2,4260
1781046000,4269.7,4258.9,4269.5
1781046300,4271,4264.8,4264.8
1781046600,4266.3,4258.5,4259.4
1781046900,4259.7,4250.3,4255.9
1781047200,4257.6,4247.5,4250.3
1781047500,4250.9,4245.7,4247.3
1781047800,4252.8,4244.4,4248.7
1781048100,4249.2,4243.9,4245
1781048400,4247.6,4239.2,4241.2
1781048700,4241.1,4234.2,4236.2
1781049000,4244.3,4232.1,4243.7
1781049300,4247.6,4240.5,4244.8
1781049600,4247.4,4241.1,4243.3
1781049900,4249.9,4242.2,4247.9
1781050200,4248.5,4239.3,4247.9
1781050500,4251.1,4241.4,4250.2
1781050800,4251.2,4245.4,4248
1781051100,4248.3,4240.5,4240.5
1781051400,4241.9,4228.3,4229.2
1781051700,4233.1,4224.6,4231.2
1781052000,4231.5,4222,4227.6
1781052300,4229.5,4223.4,4227.2
1781052600,4232.6,4223.7,4231.3
1781052900,4244.3,4231.2,4241.7
1781053200,4242.4,4217.9,4218.3
1781053500,4223.6,4210.9,4219
1781053800,4230.6,4217.5,4227.1
1781054100,4240.3,4224.4,4236.7
1781054400,4237,4223,4224.7
1781054700,4228.5,4221,4225.5
1781055000,4229.2,4219.9,4226.6
1781055300,4231.3,4221.2,4224.7
1781055600,4226,4208.1,4210.6
1781055900,4217.3,4207.7,4216.1
1781056200,4219.3,4206.1,4215.9
1781056500,4216.6,4210.6,4212.2
1781056800,4215.5,4207.4,4210.7
1781057100,4210.6,4203.1,4204.7
1781057400,4210.3,4203.5,4206.6
1781057700,4210.5,4203.7,4204.7
1781058000,4211.4,4204,4207.3
1781058300,4212.7,4201.9,4212
1781058600,4216.9,4197.8,4203.4
1781058900,4213.5,4202.8,4208.5
1781059200,4213.9,4204.4,4208.6
1781059500,4214.9,4207.4,4211.6
1781059800,4212.5,4197.7,4198.9
1781060100,4200.9,4196.6,4197.8
1781060400,4200.7,4195.9,4200.2
1781060700,4204.4,4197.6,4199.2
1781061000,4202.3,4197.6,4201.8
1781061300,4205.1,4199.5,4199.5
1781061600,4200.1,4197.2,4198.5
1781061900,4203.8,4198.4,4200.7
1781062200,4204.5,4199.7,4204.2
1781062500,4206.9,4200.3,4204.3
1781062800,4206.5,4201.5,4203.4
1781063100,4210.8,4203.3,4209.2
1781063400,4209.9,4205.7,4208.5
1781063700,4208.8,4205.6,4208.8
1781064000,4211.1,4205.6,4210
1781064300,4210.5,4205.4,4207.9
1781064600,4207.9,4204.1,4204.7
1781064900,4205.8,4202.2,4205
1781065200,4206.7,4199.7,4201.6
1781065500,4204,4196.9,4197.8
1781065800,4198.5,4195.7,4197.6
1781066100,4198.9,4196,4197.9
1781066400,4198.5,4195.9,4196.3
1781066700,4198.2,4193,4197.5
1781067000,4199.3,4196.7,4198.3
1781067300,4199.2,4196.7,4198.2
1781067600,4201.5,4196.2,4197.8
1781067900,4202.6,4196.4,4199.8
1781068200,4203.8,4198.5,4202.5
1781068500,4203.5,4198.5,4199.6
1781068800,4206.4,4198.8,4204
1781069100,4210.6,4202.9,4210.5
1781069400,4216.8,4205,4214.4
1781069700,4218.2,4211.2,4217.5
1781070000,4222.3,4216.6,4221.6
1781070300,4228.9,4220.5,4225.9
1781070600,4229.7,4223.6,4227.1
1781070900,4232.3,4226.9,4228.5
1781071200,4236.1,4228.5,4234.2
1781071500,4245.4,4232.3,4237.2
1781071800,4239.2,4232.1,4235.8
1781072100,4238.5,4234.2,4237.2
1781072400,4239.8,4230,4232.3
1781072700,4239.2,4232.5,4234.7
1781073000,4236.9,4231.4,4233.7
1781073300,4235.5,4230.8,4232.5
1781073600,4232.7,4228.4,4230.9
1781073900,4233.3,4226.5,4226.8
1781074200,4230.1,4225,4225.8
1781074500,4229.2,4225.2,4227.3
1781074800,4229,4224.3,4226.8
1781075100,4230.9,4225.2,4230.2
1781075400,4231.1,4220.4,4223.5
1781075700,4226,4220.7,4221.7
1781076000,4226.9,4221.2,4222.3
1781076300,4222.2,4216.4,4217.9
1781076600,4220.6,4214.7,4217.9
1781076900,4219,4213.4,4213.8
1781077200,4216.7,4210.4,4212.9
1781077500,4216.4,4212.6,4213.7
1781077800,4213.6,4204.9,4205.7
1781078100,4211.4,4204.9,4209.6
1781078400,4210.9,4184.6,4187.3
1781078700,4194.5,4185.1,4190.7
1781079000,4196,4184,4189.8
1781079300,4201.8,4188.9,4196.5
1781079600,4197.5,4190.9,4194
1781079900,4196.9,4191.8,4194.8
1781080200,4195.1,4189,4191
1781080500,4199.7,4191.1,4195.9
1781080800,4202.2,4192.7,4193.3
1781081100,4197.6,4188.8,4197.1
1781081400,4199.4,4193.8,4194.1
1781081700,4195.6,4190.4,4192
1781082000,4192.5,4188.1,4190.1
1781082300,4194.8,4189.2,4193.3
1781082600,4197,4187.3,4188
1781082900,4197.9,4187,4193.9
1781083200,4193.8,4188.7,4191
1781083500,4194.8,4187,4188.9
1781083800,4200.2,4188.3,4199.7
1781084100,4202.9,4193.7,4195.2
1781084400,4195.6,4190.3,4194
1781084700,4197.6,4188.8,4190.9
1781085000,4191.6,4185.4,4188.9
1781085300,4192.4,4188.1,4191.4
1781085600,4193.9,4189.9,4192
1781085900,4192.3,4178.4,4182.5
1781086200,4185,4178.2,4183.9
1781086500,4187.7,4182.5,4187.2
1781086800,4192.9,4186.4,4189.4
1781087100,4192.3,4185.5,4187.8
1781087400,4191.9,4186.8,4187.8
1781087700,4192,4186.9,4190
1781088000,4194.6,4186.9,4194.6
1781088300,4200.3,4192.7,4200.2
1781088600,4201.7,4193.9,4194.6
1781088900,4200.9,4194.1,4197.5
1781089200,4198.9,4182.4,4184.2
1781089500,4187.8,4175.9,4184
1781089800,4192,4183.7,4191.5
1781090100,4194.6,4187.1,4187.6
1781090400,4193.6,4185.9,4186.6
1781090700,4189.5,4179.2,4188.7
1781091000,4190.9,4183.3,4187.8
1781091300,4188.4,4178.7,4179.1
1781091600,4182.8,4176.7,4177.1
1781091900,4178.6,4174.3,4178.3
1781092200,4186.2,4176,4177.2
1781092500,4178.6,4168.2,4170.3
1781092800,4175.2,4168,4169.6
1781093100,4173.4,4167,4167.3
1781093400,4167.6,4156.9,4158.9
1781093700,4165.6,4158,4159
1781094000,4160.4,4156.2,4157.4
1781094300,4165.2,4153.3,4165.1
1781094600,4197.3,4163.4,4185.9
1781094900,4196.6,4179.2,4184.2
1781095200,4190.2,4178.4,4183.5
1781095500,4192.9,4179.2,4180.7
1781095800,4181.5,4171.7,4174.5
1781096100,4175.6,4164.9,4169.7
1781096400,4179.7,4167.4,4175.9
1781096700,4181.2,4171.3,4177.3
1781097000,4180.6,4171.4,4173.7
1781097300,4174.1,4156.7,4158
1781097600,4169.2,4155.1,4166.7
1781097900,4173.9,4165.9,4171.9
1781098200,4176.6,4165.4,4165.7
1781098500,4191.8,4164.6,4189.2
1781098800,4202.5,4186.2,4202.5
1781099100,4209.2,4196.5,4209
1781099400,4209.5,4198.9,4203.5
1781099700,4207.1,4198.5,4202.8
1781100000,4204.3,4193.7,4194.9
1781100300,4199.8,4193.2,4196.8
1781100600,4203.4,4193.4,4197.6
1781100900,4198.8,4190.4,4191.3
1781101200,4196.1,4185.6,4192.8
1781101500,4194.9,4182.3,4184
1781101800,4186.6,4178.1,4183.4
1781102100,4185.6,4175.5,4180.9
1781102400,4184.5,4172.6,4172.9
1781102700,4174.6,4160.4,4163.7
1781103000,4166,4160.1,4160.7
1781103300,4161,4139.8,4147.4
1781103600,4159.6,4145.4,4151.7
1781103900,4151.9,4144.3,4148.7
1781104200,4149.8,4141.5,4145.8
1781104500,4146.6,4135.5,4138.2
1781104800,4156.6,4137.7,4152.6
1781105100,4160.2,4150.1,4150.5
1781105400,4154.4,4146.5,4151.2
1781105700,4153.8,4145.3,4147.6
1781106000,4153.4,4144.9,4152
1781106300,4154.2,4130.4,4141.1
1781106600,4148.9,4129.6,4143.5
1781106900,4152.6,4138.2,4152.1
1781107200,4154.9,4145.4,4149.8
1781107500,4154.5,4147,4153.4
1781107800,4156.1,4148.2,4152.2
1781108100,4157.1,4150.7,4156
1781108400,4158.8,4151.4,4152.8
1781108700,4155.3,4148.7,4150.6
1781109000,4153,4143.6,4152.2
1781109300,4155.1,4148.7,4150.7
1781109600,4151.1,4142.8,4144.9
1781109900,4145.8,4138.6,4143.1
1781110200,4145.8,4140.5,4143.1
1781110500,4145.3,4139.8,4144.5
1781110800,4158,4144.1,4155.1
1781111100,4155.2,4141.9,4143.1
1781111400,4143.3,4137.4,4140.7
1781111700,4143,4135.9,4136.5
1781112000,4139.2,4132.6,4134.3
1781112300,4138,4131.6,4133.8
1781112600,4135.2,4128.2,4133.9
1781112900,4134.7,4127.3,4128
1781113200,4129.2,4124.8,4125.2
1781113500,4135.9,4123.6,4134.5
1781113800,4136.7,4126.4,4132.8
1781114100,4136.8,4132.3,4134.8
1781114400,4143.7,4134.6,4143.1
1781114700,4143.8,4137.5,4137.6
1781115000,4141,4137.8,4139.2
1781115300,4141.5,4133.2,4135.8
1781115600,4138.4,4134.2,4136.3
1781115900,4138.4,4132.3,4135.5
1781116200,4135.9,4132.1,4132.4
1781116500,4133.3,4129.6,4130.4
1781116800,4133.2,4127.7,4128.3
1781117100,4131.4,4127.3,4127.6
1781117400,4127.9,4120.1,4124.9
1781117700,4127,4122.6,4125
1781118000,4125.8,4119.2,4119.8
1781118300,4122.9,4118.4,4118.6
1781118600,4118.8,4110.5,4112.6
1781118900,4115.7,4111,4113.5
1781119200,4113.9,4106.1,4108.8
1781119500,4109.3,4105,4108
1781119800,4112.5,4107.1,4109.5
1781120100,4110.5,4105.6,4109.6
1781120400,4115.7,4109.4,4115.3
1781120700,4116.2,4109.1,4111.9
1781121000,4115.5,4109.2,4111.1
1781121300,4110.6,4105,4106.3
1781121600,4106.5,4098.1,4100.7
1781121900,4101.3,4092.9,4094.5
1781122200,4097,4092.1,4095
1781122500,4097.8,4094.1,4097.1
1781122800,4100.6,4096,4099.7
1781123100,4103,4098.9,4101.5
1781123400,4101.3,4097.5,4099.2
1781123700,4101.4,4096.7,4099.4
1781124000,4099.7,4094.2,4095.6
1781124300,4096.2,4090.3,4091.1
1781124600,4092.2,4089.8,4092.1
1781124900,4095.5,4091.9,4094.5
1781128800,4095.4,4080.2,4085
1781129100,4085.4,4072.9,4073.3
1781129400,4079.7,4072.1,4078.8
1781129700,4079.6,4065.3,4070.5
1781130000,4070.6,4059,4061.5
1781130300,4068.2,4058.9,4067.8
1781130600,4077.7,4067.7,4073.6
1781130900,4089.8,4073.8,4088.5
1781131200,4092.6,4083.2,4085.6
1781131500,4090,4080.8,4085
1781131800,4087.4,4074.9,4077.1
1781132100,4077.5,4068.1,4069
1781132400,4077.6,4066.9,4072.5
1781132700,4072.8,4061.4,4062.9
1781133000,4065.2,4046,4052.4
1781133300,4064.6,4047.3,4061.6
1781133600,4070.3,4059.4,4065.6
1781133900,4087.6,4064.6,4084
1781134200,4086.5,4078.4,4080.1
1781134500,4086.2,4079.5,4083.1
1781134800,4086.9,4077,4078.8
1781135100,4080.3,4071,4072.4
1781135400,4074.8,4071,4073.5
1781135700,4075.4,4066.6,4069.5
1781136000,4081.7,4062.5,4065.5
1781136300,4072.6,4061.6,4065.1
1781136600,4078.1,4057.9,4074.4
1781136900,4095.3,4071.8,4087.3
1781137200,4092.6,4082.9,4084.1
1781137500,4093.3,4079.3,4089.3
1781137800,4098.9,4083.6,4086.1
1781138100,4090.8,4080.7,4084.8
1781138400,4096.4,4083.8,4084.8
1781138700,4093.8,4085.1,4092.9
1781139000,4097,4090.4,4091.1
1781139300,4100.4,4090.7,4097.2
1781139600,4111.7,4093.3,4100.8
1781139900,4104,4087.5,4099.9
1781140200,4110.7,4099.6,4108.1
1781140500,4121.3,4106.6,4114.8
1781140800,4124,4113.1,4123.4
1781141100,4129.7,4122.1,4125
1781141400,4133.4,4124.3,4131.1
1781141700,4135.5,4129.8,4134.9
1781142000,4138.5,4130.4,4133.7
1781142300,4137.3,4126.6,4131
1781142600,4131.6,4123.2,4124.1
1781142900,4124.4,4118.2,4121.9
1781143200,4123.1,4114.6,4121.4
1781143500,4121.3,4112.5,4115
1781143800,4118.1,4109.4,4109.9
1781144100,4116.1,4107.8,4114.4
1781144400,4114.8,4109.3,4110.6
1781144700,4110.5,4102,4103
1781145000,4105.8,4092,4094
1781145300,4097.2,4085.7,4087.6
1781145600,4088.7,4076.2,4080.5
1781145900,4081.6,4073.3,4076.1
1781146200,4085.3,4076,4084
1781146500,4095,4083,4088.9
1781146800,4097,4088.9,4096.2
1781147100,4099.8,4090.7,4097.6
1781147400,4097.6,4085.4,4086.6
1781147700,4092.5,4086.2,4086.8
1781148000,4086.9,4081.1,4083.7
1781148300,4085.2,4077.9,4084.6
1781148600,4089.1,4083.8,4088.5
1781148900,4092.1,4085.3,4091.5
1781149200,4093.5,4087.4,4088.9
1781149500,4090.4,4086.3,4087.2
1781149800,4097,4086.2,4094.4
1781150100,4096.9,4093.5,4094.4
1781150400,4097.3,4092.9,4093.7
1781150700,4101.3,4091.4,4101.2
1781151000,4104.9,4099.3,4104.2
1781151300,4105.2,4100.4,4103.1
1781151600,4107,4101.5,4102
1781151900,4103.1,4097.3,4099
1781152200,4105,4098.8,4098.8
1781152500,4101.2,4095.8,4100.1
1781152800,4105.9,4099.7,4103.7
1781153100,4107.5,4103.5,4104.7
1781153400,4106.8,4100.5,4105.5
1781153700,4106.6,4102.8,4104
1781154000,4104.5,4096.5,4099
1781154300,4102,4096.4,4100.7
1781154600,4100.9,4097.6,4098.6
1781154900,4102.4,4096.2,4100.5
1781155200,4102.5,4097.3,4098.1
1781155500,4101.1,4093.5,4096.5
1781155800,4117.2,4095.5,4116
1781156100,4117.6,4111.7,4114.9
1781156400,4120.8,4115.1,4120.2
1781156700,4127.4,4117.4,4121.5
1781157000,4122.2,4114.4,4114.9
1781157300,4119.6,4114.3,4115.1
1781157600,4115.8,4105.4,4105.4
1781157900,4106.8,4098.8,4101.8
1781158200,4105.4,4096.7,4105.4
1781158500,4109.3,4102.5,4107.5
1781158800,4112.1,4107.3,4112
1781159100,4113.9,4106.8,4107.4
1781159400,4108.9,4104.6,4105.1
1781159700,4112.2,4103.8,4109.2
1781160000,4113.8,4107.8,4113.7
1781160300,4115.3,4111.9,4112.9
1781160600,4118.5,4112.2,4118.5
1781160900,4118.6,4112.6,4115.6
1781161200,4119,4113.2,4115.9
1781161500,4118.7,4113.9,4114.6
1781161800,4119.3,4111.9,4117.8
1781162100,4127.3,4117.5,4125.9
1781162400,4129.2,4123.6,4128.7
1781162700,4131.2,4127,4128.5
1781163000,4131.4,4126.8,4128
1781163300,4129.8,4122.4,4125.7
1781163600,4130.3,4123.8,4128.2
1781163900,4128.9,4123.8,4123.8
1781164200,4124.9,4119.8,4124
1781164500,4127,4123.6,4125.8
1781164800,4133.1,4124.6,4127.1
1781165100,4133.5,4125.9,4132.9
1781165400,4133.8,4125.6,4126.7
1781165700,4129.3,4123.5,4126.2
1781166000,4126.1,4120.9,4123.7
1781166300,4124.4,4117.8,4118.6
1781166600,4118.8,4114.6,4116.1
1781166900,4120.4,4115.6,4115.9
1781167200,4117.7,4111,4111.3
1781167500,4113.1,4109.5,4110
1781167800,4112.7,4107.4,4107.9
1781168100,4108.7,4105.2,4105.2
1781168400,4108.6,4103.9,4106.4
1781168700,4108.4,4101.8,4101.8
1781169000,4108.4,4101.7,4107
1781169300,4110,4106.1,4107.4
1781169600,4107.6,4104.2,4105.9
1781169900,4105.8,4099.3,4100.3
1781170200,4103.9,4097.7,4101.4
1781170500,4109.7,4101.2,4109.5
1781170800,4112.9,4108.5,4112.8
1781171100,4117.3,4112.1,4114.8
1781171400,4116.8,4110.8,4114.8
1781171700,4115.6,4110.2,4112.3
1781172000,4115.1,4109.9,4112.3
1781172300,4114.9,4111.2,4111.3
1781172600,4113.5,4108.6,4112.8
1781172900,4113.9,4107.4,4107.4
1781173200,4115.6,4107.5,4114.3
1781173500,4114.6,4108.3,4108.4
1781173800,4113.6,4106.9,4113
1781174100,4113.7,4109.4,4111.5
1781174400,4112.8,4110.1,4111
1781174700,4112.2,4108.1,4109.2
1781175000,4113.4,4109,4110.6
1781175300,4112.1,4107.6,4110.2
1781175600,4113.9,4107,4112.2
1781175900,4113.9,4108.2,4111.6
1781176200,4113.6,4106.5,4106.5
1781176500,4110,4104.4,4106.8
1781176800,4108.9,4103.5,4106.6
1781177100,4111.8,4104.7,4110.7
1781177400,4116.8,4108.3,4108.5
1781177700,4109.4,4102.8,4103.8
1781178000,4107.3,4101.7,4105.4
1781178300,4107,4102.9,4105.7
1781178600,4108.3,4104.7,4106.6
1781178900,4108,4100.1,4100.5
1781179200,4107.7,4098.8,4107.1
1781179500,4107.4,4099.8,4100.5
1781179800,4100.3,4092.4,4097
1781180100,4102.9,4095.1,4095.7
1781180400,4098.8,4081.7,4089.7
1781180700,4093.6,4083.3,4089.6
1781181000,4095.2,4077.8,4083.1
1781181300,4087.8,4078.1,4086.9
1781181600,4098,4085.6,4093.5
1781181900,4101.9,4090.2,4098
1781182200,4102.3,4093.4,4101
1781182500,4106.3,4097.7,4102.6
1781182800,4106.6,4098.4,4104.4
1781183100,4107.1,4099.5,4106.8
1781183400,4107,4092.7,4093.7
1781183700,4098.3,4093.7,4093.8
1781184000,4100,4093.5,4096.6
1781184300,4103.1,4092.7,4096.2
1781184600,4102.7,4092.7,4096.3
1781184900,4104,4088.9,4093.3
1781185200,4099.7,4087.9,4097.3
1781185500,4114.7,4094.4,4104.6
1781185800,4113.9,4104.7,4106.1
1781186100,4112.6,4103.1,4104.2
1781186400,4106.8,4096,4098.9
1781186700,4098.7,4081,4083.1
1781187000,4084.3,4073.1,4081.4
1781187300,4087.1,4076.1,4084
1781187600,4103.2,4083.3,4099.9
1781187900,4105.4,4094.1,4095.6
1781188200,4098.5,4091,4093.3
1781188500,4100.7,4091.7,4099.6
1781188800,4104.7,4096.4,4096.4
1781189100,4100.5,4093.3,4099.3
1781189400,4101.7,4094.2,4097.8
1781189700,4100.2,4092,4094.1
1781190000,4097.3,4090.8,4094.3
1781190300,4107.4,4092.6,4101.9
1781190600,4109.3,4100,4101.4
1781190900,4107.7,4100.6,4102.9
1781191200,4110.5,4097.5,4100.2
1781191500,4106.4,4095.9,4102.8
1781191800,4104.1,4098.4,4100.7
1781192100,4108.2,4099.9,4107.3
1781192400,4111.9,4107.3,4109.6
1781192700,4113.1,4108.7,4111
1781193000,4116.8,4109.3,4111.8
1781193300,4111.7,4106.7,4110.1
1781193600,4114.8,4107.9,4108.6
1781193900,4115.1,4107.7,4113.7
1781194200,4124.7,4112.4,4124.1
1781194500,4128.9,4117.4,4118
1781194800,4119.5,4108.5,4109
1781195100,4110.1,4100.5,4100.6
1781195400,4109.3,4099.5,4105.7
1781195700,4107.6,4101.9,4103.9
1781196000,4106.5,4102.2,4103.3
1781196300,4105.5,4101.3,4102.5
1781196600,4103.7,4099,4100.9
1781196900,4103.5,4100.3,4101.3
1781197200,4102.3,4092.8,4095.6
1781197500,4099,4095.3,4097.7
1781197800,4100.1,4093.4,4097.2
1781198100,4099.9,4095.2,4099.2
1781198400,4102.3,4096.9,4101.6
1781198700,4123.2,4099.2,4122.4
1781199000,4171.2,4122.4,4170
1781199300,4176.2,4158.9,4171.4
1781199600,4191.9,4168.6,4188
1781199900,4188.3,4174.6,4175.9
1781200200,4182.9,4167.9,4174.8
1781200500,4178.5,4167.4,4173.1
1781200800,4176.8,4157,4159.2
1781201100,4162.9,4152,4156.3
1781201400,4167.8,4156.1,4167.6
1781201700,4184.1,4165.6,4182.2
1781202000,4183.7,4171.5,4176.9
1781202300,4178,4171.6,4173.7
1781202600,4179.3,4170,4175.4
1781202900,4180,4173.7,4177.7
1781203200,4187.6,4175.9,4186.2
1781203500,4193.4,4185.2,4189.6
1781203800,4191.4,4185.6,4186
1781204100,4187,4181.8,4183.1
1781204400,4195.8,4183.6,4195.5
1781204700,4197.4,4190.6,4195.7
1781205000,4211,4194.6,4209.7
1781205300,4219.8,4207.4,4217
1781205600,4219.7,4210,4213.2
1781205900,4220,4210.5,4217.1
1781206200,4236.4,4217,4236.2
1781206500,4241.3,4229.2,4229.3
1781206800,4238.7,4229.3,4231.3
1781207100,4236.3,4230.7,4230.8
1781207400,4236.5,4229.7,4236.3
1781207700,4236.2,4228.3,4229.9
1781208000,4237.3,4229.2,4229.3
1781208300,4237.8,4229.2,4236.2
1781208600,4240.3,4233.2,4235.2
1781208900,4236.4,4233.4,4234.6
1781209200,4237.4,4234,4236.9
1781209500,4237.1,4232.9,4235
1781209800,4237.4,4233.2,4234.6
1781210100,4236.9,4231.2,4232
1781210400,4233.5,4230.5,4230.5
1781210700,4232.8,4229.8,4232.3
1781211000,4233.9,4231,4232.9
1781211300,4233.9,4231.5,4233.8
1781215200,4242.4,4225,4230
1781215500,4232.2,4227.6,4230.1
1781215800,4231.8,4227.7,4230.4
1781216100,4231.8,4227.8,4229
1781216400,4232.7,4226.3,4227.1
1781216700,4236.9,4226.8,4235.8
1781217000,4237.5,4232.2,4235.3
1781217300,4236.5,4233,4236.5
1781217600,4249.1,4236,4246.8
1781217900,4257.3,4246.2,4252.8
1781218200,4256.7,4245.1,4256.4
1781218500,4267.7,4254,4264
1781218800,4267,4245.2,4247.6
1781219100,4250.9,4243.8,4246.2
1781219400,4248.9,4240.5,4244.1
1781219700,4247.2,4241.6,4243.1
1781220000,4243.8,4236,4236.5
1781220300,4238.7,4234.5,4236.9
1781220600,4244.2,4234.5,4237.4
1781220900,4241.7,4235,4237
1781221200,4241.4,4235.1,4240.1
1781221500,4245.5,4237.8,4240.1
1781221800,4244,4235.5,4236.9
1781222100,4242.9,4236.7,4240.8
1781222400,4243.4,4233.2,4239.2
1781222700,4247.1,4236.3,4237.9
1781223000,4239.6,4236.1,4237.7
1781223300,4237.9,4227.9,4237.4
1781223600,4245.5,4235.7,4245.1
1781223900,4251.6,4241.1,4241.3
1781224200,4249.8,4240.6,4242.7
1781224500,4245.2,4235.4,4236
1781224800,4236,4223.4,4224.9
1781225100,4229.3,4221.8,4223
1781225400,4226.7,4221.5,4221.7
1781225700,4229.7,4221.3,4229.5
1781226000,4232.4,4204.6,4205.8
1781226300,4214.9,4203.9,4214.6
1781226600,4214.6,4206.1,4208.3
1781226900,4215.4,4206.9,4210.4
1781227200,4213.5,4208.9,4210.5
1781227500,4211.1,4200.4,4202.5
1781227800,4208.4,4198.3,4201.5
1781228100,4202.2,4192.7,4200.6
1781228400,4205.6,4198.4,4201.3
1781228700,4213.1,4201,4212.9
1781229000,4213,4207.6,4208
1781229300,4211.8,4205.6,4208.7
1781229600,4216.3,4205.2,4213
1781229900,4219.7,4211.9,4219
1781230200,4222,4215.4,4215.8
1781230500,4216.1,4212.2,4214.3
1781230800,4215.4,4211.5,4212.6
1781231100,4213.2,4208.2,4209.9
1781231400,4211,4204.1,4204.7
1781231700,4215.2,4204.4,4210.8
1781232000,4212.2,4206.2,4208.4
1781232300,4213,4205.4,4212.5
1781232600,4214.3,4209.3,4210.6
1781232900,4216,4209.3,4213.4
1781233200,4218.1,4211.4,4213.9
1781233500,4217.2,4212.3,4213.7
1781233800,4217.9,4212.9,4215.9
1781234100,4223.3,4215.5,4218
1781234400,4221.3,4214.9,4219.4
1781234700,4225.4,4218.4,4225.4
1781235000,4226.4,4221.1,4225.5
1781235300,4226.7,4222.3,4224
1781235600,4226.8,4220.7,4221.2
1781235900,4221.3,4217,4218.9
1781236200,4222.8,4217.9,4222
1781236500,4223.2,4218.4,4218.7
1781236800,4222.9,4214.3,4218.9
1781237100,4219.1,4213.6,4217.7
1781237400,4218.2,4213.9,4216.6
1781237700,4217.3,4212.1,4213.5
1781238000,4215.5,4212.1,4215
1781238300,4216.1,4213.1,4214.3
1781238600,4218.9,4213.5,4217.4
1781238900,4220.1,4215.4,4217.3
1781239200,4219,4214.6,4215.1
1781239500,4216,4211.3,4212
1781239800,4214.6,4211.6,4214.1
1781240100,4215,4211.3,4211.5
1781240400,4214.6,4208.9,4209.4
1781240700,4212.1,4206.8,4207.1
1781241000,4211.5,4203.6,4210.3
1781241300,4211.2,4206.5,4207.3
1781241600,4210.8,4207.8,4208.7
1781241900,4211.3,4207.5,4208.8
1781242200,4209.4,4198.6,4201.8
1781242500,4201,4193.8,4196.4
1781242800,4202.6,4195.8,4201.8
1781243100,4202.3,4197.5,4201.2
1781243400,4201.5,4194.3,4196.7
1781243700,4198.5,4192.2,4194.6
1781244000,4204.7,4194.5,4202.8
1781244300,4205.8,4200,4203.3
1781244600,4207.2,4203,4204.6
1781244900,4204.7,4201.3,4202.1
1781245200,4204.3,4200.3,4201.8
1781245500,4204,4201,4203.6
1781245800,4204.1,4196.8,4199
1781246100,4203.1,4197.3,4199.4
1781246400,4200.1,4193.7,4198.1
1781246700,4199.2,4195.3,4197.6
1781247000,4202.2,4197.4,4199.9
1781247300,4206.2,4198.4,4205.3
1781247600,4206.4,4197.2,4199.5
1781247900,4203.3,4198.9,4201.9
1781248200,4204.4,4198.9,4199.5
1781248500,4200.1,4195.2,4198.2
1781248800,4200.3,4196.5,4199.4
1781249100,4201.3,4194.9,4195.5
1781249400,4197.1,4190.7,4195
1781249700,4200.8,4195.2,4199.8
1781250000,4205.9,4199.7,4204.2
1781250300,4204.9,4195.8,4196.2
1781250600,4199.6,4194.9,4197.1
1781250900,4215.4,4196.7,4215.4
1781251200,4224.4,4213,4219.1
1781251500,4225.2,4216.3,4223.2
1781251800,4226.4,4222.7,4225
1781252100,4241.8,4220.7,4239.6
1781252400,4242.3,4233.8,4239.7
1781252700,4240.6,4232.5,4234.4
1781253000,4241.7,4234.3,4239.7
1781253300,4244.6,4236.9,4242.5
1781253600,4242.5,4233.3,4239.9
1781253900,4241.8,4236.1,4239.8
1781254200,4243.9,4237.4,4243.3
1781254500,4247.6,4241.1,4241.4
1781254800,4244.3,4239.4,4243
1781255100,4245.8,4241,4244.8
1781255400,4247,4243.5,4245.8
1781255700,4248.8,4242.6,4245.1
1781256000,4247.3,4240.3,4243.6
1781256300,4247.2,4240.6,4242.2
1781256600,4247.6,4240.1,4247.3
1781256900,4249.5,4242.8,4244.5
1781257200,4249.5,4244.3,4247
1781257500,4249.6,4245,4245.4
1781257800,4246,4242.5,4244.8
1781258100,4246.7,4242.5,4242.9
1781258400,4245.8,4239.7,4243.1
1781258700,4246.9,4241.3,4246
1781259000,4246.1,4241.3,4242.5
1781259300,4243.3,4236,4238.8
1781259600,4239.1,4231.4,4234.4
1781259900,4235.3,4223.7,4227.7
1781260200,4239.9,4227.4,4235.6
1781260500,4237.5,4235.2,4236.5
1781260800,4238.4,4235.5,4236.2
1781261100,4239.8,4235.3,4236.7
1781261400,4237.2,4233.3,4234.5
1781261700,4236.5,4230.3,4232
1781262000,4233.2,4226.6,4227.3
1781262300,4230.1,4226,4228.3
1781262600,4229.3,4226.2,4228.4
1781262900,4229.1,4224.8,4227
1781263200,4231,4226.5,4230.7
1781263500,4231.3,4222.9,4223.5
1781263800,4223.6,4218.2,4220.4
1781264100,4224,4220.3,4223.2
1781264400,4231.9,4222.6,4230.6
1781264700,4232.8,4229.6,4231
1781265000,4236.4,4229.3,4236
1781265300,4235.8,4227.4,4227.9
1781265600,4229.3,4223.5,4227
1781265900,4230.5,4226.3,4228.8
1781266200,4235.2,4228.8,4235.2
1781266500,4236.5,4232.5,4232.6
1781266800,4233.2,4222.9,4224.2
1781267100,4224.6,4221.2,4221.7
1781267400,4222.6,4217.9,4220.8
1781267700,4221.8,4212.8,4213.8
1781268000,4221.6,4211.7,4217.5
1781268300,4219.3,4214.3,4217.7
1781268600,4221.4,4214,4214.1
1781268900,4215.4,4209.2,4212.3
1781269200,4218.9,4207.2,4218
1781269500,4222.1,4214.3,4220.9
1781269800,4221.6,4214.5,4218.9
1781270100,4224,4218,4223.2
1781270400,4227.6,4222.7,4224.7
1781270700,4226.4,4222.3,4223.9
1781271000,4226.5,4217.7,4219.9
1781271300,4231.2,4219.6,4228.2
1781271600,4228.6,4203,4211.2
1781271900,4214.6,4204.1,4211.5
1781272200,4214.4,4207.2,4210
1781272500,4213.1,4203.3,4206.1
1781272800,4219.1,4205.7,4215.4
1781273100,4219.8,4205.4,4218.9
1781273400,4219,4210.3,4214.1
1781273700,4220.4,4210.7,4210.7
1781274000,4212.8,4202.6,4207.8
1781274300,4214.8,4207.3,4209
1781274600,4210.3,4201.1,4207.2
1781274900,4213.4,4206.5,4212.9
1781275200,4214,4201.2,4205.1
1781275500,4205.4,4196.9,4203.4
1781275800,4228.8,4199.7,4228.3
1781276100,4229.5,4221.9,4224.8
1781276400,4230.2,4220.8,4223.9
1781276700,4232,4223.8,4229.4
1781277000,4236.1,4229.1,4234.6
1781277300,4240.2,4233.4,4235.7
1781277600,4251.6,4233.7,4248.8
1781277900,4256.7,4244.3,4246.7
1781278200,4249.3,4239.4,4240.3
1781278500,4247.6,4236,4239.7
1781278800,4240.1,4230.6,4232.1
1781279100,4236,4227.3,4228.5
1781279400,4237,4228.1,4235.9
1781279700,4239.3,4231.5,4232.3
1781280000,4234.4,4228,4230
1781280300,4235.2,4228.7,4233.7
1781280600,4246.1,4231.9,4242.3
1781280900,4254,4241.7,4244.7
1781281200,4246.3,4239,4239.1
1781281500,4241.7,4236.4,4237.9
1781281800,4239.6,4236.7,4238.8
1781282100,4239.2,4232.4,4237.8
1781282400,4241.1,4233.6,4233.9
1781282700,4235.6,4232.1,4234.1
1781283000,4237.8,4232.4,4235.9
1781283300,4238.7,4234,4236.5
1781283600,4241.7,4236.4,4241.3
1781283900,4247.3,4239.6,4241.4
1781284200,4242.4,4235.3,4239
1781284500,4239.2,4234.3,4238.2
1781284800,4244.4,4238.2,4241.3
1781285100,4241.8,4236.9,4239.1
1781285400,4240.8,4234.1,4240.5
1781285700,4241.6,4238,4238.8
1781286000,4243.9,4237.6,4242.9
1781286300,4245.3,4242.2,4243.6
1781286600,4244.8,4242.9,4244
1781286900,4244,4239.9,4241.7
1781287200,4243.2,4240,4240.1
1781287500,4242,4238.7,4241.4
1781287800,4249.3,4240.7,4247.5
1781288100,4250.6,4245.7,4249.9
1781288400,4256.2,4249.5,4249.8
1781288700,4250.1,4245.4,4247.4
1781289000,4249.4,4245.1,4248.1
1781289300,4248.2,4246,4247
1781289600,4250.9,4246.8,4250
1781289900,4250,4243.2,4243.6
1781290200,4244.1,4241.3,4242.7
1781290500,4243.2,4234.9,4236.3
1781290800,4239.6,4234.9,4238.9
1781291100,4241,4236.6,4238.7
1781291400,4240.2,4237.5,4239.1
1781291700,4238.6,4234.7,4236.2
1781292000,4236.5,4231.4,4231.7
1781292300,4233.2,4229.1,4229.9
1781292600,4231.7,4225.3,4225.6
1781292900,4230.1,4223,4226.8
1781293200,4228.9,4225.9,4226.4
1781293500,4229.4,4225,4228.5
1781293800,4229.7,4227.1,4228.3
1781294100,4232.4,4226.6,4231.8
1781294400,4233.1,4230.6,4232.2
1781294700,4233.5,4230.8,4232.1
1781295000,4235,4232,4234
1781295300,4235.7,4233.5,4235.7
1781295600,4238.3,4235.4,4235.4
1781295900,4236.4,4234.7,4235.6
1781296200,4235.9,4233.9,4235
1781296500,4235.8,4233.7,4235.3
1781296800,4235.2,4234.2,4235
1781297100,4236.7,4233.7,4236.3
1781297400,4239,4236.5,4238.1
1781297700,4240.7,4237.5,4240.3
1781474400,4323.9,4283.1,4321.4
1781474700,4329.4,4314,4326.3
1781475000,4326.1,4315.4,4320.6
1781475300,4326.5,4317.4,4326
1781475600,4327,4318.3,4318.7
1781475900,4318.6,4303.8,4306.8
1781476200,4307.5,4299.7,4304.5
1781476500,4306.7,4301.4,4305.2
1781476800,4308.9,4304.2,4305.3
1781477100,4312,4304.9,4311.5
1781477400,4312.1,4308.2,4311.5
1781477700,4312,4305,4306
1781478000,4308.3,4302.5,4305
1781478300,4308.8,4302.3,4303.4
1781478600,4305.3,4302.5,4303.1
1781478900,4303.6,4301.3,4302.5
1781479200,4304.1,4301.2,4303.5
1781479500,4305.1,4302.6,4303.5
1781479800,4306.5,4301.7,4304.4
1781480100,4306.6,4303.6,4305.9
1781480400,4305.9,4302.4,4305.6
1781480700,4314.5,4304.4,4314
1781481000,4315.3,4311.7,4313.5
1781481300,4315.6,4312.5,4314.4
1781481600,4316.4,4313.6,4314.9
1781481900,4316.9,4313.8,4316.8
1781482200,4321.5,4316.4,4320.2
1781482500,4324.4,4319.8,4324.4
1781482800,4328.1,4321.4,4326.4
1781483100,4328.5,4320.4,4320.8
1781483400,4326.3,4315.9,4323.5
1781483700,4325.6,4318,4319.9
1781484000,4321.1,4316.7,4318.7
1781484300,4320.9,4316.9,4317.4
1781484600,4317.9,4313.3,4316.6
1781484900,4317.3,4312.4,4313.3
1781485200,4321.5,4306.2,4312.7
1781485500,4317.5,4308.8,4310.4
1781485800,4318.3,4310.3,4317.2
1781486100,4317.5,4310.4,4314.3
1781486400,4327.7,4314.2,4323.4
1781486700,4325.9,4317.9,4324.7
1781487000,4336.6,4322.4,4333.5
1781487300,4337.8,4329.3,4336.7
1781487600,4340.8,4335.9,4339.1
1781487900,4339.1,4334.2,4338.8
1781488200,4340.3,4336,4337.4
1781488500,4340.3,4336.5,4337.8
1781488800,4345.4,4337.2,4343.5
1781489100,4346,4342.5,4342.7
1781489400,4347.9,4341.1,4347.6
1781489700,4350,4345.2,4346.5
1781490000,4352.6,4346.6,4350.7
1781490300,4352.2,4348,4349.4
1781490600,4353.6,4349,4350.9
1781490900,4355.6,4349.7,4354.1
1781491200,4354.3,4349.4,4351.4
1781491500,4356.2,4350.7,4355.6
1781491800,4356.9,4349,4351.4
1781492100,4352.3,4349.4,4350.8
1781492400,4352.6,4346.7,4347.7
1781492700,4349.9,4343.1,4344.9
1781493000,4347.2,4343.7,4346.5
1781493300,4350.7,4345.7,4348.3
1781493600,4348.5,4345.2,4346.6
1781493900,4346.7,4342.5,4345.1
1781494200,4348.2,4344.4,4347.3
1781494500,4348.6,4345.7,4345.9
1781494800,4345.8,4342.2,4344.4
1781495100,4348.4,4344,4347
1781495400,4347.7,4345.9,4346.5
1781495700,4347.1,4344.6,4345.9
1781496000,4348.5,4343.6,4344.2
1781496300,4347.2,4344,4345.2
1781496600,4347.5,4345.3,4347.4
1781496900,4348.4,4343.9,4345.3
1781497200,4346.4,4341.8,4343.8
1781497500,4348.9,4343.8,4348.2
1781497800,4350.4,4346.5,4349.7
1781498100,4351.8,4348.2,4349
1781498400,4349.9,4347.7,4348.8
1781498700,4350.4,4348.9,4349.2
1781499000,4349.5,4347.7,4348.4
1781499300,4349.8,4347.5,4349.6
1781499600,4351.4,4348.3,4349.2
1781499900,4350.5,4345,4349.9
1781500200,4352.4,4349.5,4349.9
1781500500,4351,4347,4349.1
1781500800,4354,4349.2,4351.9
1781501100,4353.1,4349.7,4350.9
1781501400,4353.8,4345.9,4348.4
1781501700,4349.3,4340.6,4342
1781502000,4342.1,4333.9,4333.9
1781502300,4337.5,4330.8,4335.4
1781502600,4335.9,4329.3,4331.4
1781502900,4333.1,4328.5,4331.3
1781503200,4334.1,4330.7,4333.3
1781503500,4334.6,4323.8,4326.1
1781503800,4330,4323.6,4329.7
1781504100,4330.5,4324.7,4325.6
1781504400,4329.3,4324,4328.1
1781504700,4330.6,4324.6,4325.9
1781505000,4328.1,4323.8,4327.3
1781505300,4328,4323.4,4323.9
1781505600,4327.8,4321.7,4327.4
1781505900,4328.8,4325.2,4328.5
1781506200,4329.2,4326,4328.5
1781506500,4330.9,4328,4328.9
1781506800,4331.7,4326.1,4331.2
1781507100,4334.1,4328.8,4333.4
1781507400,4335.6,4331,4334.5
1781507700,4336.3,4334.1,4335.2
1781508000,4339.9,4334,4337.2
1781508300,4339.2,4336.5,4337.6
1781508600,4338.3,4333.3,4335
1781508900,4337.3,4332.6,4336.9
1781509200,4338.3,4335.3,4337.6
1781509500,4338.7,4333.7,4334.7
1781509800,4344.3,4334.2,4344.3
1781510100,4346.3,4341.2,4343.8
1781510400,4350,4342.5,4348.9
1781510700,4350.1,4346.5,4349.6
1781511000,4350.4,4344.7,4349.6
1781511300,4351.8,4348,4350.2
1781511600,4352.3,4348.9,4349.2
1781511900,4353.2,4347.6,4349
1781512200,4364.4,4348.4,4364.2
1781512500,4366.3,4361.8,4363.7
1781512800,4365.9,4361.4,4362
1781513100,4364,4358.5,4358.8
1781513400,4360.4,4355.7,4360.1
1781513700,4360.1,4354.8,4354.9
1781514000,4362.6,4355.1,4362.3
1781514300,4364.2,4360.3,4361.3
1781514600,4362,4358.2,4361
1781514900,4363.5,4358.5,4360.4
1781515200,4364.4,4359.3,4361.6
1781515500,4362,4357.3,4359.8
1781515800,4359.8,4355.4,4356.7
1781516100,4361.9,4356.1,4360.6
1781516400,4361.1,4356,4356.3
1781516700,4361.4,4355.6,4360.7
1781517000,4362.1,4360.3,4360.7
1781517300,4361.7,4357.6,4357.7
1781517600,4358.6,4356.8,4357
1781517900,4361.5,4356.8,4359.3
1781518200,4359.3,4357.4,4358.9
1781518500,4360.3,4358.7,4359.8
1781518800,4359.9,4356.9,4359.4
1781519100,4360.6,4358.7,4359.5
1781519400,4361.5,4358.3,4360.1
1781519700,4361.3,4357.6,4357.7
1781520000,4359.6,4356.2,4358.7
1781520300,4362.9,4358.7,4361.5
1781520600,4362.1,4357.5,4358.4
1781520900,4359.9,4358,4359.2
1781521200,4360.1,4356.6,4358.3
1781521500,4360.3,4358.5,4359.6
1781521800,4361,4357.8,4359.2
1781522100,4360.7,4357.9,4360.3
1781522400,4361.5,4356.9,4358.9
1781522700,4362.4,4357.2,4362.1
1781523000,4368,4362.3,4367.3
1781523300,4368.4,4362.3,4367.9
1781523600,4368.9,4359,4359.5
1781523900,4359.5,4352.8,4354.8
1781524200,4358,4354.8,4356.9
1781524500,4357.4,4354.9,4356.3
1781524800,4360,4355,4358.7
1781525100,4359.4,4355.5,4355.8
1781525400,4359.6,4351.5,4352.1
1781525700,4354.3,4345.4,4347.9
1781526000,4356.1,4345.6,4354
1781526300,4359.2,4354.1,4358.5
1781526600,4364.8,4355.9,4363.6
1781526900,4367.9,4361.2,4365.2
1781527200,4367.8,4364.3,4366.4
1781527500,4368.3,4364.3,4366.9
1781527800,4370.9,4365.1,4365.6
1781528100,4371,4365.3,4370.6
1781528400,4370.5,4363.6,4364.4
1781528700,4368.6,4362.7,4366.4
1781529000,4372.2,4366.7,4371.2
1781529300,4375.4,4370.6,4374.7
1781529600,4377.2,4373.1,4375.3
1781529900,4377.8,4374.1,4374.7
1781530200,4386.5,4373.4,4384.3
1781530500,4388.5,4381,4384.9
1781530800,4390.9,4382,4385.2
1781531100,4386.5,4381.1,4383.5
1781531400,4384.7,4378,4379.2
1781531700,4383.7,4375.5,4376.7
1781532000,4382.4,4375.1,4380.7
1781532300,4391.7,4379.5,4387.6
1781532600,4387.8,4376,4379.2
1781532900,4384.8,4378.4,4383.1
1781533200,4383.6,4375.6,4379.2
1781533500,4386.1,4379,4385.4
1781533800,4387.2,4378.2,4378.9
1781534100,4381.8,4375.4,4379.1
1781534400,4380.6,4376.2,4378.8
1781534700,4384.6,4376.9,4383.5
1781535000,4385.4,4380.6,4383.3
1781535300,4383.9,4378.1,4378.6
1781535600,4378.9,4373,4376.6
1781535900,4381.1,4374.8,4376.1
1781536200,4376,4371.1,4372.8
1781536500,4377.9,4372,4373
1781536800,4379.4,4371.7,4378.2
1781537100,4380.3,4375,4376
1781537400,4376.6,4370.7,4374.5
1781537700,4377.4,4373.8,4376.4
1781538000,4381.9,4375.4,4379.3
1781538300,4382.8,4378.6,4378.6
1781538600,4379.5,4376.5,4378.2
1781538900,4380.6,4377.3,4377.7
1781539200,4378.7,4376,4378.6
1781539500,4380.3,4373.5,4373.7
1781539800,4374.2,4369.9,4373.1
1781540100,4374.1,4365.1,4367.3
1781540400,4368.2,4361.4,4361.5
1781540700,4366.1,4360.3,4364.4
1781541000,4364.5,4359.6,4362.1
1781541300,4363,4359,4360.3
1781541600,4362.4,4357.4,4357.7
1781541900,4359.9,4357,4357.9
1781542200,4360.3,4355.7,4359.1
1781542500,4361.3,4357.2,4360.6
1781542800,4360.7,4354.6,4355.3
1781543100,4356.8,4352.4,4353.6
1781543400,4356.4,4352.1,4355.2
1781543700,4356.4,4351.7,4352.1
1781544000,4353,4350.4,4352.3
1781544300,4355.4,4350.7,4351.2
1781544600,4351.3,4347.2,4347.2
1781544900,4349.1,4343.2,4345.8
1781545200,4346.5,4342.3,4343.4
1781545500,4347,4342.4,4344.2
1781545800,4345.2,4341.6,4343
1781546100,4346.7,4342,4346.1
1781546400,4346.4,4338.9,4341.8
1781546700,4343.5,4339.9,4342.2
1781547000,4346,4341.9,4345.6
1781547300,4347.6,4344.1,4346.4
1781547600,4349.7,4346.3,4348.2
1781547900,4349.4,4345.3,4346.1
1781548200,4346.7,4343.2,4344.6
1781548500,4347.3,4343.5,4346.4
1781548800,4347.7,4345.6,4346
1781549100,4346.9,4345.6,4346.6
1781549400,4349.2,4346.5,4347.5
1781549700,4348.3,4346.6,4347.2
1781550000,4348.4,4343.3,4343.7
1781550300,4345.2,4342.6,4344.2
1781550600,4344.8,4341.6,4344.1
1781550900,4346.3,4344,4345.9
1781551200,4346.5,4342.5,4345.2
1781551500,4345.6,4342.5,4343
1781551800,4345.3,4343.1,4344.2
1781552100,4344.5,4340.7,4342.5
1781552400,4342.9,4340,4341
1781552700,4342.1,4339.5,4340.3
1781553000,4342.5,4338.4,4341.9
1781553300,4343.2,4340.6,4342.3
1781553600,4343.9,4341,4341.1
1781553900,4342.4,4340.5,4340.8
1781554200,4341,4337,4337.9
1781554500,4340.3,4335.9,4339.4
1781554800,4339.3,4333.4,4334.6
1781555100,4336.2,4332.5,4334.7
1781555400,4335.5,4332.8,4333.1
1781555700,4334.5,4331.9,4333.9
1781556000,4334.4,4330,4331.5
1781556300,4332.6,4330.5,4331.5
1781556600,4332.6,4328.4,4329.9
1781556900,4331.6,4328.4,4331.3
1781560800,4335,4329.3,4334.6
1781561100,4336.9,4333.4,4334.6
1781561400,4335.4,4329.7,4331.2
1781561700,4333,4327.4,4332.1
1781562000,4334.6,4328.7,4328.7
1781562300,4331.3,4326.7,4329.9
1781562600,4332.9,4327.9,4331.1
1781562900,4332.6,4330.9,4332.4
1781563200,4335.8,4332.1,4333.3
1781563500,4333.9,4331.3,4331.8
1781563800,4335.7,4331.6,4334.8
1781564100,4335.6,4332.6,4333.2
1781564400,4338.1,4332.7,4336.7
1781564700,4337.8,4335,4335.2
1781565000,4337.4,4334.3,4334.6
1781565300,4336.4,4332.2,4334.1
1781565600,4336.1,4334,4335
1781565900,4337.3,4335.5,4337.1
1781566200,4338,4336.1,4337.6
1781566500,4341.3,4335.9,4336.8
1781566800,4340,4334.6,4339.8
1781567100,4340.2,4334.5,4338.9
1781567400,4340.6,4338,4340.1
1781567700,4340.7,4336.1,4336.9
1781568000,4339.8,4334.1,4336.9
1781568300,4338.8,4336.3,4338
1781568600,4338.8,4334.6,4334.8
1781568900,4337,4331.2,4332.7
1781569200,4333.5,4328.1,4330
1781569500,4331.3,4327.7,4329.3
1781569800,4332.6,4328.6,4331.5
1781570100,4334.6,4330.3,4332.6
1781570400,4333,4330.6,4332
1781570700,4334,4331.4,4333.1
1781571000,4335.3,4332.4,4334.2
1781571300,4343,4334.5,4340.1
1781571600,4346.9,4337.6,4342.8
1781571900,4343.1,4336,4339.6
1781572200,4343.8,4338.9,4340.6
1781572500,4342.6,4339.3,4339.8
1781572800,4342.8,4336.8,4339.9
1781573100,4344.9,4338.4,4340.1
1781573400,4341.2,4335,4336.4
1781573700,4340,4334,4338.2
1781574000,4339.3,4333.7,4335.6
1781574300,4340.1,4334.5,4338.3
1781574600,4338.3,4332.6,4334.9
1781574900,4334.8,4332.6,4334.4
1781575200,4335,4330.7,4330.8
1781575500,4333.3,4327.8,4332
1781575800,4332.6,4329.6,4330.3
1781576100,4332.4,4328.9,4331.3
1781576400,4332.6,4330.7,4330.8
1781576700,4333.7,4331,4333.5
1781577000,4339.2,4333.3,4338.7
1781577300,4339,4333.8,4334.6
1781577600,4334.4,4330.1,4332.9
1781577900,4334.6,4332,4332.9
1781578200,4338.2,4332.7,4337.1
1781578500,4341.6,4335.6,4339.6
1781578800,4340.8,4338,4339.5
1781579100,4341.4,4338,4338.3
1781579400,4342,4338.4,4339.3
1781579700,4340.8,4336.2,4338.7
1781580000,4340.5,4336.9,4340.3
1781580300,4343.5,4340.2,4342
1781580600,4346.2,4340.6,4346.1
1781580900,4348.8,4345.3,4348.2
1781581200,4354,4347.7,4352.9
1781581500,4354.1,4350.9,4352.1
1781581800,4353.1,4349.8,4352.8
1781582100,4354.8,4350.9,4351.6
1781582400,4353.1,4350.2,4350.4
1781582700,4351.7,4349,4349.1
1781583000,4349.4,4346.3,4348
1781583300,4348.6,4345.3,4347
1781583600,4348,4345.3,4345.6
1781583900,4345.7,4342.9,4343.7
1781584200,4345.6,4342.7,4344.4
1781584500,4346.1,4343.5,4344.9
1781584800,4346.5,4344,4344.2
1781585100,4344.9,4342.7,4344.4
1781585400,4344.7,4342.1,4342.6
1781585700,4344.6,4342.6,4343.1
1781586000,4347.3,4342.8,4346.4
1781586300,4350.3,4345.2,4349.4
1781586600,4350.3,4347.1,4347.5
1781586900,4349.1,4347.1,4347.9
1781587200,4348.3,4345.9,4346.6
1781587500,4348.4,4345.5,4348.2
1781587800,4351.8,4340.8,4342.3
1781588100,4345.3,4337.4,4337.5
1781588400,4339.7,4336.7,4338.7
1781588700,4340.7,4337.2,4339
1781589000,4342.2,4339.2,4340.7
1781589300,4341.9,4335.4,4337.1
1781589600,4339.3,4334.2,4338.4
1781589900,4339.5,4335.9,4338.2
1781590200,4340.9,4337.2,4340
1781590500,4339.8,4336.5,4338.6
1781590800,4339.7,4335.5,4336.4
1781591100,4339.5,4335.8,4337.8
1781591400,4340.8,4335.4,4339.4
1781591700,4341.5,4338.1,4338.4
1781592000,4339.3,4336.6,4337.4
1781592300,4340.3,4337.2,4339.3
1781592600,4341.6,4338.2,4340.3
1781592900,4345.5,4340.2,4345
1781593200,4348,4343.6,4347.9
1781593500,4349.7,4346.7,4347.9
1781593800,4349.6,4346.3,4347.1
1781594100,4349.1,4346.7,4349.1
1781594400,4349.1,4345.2,4346
1781594700,4350.9,4345.4,4350.2
1781595000,4354.6,4349.3,4350
1781595300,4351.8,4347.2,4351.7
1781595600,4352.8,4348.6,4348.7
1781595900,4351.2,4347.8,4349.2
1781596200,4354.8,4349.3,4353
1781596500,4357.1,4353,4356.6
1781596800,4357.1,4354.1,4356.1
1781597100,4360.6,4355.4,4360.6
1781597400,4361.8,4358.2,4359.4
1781597700,4363.4,4359.2,4360.5
1781598000,4362,4359,4359.3
1781598300,4365.3,4359.6,4362.8
1781598600,4365,4361,4363
1781598900,4365,4360.6,4362.2
1781599200,4367,4361.4,4364.9
1781599500,4365.6,4363.3,4364.1
1781599800,4366.7,4362.3,4365.5
1781600100,4369.5,4365.4,4368.3
1781600400,4369.2,4365.6,4366.4
1781600700,4369.8,4365.4,4368.7
1781601000,4369.2,4366.6,4367.4
1781601300,4367.8,4363.6,4364.1
1781601600,4364.2,4361.2,4362.3
1781601900,4362.5,4359.3,4361
1781602200,4366,4360.7,4365.9
1781602500,4367.4,4365,4367
1781602800,4367.3,4362.6,4363.1
1781603100,4365,4361.2,4365
1781603400,4369.2,4365,4368.9
1781603700,4369.1,4365.8,4365.9
1781604000,4366.2,4363.9,4364.6
1781604300,4366.7,4364.6,4366.7
1781604600,4367.5,4365,4367
1781604900,4367.5,4365.3,4365.4
1781605200,4367.3,4364.4,4367.1
1781605500,4367.8,4365.3,4365.5
1781605800,4366.3,4363.3,4363.9
1781606100,4366.7,4363.1,4365.9
1781606400,4367.9,4365.3,4367.7
1781606700,4368.9,4367.5,4367.7
1781607000,4370.2,4367.6,4368.3
1781607300,4369.9,4367.5,4369.7
1781607600,4370.7,4365.1,4365.2
1781607900,4366.2,4360.7,4361.3
1781608200,4363.2,4360.2,4362.6
1781608500,4362.9,4359,4361.6
1781608800,4361.7,4359.2,4361.7
1781609100,4364.3,4360.8,4362.9
1781609400,4363.1,4358.5,4361.4
1781609700,4361.6,4355.5,4359.5
1781610000,4361,4358.3,4359.4
1781610300,4362.1,4357.6,4357.6
1781610600,4361.9,4357.4,4360.4
1781610900,4362.7,4357.8,4361.7
1781611200,4363.3,4359.6,4359.9
1781611500,4366.2,4359.1,4364.1
1781611800,4366.7,4363.1,4365.5
1781612100,4366,4361.5,4362.7
1781612400,4364.2,4358.2,4363
1781612700,4364.8,4359.9,4364.6
1781613000,4368.1,4362.4,4365.3
1781613300,4368.6,4363.8,4368.1
1781613600,4371.1,4366.6,4370.8
1781613900,4372.1,4369.6,4370.4
1781614200,4376.3,4370,4372.1
1781614500,4376.5,4372.2,4376
1781614800,4376.3,4368.1,4368.6
1781615100,4370,4364.2,4364.5
1781615400,4367.1,4363.4,4364.9
1781615700,4366,4360.5,4361.6
1781616000,4361.9,4354.2,4359.4
1781616300,4360.5,4355.1,4356.1
1781616600,4361.9,4354.6,4359.5
1781616900,4361.4,4357.7,4359.1
1781617200,4360.7,4356.2,4360
1781617500,4361.6,4355.1,4358.5
1781617800,4361.5,4355.8,4358.1
1781618100,4358,4352.2,4352.8
1781618400,4360,4352.1,4359.8
1781618700,4360,4354.3,4354.9
1781619000,4357.2,4353.5,4356.7
1781619300,4356.6,4343.5,4344.1
1781619600,4347.3,4342.4,4346.1
1781619900,4346.9,4338.2,4340.4
1781620200,4342.2,4333.5,4338.5
1781620500,4346.5,4338.5,4345.9
1781620800,4349.3,4344.3,4345.2
1781621100,4347.7,4343.8,4346.3
1781621400,4348.4,4344.2,4345.5
1781621700,4345.6,4342.1,4344.5
1781622000,4347.6,4342.9,4343.9
1781622300,4346.7,4343.3,4345.2
1781622600,4347.1,4343.7,4345.5
1781622900,4349.7,4344.6,4346.2
1781623200,4348.4,4341.6,4342.3
1781623500,4347.4,4341.8,4346.7
1781623800,4348.3,4344.9,4347
1781624100,4349.8,4343.6,4346.4
1781624400,4347.7,4344.2,4347.4
1781624700,4347.4,4342.6,4346.1
1781625000,4359.2,4345.4,4358.8
1781625300,4364.4,4355.7,4356
1781625600,4360.2,4355.3,4358.4
1781625900,4365.2,4358.2,4362.5
1781626200,4368,4361.7,4366.8
1781626500,4367.6,4364.1,4366.8
1781626800,4367.1,4361.9,4364
1781627100,4366.6,4363,4365.4
1781627400,4366.2,4361.3,4361.7
1781627700,4365.6,4360.9,4365.4
1781628000,4366.5,4364.3,4365
1781628300,4366.9,4364.6,4364.8
1781628600,4367.5,4362.5,4362.6
1781628900,4363.8,4360.3,4361.8
1781629200,4361.7,4359.1,4360.7
1781629500,4362.3,4359.7,4360.9
1781629800,4361,4355,4356.4
1781630100,4357,4351.3,4352.1
1781630400,4352.6,4346.1,4349.6
1781630700,4356.6,4349,4356
1781631000,4359.3,4355.3,4358.4
1781631300,4361.4,4356.7,4358.1
1781631600,4360.8,4357.6,4359.9
1781631900,4359.9,4356.8,4358.5
1781632200,4361.9,4358.2,4360.9
1781632500,4362.1,4360.2,4361.5
1781632800,4364.2,4360.9,4362
1781633100,4362.5,4360.4,4361.8
1781633400,4364,4361.8,4363.2
1781633700,4363.5,4360.7,4361.4
1781634000,4362.4,4360.4,4361.1
1781634300,4363.1,4360.4,4362.9
1781634600,4364.5,4361.3,4361.6
1781634900,4362.5,4359.6,4359.9
1781635200,4360.9,4359.2,4360
1781635500,4361.4,4357.6,4357.6
1781635800,4360.2,4357.2,4359.3
1781636100,4361,4358.7,4359.8
1781636400,4364.2,4359.1,4363.2
1781636700,4364.2,4362.1,4362.4
1781637000,4362.7,4360.3,4360.4
1781637300,4360.6,4357.7,4360.1
1781637600,4362.3,4359.7,4361.5
1781637900,4362.5,4361,4361.2
1781638200,4361.5,4359.8,4360.7
1781638500,4361,4359,4359.2
1781638800,4360.8,4358.5,4360
1781639100,4361.3,4358.7,4359.1
1781639400,4360.7,4355.1,4355.5
1781639700,4356,4352.4,4355.4
1781640000,4355.8,4352.5,4354.1
1781640300,4355.2,4353.1,4353.8
1781640600,4354.8,4352.3,4352.7
1781640900,4355.1,4352.5,4355
1781641200,4355.5,4353.9,4354.9
1781641500,4355.5,4354.3,4354.3
1781641800,4355.1,4352.9,4353.5
1781642100,4356,4353.7,4355.9
1781642400,4356.7,4354.5,4355.4
1781642700,4355.3,4351.9,4353.3
1781643000,4354.6,4352.3,4352.8
1781643300,4353.4,4350.9,4353.3
1781647200,4355.8,4349.7,4351.3
1781647500,4353.1,4350.8,4352.2
1781647800,4353.3,4352.1,4352.2
1781648100,4353.2,4348.6,4350.8
1781648400,4351.8,4348.7,4349.1
1781648700,4351.1,4348.4,4349.8
1781649000,4353.1,4350.1,4352.3
1781649300,4353.1,4350.8,4352.5
1781649600,4352.9,4351.7,4352.4
1781649900,4354.2,4352.1,4353.2
1781650200,4354.3,4351.7,4353.8
1781650500,4355.8,4353.1,4355
1781650800,4355.2,4353.8,4354.3
1781651100,4356.5,4353.6,4355.4
1781651400,4358.4,4355,4356.2
1781651700,4357.3,4355.1,4355.6
1781652000,4356,4355.2,4355.7
1781652300,4356.7,4355.5,4355.8
1781652600,4356.2,4353.7,4355.5
1781652900,4355.6,4352.8,4353.1
1781653200,4354.9,4352.6,4354.3
1781653500,4354.9,4351.7,4353
1781653800,4353.3,4350,4352.3
1781654100,4352.1,4349,4350.6
1781654400,4355.4,4346.8,4354.1
1781654700,4359.2,4353.3,4358
1781655000,4360.1,4356.9,4357.4
1781655300,4361.5,4357.3,4359.5
1781655600,4360,4357.3,4357.9
1781655900,4359,4356.2,4357.2
1781656200,4358.7,4355.8,4358.1
1781656500,4359,4354.5,4354.5
1781656800,4356.5,4354.2,4354.9
1781657100,4355.1,4351.6,4353.4
1781657400,4357.6,4352.7,4355.1
1781657700,4357.2,4354.6,4356.7
1781658000,4364.1,4354,4361.9
1781658300,4369.8,4360.5,4367.5
1781658600,4369.8,4366.2,4367.7
1781658900,4367.7,4361.6,4362.5
1781659200,4362.9,4359.1,4360.8
1781659500,4363.9,4359.6,4363.4
1781659800,4364.2,4358.1,4359
1781660100,4361.7,4358.6,4360.4
1781660400,4362.3,4357.5,4359.8
1781660700,4360.6,4356.7,4357.4
1781661000,4361,4357.4,4359.9
1781661300,4363.8,4360,4361
1781661600,4362.8,4360,4360.8
1781661900,4362.7,4359.5,4361.3
1781662200,4364.4,4360.7,4362.3
1781662500,4364.7,4361.2,4362.4
1781662800,4364.1,4359.5,4360.9
1781663100,4361.5,4359.5,4360.7
1781663400,4363.8,4359.9,4360.2
1781663700,4361.3,4357.5,4359.1
1781664000,4361.1,4358.2,4358.7
1781664300,4358.8,4351.5,4354.5
1781664600,4356,4349.6,4350
1781664900,4353.4,4349.9,4351
1781665200,4354,4350.5,4351.4
1781665500,4353.7,4350.3,4352.3
1781665800,4352.6,4349,4350.1
1781666100,4351.8,4348.1,4351.1
1781666400,4351.8,4349,4349.6
1781666700,4352.4,4348.6,4351.7
1781667000,4352.7,4350.9,4352.3
1781667300,4353,4349.7,4350.3
1781667600,4353.3,4350.1,4352.8
1781667900,4353.8,4352,4352.3
1781668200,4353.8,4351.1,4352.6
1781668500,4352.6,4350.1,4351.9
1781668800,4352.1,4347.7,4349.5
1781669100,4350.9,4348.8,4350.4
1781669400,4351.9,4349.7,4350.3
1781669700,4353.6,4349,4351.6
1781670000,4351.8,4347,4349
1781670300,4349,4343.5,4343.9
1781670600,4345.5,4337,4337.5
1781670900,4344.9,4337.5,4343.1
1781671200,4343.9,4341.1,4342.6
1781671500,4343.5,4341.9,4342.9
1781671800,4345.2,4341.8,4345
1781672100,4346.4,4343.4,4346.1
1781672400,4347.5,4344.7,4345.4
1781672700,4346.6,4343.5,4343.8
1781673000,4344.1,4340.6,4342.1
1781673300,4347.1,4340.6,4345.5
1781673600,4346.2,4344.3,4344.4
1781673900,4347.1,4343.7,4346.6
1781674200,4352.8,4346.7,4349.7
1781674500,4349.6,4347,4348.1
1781674800,4349.6,4346.3,4349.4
1781675100,4353.9,4348.7,4351.2
1781675400,4352.6,4349.5,4349.5
1781675700,4350.1,4343.9,4346.2
1781676000,4347.8,4343.9,4347.6
1781676300,4349.6,4346.9,4347.1
1781676600,4349.4,4346.2,4348.6
1781676900,4349.1,4342.9,4343.5
1781677200,4345.4,4340,4343.6
1781677500,4346.9,4341.5,4343.9
1781677800,4345.9,4342.1,4345.7
1781678100,4346.3,4343.4,4345.3
1781678400,4348.8,4345.1,4347.2
1781678700,4349.3,4346,4348.6
1781679000,4350,4347.4,4349.2
1781679300,4351.4,4348.2,4351.3
1781679600,4352.4,4349.8,4350.1
1781679900,4352.2,4348.5,4350.2
1781680200,4351.7,4346.6,4347
1781680500,4352.4,4346,4346.9
1781680800,4349.7,4346.7,4348.3
1781681100,4348.6,4346.6,4348.6
1781681400,4349.5,4345,4345
1781681700,4350.9,4344.9,4350.4
1781682000,4351.3,4348.1,4348.3
1781682300,4349,4345.9,4346
1781682600,4348.2,4344.5,4345
1781682900,4347.8,4344,4344.8
1781683200,4346.4,4343,4345.7
1781683500,4347.5,4344.6,4346.7
1781683800,4346.7,4341.3,4342.1
1781684100,4343.1,4338.8,4342.3
1781684400,4343.4,4340.1,4343.2
1781684700,4344.3,4341.7,4342.8
1781685000,4343.9,4339.2,4343.2
1781685300,4343.4,4339.4,4339.4
1781685600,4341.2,4337.7,4339.2
1781685900,4339.6,4335.6,4338.4
1781686200,4344.4,4337.6,4344
1781686500,4345,4342.5,4344.1
1781686800,4344.4,4340.6,4342.9
1781687100,4343.9,4341.3,4341.5
1781687400,4345.4,4341.1,4344.7
1781687700,4347.3,4344.7,4346.1
1781688000,4347.7,4345.1,4346.6
1781688300,4353,4346.7,4351.4
1781688600,4355.3,4347.9,4349
1781688900,4350.8,4348.3,4348.5
1781689200,4350.5,4347.7,4348.2
1781689500,4348.9,4346.5,4346.8
1781689800,4347.7,4345.2,4346.5
1781690100,4349.2,4346.1,4349.1
1781690400,4349.5,4347.5,4348.1
1781690700,4349.6,4347.2,4348.9
1781691000,4350.5,4346.9,4350.2
1781691300,4350.5,4347.3,4347.6
1781691600,4348.3,4346.6,4348.2
1781691900,4348.9,4346.1,4348.4
1781692200,4350.2,4346.9,4347.1
1781692500,4350.1,4346.9,4349.3
1781692800,4350.9,4347.9,4350.7
1781693100,4354,4350.4,4352.2
1781693400,4355.1,4350.6,4350.7
1781693700,4352.7,4350,4351
1781694000,4351.6,4347.8,4347.8
1781694300,4350.6,4347.5,4348
1781694600,4349.4,4347.2,4348.7
1781694900,4351.5,4347.8,4349.8
1781695200,4350.1,4348.5,4348.5
1781695500,4349.5,4347.5,4348.1
1781695800,4348.5,4345,4345
1781696100,4346.4,4344.2,4346.2
1781696400,4346.8,4343.7,4345
1781696700,4346.5,4342.8,4344.6
1781697000,4345.7,4343.1,4345.5
1781697300,4345.6,4340,4342.5
1781697600,4344.2,4340.7,4341.1
1781697900,4344.1,4339.4,4342.1
1781698200,4344.4,4339,4342.7
1781698500,4343.6,4341,4342.9
1781698800,4347,4342.2,4346.1
1781699100,4346.6,4343.4,4344.4
1781699400,4350.1,4342.8,4348.5
1781699700,4351.7,4347.6,4350.1
1781700000,4351.6,4349.1,4351.2
1781700300,4354.5,4350.7,4353.1
1781700600,4355.1,4351.9,4352
1781700900,4355,4351.8,4353.4
1781701200,4354.1,4348.3,4349.4
1781701500,4350.5,4343.9,4347.1
1781701800,4354.1,4346.7,4351.6
1781702100,4353.7,4350.6,4351.7
1781702400,4359,4351.1,4356.4
1781702700,4357,4353.7,4355.5
1781703000,4358,4352.5,4354.8
1781703300,4360.9,4353.9,4357.5
1781703600,4362,4356.6,4361.8
1781703900,4364.6,4360.2,4361.9
1781704200,4365.4,4359.4,4360.4
1781704500,4362.8,4359.2,4360.1
1781704800,4361.5,4355.8,4360.9
1781705100,4366.6,4359.9,4362.8
1781705400,4364.6,4359.9,4362.3
1781705700,4363.4,4360.9,4361.5
1781706000,4382.4,4360.9,4378.3
1781706300,4381.8,4375,4380.2
1781706600,4384.5,4378.1,4380.6
1781706900,4381.3,4370.4,4372.1
1781707200,4373.6,4366.4,4372
1781707500,4375.5,4350.1,4366
1781707800,4372.2,4363.6,4366.7
1781708100,4368.4,4362.8,4364.1
1781708400,4368.3,4363.4,4366.6
1781708700,4368.1,4363.5,4365
1781709000,4368.4,4363.3,4367.8
1781709300,4374.4,4366.7,4373.7
1781709600,4379.6,4373.1,4378.7
1781709900,4380,4374.3,4375.2
1781710200,4381.3,4374.5,4378.9
1781710500,4379.9,4376.2,4379.4
1781710800,4379.6,4375.8,4378.3
1781711100,4380.1,4377.9,4378.8
1781711400,4380.9,4377,4378.7
1781711700,4385.9,4378.8,4383.4
1781712000,4386,4382.5,4383.1
1781712300,4384.6,4381.8,4382.7
1781712600,4383.1,4380.6,4382.4
1781712900,4385.8,4380.8,4385.5
1781713200,4387.5,4383.4,4385.3
1781713500,4385.9,4383.8,4385.3
1781713800,4385.5,4381.7,4381.7
1781714100,4382.1,4379.4,4379.9
1781714400,4380.2,4375.3,4377.9
1781714700,4378.9,4376.2,4376.9
1781715000,4379.1,4376.4,4377.4
1781715300,4380.2,4376.9,4380.1
1781715600,4380,4375.7,4376.6
1781715900,4380.1,4375.3,4379.6
1781716200,4381.5,4377.8,4379.5
1781716500,4384.1,4378,4382.4
1781716800,4383.8,4381.2,4382.4
1781717100,4384.5,4380.6,4381.8
1781717400,4402.9,4381.2,4398
1781717700,4398.9,4390.3,4394.9
1781718000,4402.5,4394.9,4397.1
1781718300,4399.2,4394.5,4396.7
1781718600,4403.1,4395.6,4398.9
1781718900,4402.5,4397.3,4400.7
1781719200,4401.9,4336,4336.4
1781719500,4339,4305.4,4314.9
1781719800,4318.2,4296.1,4303.9
1781720100,4328,4302.2,4326.1
1781720400,4327.7,4310.6,4312
1781720700,4313.9,4304.3,4312.1
1781721000,4333.9,4288.7,4290.2
1781721300,4331.5,4289.9,4322.2
1781721600,4347.6,4315.8,4343.6
1781721900,4352.4,4334,4338.2
1781722200,4344.1,4329.5,4330.4
1781722500,4331.2,4297,4305.2
1781722800,4314.7,4290.2,4290.7
1781723100,4298.5,4281.4,4287.1
1781723400,4293.6,4277.7,4283
1781723700,4283.8,4258.2,4262.9
1781724000,4265.3,4253.1,4255
1781724300,4264,4244.7,4245.9
1781724600,4254.9,4239.2,4245.4
1781724900,4250.5,4237.6,4240.2
1781725200,4254.6,4237.7,4249.4
1781725500,4262.4,4247.7,4257.5
1781725800,4265.7,4252.9,4256.7
1781726100,4262.4,4253.5,4254.4
1781726400,4264.8,4253.3,4259.1
1781726700,4273.3,4259.3,4272.8
1781727000,4279.1,4271,4276.1
1781727300,4286.3,4272.6,4286.3
1781727600,4288.7,4276.8,4279.2
1781727900,4282.4,4277.1,4277.4
1781728200,4282.2,4277.3,4279.2
1781728500,4284.6,4277.9,4283.4
1781728800,4283.9,4278.6,4279.5
1781729100,4281.7,4277.5,4277.5
1781729400,4279.5,4275.1,4277.4
1781729700,4277.9,4274.7,4276.5
1781733600,4278.9,4273.4,4277.6
1781733900,4287.4,4277.5,4286
1781734200,4287.2,4280.5,4284.6
1781734500,4288.6,4283.7,4287.1
1781734800,4290.6,4286.5,4287.8
1781735100,4289.2,4283.8,4285.8
1781735400,4287.8,4284.1,4284.6
1781735700,4286.4,4282.4,4286
1781736000,4286.4,4282.7,4282.9
1781736300,4284.3,4278.6,4283.2
1781736600,4287.5,4282.5,4286.9
1781736900,4290,4285.3,4285.6
1781737200,4286.1,4283.1,4284
1781737500,4293.7,4283.5,4293
1781737800,4301.6,4292.3,4301
1781738100,4302.2,4294.3,4295.9
1781738400,4302.8,4295.7,4297.5
1781738700,4303.3,4296.8,4298.8
1781739000,4301.7,4296.8,4299.8
1781739300,4299.9,4293.4,4293.6
1781739600,4295.5,4287.2,4295.5
1781739900,4298.9,4292.2,4293
1781740200,4296.3,4291.5,4294.5
1781740500,4297.5,4292.5,4297.2
1781740800,4311.7,4295.8,4311.5
1781741100,4318,4310.5,4312.2
1781741400,4318.7,4311.3,4316.8
1781741700,4320.1,4315.1,4315.9
1781742000,4320.8,4315,4315.9
1781742300,4321.6,4313.9,4319.8
1781742600,4328.8,4319.1,4326
1781742900,4329.3,4322.3,4324.9
1781743200,4331,4323.7,4330.2
1781743500,4333.7,4327.5,4333.1
1781743800,4334.9,4330.8,4333.9
1781744100,4334.1,4327.8,4328.2
1781744400,4348,4326.1,4341.6
1781744700,4345,4338.5,4341.4
1781745000,4348.6,4340.6,4343.1
1781745300,4343.7,4335.4,4337.3
1781745600,4343.4,4334.4,4339.7
1781745900,4341.7,4337.7,4339.1
1781746200,4341.7,4336.9,4337.8
1781746500,4342,4337,4340.1
1781746800,4345.2,4337.8,4342.4
1781747100,4346,4339.3,4341.7
1781747400,4341.5,4337,4338.7
1781747700,4340,4337.5,4337.6
1781748000,4342.4,4335.9,4342.2
1781748300,4346.7,4339.1,4345.5
1781748600,4350.3,4344.7,4347.6
1781748900,4349.9,4346,4346.6
1781749200,4347.2,4344.5,4345.6
1781749500,4346,4343.4,4344.5
1781749800,4345.4,4340.9,4343.2
1781750100,4343.4,4337.2,4341.5
1781750400,4343.4,4336,4336.4
1781750700,4338.9,4331.8,4332.9
1781751000,4337.3,4331.7,4333.8
1781751300,4335,4330.5,4331
1781751600,4332.4,4328.5,4332.1
1781751900,4336.2,4331.5,4332.7
1781752200,4333.5,4329.8,4331.6
1781752500,4335.2,4330.3,4334.6
1781752800,4336.8,4333.1,4336
1781753100,4336.5,4332.6,4334.6
1781753400,4340.8,4333.2,4339.6
1781753700,4342.9,4338.1,4341
1781754000,4342.1,4337.7,4339.1
1781754300,4341,4338.1,4338.2
1781754600,4339.5,4336.6,4338.4
1781754900,4340.6,4337.6,4339.9
1781755200,4344.4,4339.5,4340.9
1781755500,4341,4336.2,4337.1
1781755800,4338.5,4334.7,4337.2
1781756100,4339.4,4335.2,4335.3
1781756400,4335.4,4331.6,4333.3
1781756700,4335.1,4332.1,4333.8
1781757000,4337.7,4332.9,4336.5
1781757300,4338.7,4332.3,4332.9
1781757600,4334,4330,4330.4
1781757900,4335.7,4329.9,4335
1781758200,4336.6,4334,4335.6
1781758500,4337.4,4335.2,4336
1781758800,4337.4,4332.5,4335.2
1781759100,4338.6,4334.7,4338
1781759400,4338.8,4335.1,4336
1781759700,4342.8,4335.7,4341.5
1781760000,4342.1,4339.2,4339.4
1781760300,4343.3,4338.8,4343.3
1781760600,4345,4339.4,4342.8
1781760900,4344.2,4336.6,4336.6
1781761200,4338.4,4329.4,4330.5
1781761500,4332.1,4321.9,4323.1
1781761800,4330.3,4321.3,4328
1781762100,4330.1,4326.9,4328.2
1781762400,4330.2,4326.5,4327.4
1781762700,4327.4,4316.5,4321.1
1781763000,4321.8,4316.4,4319.1
1781763300,4322.5,4315.8,4318.8
1781763600,4325.6,4318.7,4323.5
1781763900,4325.3,4320.3,4325.3
1781764200,4325.6,4323,4323.7
1781764500,4323.7,4319.5,4321
1781764800,4322.7,4319.1,4321.4
1781765100,4327.7,4321.5,4324.5
1781765400,4326.3,4323.2,4325.7
1781765700,4327.3,4324,4326.8
1781766000,4327.8,4323,4323.9
1781766300,4325.6,4320.3,4324.7
1781766600,4329.5,4324.2,4327.1
1781766900,4329.5,4325.6,4327.5
1781767200,4329.3,4324.6,4324.6
1781767500,4327.9,4324,4327.6
1781767800,4327.5,4314.9,4318.1
1781768100,4319.3,4313.3,4314
1781768400,4318,4312.9,4317
1781768700,4318.5,4314.6,4315.1
1781769000,4316.3,4310.9,4311.5
1781769300,4313.4,4307,4308.5
1781769600,4311.9,4305.4,4309.9
1781769900,4312.7,4308.3,4311
1781770200,4311.7,4303.5,4306.5
1781770500,4309.4,4305.2,4307.6
1781770800,4308.5,4305.2,4306.4
1781771100,4307.9,4302.9,4304.2
1781771400,4309.1,4302.6,4305
1781771700,4307.5,4300.2,4304.8
1781772000,4305.4,4300.2,4301.1
1781772300,4301,4295.7,4298.7
1781772600,4298.5,4292.8,4296.4
1781772900,4296.5,4284.6,4286.2
1781773200,4288.4,4280.1,4287.8
1781773500,4288.2,4284.4,4285
1781773800,4287,4278.5,4286.6
1781774100,4291.8,4285.2,4291.6
1781774400,4292.5,4286.1,4286.5
1781774700,4289.1,4284.5,4285.4
1781775000,4287.5,4283.7,4284.7
1781775300,4288.2,4282.5,4286.4
1781775600,4287.8,4285.1,4287.8
1781775900,4289.3,4286.5,4288.5
1781776200,4292.7,4287.8,4289.4
1781776500,4290.7,4286.6,4287.6
1781776800,4289,4284.2,4287.2
1781777100,4288.5,4281.4,4283.5
1781777400,4287.6,4280.6,4287.2
1781777700,4289.3,4286,4288.7
1781778000,4291.8,4282.6,4284.7
1781778300,4288.4,4282.2,4288.2
1781778600,4289.7,4283.8,4284.7
1781778900,4286,4283,4285.9
1781779200,4286.4,4282.1,4282.8
1781779500,4285.4,4280.9,4281.1
1781779800,4281.8,4277.6,4279.9
1781780100,4280.1,4273,4274.3
1781780400,4274.5,4268.3,4270.4
1781780700,4271.6,4265.3,4266.9
1781781000,4267.2,4258.6,4266.1
1781781300,4268.4,4262.4,4263.9
1781781600,4267.6,4262.2,4266.4
1781781900,4269.3,4264.4,4268.2
1781782200,4268.2,4266,4267
1781782500,4269.8,4260.9,4261.7
1781782800,4264.8,4260.8,4262.4
1781783100,4264.8,4260,4260.5
1781783400,4264.6,4258.1,4261
1781783700,4261.7,4258.6,4260.7
1781784000,4264.4,4260,4261.8
1781784300,4263.7,4259.2,4263.1
1781784600,4277.2,4262,4275.3
1781784900,4279.7,4274.1,4279.4
1781785200,4288.5,4279.1,4282.5
1781785500,4284.6,4273,4273.9
1781785800,4277.6,4268.1,4268.8
1781786100,4271.1,4260.3,4261.3
1781786400,4270.4,4259.6,4261.7
1781786700,4266.5,4261.2,4263.2
1781787000,4264.3,4259.4,4262.6
1781787300,4266.9,4259.7,4265.3
1781787600,4268.2,4263.4,4265.4
1781787900,4272.5,4264.2,4270.5
1781788200,4278.2,4270.2,4278.1
1781788500,4280.9,4276.7,4277.4
1781788800,4277.8,4271.6,4276.5
1781789100,4282.4,4276.6,4282.1
1781789400,4296,4281.9,4291.8
1781789700,4293.4,4288,4291.7
1781790000,4291.7,4282.5,4283.5
1781790300,4284.7,4271.9,4279.4
1781790600,4282.8,4275.7,4280.1
1781790900,4280.8,4269.7,4275.5
1781791200,4277,4256.8,4266.5
1781791500,4266.9,4258.7,4262.2
1781791800,4263.7,4258.4,4260.1
1781792100,4269.4,4254.9,4268.5
1781792400,4275,4265.2,4271.7
1781792700,4274.6,4263.6,4263.7
1781793000,4269.1,4260.7,4269
1781793300,4271.7,4267,4270.5
1781793600,4270.6,4260.2,4263.5
1781793900,4265.4,4258.9,4262.5
1781794200,4266.5,4259.3,4266
1781794500,4274.4,4265.1,4271.6
1781794800,4273.8,4267.5,4270.4
1781795100,4274.1,4268.3,4272.7
1781795400,4273.8,4265.4,4265.9
1781795700,4268.5,4258.1,4261.4
1781796000,4263.7,4258.4,4259.3
1781796300,4261.1,4253,4254.6
1781796600,4255.7,4245.4,4252.1
1781796900,4253.3,4242.5,4245.9
1781797200,4254.4,4245.8,4250.5
1781797500,4250.5,4245.7,4245.9
1781797800,4247.3,4241.6,4243.4
1781798100,4249.1,4243.3,4245.2
1781798400,4251,4244.8,4245.9
1781798700,4252.3,4244.7,4251.3
1781799000,4252.5,4246.6,4246.6
1781799300,4247.9,4241.3,4242.5
1781799600,4246.1,4241,4241.7
1781799900,4245.4,4241.5,4244.2
1781800200,4248.8,4240.8,4241.1
1781800500,4242.7,4234,4242.1
1781800800,4245.3,4239.9,4240.8
1781801100,4241.7,4236.6,4237.3
1781801400,4237.8,4232.6,4236.5
1781801700,4238.8,4233,4238.6
1781802000,4243.3,4237.5,4243.1
1781802300,4246.1,4242.4,4243.9
1781802600,4247.8,4241.1,4247.3
1781802900,4250.7,4246.3,4249.4
1781803200,4251.4,4246.2,4247.8
1781803500,4248.1,4244.6,4245.1
1781803800,4246.8,4241.8,4241.8
1781804100,4244.4,4241.3,4243.4
1781804400,4249.4,4242.9,4249.1
1781804700,4249.1,4246.1,4248
1781805000,4252.3,4247.9,4251.5
1781805300,4251.8,4248.8,4249.2
1781805600,4249.7,4246.2,4247.6
1781805900,4251,4247.6,4250.8
1781806200,4252.3,4247.4,4247.5
1781806500,4248.9,4245.3,4247
1781806800,4247.9,4245.4,4246.7
1781807100,4248.3,4244.4,4245.2
1781807400,4245.4,4240.8,4241.6
1781807700,4242.4,4239.2,4240.2
1781808000,4244.2,4239.4,4243.9
1781808300,4244.4,4238.4,4240.6
1781808600,4241.5,4238,4239.9
1781808900,4240.9,4237.1,4237.6
1781809200,4238.4,4231,4231.9
1781809500,4232.4,4226.6,4227.7
1781809800,4228.8,4223.1,4226.7
1781810100,4227.9,4221,4224.4
1781810400,4227.1,4223.8,4224.7
1781810700,4227.3,4223.6,4224.2
1781811000,4226.3,4220.1,4222.4
1781811300,4229.3,4222.2,4229.3
1781811600,4234,4229,4233.4
1781811900,4235.9,4232.4,4235.5
1781812200,4236.9,4234.2,4236.2
1781812500,4237.6,4233.1,4235.8
1781812800,4237.3,4234,4235.7
1781813100,4236.8,4234.5,4235.3
1781813400,4236.7,4235.1,4235.9
1781813700,4236.4,4233.9,4235.4
1781814000,4236.1,4234.6,4234.9
1781814300,4238.8,4234.5,4237.9
1781814600,4238,4234.3,4235.2
1781814900,4237.5,4233,4234
1781815200,4234,4231.7,4231.8
1781815500,4232.4,4227.9,4229
1781815800,4230.3,4228.1,4228.7
1781816100,4229.4,4226.6,4228
1781820000,4232.1,4221.6,4223.6
1781820300,4226.8,4223.2,4225.4
1781820600,4227.5,4225,4226.7
1781820900,4228.9,4223.5,4224.6
1781821200,4224.2,4220.9,4221.4
1781821500,4224.3,4221.5,4222.5
1781821800,4224.4,4222.1,4223.6
1781822100,4224.5,4221.5,4222
1781822400,4224,4222,4223.7
1781822700,4228,4222.9,4227.3
1781823000,4229.3,4226,4227.4
1781823300,4227.5,4225.4,4226.2
1781823600,4226.9,4217.4,4218.9
1781823900,4221,4217.4,4218.5
1781824200,4219.7,4211.8,4214.4
1781824500,4218,4212,4213.9
1781824800,4216.3,4213.4,4213.7
1781825100,4216.2,4212,4216
1781825400,4218.7,4213.7,4213.9
1781825700,4217,4212.8,4216.4
1781826000,4216.6,4211.7,4212.6
1781826300,4213,4206.2,4208
1781826600,4210.7,4206.8,4208.4
1781826900,4209.7,4205.1,4207
1781827200,4216.8,4206.9,4209.6
1781827500,4212.6,4202.7,4204.7
1781827800,4208.5,4202.4,4204
1781828100,4206.2,4201.9,4203.8
1781828400,4206.8,4202.4,4206.8
1781828700,4207.5,4202.9,4203.2
1781829000,4209,4202.7,4208.5
1781829300,4210.2,4205,4205.5
1781829600,4209,4205,4207.3
1781829900,4210.1,4206.3,4209.3
1781830200,4211.1,4207.4,4209
1781830500,4209.7,4205.9,4208.9
1781830800,4213.4,4207.8,4209.1
1781831100,4209.4,4202.2,4203
1781831400,4205.9,4202.9,4204.9
1781831700,4207,4202.3,4203.4
1781832000,4206.6,4200.8,4205.3
1781832300,4210.1,4204.5,4208.9
1781832600,4209.1,4204.7,4205.9
1781832900,4207.7,4202.5,4203.3
1781833200,4205,4202.2,4203.8
1781833500,4205.4,4201.9,4202.5
1781833800,4203.4,4201.2,4202.5
1781834100,4204.3,4201.5,4202.6
1781834400,4204,4201.4,4203
1781834700,4203.8,4196.7,4201.6
1781835000,4202.7,4196,4197.2
1781835300,4197.6,4192.5,4193
1781835600,4197.3,4193.3,4195.8
1781835900,4197.8,4194.9,4197
1781836200,4197.7,4194.6,4197.6
1781836500,4200.6,4195.7,4197.1
1781836800,4201.3,4196.7,4197.4
1781837100,4198.3,4193.1,4194
1781837400,4194.4,4189.2,4194.3
1781837700,4194.9,4192.7,4193.7
1781838000,4195,4186.9,4187.3
1781838300,4187.5,4184.1,4185.6
1781838600,4187.8,4183.7,4183.9
1781838900,4186.7,4182.6,4185.6
1781839200,4188.5,4185.4,4186.2
1781839500,4186.7,4183.9,4184.9
1781839800,4185.5,4179.1,4182.1
1781840100,4183.1,4179.8,4180.9
1781840400,4182.1,4175.2,4179.8
1781840700,4180,4175.4,4176.6
1781841000,4178.4,4175.1,4176.4
1781841300,4177.5,4162.6,4170.9
1781841600,4172.8,4160.7,4162.1
1781841900,4165.6,4161.2,4161.6
1781842200,4165,4161.2,4163.1
1781842500,4167.3,4158.8,4165.7
1781842800,4167.9,4164.9,4167
1781843100,4166.8,4161.8,4164.4
1781843400,4165.1,4160.7,4161.1
1781843700,4161.1,4155.2,4159.6
1781844000,4159.4,4151,4153.4
1781844300,4154.7,4151.6,4153.5
1781844600,4154.1,4142.9,4144.8
1781844900,4146.7,4142.7,4143.3
1781845200,4145,4140.3,4142.3
1781845500,4143,4139.2,4142.2
1781845800,4149.5,4141.8,4148.2
1781846100,4148.3,4143.2,4145.8
1781846400,4150.3,4143.7,4146.8
1781846700,4152.4,4147,4151.4
1781847000,4157.4,4148.6,4149.9
1781847300,4153.5,4148.3,4149.1
1781847600,4152.9,4148.5,4152.8
1781847900,4156.5,4152.4,4155.3
1781848200,4156.9,4150.5,4156.7
1781848500,4159.6,4154.8,4157.3
1781848800,4157.8,4151.2,4155.6
1781849100,4161.5,4153.7,4161.1
1781849400,4165.8,4157.5,4164.6
1781849700,4165,4157.5,4159.4
1781850000,4162,4156.7,4160.7
1781850300,4162.6,4158.5,4159.4
1781850600,4162.9,4152.8,4156.1
1781850900,4156.5,4150.1,4151.1
1781851200,4154.4,4151.1,4153.2
1781851500,4162.9,4152,4162.9
1781851800,4164.2,4159.5,4163.2
1781852100,4169.4,4161.6,4165
1781852400,4173.8,4165.2,4173.6
1781852700,4177.4,4171.3,4176.7
1781853000,4176.8,4171.1,4174.5
1781853300,4179,4172,4173
1781853600,4175.4,4172.1,4173.6
1781853900,4173.6,4169.4,4170.2
1781854200,4172.4,4169.6,4171.1
1781854500,4175.3,4168.5,4175
1781854800,4175.1,4170.9,4171.9
1781855100,4172.9,4169.4,4170
1781855400,4174.6,4168.9,4172.8
1781855700,4181.1,4171.9,4175.9
1781856000,4178.5,4173,4177.8
1781856300,4182.6,4175.3,4182.1
1781856600,4185.2,4182,4183.8
1781856900,4189.2,4183.2,4188.1
1781857200,4195.3,4185.9,4193.7
1781857500,4196.1,4192,4194.5
1781857800,4196.8,4191.7,4193
1781858100,4193.8,4187,4187.2
1781858400,4190.5,4184.5,4187.4
1781858700,4187.7,4184.7,4186.7
1781859000,4186.9,4182.9,4183.8
1781859300,4187.5,4183.4,4187.2
1781859600,4189.3,4183.6,4183.7
1781859900,4185.7,4182.6,4183.3
1781860200,4185.2,4181.5,4182.1
1781860500,4184.9,4181.3,4183.1
1781860800,4187,4181.1,4185.7
1781861100,4186,4180.2,4181.2
1781861400,4184.4,4180.8,4184.1
1781861700,4184.1,4181.5,4182.1
1781862000,4184.1,4180.6,4181.1
1781862300,4185.7,4181,4181.4
1781862600,4183.9,4181.4,4182.9
1781862900,4183.3,4179,4181.1
1781863200,4181.7,4175.3,4176.1
1781863500,4177.3,4171.2,4175
1781863800,4176.1,4172.3,4173.6
1781864100,4176.9,4171.7,4174.6
1781864400,4174.7,4171.6,4173.8
1781864700,4174.5,4170.5,4172.3
1781865000,4173.6,4169.3,4173
1781865300,4173.6,4168.2,4169.1
1781865600,4171.3,4168.7,4169.6
1781865900,4172.6,4168.6,4170
1781866200,4173.7,4167.5,4168.3
1781866500,4171.1,4166.4,4168.2
1781866800,4168.5,4163.4,4166.5
1781867100,4167.6,4160.5,4165.5
1781867400,4166.9,4163.8,4164.5
1781867700,4165.8,4162.3,4165.2
1781868000,4167.5,4164.1,4166.1
1781868300,4166.5,4161.2,4162.1
1781868600,4163.4,4159.7,4162
1781868900,4166.1,4160.7,4165.1
1781869200,4168.4,4165.2,4167.7
1781869500,4173,4167.7,4171
1781869800,4171.7,4167.2,4167.4
1781870100,4170.9,4166.3,4170.5
1781870400,4176.6,4170.2,4175
1781870700,4176.8,4170.4,4176
1781871000,4178.1,4173.3,4173.3
1781871300,4173.6,4170.1,4173
1781871600,4173.8,4170.6,4171.4
1781871900,4173.8,4168.8,4169.5
1781872200,4171,4167,4170
1781872500,4170.2,4165.2,4168.5
1781872800,4172.9,4166.4,4170.2
1781873100,4170.4,4164.9,4166.7
1781873400,4192.4,4166.7,4190.8
1781873700,4197.9,4187,4196.8
1781874000,4199.3,4182.1,4187.2
1781874300,4200,4186.4,4200
1781874600,4200.6,4187.4,4187.6
1781874900,4190.6,4181.2,4182.3
1781875200,4184.4,4179.4,4183.9
1781875500,4184.5,4180.1,4181.7
1781875800,4186.1,4180,4180.2
1781876100,4182.8,4177.2,4180.8
1781876400,4182.3,4175.5,4176.4
1781876700,4179.2,4172.4,4174.8
1781877000,4177.5,4173.5,4175.8
1781877300,4178.3,4168.3,4169.3
1781877600,4172.4,4165.8,4170.3
1781877900,4171.2,4166.3,4168.1
1781878200,4168.3,4165.5,4167.2
1781878500,4168.1,4161.7,4165.2
1781878800,4166.6,4161.3,4163.4
1781879100,4168.7,4163.1,4167.3
1781879400,4168.8,4163.8,4164.2
1781879700,4168.5,4163.9,4166
1781880000,4167.2,4160.7,4162
1781880300,4165.7,4160.1,4163.1
1781880600,4167.9,4162.1,4167.6
1781880900,4169.6,4165.8,4167.2
1781881200,4171.3,4165.9,4167.3
1781881500,4171.3,4166.1,4170.2
1781881800,4171,4166.2,4169
1781882100,4169.6,4167.4,4169
1781882400,4171.9,4169.1,4170.9
1781882700,4170.9,4168.1,4169
1781883000,4170.6,4167,4169.3
1781883300,4170.7,4166.3,4167.5
1781883600,4168,4165.2,4165.8
1781883900,4170.9,4165.7,4169.5
1781884200,4171.4,4167.4,4168.3
1781884500,4168.9,4167.5,4168.9
1781884800,4168.7,4164.1,4164.9
1781885100,4167,4163.3,4163.4
1781885400,4164.4,4162,4162.8
1781885700,4164,4162.2,4162.9
1781886000,4165.8,4162,4164.3
1781886300,4167,4164.3,4164.6
1781886600,4167.6,4164.5,4167.2
1781886900,4169.5,4165.2,4169.3
1781887200,4171.3,4168.1,4169.4
1781887500,4175.1,4168.5,4174.3
1781887800,4175.7,4168.6,4168.9
1781888100,4173.2,4168.2,4173.2
1782079200,4175.2,4150,4173.1
1782079500,4176.7,4167.9,4170.9
1782079800,4172.6,4164.5,4167.9
1782080100,4170.5,4164.3,4170.4
1782080400,4171.6,4166.1,4166.8
1782080700,4169.6,4165.8,4168.9
1782081000,4171.9,4167.8,4168.6
1782081300,4169.1,4166.7,4168.7
1782081600,4171.3,4167,4170.6
1782081900,4171.8,4168.9,4171.7
1782082200,4173.6,4169.5,4173.2
1782082500,4173.5,4172,4172.8
1782082800,4176.7,4171.6,4176
1782083100,4179.9,4175.3,4179.7
1782083400,4181.7,4174.5,4175
1782083700,4175.2,4170,4171.2
1782084000,4175.9,4170.2,4174.2
1782084300,4174.8,4171.1,4173.5
1782084600,4173.5,4162.9,4164.1
1782084900,4164.4,4157.8,4161.5
1782085200,4162.7,4158.3,4162.3
1782085500,4163.7,4153,4153.5
1782085800,4157,4153,4153.7
1782086100,4159.5,4153.5,4157.1
1782086400,4167.6,4156.6,4163.6
1782086700,4165.9,4160,4165.7
1782087000,4180.3,4164,4178.1
1782087300,4188.5,4177.8,4180.6
1782087600,4182.2,4178.6,4181
1782087900,4185.1,4180,4184.8
1782088200,4188.3,4182.4,4183.3
1782088500,4189.9,4183.4,4188.7
1782088800,4193.9,4187.2,4193.2
1782089100,4201.5,4192.5,4200.7
1782089400,4207,4198.4,4205.4
1782089700,4218.2,4205.4,4218.2
1782090000,4238.4,4217.9,4223.5
1782090300,4233.7,4221.6,4231.2
1782090600,4231.7,4223.8,4229.3
1782090900,4232.5,4225.1,4225.8
1782091200,4230.8,4222.6,4227.8
1782091500,4230.7,4224.1,4225.1
1782091800,4225.1,4212.7,4215.1
1782092100,4221,4212.2,4220.3
1782092400,4222.7,4215.8,4218.3
1782092700,4219.4,4211,4212.8
1782093000,4215.9,4209.6,4211.9
1782093300,4213.2,4206.8,4208.3
1782093600,4210.5,4205.4,4207.5
1782093900,4212.7,4206,4208.6
1782094200,4209.3,4201.1,4201.9
1782094500,4206.3,4201,4205.7
1782094800,4207.5,4201,4206.5
1782095100,4207.7,4203.9,4206.4
1782095400,4212.5,4204.1,4212.4
1782095700,4218,4210.6,4213.5
1782096000,4213.5,4207.7,4209.2
1782096300,4210,4205,4208.8
1782096600,4209.2,4205.8,4206.7
1782096900,4208.2,4205,4205.8
1782097200,4207.6,4203.8,4206.2
1782097500,4207.4,4199.3,4199.9
1782097800,4203.4,4195.8,4195.8
1782098100,4198.5,4191.3,4193.7
1782098400,4197.3,4191.1,4196.9
1782098700,4198.5,4195.4,4197.6
1782099000,4198.5,4195.3,4197.4
1782099300,4197.4,4193.1,4193.3
1782099600,4194.3,4192.4,4192.9
1782099900,4196.3,4192.2,4194.8
1782100200,4195,4192.1,4192.8
1782100500,4193.8,4188.4,4189.1
1782100800,4193.4,4188.1,4191.8
1782101100,4196.4,4191.2,4195.4
1782101400,4196.2,4193.6,4194
1782101700,4195.3,4192.8,4193.6
1782102000,4196.8,4193.5,4194
1782102300,4195,4191.8,4194
1782102600,4195.4,4193.2,4193.7
1782102900,4196.3,4192.5,4195.6
1782103200,4195.8,4191.8,4194.4
1782103500,4197.7,4193.8,4196.5
1782103800,4197.7,4195.2,4195.3
1782104100,4199.9,4194.9,4199.2
1782104400,4199.8,4197.8,4199.2
1782104700,4202.6,4196.9,4201.4
1782105000,4204.3,4200.2,4203.2
1782105300,4206,4202,4204.2
1782105600,4206.5,4203.9,4206.5
1782105900,4212.1,4205.1,4211.6
1782106200,4214.4,4206.7,4209.4
1782106500,4215.8,4208.5,4214.3
1782106800,4216.4,4209.6,4210.9
1782107100,4211.6,4207.9,4211.2
1782107400,4214.8,4209.5,4213.7
1782107700,4214.9,4210.9,4211.3
1782108000,4214.1,4209,4209.4
1782108300,4214.8,4209,4214.3
1782108600,4216.2,4211,4212.3
1782108900,4218.6,4211.7,4215.6
1782109200,4218.7,4213.6,4218.7
1782109500,4218.9,4214.2,4214.8
1782109800,4217.2,4212.9,4216.9
1782110100,4218.4,4215.4,4216.6
1782110400,4220.7,4214.9,4220.3
1782110700,4222.9,4219.2,4220.5
1782111000,4225.6,4220.7,4222.3
1782111300,4223.7,4215.1,4215.7
1782111600,4219.4,4215.4,4216.7
1782111900,4219.6,4215.5,4218
1782112200,4219.2,4216.6,4217.4
1782112500,4219.9,4216.8,4218.5
1782112800,4219,4214.7,4215.1
1782113100,4216.8,4213.9,4215.8
1782113400,4217.8,4211.9,4217.1
1782113700,4217.1,4212.5,4212.7
1782114000,4214.3,4210.1,4212.3
1782114300,4213.2,4210.1,4212.8
1782114600,4214.1,4208.2,4209.3
1782114900,4210.4,4206.6,4208.3
1782115200,4211,4206.6,4210
1782115500,4213.2,4209.1,4209.7
1782115800,4209.9,4206.9,4208
1782116100,4209.9,4207,4208.6
1782116400,4213.4,4208.6,4209.8
1782116700,4211.2,4207.5,4210
1782117000,4209.7,4207,4209.2
1782117300,4212.3,4208.7,4208.9
1782117600,4211.7,4208.5,4211.7
1782117900,4212.6,4210.5,4212.5
1782118200,4215.8,4210.2,4213.6
1782118500,4215.8,4212.7,4215.5
1782118800,4220.9,4214.2,4220.1
1782119100,4227.7,4219.6,4226.8
1782119400,4227.6,4221.2,4223.5
1782119700,4225.6,4222.5,4225
1782120000,4227.4,4223,4223.6
1782120300,4224.4,4220.8,4222
1782120600,4227.8,4219.3,4226
1782120900,4227.4,4222.1,4226.2
1782121200,4228.1,4224.1,4224.6
1782121500,4225.9,4222.1,4225.3
1782121800,4228.7,4224.4,4226.5
1782122100,4228.3,4226,4226.1
1782122400,4228.8,4225.9,4227.1
1782122700,4229.8,4226.2,4228.8
1782123000,4232.5,4227.1,4230.7
1782123300,4230.7,4228.2,4228.3
1782123600,4229.2,4226.1,4229.1
1782123900,4232.1,4227.2,4227.8
1782124200,4228.9,4227,4227.9
1782124500,4229.7,4226.6,4226.9
1782124800,4228.4,4225.8,4226.4
1782125100,4226.7,4222.4,4223.4
1782125400,4227.5,4223.4,4225.9
1782125700,4225.9,4221.3,4222.7
1782126000,4229,4222.5,4227.4
1782126300,4233.7,4227.3,4229.2
1782126600,4229.5,4224.5,4226.6
1782126900,4227,4224.8,4226.2
1782127200,4227.8,4224.4,4225.9
1782127500,4225.8,4221.5,4222.2
1782127800,4226.3,4221.6,4224.2
1782128100,4224.3,4220,4224.3
1782128400,4226.2,4222.3,4224.6
1782128700,4224.6,4221.1,4223.1
1782129000,4223.5,4219.1,4223.4
1782129300,4226.1,4222.6,4225.8
1782129600,4229.4,4223.9,4229
1782129900,4229.4,4224.5,4226
1782130200,4228,4223.3,4225.7
1782130500,4227,4224.5,4225.8
1782130800,4229.9,4225,4229
1782131100,4229.7,4224.1,4226.8
1782131400,4226.6,4221.4,4223.7
1782131700,4224.2,4220.6,4221.5
1782132000,4222.7,4218.8,4222
1782132300,4223,4217.6,4220.4
1782132600,4220.3,4215.3,4215.5
1782132900,4215.7,4210.2,4211.5
1782133200,4215.9,4209.2,4211.9
1782133500,4212.8,4207,4209.2
1782133800,4213.7,4208.2,4213.2
1782134100,4215.8,4212.2,4214.8
1782134400,4214.7,4207.7,4208.9
1782134700,4210.2,4203.8,4205.3
1782135000,4207,4201.1,4204.3
1782135300,4211.7,4203.2,4210.3
1782135600,4213,4205.5,4209.3
1782135900,4221,4205.8,4218.7
1782136200,4223.7,4217.9,4222.6
1782136500,4224.4,4217.3,4218.8
1782136800,4219.2,4212.2,4217.1
1782137100,4229.6,4214.9,4224.8
1782137400,4226.1,4218.9,4223.9
1782137700,4224.9,4214.2,4214.6
1782138000,4215.1,4209.3,4211
1782138300,4215.3,4209.9,4210.4
1782138600,4211,4205.6,4206.4
1782138900,4210.7,4204.6,4209.4
1782139200,4216,4209.1,4211.1
1782139500,4224.3,4211,4219.3
1782139800,4221.3,4215.5,4215.5
1782140100,4218.9,4214.3,4216.7
1782140400,4219.8,4214.1,4217.3
1782140700,4217.3,4212.9,4213.6
1782141000,4217.5,4213.8,4216.2
1782141300,4216.3,4208.5,4210.2
1782141600,4211.1,4207.1,4209.1
1782141900,4210.5,4206.4,4207.4
1782142200,4208.9,4205.6,4206.5
1782142500,4207.4,4197.2,4200.3
1782142800,4203.5,4198.3,4199.1
1782143100,4199.3,4187.2,4187.9
1782143400,4197.3,4187.7,4197.1
1782143700,4203.3,4196,4201.1
1782144000,4203.1,4194.8,4195.8
1782144300,4197.5,4193.7,4195.1
1782144600,4196.5,4192.4,4195.7
1782144900,4198.3,4194,4196.9
1782145200,4201.2,4197.1,4199.1
1782145500,4201.1,4198,4201
1782145800,4203,4199.6,4203
1782146100,4204.8,4201.5,4201.5
1782146400,4202.1,4199.2,4200.1
1782146700,4203.1,4198.7,4203.1
1782147000,4206.2,4202.3,4205.3
1782147300,4211.5,4204.4,4208.5
1782147600,4209.9,4206.2,4207.6
1782147900,4207.6,4204.3,4205.9
1782148200,4206.8,4204.3,4205
1782148500,4208.3,4204.7,4207.8
1782148800,4210.2,4207.4,4207.6
1782149100,4207.7,4201.3,4202.8
1782149400,4203.1,4195.6,4197.1
1782149700,4199.8,4194.9,4199.3
1782150000,4200,4198.2,4199.7
1782150300,4201.4,4198.1,4200.5
1782150600,4201.4,4198.8,4200.9
1782150900,4202,4200,4201.2
1782151200,4203.6,4200.5,4201.8
1782151500,4203.2,4201.2,4202.7
1782151800,4204.7,4201.9,4202.4
1782152100,4205.6,4202.3,4203.7
1782152400,4208.4,4203.9,4206.9
1782152700,4207.1,4204.8,4206.2
1782153000,4207.9,4204.1,4205
1782153300,4206.5,4204.4,4205.3
1782153600,4208.8,4205.3,4208.3
1782153900,4211.3,4208.2,4209.9
1782154200,4210.5,4208,4208.7
1782154500,4209.9,4207.7,4209.5
1782154800,4211.8,4209.1,4210.3
1782155100,4211,4209.6,4210.5
1782155400,4211.3,4209,4209.7
1782155700,4210.2,4208,4208.9
1782156000,4209.1,4205.9,4206.4
1782156300,4207.3,4205.4,4205.4
1782156600,4206,4204.1,4205
1782156900,4208.7,4205,4206.7
1782157200,4206.6,4202.5,4203.1
1782157500,4204.7,4202.7,4204
1782157800,4206.6,4203.3,4205.8
1782158100,4210.3,4204.7,4209.3
1782158400,4212.3,4208.7,4210.7
1782158700,4211.4,4208.7,4208.8
1782159000,4210.2,4208.8,4209.1
1782159300,4210,4208,4209.7
1782159600,4209.7,4207,4208.9
1782159900,4209.6,4208.4,4208.5
1782160200,4210,4207.8,4209.9
1782160500,4212,4209.7,4211.8
1782160800,4212,4210.5,4211
1782161100,4211.8,4209.1,4209.7
1782161400,4210.7,4209.3,4210
1782161700,4211.4,4209.5,4209.8
1782165600,4212.8,4209.4,4210.7
1782165900,4212.2,4209.6,4210.6
1782166200,4211.4,4210.3,4210.6
1782166500,4211.2,4208.8,4210.4
1782166800,4210.6,4209.6,4209.9
1782167100,4211.4,4209.5,4210.9
1782167400,4213.2,4210,4210.5
1782167700,4210.9,4207.8,4209.8
1782168000,4209.6,4207.3,4208
1782168300,4208.2,4206.2,4206.4
1782168600,4208.4,4206.3,4208.1
1782168900,4208.7,4207.1,4207.9
1782169200,4210.8,4207.5,4208.4
1782169500,4210.2,4208,4209.7
1782169800,4210.2,4208.4,4208.9
1782170100,4209.9,4208.2,4209.5
1782170400,4210,4208.3,4208.5
1782170700,4209.3,4208.1,4209
1782171000,4210.7,4208.7,4210
1782171300,4214.5,4210,4213.2
1782171600,4214,4211.9,4213.1
1782171900,4213.2,4207.2,4208.5
1782172200,4208.7,4204.5,4205.5
1782172500,4207.6,4204.8,4205.4
1782172800,4210,4204.2,4207
1782173100,4207.1,4200.4,4201.9
1782173400,4202,4195.6,4196.5
1782173700,4200.3,4196.4,4199.7
1782174000,4201.1,4195.9,4199.9
1782174300,4203.6,4197.8,4201.5
1782174600,4204,4200,4201.6
1782174900,4203.8,4199.5,4203.8
1782175200,4211,4201.5,4210.2
1782175500,4212.4,4207.9,4208.6
1782175800,4211.8,4207,4208.8
1782176100,4211.3,4207.4,4210.6
1782176400,4216.2,4206,4207.4
1782176700,4211.8,4202.2,4206
1782177000,4206.8,4202.2,4202.5
1782177300,4203.3,4189.4,4190.7
1782177600,4197.8,4187.9,4195.7
1782177900,4198.4,4193.9,4195.7
1782178200,4196.1,4185.3,4186.2
1782178500,4187.8,4178.1,4179.3
1782178800,4183,4170.9,4171.7
1782179100,4173.4,4167.1,4168
1782179400,4176.6,4167.4,4174.7
1782179700,4180.9,4173.8,4179.1
1782180000,4181.3,4174.1,4177.1
1782180300,4177.2,4168.6,4169.5
1782180600,4171.7,4166.6,4171.6
1782180900,4178.3,4171.4,4176.3
1782181200,4178.2,4175.4,4178
1782181500,4181.5,4177.1,4180
1782181800,4180.5,4174.4,4174.4
1782182100,4177.6,4173.9,4175.9
1782182400,4176.5,4170.3,4172.9
1782182700,4174.8,4169.8,4171.9
1782183000,4173.7,4169.6,4170.7
1782183300,4173,4164.4,4164.6
1782183600,4167.7,4157.3,4160.2
1782183900,4161.2,4157.1,4158.7
1782184200,4161.1,4156.4,4160.3
1782184500,4162.2,4149.1,4151.1
1782184800,4153.7,4148.4,4153.6
1782185100,4158.8,4151.8,4158.5
1782185400,4159,4156.5,4156.8
1782185700,4158.9,4151.1,4154.2
1782186000,4157,4152.6,4156.7
1782186300,4158,4154,4156.7
1782186600,4160.8,4156.5,4158.5
1782186900,4163,4157.3,4161.7
1782187200,4164.6,4160.3,4162.4
1782187500,4162.4,4160.4,4161.4
1782187800,4161.9,4159.1,4160.7
1782188100,4160.3,4156.4,4157.4
1782188400,4158,4155.1,4157.4
1782188700,4158.1,4154.5,4157.3
1782189000,4157.2,4152.6,4154.2
1782189300,4157.2,4152.5,4156.4
1782189600,4158.1,4154.1,4156
1782189900,4157.7,4155.4,4156.1
1782190200,4156.8,4151.5,4152
1782190500,4151.9,4132,4135.7
1782190800,4152.4,4132.8,4152.1
1782191100,4155.4,4144.8,4145.5
1782191400,4148.7,4144.3,4147.8
1782191700,4147.8,4143.8,4145.7
1782192000,4148.7,4144.3,4145.7
1782192300,4146.2,4141.1,4143.1
1782192600,4149.1,4134.9,4148.8
1782192900,4151.3,4142.6,4143.3
1782193200,4146.9,4138.9,4145.8
1782193500,4145.7,4135.1,4136.8
1782193800,4140.4,4135.4,4138.8
1782194100,4139.8,4134.6,4139.2
1782194400,4144.8,4137.5,4141
1782194700,4141.3,4130.6,4131.4
1782195000,4142.9,4129,4140.8
1782195300,4145,4139.4,4140.5
1782195600,4143.6,4135.3,4140.5
1782195900,4140.7,4132.4,4134.5
1782196200,4139.2,4132.3,4138
1782196500,4138.3,4131.6,4134.1
1782196800,4135.4,4128.7,4131.5
1782197100,4136.1,4128.1,4133.4
1782197400,4137,4133.6,4136.4
1782197700,4138.4,4131.7,4132.2
1782198000,4137.4,4127.5,4137.4
1782198300,4143,4136.4,4139.4
1782198600,4139.5,4130,4133.3
1782198900,4136.1,4131.4,4135.5
1782199200,4140.7,4135.1,4137.3
1782199500,4138.4,4135.9,4136.2
1782199800,4137.4,4133.2,4137.3
1782200100,4136.9,4128.3,4129.2
1782200400,4131.1,4121,4122.1
1782200700,4125.7,4121.5,4124.1
1782201000,4123.9,4115.8,4118.1
1782201300,4118.6,4114,4116.2
1782201600,4117.6,4109,4109.9
1782201900,4113.6,4108.2,4111.6
1782202200,4113.7,4109.4,4111.4
1782202500,4117.6,4109.6,4115.6
1782202800,4117.5,4113.3,4114.3
1782203100,4116.1,4112,4115.8
1782203400,4119.9,4114,4119.4
1782203700,4122.8,4117.9,4119.7
1782204000,4128.7,4119.9,4127.1
1782204300,4127.1,4119.4,4121.8
1782204600,4126.3,4119.9,4125.5
1782204900,4125,4119.9,4122.9
1782205200,4128,4122,4127.7
1782205500,4130.8,4126.3,4127.4
1782205800,4131.5,4126.8,4128.8
1782206100,4130.6,4126.6,4129.1
1782206400,4135.4,4129.2,4133.8
1782206700,4134.7,4129.6,4130.4
1782207000,4134.5,4130.1,4134.5
1782207300,4138.4,4133,4136.2
1782207600,4137.8,4134.5,4135.1
1782207900,4136.4,4134,4135.3
1782208200,4136.2,4133.2,4133.2
1782208500,4140.4,4132.9,4140.1
1782208800,4150.9,4139.9,4149.3
1782209100,4150.1,4144.6,4144.6
1782209400,4147.6,4144.4,4147.4
1782209700,4151,4146,4150
1782210000,4150,4145.5,4145.6
1782210300,4149.6,4144.3,4148.1
1782210600,4149.9,4146.9,4148.2
1782210900,4149.5,4144.4,4146.4
1782211200,4147.9,4141.7,4144.4
1782211500,4144.5,4141.3,4142.4
1782211800,4143.7,4139.6,4139.8
1782212100,4141,4137.3,4137.8
1782212400,4139.5,4135.3,4137
1782212700,4144.5,4136.3,4143.4
1782213000,4147.6,4142.7,4147.1
1782213300,4146.8,4143.1,4146.4
1782213600,4149.9,4142.1,4147.3
1782213900,4147.8,4142.7,4144.9
1782214200,4146.6,4141.3,4141.5
1782214500,4144.2,4137.7,4143.4
1782214800,4143.8,4136.2,4138.9
1782215100,4139.4,4135.8,4139.3
1782215400,4141.7,4136.6,4139.7
1782215700,4144.2,4137.7,4141.1
1782216000,4145.5,4140.1,4140.3
1782216300,4142,4137.2,4137.5
1782216600,4140.2,4130.5,4131.6
1782216900,4136.1,4128.9,4135.1
1782217200,4137.5,4129.7,4134.9
1782217500,4135.8,4131.2,4132.4
1782217800,4138.1,4131.7,4132.9
1782218100,4140.4,4133.1,4139.7
1782218400,4139.7,4135.1,4135.2
1782218700,4135.8,4130.6,4135.6
1782219000,4139.4,4133.8,4137
1782219300,4139.3,4130,4130.8
1782219600,4132.2,4125.4,4129.8
1782219900,4137.3,4129.1,4134.2
1782220200,4134.7,4129.7,4131.5
1782220500,4131.7,4124.1,4124.9
1782220800,4134.5,4122.9,4134.3
1782221100,4137.1,4131.7,4133.5
1782221400,4141.7,4127.1,4140.1
1782221700,4142.7,4135.8,4136.7
1782222000,4146.6,4135.8,4144.5
1782222300,4153.3,4142.1,4149.1
1782222600,4158.4,4148.6,4155.3
1782222900,4157.5,4149.6,4154.2
1782223200,4159,4151.3,4155.9
1782223500,4162.3,4153.5,4160
1782223800,4163.6,4150.6,4155.5
1782224100,4160.3,4150.7,4159.6
1782224400,4161,4151.8,4152.6
1782224700,4154.3,4146.3,4150.1
1782225000,4150.9,4142.3,4144.4
1782225300,4147.2,4140.4,4141.9
1782225600,4146.6,4140.4,4143.7
1782225900,4146.2,4142.4,4144.3
1782226200,4148.2,4141.2,4144.8
1782226500,4148,4142.5,4147.7
1782226800,4152.2,4146.3,4151.3
1782227100,4153.1,4140.8,4140.9
1782227400,4145.8,4140.8,4145.7
1782227700,4148.2,4144.4,4145.2
1782228000,4147.2,4141.2,4142.7
1782228300,4145.7,4141.6,4144.6
1782228600,4155,4144.1,4150.6
1782228900,4155.6,4150.5,4155.1
1782229200,4159.5,4154.2,4156.7
1782229500,4157.6,4151.8,4152.9
1782229800,4157,4152.1,4155.5
1782230100,4157.4,4154,4156.6
1782230400,4158.1,4154,4154.1
1782230700,4154.9,4151.4,4152.8
1782231000,4154.5,4152,4153.3
1782231300,4156.2,4150.8,4155.3
1782231600,4155.9,4153.3,4154.3
1782231900,4155,4153.2,4154.5
1782232200,4160.6,4153.2,4158.7
1782232500,4161,4157.4,4159.8
1782232800,4161.6,4158,4161.1
1782233100,4161.8,4157.1,4158
1782233400,4158.6,4156.5,4157.2
1782233700,4158.1,4149.2,4151.8
1782234000,4152.2,4148.4,4149.9
1782234300,4152.1,4147.6,4150.1
1782234600,4157.5,4150.1,4156
1782234900,4156.1,4152.8,4154.2
1782235200,4155.6,4150.8,4151.2
1782235500,4151.7,4147.8,4149
1782235800,4149.7,4145.5,4147.7
1782236100,4148.8,4146.7,4147.5
1782236400,4150.2,4146.8,4149.9
1782236700,4150.9,4148.6,4149.6
1782237000,4150.1,4146,4146.4
1782237300,4147.6,4145.3,4145.8
1782237600,4149,4144.2,4144.8
1782237900,4145.5,4141.8,4142.9
1782238200,4144,4141.8,4142.5
1782238500,4143.5,4141.6,4142.6
1782238800,4143.4,4140.4,4141.6
1782239100,4141.8,4138.4,4138.8
1782239400,4140.8,4137.5,4139.4
1782239700,4140.8,4137.8,4137.8
1782240000,4138.2,4133.8,4134
1782240300,4134.6,4130.6,4132.8
1782240600,4135.5,4132,4133.3
1782240900,4136.3,4132.7,4135.8
1782241200,4142.7,4134.7,4141.4
1782241500,4144.5,4139.1,4140.3
1782241800,4141.5,4138.5,4139.2
1782242100,4139.6,4135.1,4135.5
1782242400,4140.4,4135.6,4139
1782242700,4141,4137.9,4140
1782243000,4141.6,4138.7,4140
1782243300,4142.4,4139.4,4140.5
1782243600,4140.5,4138.4,4138.8
1782243900,4139.6,4135.5,4137.8
1782244200,4138.9,4132,4133.6
1782244500,4134.3,4129.2,4129.7
1782244800,4130.5,4126.6,4129.3
1782245100,4131.1,4128.7,4130.2
1782245400,4130.8,4127.7,4127.9
1782245700,4128,4125.5,4127.4
1782246000,4128.7,4125.1,4126.4
1782246300,4129.4,4126.3,4128.6
1782246600,4129,4126.8,4127.9
1782246900,4128.7,4126.9,4128.3
1782247200,4129.5,4126.6,4128.6
1782247500,4129.2,4127.3,4127.9
1782247800,4129,4126.8,4127.2
1782248100,4129,4126.5,4129
1782252000,4131.5,4127.5,4128.7
1782252300,4131.9,4128.5,4129.8
1782252600,4131.7,4129.3,4131.2
1782252900,4132.8,4128.5,4128.6
1782253200,4129.4,4122,4123.4
1782253500,4128.2,4121.4,4123.1
1782253800,4125.4,4113.9,4115.8
1782254100,4120.5,4115.8,4118
1782254400,4121.5,4116.4,4121
1782254700,4124.9,4120.8,4122.8
1782255000,4126.1,4122.7,4123.1
1782255300,4124.4,4120.4,4121.4
1782255600,4121.5,4116,4117
1782255900,4117.2,4111.8,4113.5
1782256200,4119,4113.1,4117
1782256500,4117.9,4114.1,4117.4
1782256800,4117.2,4115.3,4116.3
1782257100,4116.7,4113.9,4114.6
1782257400,4115.5,4110.5,4111.9
1782257700,4112.3,4098,4101.2
1782258000,4104.6,4098,4103.4
1782258300,4115.8,4102.9,4113.1
1782258600,4117.7,4111.8,4113.3
1782258900,4118.4,4113.2,4116.6
1782259200,4122.8,4112.1,4119.9
1782259500,4129.8,4118.3,4127.7
1782259800,4129.1,4121.8,4124.8
1782260100,4127,4120.7,4121.4
1782260400,4122.1,4113.7,4113.7
1782260700,4117.8,4110.7,4117.2
1782261000,4118.2,4111.9,4114.4
1782261300,4115.7,4111.7,4114.7
1782261600,4114.5,4111.1,4112.8
1782261900,4117.5,4112.1,4115.9
1782262200,4117.4,4111.8,4113.5
1782262500,4116.4,4111.3,4114.6
1782262800,4115.5,4085.9,4091.2
1782263100,4100.8,4085.7,4094.9
1782263400,4109.5,4094.5,4107.3
1782263700,4108.7,4102.5,4105.8
1782264000,4107.9,4100.9,4105.6
1782264300,4118.6,4106,4115.6
1782264600,4120.1,4110.9,4115.6
1782264900,4116.8,4110.3,4112.1
1782265200,4116,4109.2,4110.1
1782265500,4110.5,4103.2,4103.3
1782265800,4105.5,4099.4,4103.1
1782266100,4107.5,4101.9,4106.2
1782266400,4113,4103.1,4104.2
1782266700,4104.8,4096.9,4098.3
1782267000,4101.7,4096.8,4097
1782267300,4098,4090,4091.4
1782267600,4093.5,4089.6,4092.5
1782267900,4093.6,4088.1,4090.3
1782268200,4094,4080,4085.9
1782268500,4087.8,4076.3,4078
1782268800,4079.1,4068.9,4074.4
1782269100,4078.4,4071.7,4075.4
1782269400,4082.7,4073.3,4081.9
1782269700,4086.6,4077.7,4077.8
1782270000,4082.4,4072.7,4073
1782270300,4076.1,4069.3,4075.4
1782270600,4077.5,4072.8,4074.6
1782270900,4075.7,4067,4069.9
1782271200,4073.3,4068.4,4069.8
1782271500,4073.9,4068.3,4073.5
1782271800,4078.3,4072.5,4077.6
1782272100,4079.9,4076.8,4079.4
1782272400,4086.9,4078.6,4086
1782272700,4088.1,4081.1,4084
1782273000,4085.3,4080,4080.7
1782273300,4081,4079.1,4080.2
1782273600,4081.2,4075.5,4075.8
1782273900,4078.2,4072.9,4075.2
1782274200,4075.8,4072.2,4075.5
1782274500,4077.1,4071.5,4072
1782274800,4079.6,4071.8,4077.8
1782275100,4084,4077.7,4080
1782275400,4082.8,4080,4081.7
1782275700,4083.1,4079.2,4081.5
1782276000,4083.6,4080,4080.3
1782276300,4083,4079.3,4080.4
1782276600,4080.8,4078.3,4079.8
1782276900,4083.7,4079.2,4081.1
1782277200,4081.9,4077.6,4078.8
1782277500,4086.8,4077.1,4085.8
1782277800,4086.4,4082.8,4084.2
1782278100,4085.4,4082.3,4082.4
1782278400,4089.6,4082.6,4087.7
1782278700,4091.3,4087,4090.1
1782279000,4103.3,4089,4099
1782279300,4099.7,4092.9,4094.5
1782279600,4095,4089.3,4094.5
1782279900,4097.2,4090.9,4091.8
1782280200,4093.2,4088.3,4090.5
1782280500,4094.1,4089.4,4093.1
1782280800,4098.2,4093,4095.1
1782281100,4109.1,4094.7,4107.9
1782281400,4114.2,4106.1,4113.4
1782281700,4114.8,4102.3,4104.3
1782282000,4106.9,4102.9,4106.1
1782282300,4108,4100.5,4104.9
1782282600,4105.5,4101.6,4105.1
1782282900,4109.2,4105,4106.3
1782283200,4111.2,4106.3,4109.2
1782283500,4111.9,4106.3,4106.5
1782283800,4109.1,4101.6,4107
1782284100,4107.9,4101.7,4104.5
1782284400,4106.9,4102.4,4106
1782284700,4107.9,4104,4105.7
1782285000,4106.3,4103,4103.2
1782285300,4104.7,4101.2,4103
1782285600,4104,4100.4,4102.1
1782285900,4103.3,4100,4101.4
1782286200,4102.3,4097.4,4097.9
1782286500,4098.1,4093.1,4096.1
1782286800,4100.8,4093.9,4099.8
1782287100,4103.2,4098,4101.6
1782287400,4102.7,4093,4096
1782287700,4096.5,4090.5,4091.7
1782288000,4095.4,4090.8,4094.8
1782288300,4094.9,4092.3,4092.7
1782288600,4094.1,4089.4,4091.1
1782288900,4093.8,4090.2,4090.6
1782289200,4094.9,4090.6,4094.2
1782289500,4097.8,4093.3,4097.6
1782289800,4104.7,4097.1,4101.3
1782290100,4102.3,4096.2,4099.3
1782290400,4102.1,4098.5,4100.2
1782290700,4100.3,4094.2,4095.8
1782291000,4097.5,4093.4,4093.9
1782291300,4095.2,4092.4,4093.3
1782291600,4095.2,4091,4091.5
1782291900,4092.6,4086.8,4087
1782292200,4093.8,4086.9,4093.4
1782292500,4096.1,4092.2,4095.2
1782292800,4095.5,4090.3,4091.2
1782293100,4091.7,4085.2,4086.4
1782293400,4089.8,4085.8,4087.8
1782293700,4088.6,4084.3,4085.4
1782294000,4086.8,4082.7,4085.8
1782294300,4087.8,4082.8,4086.6
1782294600,4088.3,4085.2,4086.2
1782294900,4086,4081.4,4082
1782295200,4083.6,4076.6,4079.4
1782295500,4079.9,4076.7,4077.1
1782295800,4080.1,4076.1,4078.6
1782296100,4078.1,4072.1,4075.9
1782296400,4077.6,4073,4074.6
1782296700,4077.9,4074,4077.5
1782297000,4080.3,4077.5,4078.8
1782297300,4078.9,4073.6,4075.2
1782297600,4084,4074.6,4081.9
1782297900,4082.6,4078.7,4080.4
1782298200,4080.3,4073.5,4075.4
1782298500,4075.2,4071.1,4072.4
1782298800,4075.4,4067.5,4068.8
1782299100,4070.3,4064.3,4065.7
1782299400,4070.5,4061.3,4062.3
1782299700,4063.5,4053.9,4058.4
1782300000,4063.1,4056.1,4063.1
1782300300,4063.5,4055.1,4060.5
1782300600,4064.6,4060,4060.5
1782300900,4067.8,4059.8,4066.6
1782301200,4068.1,4062.2,4062.4
1782301500,4063,4055.5,4061.4
1782301800,4072.7,4060.8,4071.4
1782302100,4071.4,4061.8,4063
1782302400,4065,4058.5,4061.2
1782302700,4062.3,4051.3,4057
1782303000,4060.8,4054,4054.2
1782303300,4058.5,4051.2,4057.4
1782303600,4057.5,4048.3,4049.3
1782303900,4049.6,4022.9,4031.8
1782304200,4037.2,4025,4035.2
1782304500,4035.4,4022.9,4028.1
1782304800,4031,4023.5,4029.6
1782305100,4034,4018.8,4019.8
1782305400,4024.4,4015.3,4019.6
1782305700,4020.2,4003.2,4003.8
1782306000,4011.3,3987.4,3996
1782306300,4002.8,3987.4,3992.9
1782306600,3994.8,3982.4,3987.6
1782306900,3993.3,3980.7,3992.6
1782307200,3992.5,3980.3,3990
1782307500,3992.5,3985.9,3991.3
1782307800,4012.5,3990,4002.7
1782308100,4024,4001.8,4021.8
1782308400,4035.2,4017.3,4031.9
1782308700,4037.8,4025.8,4036.6
1782309000,4050.9,4035.2,4046.1
1782309300,4060,4040.1,4054.8
1782309600,4057.9,4038.6,4041.5
1782309900,4048.4,4038.6,4045
1782310200,4049.1,4035.9,4037
1782310500,4038.5,4032.1,4035.3
1782310800,4043.1,4031.4,4041.1
1782311100,4045.6,4038.3,4041.2
1782311400,4052.1,4040.8,4048.2
1782311700,4049.6,4035.5,4036.9
1782312000,4039.1,4028.1,4033.1
1782312300,4033,4026.7,4028.3
1782312600,4030.2,4022.5,4023.2
1782312900,4025.8,4020,4025.4
1782313200,4027.4,4017.6,4021.2
1782313500,4021.6,4014,4016.9
1782313800,4021.8,4015,4019.2
1782314100,4028.7,4016.6,4028
1782314400,4032,4024.8,4026.2
1782314700,4032.3,4020.7,4032
1782315000,4032.6,4023.1,4026.4
1782315300,4027.4,4023.3,4023.8
1782315600,4024.2,4018.2,4023.1
1782315900,4032.1,4021.2,4030.3
1782316200,4034.2,4020.1,4022.4
1782316500,4023,4017,4019.5
1782316800,4022.9,4016.7,4019.1
1782317100,4024,4012.5,4017.6
1782317400,4021.4,4016.5,4019.9
1782317700,4023.2,4018.5,4019.5
1782318000,4030.4,4019.5,4028.1
1782318300,4034.3,4027.2,4033.1
1782318600,4036.6,4030.1,4031.9
1782318900,4039.8,4032,4035.1
1782319200,4037.1,4026.4,4028.7
1782319500,4029.2,4024.5,4024.6
1782319800,4028.4,4024.3,4024.8
1782320100,4026.2,4023.3,4023.7
1782320400,4028.5,4022.6,4026.7
1782320700,4027.9,4021.3,4024.1
1782321000,4026.7,4022.4,4022.8
1782321300,4024.5,4016.8,4017.4
1782321600,4018.4,4009.9,4010.2
1782321900,4013.6,4007,4007.4
1782322200,4008.2,4000.5,4003.1
1782322500,4005.3,3999.6,4003
1782322800,4003.7,3999.9,4001.6
1782323100,4004.3,3996.9,3997.2
1782323400,3999.2,3993.7,3997
1782323700,3999.6,3989.5,3989.7
1782324000,3992.5,3975.8,3983.6
1782324300,4001,3983.6,4000.8
1782324600,4009.5,3997.6,4005.5
1782324900,4009.4,4002.7,4004.3
1782325200,4005,3996.6,4004.5
1782325500,4009.5,4003.6,4007.2
1782325800,4011.9,4003.7,4005.8
1782326100,4006.8,4000.5,4001.8
1782326400,4003,3998.5,4000.7
1782326700,4000.5,3994.2,3996.4
1782327000,3999.3,3993.9,3998.8
1782327300,4001.6,3997.2,3998.3
1782327600,4002.2,3994.8,3999.7
1782327900,4000.8,3993.3,3993.7
1782328200,3994.2,3990.1,3993.3
1782328500,3994.5,3990.7,3994.3
1782328800,3996.9,3993.3,3995.5
1782329100,4001.3,3994.9,4000.8
1782329400,4005.5,4000.4,4002.4
1782329700,4002.8,3997.7,3999.2
1782330000,4000.7,3996.5,4000
1782330300,4001.7,3998.1,3999.2
1782330600,4008.4,3997.4,4008
1782330900,4007.8,4002,4004.9
1782331200,4015.7,4001.6,4014.7
1782331500,4020,4014.2,4016.4
1782331800,4018.1,4011.8,4012.6
1782332100,4013.2,4009.4,4010.1
1782332400,4016.9,4009.7,4015.6
1782332700,4018.2,4014.1,4017.5
1782333000,4018.3,4015,4015.6
1782333300,4018.4,4013,4013.3
1782333600,4016.7,4013.5,4016.3
1782333900,4017.6,4014.2,4014.3
1782334200,4017,4013.7,4016.7
1782334500,4018.4,4015.5,4016.4
1782338400,4024.9,4018,4023.2
1782338700,4023.6,4016.3,4019.4
1782339000,4021.2,4016.7,4017.2
1782339300,4018.1,4016.2,4016.7
1782339600,4018.9,4016.4,4017.8
1782339900,4018.9,4016,4018.1
1782340200,4021.2,4015.1,4020.3
1782340500,4022.9,4017.9,4018.5
1782340800,4020.2,4017.5,4018.2
1782341100,4018.7,4013.4,4013.6
1782341400,4015,4010.4,4011.1
1782341700,4013.2,4008.7,4012.2
1782342000,4014.8,4009.7,4011.4
1782342300,4011.3,4006.3,4009.7
1782342600,4011.6,4007.9,4010.8
1782342900,4014.8,4010.8,4013.6
1782343200,4016.2,4013.2,4015.8
1782343500,4016.7,4012.7,4014
1782343800,4024.7,4013.9,4024.7
1782344100,4034.3,4023.8,4031.3
1782344400,4032.3,4026,4030.1
1782344700,4033.1,4025.2,4026.4
1782345000,4028.8,4024.9,4025.9
1782345300,4028.7,4024.7,4028
1782345600,4029.7,4024.1,4028.5
1782345900,4031.3,4026,4030.3
1782346200,4031.8,4019.1,4020.8
1782346500,4021.9,4015.6,4017.7
1782346800,4020.8,4015.9,4017.1
1782347100,4017.9,4010.7,4012.1
1782347400,4012.1,4003.2,4003.3
1782347700,4003.4,3996.8,3997.9
1782348000,4003.5,3996.8,4001.3
1782348300,4001.9,3994,3999.4
1782348600,4016.3,3998.2,4015.1
1782348900,4016.8,4003.8,4006.6
1782349200,4021.7,4004,4012.1
1782349500,4012.9,4002.7,4006.3
1782349800,4007.3,3997.4,4002.2
1782350100,4010.4,3999.2,4009.7
1782350400,4015.5,4009.1,4011
1782350700,4015.5,4005.4,4005.9
1782351000,4011.3,3997.1,3998.9
1782351300,4004,3992.3,4002.7
1782351600,4003.1,3995.1,3997.5
1782351900,4002.8,3993.7,4000.9
1782352200,4004.3,3994.2,3996
1782352500,3999,3987.6,3992.1
1782352800,3997.5,3989,3990.4
1782353100,3991.5,3979.1,3981.3
1782353400,3986.4,3976.5,3983.3
1782353700,3998.2,3982.9,3996.6
1782354000,4006.7,3996.5,4000.5
1782354300,4003.8,3999.6,4002.3
1782354600,4003.1,3993.6,3998.9
1782354900,4003.8,3998.1,4000.1
1782355200,4000.8,3990,3994.2
1782355500,3999.9,3991.9,3998.6
1782355800,3999,3991.2,3994.9
1782356100,4000.6,3993.4,3998.7
1782356400,4005.6,3996.7,3997.7
1782356700,3997.4,3988.8,3988.8
1782357000,3989.6,3981.5,3986.1
1782357300,3998.2,3983,3997.5
1782357600,3998.7,3988.7,3988.9
1782357900,3992.8,3987.9,3991.8
1782358200,3993.1,3987,3991.4
1782358500,3991.3,3984.3,3986.6
1782358800,3990.9,3985.7,3990.7
1782359100,4003,3989.9,4001.9
1782359400,4014.5,4001.6,4013
1782359700,4016.7,4009.2,4011.3
1782360000,4013.4,4009,4009.8
1782360300,4012.6,4007.9,4011.3
1782360600,4011,4005,4005
1782360900,4007.4,4002.7,4007.1
1782361200,4013,4006,4011.1
1782361500,4013.8,4009.2,4010.3
1782361800,4012,4005.6,4006.6
1782362100,4006.7,4003.2,4003.3
1782362400,4008.4,3999.4,4008.4
1782362700,4011.5,4006.5,4008
1782363000,4012.8,4008.1,4011.3
1782363300,4012,4010.2,4011.5
1782363600,4013.9,4010,4012.7
1782363900,4015.1,4007.7,4015
1782364200,4016.2,4011.9,4014.1
1782364500,4014.4,4004.3,4008
1782364800,4010.7,4006.4,4010.5
1782365100,4014.6,4006.3,4010.1
1782365400,4013.1,4001.6,4010.4
1782365700,4011.7,4000.2,4000.8
1782366000,4002.3,3997.3,3998.8
1782366300,4000.2,3995.7,3998.5
1782366600,4004.8,3998.3,4003.8
1782366900,4007.2,4001.5,4001.7
1782367200,4003.4,3997.2,4002.1
1782367500,4004.7,3998.3,4001.4
1782367800,4001.9,3995.2,3995.8
1782368100,3995.8,3989.8,3989.8
1782368400,3997.3,3989.1,3994.7
1782368700,4002.3,3993.6,3999.5
1782369000,4000.5,3993.4,3995.5
1782369300,3996.6,3991.6,3995.8
1782369600,3999.1,3992.4,3997.3
1782369900,3999.6,3995.9,3998.1
1782370200,3999.9,3992.9,3992.9
1782370500,3996.5,3991.1,3992.6
1782370800,3995,3988.4,3995
1782371100,4000.7,3993.6,4000.2
1782371400,4001.5,3993.7,3995.5
1782371700,4000.2,3992.9,4000.2
1782372000,4002,3995.2,3999.1
1782372300,4005.5,3997.5,4000.7
1782372600,4005,3997.6,3998.7
1782372900,4000.6,3993.5,3993.5
1782373200,3996.8,3988.8,3989.8
1782373500,3993.1,3986.6,3992.5
1782373800,3993.8,3990.2,3992.5
1782374100,4004.7,3991.9,4003.5
1782374400,4011.2,4003,4006
1782374700,4008.8,4003.4,4004.3
1782375000,4005.5,4000,4002.8
1782375300,4010.9,4001.9,4010.7
1782375600,4017.2,4010.3,4012.8
1782375900,4012.6,4007.9,4009.6
1782376200,4016.9,4009.6,4016.7
1782376500,4017.9,4011.6,4017.2
1782376800,4017.9,4014,4015.2
1782377100,4015.4,4007.1,4008.2
1782377400,4009.6,4005.4,4006.7
1782377700,4006.8,4003.9,4004.5
1782378000,4011.7,4004.5,4011.6
1782378300,4012.2,4007,4007
1782378600,4009.6,4006.6,4006.9
1782378900,4009.2,4004.8,4006.4
1782379200,4011.1,4006.4,4010.3
1782379500,4011,4008.1,4009.9
1782379800,4013.3,4009.2,4009.7
1782380100,4010,4001.7,4007.3
1782380400,4007.4,4002.7,4003.6
1782380700,4005.5,4003.4,4004.5
1782381000,4007.4,4004.2,4006.3
1782381300,4008.8,4002.8,4003.5
1782381600,4004.5,4000.4,4001.8
1782381900,4003.2,4001.2,4001.8
1782382200,4003.5,3998.5,3999.5
1782382500,4002.3,3998.4,3999.8
1782382800,4001.8,3998.8,4000.5
1782383100,4004.5,4000.8,4004.5
1782383400,4004.6,3999.9,4001.7
1782383700,4003.7,4001.1,4002.7
1782384000,4003.1,3999.9,4000.7
1782384300,4000.5,3997.3,3999.8
1782384600,4000.9,3996.9,3997.6
1782384900,3999.7,3996.1,3999.6
1782385200,4001.5,3997,3999.8
1782385500,4001.2,3997.9,3999.5
1782385800,4000.9,3997.2,3998.3
1782386100,3998.4,3991,3996.4
1782386400,3997.8,3994.8,3995.9
1782386700,3995.8,3991.9,3992
1782387000,3996.9,3991.4,3992.3
1782387300,3997.7,3988.6,3997.6
1782387600,4001.5,3997.2,4000.4
1782387900,4003.1,3999.5,4001
1782388200,4001.7,3997.2,3997.8
1782388500,3997.8,3994.4,3995
1782388800,3999.9,3995.3,3998.1
1782389100,3999.2,3994.6,3998.3
1782389400,3998.8,3995,3997.7
1782389700,4001.2,3995,3998.2
1782390000,3998.8,3993.3,3995.4
1782390300,4001.1,3993.9,3999.2
1782390600,4027.6,3998.5,4010.4
1782390900,4023.2,4004.8,4013.7
1782391200,4022.8,4007.7,4021.2
1782391500,4035,4019.3,4029.4
1782391800,4035,4026.6,4031.7
1782392100,4032.5,4023.9,4028.2
1782392400,4050,4027.5,4045
1782392700,4049.6,4039.5,4045.3
1782393000,4049.6,4041.2,4046.3
1782393300,4047.1,4036.1,4038.5
1782393600,4046.5,4035.6,4037.7
1782393900,4040,4034.2,4037.7
1782394200,4044.4,4028.9,4029.7
1782394500,4042.9,4028.3,4039.5
1782394800,4039.9,4026.5,4027.5
1782395100,4032.1,4023.7,4029.4
1782395400,4035.3,4022.7,4023.9
1782395700,4025.9,4016.4,4018
1782396000,4034.7,4015.1,4030.6
1782396300,4037.8,4026,4032.9
1782396600,4036,4028.6,4032.2
1782396900,4037.4,4029.5,4033.7
1782397200,4039,4028.5,4030.4
1782397500,4044.9,4028.6,4042.7
1782397800,4045.4,4038.1,4041.4
1782398100,4043.2,4031.7,4033.6
1782398400,4036.6,4031.3,4035.6
1782398700,4036.9,4030.1,4032.4
1782399000,4036.1,4028.7,4032.9
1782399300,4033.7,4026.7,4027.4
1782399600,4031,4024.8,4030.4
1782399900,4035.9,4029.5,4032.4
1782400200,4032.7,4020.3,4023.2
1782400500,4031,4021.1,4030.1
1782400800,4056.5,4027.9,4053.5
1782401100,4053.9,4041.1,4042.4
1782401400,4044.2,4037.2,4037.5
1782401700,4046.5,4037.4,4044.4
1782402000,4046.3,4042,4043.3
1782402300,4052.3,4042.3,4046.9
1782402600,4057.2,4045.6,4053.8
1782402900,4058.7,4052.1,4057
1782403200,4058.8,4050.3,4053.5
1782403500,4055.4,4048.9,4049.8
1782403800,4057.1,4049.2,4052.4
1782404100,4060,4052.9,4056.5
1782404400,4059.8,4056.2,4057.6
1782404700,4058.6,4055.1,4056.3
1782405000,4056.6,4049.1,4050.7
1782405300,4052.1,4046.7,4047.3
1782405600,4049.6,4046.4,4046.8
1782405900,4047.8,4039.3,4047.4
1782406200,4049.2,4043.6,4046.9
1782406500,4047.1,4042.8,4044.4
1782406800,4046,4042.3,4045.5
1782407100,4047.9,4044.5,4045.9
1782407400,4047.4,4044.4,4044.8
1782407700,4048.5,4044.4,4045.8
1782408000,4048.6,4043.3,4047.9
1782408300,4051.7,4045.6,4048.1
1782408600,4050.7,4046.6,4047.4
1782408900,4049.9,4046.6,4048.9
1782409200,4051.4,4048.5,4049.4
1782409500,4049.8,4044.7,4047
1782409800,4049.8,4046.6,4049.2
1782410100,4052.4,4048.9,4050.1
1782410400,4051,4042.9,4044.1
1782410700,4049.2,4041.4,4048.1
1782411000,4050.2,4045.9,4047.9
1782411300,4056.4,4047.6,4053.7
1782411600,4055.2,4052.9,4054.2
1782411900,4060,4053.6,4059.8
1782412200,4059.9,4049.3,4049.7
1782412500,4052,4048.1,4051.4
1782412800,4051.8,4046.2,4048.4
1782413100,4048.4,4045.1,4047.9
1782413400,4051.9,4047.4,4051
1782413700,4052,4049.3,4050.4
1782414000,4051.6,4048.3,4049.6
1782414300,4055.5,4048.8,4054.8
1782414600,4056.3,4053.9,4055.9
1782414900,4059.5,4051.5,4052.9
1782415200,4056.1,4052.8,4054.7
1782415500,4056.7,4050.9,4051.8
1782415800,4052.4,4047.3,4049.4
1782416100,4051,4047.9,4050.1
1782416400,4053.2,4048.2,4050
1782416700,4049.7,4040.8,4041.8
1782417000,4042.8,4036.7,4041.5
1782417300,4042.7,4036.8,4041.5
1782417600,4049.9,4040.4,4046.1
1782417900,4046.2,4042.6,4042.8
1782418200,4044.2,4041.1,4043.1
1782418500,4044.4,4041.3,4043.4
1782418800,4045.8,4043,4045.1
1782419100,4045.7,4043.2,4045.3
1782419400,4045.1,4041.5,4041.6
1782419700,4042.8,4040.1,4041
1782420000,4042.1,4039.9,4041.7
1782420300,4041.7,4039.2,4039.7
1782420600,4040.9,4039.2,4039.8
1782420900,4042.5,4039.4,4042
1782424800,4046.7,4042,4044
1782425100,4044.7,4040.1,4040.4
1782425400,4041.5,4036.3,4037.8
1782425700,4039.2,4035.8,4037
1782426000,4038.6,4034.1,4036.2
1782426300,4041.4,4035,4039.5
1782426600,4045.4,4039.1,4044.8
1782426900,4051.9,4044.5,4048.8
1782427200,4051.7,4043.5,4043.9
1782427500,4045.8,4039.2,4040.4
1782427800,4040.8,4037.2,4037.7
1782428100,4042.8,4037.1,4041.7
1782428400,4042.6,4038.5,4038.8
1782428700,4039.7,4036.5,4038.1
1782429000,4039.6,4036.4,4038.6
1782429300,4041.4,4037.7,4041.1
1782429600,4045,4040.4,4043.3
1782429900,4045.6,4043.3,4045.2
1782430200,4045.7,4035.7,4036.5
1782430500,4040.5,4036.8,4039
1782430800,4039.7,4037.9,4039.5
1782431100,4039.3,4031.4,4033.3
1782431400,4035,4031.6,4032.7
1782431700,4033,4027.2,4029.7
1782432000,4034.1,4026.9,4027.3
1782432300,4031,4026.1,4029.5
1782432600,4035.1,4026.9,4034.7
1782432900,4038.4,4033.6,4036.6
1782433200,4037,4031.9,4032.9
1782433500,4034.1,4027.2,4030.5
1782433800,4031.9,4027,4031.1
1782434100,4032.8,4028.9,4031
1782434400,4034.7,4029.9,4034
1782434700,4038.9,4033.5,4033.7
1782435000,4036.1,4030.6,4031.3
1782435300,4040,4031.3,4035.4
1782435600,4044.8,4032.4,4032.4
1782435900,4036.3,4029.3,4033
1782436200,4036.8,4032.4,4035.1
1782436500,4042,4033.5,4040.1
1782436800,4040.2,4036.8,4038
1782437100,4038.4,4032.9,4037.9
1782437400,4039.1,4034.5,4035.8
1782437700,4038.1,4031.5,4036.8
1782438000,4041.1,4035,4035.9
1782438300,4038.3,4029.5,4031.4
1782438600,4033.9,4029.5,4033.3
1782438900,4037.4,4033.5,4036.4
1782439200,4038.5,4032.9,4035.8
1782439500,4036.4,4030.6,4032.1
1782439800,4032,4028.5,4030.1
1782440100,4031.8,4023.6,4024.2
1782440400,4026.4,4020.3,4021
1782440700,4023.7,4019,4022.4
1782441000,4024.5,4016.1,4017.8
1782441300,4018.4,4007,4013.1
1782441600,4013,4006.4,4007.6
1782441900,4009.5,4006.3,4008.4
1782442200,4011.1,4000,4001.7
1782442500,4009,3998.1,4005.8
1782442800,4007.9,4001.7,4005.8
1782443100,4010.7,4004.5,4010.2
1782443400,4015,4008.6,4013
1782443700,4015.5,4009.2,4014.2
1782444000,4013.8,4007.9,4008.9
1782444300,4011.3,4007.6,4010.5
1782444600,4013.7,4008.2,4011
1782444900,4013.7,4010.2,4011.6
1782445200,4016.7,4011.4,4015.6
1782445500,4015.9,4012.5,4012.8
1782445800,4017.7,4013.1,4017.3
1782446100,4021.9,4017,4019.6
1782446400,4020.9,4016,4016
1782446700,4018.5,4013.8,4016.3
1782447000,4024.8,4016.2,4023.5
1782447300,4027.4,4021.9,4024.7
1782447600,4025.7,4023,4023
1782447900,4023.9,4021.3,4022.6
1782448200,4023.6,4019.5,4020.2
1782448500,4020.5,4017.6,4018.5
1782448800,4023.6,4016.9,4023.4
1782449100,4025.1,4022.3,4024.3
1782449400,4030.6,4024.1,4029.7
1782449700,4030.1,4025.9,4026.6
1782450000,4028.3,4024.7,4025.5
1782450300,4027.7,4021.7,4027.2
1782450600,4030.5,4027,4030.5
1782450900,4034.8,4028.8,4030.3
1782451200,4030.4,4027.1,4028.5
1782451500,4034,4028.5,4031.8
1782451800,4037,4030.1,4032
1782452100,4034,4027.4,4029.1
1782452400,4032.6,4026.1,4026.4
1782452700,4027.9,4020.6,4027.2
1782453000,4030.9,4025.7,4030.5
1782453300,4030.3,4021.9,4023.4
1782453600,4025.9,4022.1,4023.1
1782453900,4027,4023.2,4024.3
1782454200,4025.5,4021.9,4025
1782454500,4027,4023.7,4024.1
1782454800,4041.5,4024,4038.6
1782455100,4040.6,4035.9,4039.6
1782455400,4043.8,4038,4039.4
1782455700,4041,4036.8,4038.9
1782456000,4042.1,4036.3,4040.9
1782456300,4044.1,4039,4039.1
1782456600,4041.2,4037.5,4039.2
1782456900,4048.8,4038.3,4047.9
1782457200,4049.7,4042.3,4045.2
1782457500,4048.1,4043.7,4044.8
1782457800,4045.2,4042.5,4042.9
1782458100,4047.2,4042.4,4046.7
1782458400,4046.9,4043.3,4045
1782458700,4055.5,4045.1,4053.6
1782459000,4054.5,4052.2,4053.1
1782459300,4053.5,4049.4,4051.5
1782459600,4051.9,4046.3,4046.7
1782459900,4047.1,4043.6,4044.4
1782460200,4045.6,4042.5,4045.6
1782460500,4047.6,4045,4046
1782460800,4048.7,4041,4041.6
1782461100,4047,4041,4045.7
1782461400,4047.2,4043.4,4046.5
1782461700,4050.2,4045.4,4048.1
1782462000,4049.4,4045.4,4046.1
1782462300,4051.2,4045.8,4050.9
1782462600,4051.6,4047.6,4049.7
1782462900,4050,4047.2,4048.6
1782463200,4051.5,4047.6,4050.8
1782463500,4053.5,4048.2,4048.7
1782463800,4049.6,4047.3,4048
1782464100,4047.9,4044.8,4046.1
1782464400,4050.2,4044.3,4049.4
1782464700,4055.3,4049.3,4054
1782465000,4057.7,4053.1,4054.9
1782465300,4062.7,4049.4,4062.3
1782465600,4064.8,4058.4,4063.6
1782465900,4066.5,4062.1,4063.2
1782466200,4065,4060.3,4063.4
1782466500,4069.7,4063.6,4067
1782466800,4069.1,4062.6,4063.3
1782467100,4064.7,4060.9,4062.4
1782467400,4069.3,4061.9,4065.8
1782467700,4066,4062.5,4062.5
1782468000,4064.5,4059.6,4062.9
1782468300,4066.4,4062.1,4065.4
1782468600,4067.7,4065.3,4066.6
1782468900,4067.1,4060,4060
1782469200,4061.4,4057.4,4059.5
1782469500,4064.1,4058.8,4063.2
1782469800,4069.6,4062.6,4069.1
1782470100,4069.4,4064.2,4064.4
1782470400,4066.1,4062,4063.7
1782470700,4065.6,4062.5,4064
1782471000,4069.9,4063.7,4068.1
1782471300,4070.5,4066.6,4070.1
1782471600,4071,4066.6,4068
1782471900,4070.1,4067,4068
1782472200,4068.5,4062.5,4062.6
1782472500,4069.6,4061.5,4068.4
1782472800,4069.2,4066.7,4067.5
1782473100,4069.1,4065.9,4068.1
1782473400,4071.5,4068.1,4069.3
1782473700,4069.1,4063.5,4063.8
1782474000,4065.6,4061.3,4061.9
1782474300,4063.7,4060.5,4060.8
1782474600,4061.4,4057.6,4059.7
1782474900,4062.4,4059.6,4061
1782475200,4061.3,4058.3,4059.8
1782475500,4063.1,4059.5,4062.7
1782475800,4066,4062.5,4064.2
1782476100,4066.7,4058.9,4059.6
1782476400,4061.9,4056.7,4058.7
1782476700,4062.6,4059,4061.6
1782477000,4064.1,4057.6,4059.7
1782477300,4061.2,4058.1,4058.9
1782477600,4059.3,4050.6,4055
1782477900,4059.3,4053.9,4059.1
1782478200,4063.8,4058.3,4060.7
1782478500,4076.7,4060.9,4074
1782478800,4081,4065,4067.2
1782479100,4068.2,4058.1,4059.7
1782479400,4065.9,4058.3,4065.1
1782479700,4068,4057.6,4065.1
1782480000,4073.6,4064.2,4072.1
1782480300,4073.5,4067.7,4072.1
1782480600,4072,4062.6,4065.3
1782480900,4066.3,4059.6,4062.7
1782481200,4077.2,4062.2,4077.2
1782481500,4080.4,4072.8,4077
1782481800,4084.5,4075.8,4079
1782482100,4093.1,4078.9,4088.9
1782482400,4095,4083,4093.1
1782482700,4095.8,4087.5,4095
1782483000,4100.7,4092.3,4097.5
1782483300,4108.6,4096.9,4104.1
1782483600,4108.3,4102.8,4104.2
1782483900,4106.5,4099.3,4099.5
1782484200,4100.3,4094.8,4095.4
1782484500,4097,4091.4,4094.4
1782484800,4099.3,4091.5,4097.8
1782485100,4107.1,4097.7,4103.2
1782485400,4104.1,4098.8,4103.1
1782485700,4106.7,4095.5,4095.5
1782486000,4098.4,4094.1,4094.6
1782486300,4096.4,4090.4,4095.9
1782486600,4097.7,4092.6,4094.7
1782486900,4099.9,4092.8,4097.2
1782487200,4099.1,4095.3,4097.2
1782487500,4099.7,4095.5,4099.1
1782487800,4104,4097,4097
1782488100,4109.7,4096.7,4106.8
1782488400,4110.8,4106.3,4110.3
1782488700,4111.8,4105.7,4110.1
1782489000,4110.8,4098.3,4101.7
1782489300,4107.3,4101.2,4106.3
1782489600,4108.3,4105.2,4107
1782489900,4107.1,4103.6,4104.4
1782490200,4107.9,4103.4,4106.5
1782490500,4109.1,4105.1,4105.7
1782490800,4106,4098.6,4101.1
1782491100,4103.9,4100,4102.1
1782491400,4108.5,4102.2,4103.4
1782491700,4104.1,4099.6,4099.8
1782492000,4101.4,4097.4,4099.4
1782492300,4102,4098.8,4098.9
1782492600,4100.6,4097.8,4100.3
1782492900,4100.8,4098.8,4100.2
1782493200,4101,4098.5,4099.7
1782493500,4103.3,4099.4,4102
1782493800,4102.6,4097.6,4098.6
1782494100,4099.5,4096.6,4096.8
1782494400,4100.3,4095.4,4099.9
1782494700,4099.9,4095.5,4096.6
1782495000,4098.4,4091.2,4093.2
1782495300,4094.1,4089.2,4090.5
1782495600,4092.7,4089.2,4091.7
1782495900,4092.9,4089.2,4091.1
1782496200,4091.9,4089.4,4090.1
1782496500,4090.5,4088.2,4089.5
1782496800,4091.7,4087,4091.4
1782497100,4094.1,4089.9,4092.3
1782497400,4093.1,4090.8,4091.8
1782497700,4091.8,4088.4,4089.1
1782498000,4089.5,4086.2,4086.5
1782498300,4088.6,4086.6,4088.3
1782498600,4090.3,4088.2,4089.3
1782498900,4089.6,4087.4,4088.7
1782499200,4088.9,4086.5,4087.4
1782499500,4087.3,4082.3,4084
1782499800,4085.6,4083.2,4085
1782500100,4086.3,4081.8,4082.1
1782500400,4083.3,4079.5,4080
1782500700,4082.2,4079.1,4081.4
1782501000,4084.6,4080.6,4084
1782501300,4084.3,4081.8,4082.7
1782501600,4082.7,4079.1,4080.3
1782501900,4082.4,4079.5,4080.8
1782502200,4085,4080.1,4084.8
1782502500,4085.5,4082.5,4083
1782502800,4084.9,4082.4,4083.3
1782503100,4084.7,4081.5,4084.5
1782503400,4088.8,4084.4,4087.8
1782503700,4089.1,4085.8,4086.2
1782504000,4087.2,4085.2,4085.8
1782504300,4085.9,4080.4,4080.8
1782504600,4083,4078.8,4082.5
1782504900,4082.8,4080.6,4082
1782505200,4085.8,4081.7,4085.8
1782505500,4087.1,4085.4,4086.6
1782505800,4086.3,4081.5,4084.2
1782506100,4084.8,4082,4083.5
1782506400,4085.5,4083.3,4084.9
1782506700,4090.3,4084.5,4090.2
1782507000,4096.4,4087.7,4095.8
1782507300,4104.4,4094.3,4103.7
1782684000,4102.9,4086.1,4090.1
1782684300,4097.5,4086.6,4089.8
1782684600,4092.3,4083.3,4084.3
1782684900,4084.3,4066.9,4073.8
1782685200,4076.9,4069.7,4073.5
1782685500,4075.7,4070.3,4071.1
1782685800,4077.2,4070,4071.3
1782686100,4076.1,4069.7,4074.8
1782686400,4079.6,4075.2,4077.4
1782686700,4083.5,4077,4083.3
1782687000,4083.1,4076.2,4078.4
1782687300,4083.7,4078.1,4080.7
1782687600,4084.3,4079.6,4081.8
1782687900,4085.3,4080,4084.7
1782688200,4084.5,4079,4079.4
1782688500,4079.6,4073.2,4074.1
1782688800,4075,4069.2,4071.6
1782689100,4073.4,4069.3,4071
1782689400,4071.7,4065.7,4070.4
1782689700,4077,4069.9,4074.8
1782690000,4077,4074.1,4077
1782690300,4080,4075.7,4075.8
1782690600,4080.9,4075.3,4078.7
1782690900,4080,4076.6,4076.9
1782691200,4079.3,4071.5,4076.2
1782691500,4076.7,4067.5,4072.4
1782691800,4075.2,4070.8,4073.3
1782692100,4076.5,4071.5,4071.7
1782692400,4072.6,4063.9,4066.7
1782692700,4067.3,4062.3,4062.4
1782693000,4069.6,4062.5,4068.3
1782693300,4076,4067.7,4074.4
1782693600,4083.9,4074.7,4083.8
1782693900,4083.6,4077,4080.5
1782694200,4083.8,4078.5,4083.7
1782694500,4088.6,4082.1,4083.8
1782694800,4084.4,4072.1,4078.4
1782695100,4088.7,4074.1,4076.4
1782695400,4079.1,4068.2,4069.4
1782695700,4075.1,4069,4072.7
1782696000,4078.1,4071.3,4075.9
1782696300,4080.7,4073.5,4073.9
1782696600,4075.3,4070.1,4074.1
1782696900,4079.2,4073.8,4076.5
1782697200,4081.3,4076,4078.3
1782697500,4078.5,4069.3,4074.9
1782697800,4076.5,4070.9,4076.1
1782698100,4077.8,4073.7,4075.4
1782698400,4085.1,4073.6,4080
1782698700,4081.7,4074.1,4076.4
1782699000,4081.2,4074.8,4075.6
1782699300,4083.7,4074.7,4082.1
1782699600,4084.9,4079.7,4082.4
1782699900,4085.4,4081.4,4083.7
1782700200,4086.6,4081.9,4083.5
1782700500,4083.2,4074.4,4075.1
1782700800,4077.9,4072.8,4074.9
1782701100,4084.2,4073.6,4082.3
1782701400,4084.2,4078.7,4082.3
1782701700,4083.4,4079.6,4081
1782702000,4082.1,4079.7,4080.7
1782702300,4085,4080,4084.7
1782702600,4085.9,4080.1,4083.8
1782702900,4086.4,4082.2,4084.2
1782703200,4091.1,4083.8,4088.5
1782703500,4088.5,4085.6,4087.1
1782703800,4088.3,4082.4,4084.5
1782704100,4084.4,4080.1,4082
1782704400,4086.5,4080.1,4082.4
1782704700,4082.8,4080.8,4082.5
1782705000,4086.6,4081.3,4084.8
1782705300,4084.5,4082.4,4083.8
1782705600,4083.7,4079.8,4082.2
1782705900,4082.6,4079.6,4080.7
1782706200,4081.4,4078.4,4079.7
1782706500,4080,4076.5,4078.9
1782706800,4079,4076.5,4078.2
1782707100,4080.8,4078,4079.2
1782707400,4079.5,4074.5,4075.5
1782707700,4076.1,4069,4069
1782708000,4072,4066.6,4071.4
1782708300,4072.4,4069.7,4071.3
1782708600,4072,4068.2,4068.4
1782708900,4068.2,4063.5,4065.6
1782709200,4068.8,4061,4068.8
1782709500,4071.5,4064.8,4066.9
1782709800,4070.4,4066.2,4070.2
1782710100,4071.3,4067.5,4068.6
1782710400,4070.7,4063.3,4064.9
1782710700,4067,4062,4063.6
1782711000,4064.5,4054.1,4059.5
1782711300,4060.1,4053.3,4058
1782711600,4066,4057.2,4064.7
1782711900,4067.8,4063.4,4063.9
1782712200,4069.8,4061.4,4067.9
1782712500,4071.3,4066.7,4069
1782712800,4074.8,4067.9,4072.9
1782713100,4078.7,4072,4076.2
1782713400,4077,4072,4074.1
1782713700,4074.9,4071.8,4074.5
1782714000,4075,4071.8,4072.8
1782714300,4077.7,4070.5,4075.7
1782714600,4076.1,4070,4071.5
1782714900,4074.5,4069.6,4074.1
1782715200,4076.8,4073.1,4075.9
1782715500,4079.9,4074.6,4077.8
1782715800,4079.6,4076.6,4078.2
1782716100,4079,4076.4,4077.1
1782716400,4077.5,4072.7,4075.4
1782716700,4075.5,4072.3,4074.3
1782717000,4075.9,4070.7,4073.7
1782717300,4077.5,4072.6,4075.1
1782717600,4077.5,4072.6,4077
1782717900,4081.1,4075.3,4080.9
1782718200,4081.6,4077.1,4077.9
1782718500,4078.3,4076.1,4077.8
1782718800,4079.6,4075.5,4077.1
1782719100,4078.9,4075.1,4078.1
1782719400,4083.3,4077.5,4079.1
1782719700,4080.8,4075.7,4076.1
1782720000,4079,4074.8,4077.2
1782720300,4080.6,4076.5,4078.3
1782720600,4079.1,4076.5,4078.5
1782720900,4080,4076.3,4078.4
1782721200,4078.6,4075,4077
1782721500,4078.4,4074,4075.5
1782721800,4081,4075,4078.1
1782722100,4078.4,4074.9,4076.8
1782722400,4076.9,4068.7,4069.7
1782722700,4071.7,4067.5,4069.3
1782723000,4069.9,4065.7,4065.8
1782723300,4066.4,4057.6,4061.1
1782723600,4064.6,4059.3,4063.6
1782723900,4069.3,4063.2,4067.1
1782724200,4068,4062.3,4064.1
1782724500,4067.4,4062.5,4065.8
1782724800,4065.8,4060.9,4061.8
1782725100,4063,4059.3,4061.5
1782725400,4064.9,4055.5,4059.5
1782725700,4059.5,4055,4057.3
1782726000,4058.5,4054.7,4057.5
1782726300,4058.3,4051.4,4053.8
1782726600,4054.3,4046.2,4048.4
1782726900,4050.8,4038.4,4046.1
1782727200,4047.9,4041.8,4044.2
1782727500,4046.8,4043.7,4046.2
1782727800,4054.5,4046,4052.5
1782728100,4052.6,4047.1,4049.8
1782728400,4052.5,4048.8,4051.6
1782728700,4053.3,4050.7,4051.5
1782729000,4052.7,4045.8,4047.5
1782729300,4053.1,4046,4052.6
1782729600,4053,4047.7,4049.1
1782729900,4049.7,4046.8,4049.4
1782730200,4052.8,4048.4,4052.5
1782730500,4052.6,4049.9,4051.5
1782730800,4053.1,4049.5,4050.7
1782731100,4052.5,4049.6,4051.2
1782731400,4051.1,4046.9,4048.9
1782731700,4050.3,4047.4,4047.8
1782732000,4049.1,4043.3,4043.7
1782732300,4046.5,4041.6,4046.2
1782732600,4052.8,4044,4049.8
1782732900,4050.2,4046.3,4046.7
1782733200,4051.3,4046.4,4049.2
1782733500,4052.4,4049,4049.2
1782733800,4053.1,4049.4,4052.5
1782734100,4056.7,4051.4,4053.6
1782734400,4062.3,4052.1,4060.1
1782734700,4062.8,4058.2,4062.3
1782735000,4067,4061.8,4062.2
1782735300,4064.3,4057.6,4057.9
1782735600,4060.1,4051.8,4054
1782735900,4055.7,4051.6,4052.5
1782736200,4058.5,4051.9,4057.4
1782736500,4061.6,4057.1,4059
1782736800,4060.8,4055.7,4059
1782737100,4061.2,4056.6,4057.5
1782737400,4062.2,4057.5,4058.9
1782737700,4059.4,4056.7,4057.7
1782738000,4066,4057.7,4065
1782738300,4066.4,4060.1,4060.3
1782738600,4064.2,4058.5,4061.4
1782738900,4064.2,4059.8,4063.5
1782739200,4063.5,4057.3,4057.6
1782739500,4057.8,4051.8,4051.8
1782739800,4058.8,4050.8,4057.6
1782740100,4058.4,4048,4050.2
1782740400,4056,4049.3,4052.6
1782740700,4054.6,4047,4049.4
1782741000,4050.6,4044.1,4046
1782741300,4048.1,4042.3,4046.2
1782741600,4049.7,4036.3,4041.3
1782741900,4042.4,4028.9,4029.8
1782742200,4032,4021.7,4022.7
1782742500,4032.8,4012.5,4031.5
1782742800,4034.9,4029.2,4034.4
1782743100,4043,4034.1,4038.9
1782743400,4042.5,4037.5,4040.6
1782743700,4042.1,4035.1,4037.8
1782744000,4038.8,4033.8,4035
1782744300,4037.8,4031.9,4033.9
1782744600,4041.3,4033,4040.3
1782744900,4044.7,4037.9,4039.9
1782745200,4040.6,4035,4035.1
1782745500,4039.2,4034.7,4037.2
1782745800,4038.7,4033.1,4035.9
1782746100,4041.9,4035.2,4036.3
1782746400,4036.4,4030,4031.8
1782746700,4038.8,4031.7,4038.5
1782747000,4040.9,4037.1,4037.6
1782747300,4039,4031.7,4037
1782747600,4037.8,4035.5,4037
1782747900,4042.4,4036.5,4041.1
1782748200,4044.1,4039.8,4042.8
1782748500,4045.3,4041,4041.5
1782748800,4043.3,4039.8,4040.8
1782749100,4042.3,4038.5,4042
1782749400,4042.5,4037.5,4038.5
1782749700,4040.1,4036.1,4039.9
1782750000,4041.2,4039.2,4040.2
1782750300,4040.3,4037.9,4038.2
1782750600,4039,4033,4033.8
1782750900,4036.2,4033.8,4035.8
1782751200,4036.9,4033.8,4035.5
1782751500,4040.8,4035.2,4040.5
1782751800,4042.7,4039.9,4040.4
1782752100,4041.2,4038.1,4038.2
1782752400,4040.4,4037.5,4039.8
1782752700,4046.5,4039.8,4045.1
1782753000,4046.8,4042.4,4043.6
1782753300,4045.5,4042.9,4045
1782753600,4045,4040.8,4041.7
1782753900,4041.7,4036.6,4038.3
1782754200,4038.8,4035.4,4037.9
1782754500,4039.1,4036.6,4038.4
1782754800,4039,4036.1,4036.3
1782755100,4037,4035,4035.8
1782755400,4037.1,4034.2,4036
1782755700,4036.6,4033.6,4035.6
1782756000,4038.7,4035.2,4038.2
1782756300,4038.4,4036.2,4037.2
1782756600,4039.1,4037,4038.7
1782756900,4040,4037.4,4039.2
1782757200,4039.9,4038.3,4039.1
1782757500,4039,4034.8,4035.7
1782757800,4036.2,4034.5,4034.9
1782758100,4035.5,4034.3,4035.1
1782758400,4036,4034,4035.5
1782758700,4035.8,4030.2,4030.4
1782759000,4032.6,4029.8,4031.9
1782759300,4031.9,4026.4,4027.5
1782759600,4029.2,4023.8,4024
1782759900,4026.2,4023.9,4025.9
1782760200,4026.4,4022.2,4022.4
1782760500,4023.6,4019.3,4023.1
1782760800,4027,4022.9,4025.8
1782761100,4031.7,4026,4031.6
1782761400,4034.3,4031.1,4032
1782761700,4033.7,4031.3,4032.1
1782762000,4032.7,4030.8,4032.4
1782762300,4033.1,4029.1,4029.4
1782762600,4030,4027.5,4028.5
1782762900,4031.7,4027.1,4030.2
1782763200,4030.6,4028.7,4029.7
1782763500,4030.4,4027.4,4028.6
1782763800,4029.4,4028.1,4028.7
1782764100,4031.4,4028.8,4031.1
1782764400,4031.5,4030.6,4030.9
1782764700,4032.7,4030.5,4032.4
1782765000,4032.4,4030.6,4031.6
1782765300,4031.7,4029.1,4029.3
1782765600,4030.4,4028.9,4030.2
1782765900,4030.6,4029,4029.1
1782766200,4031.8,4029.2,4031.4
1782766500,4031.8,4030.5,4030.8
1782770400,4035.3,4030.6,4032.5
1782770700,4035.7,4030.8,4035
1782771000,4037.3,4031.9,4032.7
1782771300,4034.3,4031.8,4034.2
1782771600,4034.7,4031.3,4032
1782771900,4031.7,4029.3,4030
1782772200,4030,4027.2,4027.9
1782772500,4028.5,4026.3,4026.7
1782772800,4029.1,4024.5,4024.5
1782773100,4028.4,4023.5,4028.4
1782773400,4030.8,4027.1,4029.4
1782773700,4031.3,4026.7,4028.7
1782774000,4032.6,4028.3,4031.9
1782774300,4035.7,4031.8,4033.3
1782774600,4035.8,4033.5,4034.8
1782774900,4036.9,4034.5,4035.4
1782775200,4035.7,4032.1,4032.7
1782775500,4032.9,4029.8,4030.8
1782775800,4036,4029.4,4033.7
1782776100,4034,4032.3,4032.8
1782776400,4032.9,4027.2,4029.1
1782776700,4031.3,4027.4,4030.8
1782777000,4032.6,4028.8,4029.6
1782777300,4030,4028,4028.8
1782777600,4029.1,4021.3,4022.1
1782777900,4022.2,4017,4018.1
1782778200,4027.8,4018.3,4024.3
1782778500,4025.5,4018.4,4019.4
1782778800,4023.1,4019.5,4021.8
1782779100,4022.6,4017.5,4020
1782779400,4020.5,4014,4015.5
1782779700,4016.3,4008.2,4009.4
1782780000,4011.4,4004.4,4005.2
1782780300,4007.6,4003.6,4005.9
1782780600,4007.9,4003.8,4005.3
1782780900,4005.7,3990.6,4000.4
1782781200,4000.7,3988.8,3993.6
1782781500,3993.3,3955.3,3976.7
1782781800,3983.4,3968.2,3971.7
1782782100,3985.1,3963.7,3984
1782782400,3988.9,3979.4,3983.6
1782782700,3994.4,3981.3,3992.3
1782783000,3993.1,3987.6,3989.2
1782783300,3990.6,3983.3,3984.4
1782783600,3986.1,3978.9,3982.2
1782783900,3987,3974.7,3975.7
1782784200,3980.2,3974.7,3977.3
1782784500,3983.3,3975.6,3982.5
1782784800,3986.6,3979.7,3982.9
1782785100,3984.2,3971.9,3972.6
1782785400,3974,3965.7,3971
1782785700,3975.3,3969.1,3974.2
1782786000,3978,3969.2,3977.1
1782786300,3978.8,3973.6,3975
1782786600,3976.4,3969.4,3971.6
1782786900,3976.1,3967.3,3975.7
1782787200,3977.2,3970.1,3972.8
1782787500,3977.7,3972.3,3977.2
1782787800,3983.7,3976.4,3979.8
1782788100,3980.3,3972.8,3975.9
1782788400,3982.9,3975.7,3980.8
1782788700,3982.3,3978.5,3980.7
1782789000,3983,3978.8,3979.8
1782789300,3984.6,3979.2,3983.1
1782789600,3984,3978.5,3979.2
1782789900,3981,3976.2,3978.7
1782790200,3980.1,3973,3974.1
1782790500,3978.9,3974.1,3977.8
1782790800,3978.3,3975.3,3976.2
1782791100,3981.4,3976,3981.1
1782791400,3983,3980,3980.3
1782791700,3984.1,3979,3982.7
1782792000,3988.1,3982.2,3985
1782792300,3984.8,3981.1,3982.3
1782792600,3986.9,3981.4,3985.8
1782792900,3988.5,3985.2,3987.8
1782793200,3991.6,3987.7,3990.4
1782793500,3997,3990.6,3996.1
1782793800,4010.2,3995.7,4009.9
1782794100,4011.6,4005.6,4006.3
1782794400,4006.3,4000.6,4002.3
1782794700,4003.5,3997.3,4003.1
1782795000,4005.5,4001.5,4001.8
1782795300,4002.6,3999,3999.1
1782795600,4002.6,3997.6,4001.6
1782795900,4004.3,3999.5,4000.9
1782796200,4001.9,3997.5,3998.7
1782796500,3999.3,3994.3,3994.6
1782796800,3999.5,3993.3,3998.8
1782797100,4001.3,3992,3996.2
1782797400,3996.5,3989.1,3990.9
1782797700,3996.1,3988.6,3995.5
1782798000,3998.6,3992.7,3992.9
1782798300,3995.8,3991.4,3993.3
1782798600,3995.2,3989.7,3994.5
1782798900,3994.6,3990.3,3991.6
1782799200,4000.1,3991.7,3998.2
1782799500,4003.6,3997.7,4000.6
1782799800,4001.4,3998.4,4001
1782800100,4002.1,3997.3,4000.3
1782800400,4017,3999.2,4013.7
1782800700,4027,4010.6,4025.5
1782801000,4044.8,4024.2,4043.9
1782801300,4047.7,4035.1,4036
1782801600,4042.3,4035.3,4038.8
1782801900,4047.3,4037.2,4045.8
1782802200,4046,4040.7,4041.1
1782802500,4045.9,4040.4,4043
1782802800,4043.9,4038.4,4041.2
1782803100,4044,4038.2,4041.8
1782803400,4041.8,4037.5,4039.6
1782803700,4044.5,4039.2,4043.3
1782804000,4046.4,4040.5,4044.8
1782804300,4049.2,4042,4042.7
1782804600,4046,4039.8,4045.5
1782804900,4046.1,4041.1,4043.9
1782805200,4044.5,4041.6,4042.8
1782805500,4045.1,4040.8,4042.4
1782805800,4044.4,4039.5,4044
1782806100,4047.3,4043.4,4046
1782806400,4050.7,4045.6,4050
1782806700,4051.9,4040.1,4041.7
1782807000,4042.1,4035.5,4038
1782807300,4038.3,4034.3,4035.9
1782807600,4039.6,4033.5,4035
1782807900,4040.5,4034.6,4039.8
1782808200,4040.9,4037.1,4037.2
1782808500,4037.3,4032.2,4033
1782808800,4033.6,4028.5,4031.5
1782809100,4033.6,4030.6,4032.4
1782809400,4033.6,4027.2,4030.5
1782809700,4031.4,4028.1,4029.3
1782810000,4033.4,4028.4,4033.2
1782810300,4035.8,4032.7,4032.7
1782810600,4033.8,4030.9,4032.3
1782810900,4033.3,4031.1,4032.1
1782811200,4036.9,4032,4033.1
1782811500,4034.4,4029.9,4031.1
1782811800,4032.7,4026.5,4027.1
1782812100,4030.6,4025.8,4029.8
1782812400,4032.7,4029.6,4032.5
1782812700,4034.5,4032.3,4032.9
1782813000,4037.6,4032.2,4036.1
1782813300,4038.2,4034.4,4037.8
1782813600,4040.5,4037.4,4038.7
1782813900,4040.8,4036,4038.4
1782814200,4040,4035.5,4039.9
1782814500,4041.4,4037.6,4038.2
1782814800,4040.2,4037.9,4040
1782815100,4043.2,4039.1,4042.4
1782815400,4042.4,4039.1,4040.5
1782815700,4042.8,4039.9,4041.7
1782816000,4044,4040.9,4041.8
1782816300,4044.1,4040.2,4042.5
1782816600,4043.7,4042,4043.1
1782816900,4045.4,4042.8,4043.9
1782817200,4044.2,4039.2,4042.6
1782817500,4046.2,4042.6,4044.9
1782817800,4047.9,4044.8,4047.6
1782818100,4048.6,4043.8,4044.5
1782818400,4048,4043.9,4045.2
1782818700,4048.2,4043.9,4045.9
1782819000,4047.7,4043.4,4044.7
1782819300,4045.9,4042.1,4045.9
1782819600,4049.3,4044.2,4048.6
1782819900,4051.4,4045.4,4046.7
1782820200,4046.9,4043.7,4045.6
1782820500,4048.4,4044.6,4047.4
1782820800,4048.3,4043.9,4045.4
1782821100,4045.8,4042.1,4042.3
1782821400,4042.6,4039.9,4040.4
1782821700,4042.6,4038.6,4040.2
1782822000,4040.5,4031.3,4031.8
1782822300,4032.4,4028.7,4030.9
1782822600,4035.9,4028.4,4030.3
1782822900,4032,4026.3,4032
1782823200,4033.6,4029.6,4032.6
1782823500,4032.4,4027.3,4029
1782823800,4030,4026.1,4028.2
1782824100,4028.4,4022,4023.5
1782824400,4032,4023,4029.9
1782824700,4038.2,4028.9,4037.4
1782825000,4039.8,4036,4037.5
1782825300,4044.5,4035.6,4044
1782825600,4047.9,4033,4033.6
1782825900,4038,4033.5,4037.9
1782826200,4041.8,4033.2,4036
1782826500,4037.5,4027.2,4027.9
1782826800,4040.9,4027.9,4039.4
1782827100,4042.9,4036.1,4037.9
1782827400,4047.3,4037.8,4043.2
1782827700,4046.9,4041,4043.9
1782828000,4046,4039,4040.5
1782828300,4060,4039.7,4057.9
1782828600,4064,4051.5,4058.3
1782828900,4064.3,4057.5,4064
1782829200,4078.3,4062.4,4077.7
1782829500,4077.4,4068.4,4069
1782829800,4073.3,4066,4066.6
1782830100,4068.5,4059.3,4063.9
1782830400,4068.5,4062.6,4065.6
1782830700,4065.8,4057.9,4058.3
1782831000,4062.3,4056.1,4058
1782831300,4059,4051.8,4052
1782831600,4054.2,4048.4,4049.5
1782831900,4052.8,4046.7,4049.7
1782832200,4051.9,4046.4,4050.7
1782832500,4050.5,4040.4,4041.5
1782832800,4043.8,4036.2,4041.8
1782833100,4045.2,4041.2,4042.8
1782833400,4045.7,4041.6,4044
1782833700,4045.7,4041.5,4045
1782834000,4045.3,4040.9,4043.7
1782834300,4050.6,4043.6,4047.8
1782834600,4048.6,4045.5,4048.4
1782834900,4049.2,4043.3,4044
1782835200,4044.9,4040.4,4041.8
1782835500,4043.6,4040.2,4041.5
1782835800,4044.9,4040.8,4044.6
1782836100,4045.7,4042.3,4044.6
1782836400,4046.3,4043.3,4044
1782836700,4045.4,4043.2,4044.3
1782837000,4046,4043.4,4045.3
1782837300,4045.4,4042,4044.5
1782837600,4046.8,4042.9,4046
1782837900,4048.3,4045.6,4046.1
1782838200,4046.4,4044.3,4046.1
1782838500,4046.1,4040.3,4040.6
1782838800,4042.8,4038.6,4041.3
1782839100,4041.4,4035.4,4036.9
1782839400,4038.1,4034.3,4037.8
1782839700,4042.8,4037.5,4041.1
1782840000,4041.5,4037.4,4038.2
1782840300,4041,4034.9,4040
1782840600,4043.3,4040,4042.3
1782840900,4043.4,4040.5,4041.7
1782841200,4044.6,4040.9,4044.2
1782841500,4045.8,4043.9,4044.5
1782841800,4047.1,4044.4,4046
1782842100,4046.4,4044.6,4045.5
1782842400,4047.1,4045.4,4046.8
1782842700,4049,4046.3,4047.7
1782843000,4048.2,4046.9,4047
1782843300,4047.6,4045.1,4047.2
1782843600,4047.8,4045.7,4046.6
1782843900,4047.1,4045.2,4046.5
1782844200,4046.6,4043.9,4044.7
1782844500,4046.3,4044.5,4044.6
1782844800,4046.2,4042.9,4045.9
1782845100,4046.8,4043.8,4046.3
1782845400,4047.5,4045.3,4046.8
1782845700,4046.7,4043.1,4043.2
1782846000,4044.3,4041.3,4041.5
1782846300,4042.2,4038.9,4039.7
1782846600,4041.5,4037.9,4039
1782846900,4040.2,4038.1,4038.7
1782847200,4039.1,4036.5,4036.8
1782847500,4037.2,4035.6,4035.8
1782847800,4038,4035.3,4037
1782848100,4037.3,4035.3,4036.7
1782848400,4037.5,4035.7,4036.9
1782848700,4037.3,4034.7,4035.1
1782849000,4035.4,4030.2,4030.6
1782849300,4033.3,4029.1,4030.6
1782849600,4033.9,4027.9,4032.8
1782849900,4034.9,4032.1,4034
1782850200,4035.5,4033.7,4034.5
1782850500,4035.9,4032.3,4032.6
1782850800,4032.7,4030.4,4030.4
1782851100,4030.4,4027.2,4027.5
1782851400,4028.5,4026,4026.5
1782851700,4026.4,4024.6,4025.2
1782852000,4026.7,4025.2,4025.9
1782852300,4026.5,4024.5,4025.5
1782852600,4026.2,4024.4,4025
1782852900,4025.2,4020.1,4021.4
1782856800,4028.5,4022.3,4027.2
1782857100,4030.3,4026.9,4030.2
1782857400,4030.8,4026.6,4027.6
1782857700,4029.5,4025.7,4028
1782858000,4028.1,4024.8,4026.1
1782858300,4028.2,4025.4,4026.9
1782858600,4029.1,4026.3,4028.2
1782858900,4030,4028.1,4029.6
1782859200,4032.5,4027.1,4027.2
1782859500,4029.3,4025.6,4026.4
1782859800,4026.9,4024,4024.9
1782860100,4026.6,4024.9,4026.3
1782860400,4026.9,4024.3,4025.9
1782860700,4032.4,4025.7,4030.8
1782861000,4031.4,4027.2,4027.5
1782861300,4028.7,4025.3,4025.3
1782861600,4025.3,4021.6,4023.5
1782861900,4024.9,4020.5,4024.3
1782862200,4025.9,4022,4025
1782862500,4025,4021.8,4023.4
1782862800,4023.8,4022.1,4022.7
1782863100,4023.5,4018,4020.6
1782863400,4021.9,4018.2,4020.5
1782863700,4020.5,4017.4,4018.7
1782864000,4021.2,4017.9,4019.9
1782864300,4021.2,4018,4020.4
1782864600,4023,4020.1,4021.5
1782864900,4022.3,4014.4,4015.5
1782865200,4019.8,4014.4,4018.5
1782865500,4019.3,4013.2,4014.6
1782865800,4018.9,4013.6,4016.2
1782866100,4018,4014,4014.2
1782866400,4014.5,4008.4,4009.4
1782866700,4010.4,4007.6,4008.8
1782867000,4011.6,4006.2,4007
1782867300,4012.8,4007,4010.2
1782867600,4013.8,4002.8,4003.4
1782867900,4003.7,3995.6,3998.4
1782868200,3998.5,3991.7,3997.5
1782868500,3997.7,3988.2,3994.4
1782868800,3999,3993.7,3996.3
1782869100,3998.8,3994.4,3998.3
1782869400,4001.6,3989.4,3992.3
1782869700,3994,3988.2,3988.5
1782870000,3993.1,3987.4,3991.6
1782870300,3994.8,3986,3992.2
1782870600,3993.1,3986.6,3989
1782870900,3991.9,3988.1,3990.5
1782871200,3992.8,3987.2,3987.5
1782871500,3987.8,3983,3985.6
1782871800,3990,3984.7,3989.5
1782872100,3993.7,3988.6,3993.3
1782872400,3995.4,3992.5,3994.3
1782872700,3995.8,3992.7,3993.6
1782873000,3997.9,3991.6,3994.5
1782873300,3999.1,3994.7,3996.4
1782873600,3997.1,3993.6,3995.9
1782873900,3998.3,3994.8,3995
1782874200,3998.3,3992.5,3993.2
1782874500,3994.2,3991.1,3991.9
1782874800,3995.8,3991.2,3994.5
1782875100,3998,3993.8,3997.9
1782875400,3998.6,3996.1,3996.6
1782875700,4000.5,3995.9,3996.5
1782876000,3996.8,3993.5,3995.5
1782876300,3995.7,3993.1,3994.3
1782876600,3994.7,3988.4,3989.6
1782876900,3994.3,3989.6,3994
1782877200,3995.3,3990.2,3990.3
1782877500,3992.3,3989.3,3990.3
1782877800,3991.4,3989.5,3990.4
1782878100,3993.4,3990.2,3993.4
1782878400,3993.9,3987.7,3988.7
1782878700,3990.4,3988.1,3988.4
1782879000,3989.6,3986,3989
1782879300,3989.6,3987.1,3989
1782879600,3990,3987.7,3989.5
1782879900,3991,3988.9,3990.2
1782880200,3993.5,3990.1,3990.6
1782880500,3991.1,3986.4,3987.1
1782880800,3987.8,3985.1,3987.5
1782881100,3993,3987.1,3992.5
1782881400,3994.4,3991.5,3993.2
1782881700,3995.3,3989,3989.4
1782882000,3989.9,3984.5,3986.4
1782882300,3987.7,3985.2,3986.3
1782882600,3986.1,3982.1,3984.6
1782882900,3985.5,3982.6,3984.8
1782883200,3988,3984.6,3987.5
1782883500,3987.7,3985.3,3985.6
1782883800,3991.7,3983.2,3990
1782884100,3990.9,3985.9,3988.4
1782884400,3988.3,3984.5,3987.4
1782884700,3989.7,3986.3,3988.1
1782885000,3990.4,3986.6,3987.5
1782885300,3991.9,3986.5,3986.7
1782885600,3990.3,3985.8,3987.7
1782885900,3988.8,3977,3979.7
1782886200,3981.8,3976.1,3977.9
1782886500,3979.6,3975.8,3979.1
1782886800,3982.7,3978.6,3982
1782887100,3982.6,3980,3980.2
1782887400,3981.3,3976,3977.9
1782887700,3981,3977.2,3980.5
1782888000,3986.4,3980.3,3985.1
1782888300,3985.9,3981.2,3982.9
1782888600,3986.7,3982,3986.3
1782888900,3986.2,3983.8,3985
1782889200,3987.2,3978.2,3980
1782889500,3979.7,3973.2,3977.3
1782889800,3977.5,3973.5,3974.4
1782890100,3983.8,3973.1,3982.9
1782890400,3985.2,3980.3,3980.5
1782890700,3983.8,3976.5,3977.1
1782891000,3978.1,3973.7,3975.9
1782891300,3982.6,3976,3981.8
1782891600,3984.4,3981.2,3984.1
1782891900,3986,3982.1,3984
1782892200,3988.8,3983.7,3984.1
1782892500,3991.3,3984,3988.8
1782892800,3989.3,3983.3,3984.5
1782893100,3985.9,3982.8,3984.3
1782893400,3987.4,3982.4,3987.2
1782893700,3996.2,3987.2,3996
1782894000,3997.8,3992,3992.1
1782894300,3995.8,3991.8,3992.1
1782894600,3993.1,3989,3991
1782894900,3991,3985.8,3986.2
1782895200,3992,3985.6,3990.3
1782895500,3990.8,3987.8,3988.2
1782895800,3991,3988,3990.2
1782896100,3991,3984.5,3987.9
1782896400,3989.3,3985.9,3988.3
1782896700,3989.4,3986,3986.8
1782897000,3991,3987.1,3988.9
1782897300,3993.9,3988.7,3991.7
1782897600,3992.8,3989.9,3990.8
1782897900,3992.4,3990.1,3992.1
1782898200,3994.7,3990.8,3993.5
1782898500,3995.9,3993,3995.4
1782898800,3995.7,3992.5,3994.8
1782899100,3999.2,3994.9,3998.7
1782899400,3998.7,3996.3,3998.6
1782899700,3999.2,3996.8,3997.7
1782900000,4002.8,3997.7,4001.4
1782900300,4004,4000.4,4001
1782900600,4001.2,3996.1,3997.7
1782900900,3998.2,3995,3995.6
1782901200,3998.6,3994.4,3998.4
1782901500,4000.7,3996.4,4000.2
1782901800,4005.4,4000.2,4004.3
1782902100,4007.6,4002.4,4003
1782902400,4003.4,3999.7,4000.6
1782902700,4004.5,4000.3,4004.3
1782903000,4008,4004.4,4007.2
1782903300,4012.3,4007.3,4011.8
1782903600,4021.5,4011.3,4020.3
1782903900,4024.6,4019.9,4024
1782904200,4033.4,4023.4,4029.6
1782904500,4038.5,4028.3,4036.3
1782904800,4039.9,4032.5,4038
1782905100,4043.5,4035,4040.5
1782905400,4042.1,4036.8,4038
1782905700,4040.2,4037.3,4038.4
1782906000,4046.1,4036.9,4043.1
1782906300,4048.6,4042.3,4047.6
1782906600,4049.5,4043.5,4045.8
1782906900,4047.4,4043.9,4044.1
1782907200,4047.8,4037.2,4038
1782907500,4038.7,4035.3,4036.8
1782907800,4038.3,4033.5,4035.4
1782908100,4042.4,4035.6,4042.1
1782908400,4044.2,4038.5,4043.1
1782908700,4044.4,4039.4,4039.6
1782909000,4047,4039,4042.9
1782909300,4044.2,4037.6,4038.1
1782909600,4044.7,4037,4039.9
1782909900,4041.8,4038.5,4040.4
1782910200,4043.2,4039.2,4039.7
1782910500,4041.2,4036.4,4036.8
1782910800,4039.1,4031,4036.4
1782911100,4036.4,4026.5,4031.8
1782911400,4036.4,4027.8,4034.9
1782911700,4046,4035,4038.6
1782912000,4061.7,4038.2,4057.7
1782912300,4061.8,4051.6,4061
1782912600,4068.7,4055.4,4062.3
1782912900,4086.6,4061.1,4085.7
1782913200,4115.5,4083.9,4113.3
1782913500,4122.6,4099.4,4104.8
1782913800,4113.1,4100,4102.7
1782914100,4108.2,4100.6,4104.4
1782914400,4116.5,4097.5,4099.8
1782914700,4110.8,4099.8,4109
1782915000,4114.5,4106.8,4107.5
1782915300,4113.4,4103.7,4109.2
1782915600,4121,4108.5,4119.4
1782915900,4121.6,4110,4115.1
1782916200,4126.7,4112.8,4125.6
1782916500,4130.8,4120,4120.7
1782916800,4121.5,4106.7,4107.6
1782917100,4110.1,4101.3,4103.3
1782917400,4105.8,4100.7,4103.9
1782917700,4109.6,4103.4,4107.7
1782918000,4109.2,4102.5,4103.9
1782918300,4108.2,4097.7,4098.8
1782918600,4101,4095.9,4099.4
1782918900,4106.4,4099.2,4101.1
1782919200,4104.6,4092.6,4095
1782919500,4099.2,4093.4,4098.1
1782919800,4098.2,4091.7,4092
1782920100,4095.6,4090.8,4094.9
1782920400,4097.1,4093.1,4096.8
1782920700,4099.8,4095.6,4098.3
1782921000,4102.5,4097.3,4098.4
1782921300,4098.4,4093.5,4095.3
1782921600,4101.6,4095.3,4099.8
1782921900,4103.7,4098.3,4098.5
1782922200,4099.1,4095.8,4096.9
1782922500,4099,4095.6,4098.3
1782922800,4099.5,4094.8,4096.3
1782923100,4098.7,4095.7,4095.9
1782923400,4097.5,4089.6,4090.9
1782923700,4094.9,4090.7,4091.3
1782924000,4091.8,4087.1,4088.1
1782924300,4090.3,4086.6,4086.9
1782924600,4088.7,4084.5,4087
1782924900,4087.3,4083.9,4085
1782925200,4087.5,4083.7,4085.6
1782925500,4085.5,4081.9,4082.7
1782925800,4085.7,4081.5,4085.2
1782926100,4086,4081.5,4083.9
1782926400,4085.7,4082.9,4084
1782926700,4084.6,4081.5,4081.9
1782927000,4086.2,4081.8,4084.5
1782927300,4085.7,4083.6,4084.8
1782927600,4087.4,4083.4,4084.8
1782927900,4085.8,4084,4085
1782928200,4086.5,4083,4084
1782928500,4084.1,4080.9,4082.2
1782928800,4084.5,4082,4084.2
1782929100,4084.2,4081.6,4081.7
1782929400,4084.6,4080.9,4082.7
1782929700,4083.1,4078.8,4080.9
1782930000,4081.1,4077.4,4078.8
1782930300,4079.6,4074.7,4075
1782930600,4080,4075.2,4078.6
1782930900,4079,4077,4077.4
1782931200,4077.5,4075.1,4076.5
1782931500,4077,4074.4,4075.1
1782931800,4076.1,4071.4,4072.1
1782932100,4076.5,4071.9,4075.9
1782932400,4080.7,4075.4,4080.2
1782932700,4082.5,4078,4081.4
1782933000,4081.5,4078.2,4079.3
1782933300,4080,4074.8,4075.3
1782933600,4076.2,4070.4,4070.6
1782933900,4073.7,4070.5,4072.5
1782934200,4073.6,4069.3,4070.1
1782934500,4070.6,4068.8,4069.3
1782934800,4069.7,4066.2,4067.7
1782935100,4068,4064.5,4066
1782935400,4066.4,4052.9,4055.6
1782935700,4056.3,4048.5,4052.7
1782936000,4053.6,4042.4,4043.6
1782936300,4048.7,4041.7,4048.1
1782936600,4050.3,4046.8,4049
1782936900,4050.5,4048.1,4049.1
1782937200,4051.6,4048.8,4051.4
1782937500,4053,4050.4,4051.9
1782937800,4052.7,4049.8,4049.9
1782938100,4050.2,4047.8,4048.4
1782938400,4049.3,4046.3,4047.3
1782938700,4048.1,4045.4,4046.3
1782939000,4049.4,4045.9,4046
1782939300,4046.4,4043.8,4044
1782943200,4052.3,4045,4052.3
1782943500,4053.7,4047.2,4047.8
1782943800,4050.1,4047.5,4048.8
1782944100,4049.9,4047.1,4047.8
1782944400,4051.4,4047.5,4050.9
1782944700,4051.7,4050,4050.6
1782945000,4051.1,4049.3,4050.7
1782945300,4052.8,4049.5,4052.1
1782945600,4052.8,4051,4052
1782945900,4056.3,4051.9,4056.2
1782946200,4057.1,4054.6,4054.6
1782946500,4057.5,4054.5,4057.3
1782946800,4057.3,4054.7,4055.3
1782947100,4055.7,4052.3,4053.9
1782947400,4055.2,4049.5,4049.8
1782947700,4051.9,4048.2,4051.3
1782948000,4051.7,4048,4048.3
1782948300,4049.6,4046,4049.5
1782948600,4052.7,4049.5,4051
1782948900,4051.7,4047.1,4047.1
1782949200,4049,4046.7,4048
1782949500,4048.4,4045.4,4046.4
1782949800,4049.5,4046,4048.7
1782950100,4049,4046.9,4047.3
1782950400,4048.6,4042.9,4045.1
1782950700,4053.4,4044.4,4051.5
1782951000,4059.2,4051.2,4057.5
1782951300,4058,4052.5,4052.8
1782951600,4059,4052.8,4059
1782951900,4060.8,4056.3,4059.1
1782952200,4059.3,4054.3,4056.9
1782952500,4058.9,4054.4,4055.2
1782952800,4055.2,4050,4051.7
1782953100,4065.8,4051.6,4062.7
1782953400,4065.2,4061.2,4063.3
1782953700,4064.1,4060.7,4063.8
1782954000,4080.5,4062.5,4076.9
1782954300,4078.2,4072.4,4076.4
1782954600,4080,4075.9,4077.1
1782954900,4077.7,4071.3,4072.6
1782955200,4073.1,4063.7,4064.4
1782955500,4067.5,4062,4065.1
1782955800,4067.1,4058,4060.2
1782956100,4065.9,4058.4,4065.3
1782956400,4068.1,4059.4,4059.4
1782956700,4065.7,4056.4,4064.9
1782957000,4067.9,4063.7,4066.2
1782957300,4069.1,4061.5,4062.5
1782957600,4063.6,4055.1,4059.2
1782957900,4059.5,4054.4,4056.7
1782958200,4060.7,4053.2,4060.5
1782958500,4066.5,4059.8,4066.4
1782958800,4067.2,4060.8,4063.1
1782959100,4064.9,4062.6,4063.8
1782959400,4066.7,4059.7,4062.7
1782959700,4066.7,4061.7,4063.7
1782960000,4069.6,4062.4,4068.9
1782960300,4071,4066.4,4069.4
1782960600,4071.5,4068.2,4069.9
1782960900,4073.2,4069.3,4069.4
1782961200,4071.8,4068.3,4068.9
1782961500,4072.1,4067.7,4067.8
1782961800,4071,4067.5,4069.9
1782962100,4072.5,4069.8,4071.1
1782962400,4074.7,4070.5,4073.9
1782962700,4079.4,4072.8,4077.3
1782963000,4078.9,4075.1,4075.8
1782963300,4078,4073.7,4076.8
1782963600,4080,4076.9,4078
1782963900,4081.6,4075.1,4080.9
1782964200,4085.1,4079.7,4084.2
1782964500,4086.4,4081.2,4081.9
1782964800,4084.9,4081.5,4083.4
1782965100,4085.1,4082.6,4082.6
1782965400,4083.2,4080.1,4082.3
1782965700,4082.5,4078.1,4079.2
1782966000,4080,4076.6,4076.7
1782966300,4079,4076.2,4077.8
1782966600,4078.6,4074.4,4075.4
1782966900,4076.3,4074.5,4075.2
1782967200,4076.7,4073.2,4075.4
1782967500,4075.8,4073.4,4073.7
1782967800,4077.1,4073.8,4075.1
1782968100,4075.9,4072.5,4072.7
1782968400,4073.6,4069.5,4071.2
1782968700,4072.8,4069.7,4070.1
1782969000,4071.2,4066.2,4067.5
1782969300,4071.1,4066.6,4070.6
1782969600,4074.3,4070.2,4073.5
1782969900,4074.2,4069.4,4069.4
1782970200,4074.1,4065.1,4068.1
1782970500,4078.4,4067.1,4074.9
1782970800,4076.2,4073.1,4074.1
1782971100,4077.3,4072,4072.7
1782971400,4077.1,4073,4075.9
1782971700,4079.9,4074.5,4078.2
1782972000,4088.5,4078,4082.6
1782972300,4086.3,4080.6,4082.2
1782972600,4084.4,4080.5,4080.7
1782972900,4088,4079.4,4087
1782973200,4092.6,4086.7,4090.8
1782973500,4092.5,4086.5,4086.8
1782973800,4090.3,4086,4088.5
1782974100,4088.7,4084.2,4084.8
1782974400,4085.2,4078.3,4080.8
1782974700,4086.5,4079,4085.6
1782975000,4087.8,4082.1,4085.2
1782975300,4089.3,4084.9,4085.8
1782975600,4086.2,4079.7,4081.9
1782975900,4084.7,4080.2,4084.4
1782976200,4086.9,4079.5,4080.1
1782976500,4080.9,4076.7,4077.4
1782976800,4079.8,4074,4074.3
1782977100,4077.2,4073.4,4075
1782977400,4077.2,4073,4076.3
1782977700,4083.7,4075.7,4083.7
1782978000,4088.3,4083,4087.1
1782978300,4087.7,4079.6,4082
1782978600,4083.2,4078.1,4079
1782978900,4079.6,4076.1,4076.8
1782979200,4079.1,4073.7,4078.2
1782979500,4084.4,4078.2,4083.6
1782979800,4086.5,4080.7,4082
1782980100,4085.9,4080.9,4085.9
1782980400,4090.4,4085.1,4087.7
1782980700,4088.1,4085.4,4087.5
1782981000,4087.9,4084.5,4086.5
1782981300,4088.5,4084.6,4087.4
1782981600,4090.3,4086.3,4087.7
1782981900,4092.5,4085.8,4089.4
1782982200,4091.1,4085.4,4090.7
1782982500,4093,4088.2,4088.6
1782982800,4089.4,4086.8,4087.5
1782983100,4088.6,4081.9,4083.5
1782983400,4085.1,4082.8,4084.8
1782983700,4086.2,4081.5,4084
1782984000,4084.6,4079.4,4080
1782984300,4080.4,4078.5,4080
1782984600,4080.5,4075.8,4078.2
1782984900,4079.6,4077.1,4079.5
1782985200,4084.8,4078,4081.7
1782985500,4084.7,4080.5,4081.2
1782985800,4082.9,4078.3,4078.5
1782986100,4079.7,4076.9,4077.7
1782986400,4079,4075.5,4076.1
1782986700,4078.3,4075.5,4076.8
1782987000,4079.1,4075,4075.9
1782987300,4078.9,4074.5,4078.4
1782987600,4080.7,4077.1,4079.5
1782987900,4080.3,4078.1,4078.8
1782988200,4079.6,4076.2,4078.8
1782988500,4079.3,4075.9,4076.2
1782988800,4081.7,4075.8,4077.4
1782989100,4077.6,4073.9,4074.2
1782989400,4077.1,4073.8,4076.3
1782989700,4080.4,4074.6,4078.6
1782990000,4079.3,4071.9,4072.3
1782990300,4072.9,4069.5,4071.7
1782990600,4075.8,4072,4075.7
1782990900,4080,4074.7,4077.9
1782991200,4077.8,4075,4076.4
1782991500,4078.3,4074.8,4077.4
1782991800,4079.3,4076,4077.2
1782992100,4079.4,4075.3,4079
1782992400,4084,4077.2,4083.5
1782992700,4084.5,4080.2,4083.6
1782993000,4084.2,4081.8,4082.8
1782993300,4083.4,4077.4,4077.4
1782993600,4079.1,4074.1,4078.8
1782993900,4085.9,4079.1,4082
1782994200,4083.3,4073.2,4076.2
1782994500,4077.4,4073.7,4073.9
1782994800,4081.3,4074,4079.4
1782995100,4082.3,4075.2,4078.7
1782995400,4144,4077.5,4141.1
1782995700,4152.8,4136.7,4150.1
1782996000,4154.1,4143.6,4145.5
1782996300,4147.3,4133,4137.7
1782996600,4144,4132.2,4133.3
1782996900,4134.9,4125,4130.5
1782997200,4143,4128.5,4139.8
1782997500,4140.1,4128.9,4130.8
1782997800,4139.4,4129.9,4137
1782998100,4137.3,4127.4,4131.8
1782998400,4133.4,4125.7,4126.9
1782998700,4130.1,4122.1,4125.8
1782999000,4142.8,4122.7,4140.6
1782999300,4151.2,4139.6,4148
1782999600,4151.1,4138.9,4147.2
1782999900,4156.4,4146.4,4153.9
1783000200,4157.4,4145.1,4146.4
1783000500,4154,4145.1,4150.3
1783000800,4152.3,4140.7,4143.2
1783001100,4147.9,4140.7,4140.7
1783001400,4144.2,4136.5,4141.3
1783001700,4149,4139.3,4143.4
1783002000,4143.5,4133.9,4136.2
1783002300,4137.6,4126.8,4129.2
1783002600,4138.8,4127.7,4132.6
1783002900,4134,4129.2,4131.5
1783003200,4133.9,4127.6,4131.8
1783003500,4136,4128.8,4135.5
1783003800,4139.5,4133.3,4137
1783004100,4143,4137.1,4141.6
1783004400,4144.7,4138.9,4140
1783004700,4140.8,4127.8,4134
1783005000,4144.1,4133.7,4139.9
1783005300,4142.1,4133.1,4135.2
1783005600,4144.6,4134.6,4142.7
1783005900,4143,4135.3,4135.6
1783006200,4144.3,4135.5,4143
1783006500,4144.4,4140.5,4140.7
1783006800,4141.9,4137.6,4138.5
1783007100,4143.2,4138.3,4141.6
1783007400,4141.5,4137,4141.3
1783007700,4142.5,4138.4,4141.5
1783008000,4143.4,4137.5,4139.4
1783008300,4140.5,4134.8,4135.4
1783008600,4139.2,4134.8,4136.1
1783008900,4137.2,4133.4,4136.2
1783009200,4136.7,4128.7,4129.6
1783009500,4132.1,4127.9,4129.3
1783009800,4128.9,4114.7,4115.7
1783010100,4123.7,4112.7,4123.2
1783010400,4129.8,4122.3,4127.7
1783010700,4131.9,4126.9,4130.9
1783011000,4133.6,4128,4130.7
1783011300,4132.4,4129,4131.1
1783011600,4132.4,4127,4129.3
1783011900,4134,4126.1,4130
1783012200,4131.8,4127.2,4131.1
1783012500,4133.2,4129.1,4130.1
1783012800,4130.6,4124.7,4127.8
1783013100,4129.7,4124.3,4125.8
1783013400,4127.8,4123.5,4124.6
1783013700,4126.3,4121.2,4122.2
1783014000,4122.7,4118.8,4120.5
1783014300,4122.9,4119.1,4121.9
1783014600,4123.6,4119.4,4121.9
1783014900,4123,4118.2,4119.4
1783015200,4127.4,4118.5,4127.3
1783015500,4136,4126.7,4135.6
1783015800,4136.8,4131.5,4132.3
1783016100,4133.6,4128.7,4129.9
1783016400,4131.6,4128.9,4131.1
1783016700,4136.5,4131.2,4136.1
1783017000,4140.6,4136,4138.3
1783017300,4139.3,4137.2,4138.1
1783017600,4138.3,4134.4,4134.4
1783017900,4135.8,4133,4135.4
1783018200,4137.5,4134,4134.7
1783018500,4136.1,4133.7,4135.7
1783018800,4137.7,4130.7,4131.1
1783019100,4132.7,4128.9,4130
1783019400,4130.2,4126.1,4127.5
1783019700,4128.1,4124.8,4125.3
1783020000,4125.4,4121.5,4121.8
1783020300,4126.7,4121.2,4125.9
1783020600,4127.9,4124.6,4126.4
1783020900,4126.8,4124.2,4125.9
1783021200,4127.3,4125.4,4126.6
1783021500,4128.9,4125.9,4128.8
1783021800,4136.9,4128.9,4136.9
1783022100,4137.2,4132.8,4134.2
1783022400,4134.5,4129.3,4133.2
1783022700,4135.8,4132.8,4134.6
1783023000,4134.7,4132.7,4133.1
1783023300,4135.3,4132,4135.3
1783023600,4138.4,4135.1,4136.3
1783023900,4137.5,4136.2,4136.6
1783024200,4138.2,4136.1,4136.6
1783024500,4137.2,4134.8,4135
1783024800,4136,4133.9,4133.9
1783025100,4134.2,4132.6,4132.7
1783025400,4134.8,4131.6,4134.7
1783025700,4137.3,4134.4,4135.6
1783029600,4140,4137.2,4138.3
1783029900,4141,4137.1,4140.5
1783030200,4140.9,4137.2,4137.4
1783030500,4138.3,4136.1,4137.7
1783030800,4138.1,4135.6,4136.4
1783031100,4137.1,4135.2,4136.9
1783031400,4139,4136.2,4138.8
1783031700,4139,4137,4137.1
1783032000,4137.6,4134.6,4135.8
1783032300,4137,4135.4,4136.3
1783032600,4136.8,4135.2,4136.2
1783032900,4138.9,4136.3,4137.1
1783033200,4139.8,4137,4137.7
1783033500,4139.4,4136.8,4139.2
1783033800,4140,4137.7,4137.8
1783034100,4140.5,4136.6,4137.7
1783034400,4140,4137.2,4139.8
1783034700,4142.9,4139.7,4142.4
1783035000,4148,4138.9,4139.6
1783035300,4140.7,4134.2,4136
1783035600,4139.8,4133.4,4137.5
1783035900,4143.6,4137.5,4143.4
1783036200,4143.8,4137,4141.1
1783036500,4144.9,4137.9,4139.3
1783036800,4145.8,4136,4144.7
1783037100,4145.7,4137.9,4141.5
1783037400,4150.2,4139.7,4148
1783037700,4149.2,4144.8,4149.2
1783038000,4154.2,4148.2,4151.6
1783038300,4154.1,4149.2,4150
1783038600,4151.1,4145.8,4147.1
1783038900,4152.6,4146.3,4150.6
1783039200,4152,4146.5,4148.7
1783039500,4154.2,4147.7,4153.6
1783039800,4162.4,4152.6,4159.9
1783040100,4164.4,4159.6,4159.9
1783040400,4174.6,4159.2,4173.9
1783040700,4188.7,4171.8,4185
1783041000,4192.1,4179.8,4188.8
1783041300,4194.3,4186,4192.2
1783041600,4206.9,4191,4204.5
1783041900,4205.4,4198.1,4199.8
1783042200,4205.8,4194.7,4205.2
1783042500,4208.5,4196.8,4197.2
1783042800,4197.7,4191.7,4192.5
1783043100,4195.5,4188.4,4193.2
1783043400,4194.4,4187.6,4192.2
1783043700,4196.7,4191.5,4194.7
1783044000,4197.3,4189.5,4191.9
1783044300,4194.5,4191.1,4192
1783044600,4195,4191.3,4192.1
1783044900,4194.3,4189.3,4189.5
1783045200,4193.5,4189.7,4191.5
1783045500,4192.5,4189.4,4192.4
1783045800,4196.5,4191,4193.4
1783046100,4200,4192.3,4199.1
1783046400,4199.8,4194.3,4196.5
1783046700,4197.4,4191.8,4193.2
1783047000,4199.1,4192,4196.6
1783047300,4199.7,4195.3,4196.6
1783047600,4197.7,4192.7,4195.1
1783047900,4196.3,4193.4,4194.6
1783048200,4197.1,4194.6,4195.9
1783048500,4196.7,4194.5,4194.8
1783048800,4196.4,4192.4,4193.1
1783049100,4195.6,4192.8,4194.4
1783049400,4196.1,4192.4,4194.8
1783049700,4195.5,4192,4193.4
1783050000,4195.1,4190.1,4190.4
1783050300,4192.5,4189.3,4189.9
1783050600,4190.7,4189.1,4189.6
1783050900,4189.9,4188.2,4189.1
1783051200,4189.5,4185.8,4187.4
1783051500,4191,4186.9,4191
1783051800,4192.2,4190.3,4190.8
1783052100,4194.8,4189.6,4194.4
1783052400,4196,4191,4191.7
1783052700,4192.6,4190.4,4191.5
1783053000,4191.6,4187.8,4190
1783053300,4190.4,4187.8,4189.2
1783053600,4191,4188.5,4189.9
1783053900,4191.3,4188.9,4189.1
1783054200,4189.2,4187.3,4188.1
1783054500,4191.5,4187.2,4191.5
1783054800,4193.7,4189.2,4193.1
1783055100,4194,4191.2,4191.5
1783055400,4191.7,4190.1,4191.3
1783055700,4192.1,4189,4191.8
1783056000,4191.9,4185,4186.9
1783056300,4189.6,4186.4,4188.3
1783056600,4194.4,4186.9,4191.2
1783056900,4192.2,4186.4,4186.4
1783057200,4188.5,4185.6,4187.4
1783057500,4188.8,4181.6,4183.8
1783057800,4186.3,4183,4183.8
1783058100,4184.4,4182.9,4183.7
1783058400,4184.2,4177.2,4177.5
1783058700,4184.5,4177,4183
1783059000,4183,4175,4175.4
1783059300,4179.1,4173.1,4178.5
1783059600,4180.1,4175.9,4176.9
1783059900,4179.3,4176.1,4177.8
1783060200,4184.3,4177.5,4182.7
1783060500,4186.7,4181.5,4183.2
1783060800,4185.5,4181.7,4183.9
1783061100,4186.8,4183.4,4186.2
1783061400,4187.4,4184.4,4185.9
1783061700,4187.4,4183.7,4186
1783062000,4187.8,4184,4187.6
1783062300,4193.1,4187.4,4193
1783062600,4193.6,4184.8,4186.6
1783062900,4187.4,4183.2,4184.3
1783063200,4186.5,4181.7,4185.8
1783063500,4188.8,4185.3,4188
1783063800,4190.9,4186.3,4189.3
1783064100,4192.3,4189,4192
1783064400,4192.7,4189.5,4192.5
1783064700,4194,4191.6,4193.2
1783065000,4194.7,4190,4191
1783065300,4191.6,4187.4,4190.3
1783065600,4197.6,4190.1,4195.9
1783065900,4198.6,4194.2,4195.1
1783066200,4197.6,4193.9,4196.7
1783066500,4198.3,4195.3,4197.4
1783066800,4198.1,4195,4195.8
1783067100,4196.9,4193.5,4195.7
1783067400,4199.3,4193.3,4198
1783067700,4199,4194.6,4194.6
1783068000,4196.9,4192.9,4196.4
1783068300,4198,4189.5,4189.8
1783068600,4192.7,4189.1,4191.9
1783068900,4195,4191.9,4193.4
1783069200,4193.7,4191.6,4193.2
1783069500,4194.3,4189.7,4189.7
1783069800,4192.9,4188.2,4192.9
1783070100,4192.9,4187.8,4188.4
1783070400,4190,4185.2,4185.4
1783070700,4186.5,4183.5,4184.2
1783071000,4185.3,4181.1,4182
1783071300,4184.2,4180.7,4183.9
1783071600,4185,4182.4,4184.5
1783071900,4186.1,4184.3,4185.5
1783072200,4187.2,4183.5,4187.1
1783072500,4187.5,4184,4184.2
1783072800,4188.7,4183,4188.1
1783073100,4193,4188.1,4190.9
1783073400,4193.2,4190,4192.1
1783073700,4192.9,4190.2,4192.5
1783074000,4193.4,4191.5,4192.4
1783074300,4193.6,4190.2,4190.7
1783074600,4191.4,4189.2,4189.4
1783074900,4189.7,4187.9,4189.5
1783075200,4190.4,4188.3,4190.2
1783075500,4191,4187.1,4188.2
1783075800,4191,4188,4188.8
1783076100,4190.5,4188.9,4189.3
1783076400,4191.5,4187.6,4191.3
1783076700,4192.3,4189.9,4192
1783077000,4196.2,4191.6,4195.5
1783077300,4197.7,4195.5,4195.6
1783077600,4198.6,4194.7,4197.4
1783077900,4198,4195.1,4195.3
1783078200,4197.3,4194.8,4196.3
1783078500,4198.4,4195.4,4197.7
1783078800,4198.4,4196.9,4197.6
1783079100,4198.7,4196.1,4196.2
1783079400,4196.7,4193.2,4193.6
1783079700,4194,4190.9,4193.5
1783080000,4193.8,4190,4190.7
1783080300,4195.7,4190.8,4193.5
1783080600,4193.5,4190.1,4190.3
1783080900,4190.6,4187.4,4188.1
1783081200,4187.8,4185.2,4186.5
1783081500,4187.6,4184.5,4187.1
1783081800,4189.8,4185.1,4189.8
1783082100,4190.1,4185.4,4187.7
1783082400,4188.3,4186,4187.4
1783082700,4189.6,4186.8,4187.9
1783083000,4190,4186.3,4187.3
1783083300,4190,4184.2,4189.1
1783083600,4191.9,4184.8,4186.4
1783083900,4187,4178.5,4179.1
1783084200,4181.3,4176.5,4179
1783084500,4183.5,4178.7,4181.9
1783084800,4183.7,4179.4,4181.8
1783085100,4184.5,4181.7,4183.7
1783085400,4183.9,4177.7,4179.2
1783085700,4180.9,4177,4179.7
1783086000,4180.3,4177.7,4179.2
1783086300,4179.4,4175.4,4177
1783086600,4180,4176.3,4178.7
1783086900,4181.2,4175.7,4176.8
1783087200,4179.7,4174.9,4178.9
1783087500,4179.1,4167.5,4171.2
1783087800,4175.9,4170.7,4174.3
1783088100,4177.7,4174,4174.3
1783088400,4176.8,4173.3,4175.4
1783088700,4179.1,4174.4,4178.3
1783089000,4179.4,4175.8,4177.3
1783089300,4178.8,4176.3,4177.6
1783089600,4180,4175.7,4176.5
1783089900,4180.5,4176,4179.2
1783090200,4181.4,4179.1,4181.2
1783090500,4183.7,4179.5,4182.3
1783090800,4185.5,4181,4183.9
1783091100,4185,4183.3,4183.3
1783091400,4186.8,4183.3,4185
1783091700,4187.1,4183.4,4184.1
1783092000,4184.3,4181.7,4182.3
1783092300,4182.2,4179.3,4179.9
1783092600,4181.1,4178.5,4179.3
1783092900,4181.3,4178.9,4179.8
1783093200,4181.5,4179.3,4180.1
1783093500,4181.4,4179.2,4180.8
1783093800,4180.9,4177.6,4179.2
1783094100,4179.3,4176.8,4177.4
1783094400,4178,4176.4,4177.3
1783094700,4177.9,4175.1,4177.7
1783095000,4178.1,4176,4176.4
1783095300,4177.2,4174.8,4177.1
1783095600,4179.8,4176.6,4179.7
1783095900,4180,4178.1,4178.9
1783096200,4182.7,4178.9,4181.2
1783096500,4182.1,4179.6,4181
1783096800,4182.5,4179.9,4182
1783097100,4185.1,4181.5,4183
1783097400,4188,4182.7,4187.2
1783097700,4188.6,4185.4,4186.9
1783288800,4200.7,4184.3,4192.5
1783289100,4199,4190.2,4191.6
1783289400,4194.9,4191,4193.2
1783289700,4194.1,4189,4189.6
1783290000,4195,4189.4,4194.4
1783290300,4198,4192.1,4196.9
1783290600,4200.6,4194.7,4198.6
1783290900,4203.9,4197.5,4202.5
1783291200,4202.8,4198.1,4200.7
1783291500,4202,4195.5,4196.2
1783291800,4199.3,4194.8,4197.5
1783292100,4201.9,4196.7,4200.2
1783292400,4203.6,4199.9,4201.6
1783292700,4203.1,4200.6,4201.5
1783293000,4202.5,4198.4,4199.5
1783293300,4202.7,4198.7,4199.8
1783293600,4203.8,4200,4201.7
1783293900,4214.3,4201.3,4212.6
1783294200,4213.6,4205.5,4206.9
1783294500,4210.8,4205.4,4209.3
1783294800,4211.1,4208.5,4208.6
1783295100,4209.4,4189.4,4194.5
1783295400,4196.5,4192.7,4194.7
1783295700,4197.7,4193.8,4195
1783296000,4197.6,4181.7,4187.4
1783296300,4191.7,4183.5,4189.1
1783296600,4190.2,4185.8,4187.2
1783296900,4194.2,4186.8,4190.3
1783297200,4191.3,4187.4,4189
1783297500,4190.3,4182.9,4186.1
1783297800,4194.6,4185.6,4193.2
1783298100,4196.8,4190,4196.7
1783298400,4199.5,4194.9,4197.8
1783298700,4200.9,4194.6,4196.9
1783299000,4197.4,4193.3,4195
1783299300,4199.9,4186.2,4191.1
1783299600,4204.7,4183.6,4198.9
1783299900,4199.3,4187.5,4192.7
1783300200,4201.3,4191.7,4200.5
1783300500,4204.7,4196.2,4200.8
1783300800,4202.6,4192,4196
1783301100,4202,4195,4201.2
1783301400,4209.8,4198.9,4209.4
1783301700,4212.5,4203.2,4208.4
1783302000,4212.7,4206.6,4209.8
1783302300,4215.9,4206.2,4206.8
1783302600,4207.5,4202.4,4203.3
1783302900,4206.7,4197.1,4198.1
1783303200,4200.6,4195,4197.6
1783303500,4197.6,4190.5,4193
1783303800,4194.3,4189.1,4193
1783304100,4196.3,4190.9,4195.9
1783304400,4198.6,4187.9,4190.2
1783304700,4192.1,4188.5,4189.6
1783305000,4190.5,4184,4186.6
1783305300,4187.7,4180.1,4185
1783305600,4187.6,4182.9,4184
1783305900,4187.7,4184.1,4186
1783306200,4187.7,4184.2,4185.5
1783306500,4187,4181.5,4185.5
1783306800,4188.5,4178.1,4182.5
1783307100,4182.9,4177.7,4179
1783307400,4183.7,4177,4178.3
1783307700,4179.7,4176.3,4177.1
1783308000,4178.2,4174.4,4174.7
1783308300,4178.6,4174.1,4177.5
1783308600,4179.9,4176.1,4177.9
1783308900,4181.1,4176.8,4177.3
1783309200,4178.1,4172.7,4174.4
1783309500,4176.9,4174.4,4174.7
1783309800,4176.1,4172.2,4174.5
1783310100,4178.6,4174,4177
1783310400,4178.4,4173.3,4175
1783310700,4175.4,4171.8,4173
1783311000,4175.9,4173,4175.2
1783311300,4176.6,4174.6,4175.9
1783311600,4175.9,4172,4175.1
1783311900,4175.5,4172.7,4173.3
1783312200,4174.5,4169.1,4171.5
1783312500,4173,4169.7,4171.4
1783312800,4172.7,4170.8,4171.9
1783313100,4172.8,4170,4171.9
1783313400,4172.7,4169.6,4170.6
1783313700,4173,4169.7,4171.6
1783314000,4172.9,4165.4,4165.8
1783314300,4167.9,4163.7,4165
1783314600,4167.7,4161.7,4163.6
1783314900,4165.1,4162.4,4163.4
1783315200,4164.3,4161.8,4163.5
1783315500,4166,4162.7,4164.1
1783315800,4170.4,4160.8,4168.3
1783316100,4172.5,4164.9,4166.4
1783316400,4169.7,4166.4,4167.1
1783316700,4167.7,4164.3,4165.8
1783317000,4168.5,4165.1,4167.7
1783317300,4168,4156.2,4159.7
1783317600,4162.6,4157.4,4158.3
1783317900,4163.9,4157.3,4163.1
1783318200,4164.4,4161.4,4163.8
1783318500,4164.2,4159.6,4161
1783318800,4164.8,4160,4164.8
1783319100,4168.8,4164.3,4168
1783319400,4171.3,4167.7,4169.2
1783319700,4171.4,4166.4,4167.6
1783320000,4169.5,4164.9,4167.4
1783320300,4168.6,4165.9,4167.3
1783320600,4167.9,4162.1,4163.2
1783320900,4164.2,4160.5,4161.7
1783321200,4165.2,4160,4164.6
1783321500,4164.8,4159.6,4160.4
1783321800,4162.6,4158.6,4162.5
1783322100,4166,4161.8,4164.7
1783322400,4167.5,4162.6,4166.1
1783322700,4166.5,4163,4164.8
1783323000,4169.5,4162.8,4168.6
1783323300,4170.4,4167.1,4170.1
1783323600,4176.1,4170.5,4175.2
1783323900,4178,4174.1,4177.6
1783324200,4177.7,4173.7,4175.8
1783324500,4176.8,4174.8,4176.3
1783324800,4177.9,4172.3,4172.5
1783325100,4174.5,4171.8,4173.1
1783325400,4173.2,4168.5,4169.3
1783325700,4170.1,4164.4,4167.5
1783326000,4168.4,4164.6,4166.2
1783326300,4168.2,4165.7,4166.8
1783326600,4167.4,4165,4165.7
1783326900,4166.6,4160.5,4162.3
1783327200,4164.9,4159.9,4160.4
1783327500,4161.9,4158.3,4160
1783327800,4164.3,4159.7,4163.6
1783328100,4164,4161.6,4161.8
1783328400,4162,4159.6,4160.3
1783328700,4162.6,4159.1,4161.6
1783329000,4161.9,4160.1,4161.2
1783329300,4161.2,4157.7,4158.9
1783329600,4160.9,4158.1,4158.5
1783329900,4159.3,4152.5,4155.3
1783330200,4155.2,4148.5,4149.5
1783330500,4155.4,4148.4,4153.3
1783330800,4153.8,4151.4,4151.5
1783331100,4153.3,4151,4152.4
1783331400,4155.8,4152.5,4154.3
1783331700,4157.2,4154.2,4155.5
1783332000,4157.4,4154.3,4156.2
1783332300,4157,4154.5,4156.7
1783332600,4161,4156.2,4160.6
1783332900,4163.9,4159.7,4162.3
1783333200,4163.2,4161.2,4162.7
1783333500,4163.3,4160.7,4161.2
1783333800,4167.2,4161,4166.8
1783334100,4167.5,4164.9,4165.5
1783334400,4168.2,4165.2,4166.6
1783334700,4167.7,4165.6,4166.4
1783335000,4169,4164.2,4165.7
1783335300,4167.7,4164.3,4167.3
1783335600,4168.8,4164.3,4164.8
1783335900,4166.9,4163.6,4164.8
1783336200,4167.6,4164,4167.2
1783336500,4171,4166,4170.3
1783336800,4170.1,4168,4169
1783337100,4172.4,4167.1,4167.4
1783337400,4171.4,4167.4,4169.9
1783337700,4169.9,4166.7,4167.4
1783338000,4168.4,4164.7,4165.7
1783338300,4167.5,4164.2,4164.8
1783338600,4167.5,4163.9,4167.5
1783338900,4168.2,4165.8,4167.4
1783339200,4171,4165.6,4168.5
1783339500,4170.9,4168.4,4168.8
1783339800,4169.2,4165.5,4168.2
1783340100,4169.1,4167,4167.8
1783340400,4169.7,4158.4,4159
1783340700,4161.6,4156.7,4157.6
1783341000,4158.2,4154.2,4155.5
1783341300,4155.8,4150.1,4151.5
1783341600,4152.1,4143,4145.2
1783341900,4152.9,4144.9,4147.1
1783342200,4152.1,4146.5,4151.5
1783342500,4154.8,4151.3,4151.6
1783342800,4158.7,4148.8,4156.9
1783343100,4160.5,4154.7,4157.7
1783343400,4160.6,4152.6,4153.2
1783343700,4154.4,4150.5,4151.8
1783344000,4161.5,4151.5,4159
1783344300,4161.2,4154.4,4154.5
1783344600,4162.6,4153.9,4161.4
1783344900,4161.7,4156.2,4161.3
1783345200,4163.1,4156.7,4161.9
1783345500,4162,4153.1,4158.3
1783345800,4160.8,4154.1,4158
1783346100,4158.6,4147.1,4153.4
1783346400,4160,4149.1,4153.1
1783346700,4155.4,4145.6,4148.4
1783347000,4157.5,4148,4152.9
1783347300,4153.4,4146.6,4148.8
1783347600,4151.1,4144.6,4144.9
1783347900,4151.5,4144.9,4149.2
1783348200,4153.8,4145.9,4153.5
1783348500,4154.6,4148.4,4149.6
1783348800,4151.6,4140.5,4142.4
1783349100,4147.4,4141,4145.8
1783349400,4149,4145,4147.5
1783349700,4151,4146.4,4150.6
1783350000,4157.1,4149.7,4156.6
1783350300,4159,4154.5,4156.6
1783350600,4157,4150.2,4151.6
1783350900,4154.8,4151.3,4151.8
1783351200,4157.1,4150.2,4155.6
1783351500,4163.1,4155.4,4162.5
1783351800,4164.1,4159.8,4162
1783352100,4163.1,4158.8,4162.9
1783352400,4163.1,4160.6,4161.8
1783352700,4162.3,4158.3,4158.9
1783353000,4160.1,4156,4157.6
1783353300,4160.6,4156.5,4160.1
1783353600,4160.3,4154.8,4155.8
1783353900,4156.8,4155.1,4155.7
1783354200,4156.4,4152,4152.2
1783354500,4155.7,4152,4155.2
1783354800,4157.4,4153.9,4157.2
1783355100,4158.7,4155.7,4157.3
1783355400,4160.4,4157,4159
1783355700,4161.9,4158.8,4161.3
1783356000,4162.2,4160.1,4161.2
1783356300,4162.2,4160.4,4162.2
1783356600,4167.7,4162.2,4165.8
1783356900,4168.2,4164.6,4167
1783357200,4167.5,4164,4164.6
1783357500,4168.1,4164.6,4166
1783357800,4167.4,4164.2,4165.3
1783358100,4166.4,4162.6,4163.4
1783358400,4170.8,4161.8,4169
1783358700,4171.4,4166,4167.3
1783359000,4170.3,4166.5,4170.2
1783359300,4170.6,4167.9,4170.2
1783359600,4171.2,4168.2,4168.4
1783359900,4171.7,4167.9,4171.4
1783360200,4173.5,4170.2,4171.1
1783360500,4173.8,4170.6,4173
1783360800,4173.8,4168.4,4169.3
1783361100,4169.4,4167.1,4168.1
1783361400,4170.3,4167.1,4170
1783361700,4173.6,4170.2,4173.1
1783362000,4174,4171.9,4173.8
1783362300,4175.3,4173.2,4173.8
1783362600,4176.2,4171.7,4175.6
1783362900,4179.7,4175.5,4177.2
1783363200,4177.8,4174.8,4176
1783363500,4177.4,4175.6,4176.5
1783363800,4176.8,4173.9,4175
1783364100,4176.2,4174.4,4175.6
1783364400,4177.4,4173.4,4173.6
1783364700,4174,4171.7,4172.6
1783365000,4172.8,4170.7,4171.5
1783365300,4173.2,4170.5,4173.1
1783365600,4175.2,4172.5,4174
1783365900,4175.7,4173.5,4174.9
1783366200,4175.6,4173,4174.1
1783366500,4174.2,4171.4,4171.9
1783366800,4173.1,4171.3,4173
1783367100,4175.8,4172.7,4175.1
1783367400,4176.7,4174.4,4175.2
1783367700,4175.5,4172.7,4175.4
1783368000,4176.2,4174,4174.2
1783368300,4174.5,4172.8,4173.5
1783368600,4173.9,4172.7,4172.8
1783368900,4173.6,4172.4,4172.9
1783369200,4173.9,4172.7,4173.4
1783369500,4175.5,4173.4,4174.4
1783369800,4176.4,4174.2,4176.2
1783370100,4176.9,4175,4175.4
1783370400,4176.3,4174.6,4174.9
1783370700,4175.4,4174.4,4174.9
1783371000,4176.4,4174.9,4176.2
1783371300,4177.3,4175.3,4176.4
1783375200,4179.1,4174.4,4175.5
1783375500,4177.9,4175.2,4177
1783375800,4177.8,4175.8,4177.4
1783376100,4178.6,4177.4,4178.4
1783376400,4178.5,4176.7,4176.9
1783376700,4177.8,4176,4177.2
1783377000,4181.2,4177.1,4179.7
1783377300,4180,4177.1,4178.6
1783377600,4179,4178.2,4178.4
1783377900,4179,4176.9,4176.9
1783378200,4177.2,4175,4175.8
1783378500,4176.6,4174.8,4175.5
1783378800,4176.6,4174.9,4175.9
1783379100,4176.5,4173.6,4175.2
1783379400,4176.9,4174.5,4176.6
1783379700,4176.7,4174.4,4175.6
1783380000,4175.9,4174.4,4174.8
1783380300,4175.3,4174,4174.4
1783380600,4176.4,4173,4175.8
1783380900,4175.6,4173.7,4174.2
1783381200,4174.2,4171.7,4173
1783381500,4174.9,4172.4,4174.4
1783381800,4174.6,4172.1,4172.8
1783382100,4173.1,4168,4168.5
1783382400,4169.3,4166.1,4168
1783382700,4169.9,4167.4,4168.1
1783383000,4169.7,4163.9,4167.6
1783383300,4168.9,4163.5,4168.4
1783383600,4172.2,4167.6,4170.3
1783383900,4172,4168.4,4171.2
1783384200,4174.4,4168.1,4168.3
1783384500,4168.9,4162,4162.8
1783384800,4163,4159.9,4161.5
1783385100,4164.1,4159.3,4162.6
1783385400,4165.2,4162.1,4164.8
1783385700,4165.9,4156.3,4157.5
1783386000,4160.1,4152,4159.4
1783386300,4160.2,4151.2,4153.5
1783386600,4155,4149.3,4153.7
1783386900,4154.9,4146.3,4148.3
1783387200,4148.9,4143.6,4144.8
1783387500,4146.8,4137.6,4144.6
1783387800,4152.4,4143.8,4151
1783388100,4152.6,4149.6,4151
1783388400,4154.3,4149.8,4153.9
1783388700,4158.5,4154.1,4156.4
1783389000,4157.1,4153.5,4156.3
1783389300,4157.2,4152.3,4153.9
1783389600,4155,4151.8,4152.9
1783389900,4153.4,4149.6,4150
1783390200,4156.7,4150.2,4154.5
1783390500,4155.8,4152.5,4153.9
1783390800,4155.4,4149.8,4155.2
1783391100,4157.3,4152.2,4152.2
1783391400,4152.5,4147.7,4150.3
1783391700,4156.2,4149.9,4153.5
1783392000,4155.1,4150.3,4151
1783392300,4151.3,4145.2,4146.8
1783392600,4148.4,4142.6,4144.7
1783392900,4148.5,4143.2,4147.9
1783393200,4150.6,4146.3,4150.5
1783393500,4151.6,4148.5,4149.6
1783393800,4150.1,4147.3,4147.8
1783394100,4148.6,4145.8,4147.1
1783394400,4149.3,4142.6,4143.4
1783394700,4145.1,4140.1,4143.4
1783395000,4145.5,4141.8,4145.2
1783395300,4146,4143,4143.7
1783395600,4144.4,4138.2,4140.7
1783395900,4140.6,4135.3,4137.2
1783396200,4139.5,4136.9,4138.9
1783396500,4142.7,4137.8,4142.4
1783396800,4145.6,4141.6,4144.3
1783397100,4151.2,4144.1,4150.9
1783397400,4152.4,4147.4,4147.5
1783397700,4148.8,4142.3,4143.5
1783398000,4145.6,4141.8,4144.4
1783398300,4145.7,4142.4,4143.2
1783398600,4143.5,4140.3,4141.7
1783398900,4142.2,4140.2,4141.8
1783399200,4142.8,4139.6,4139.8
1783399500,4142.4,4139.8,4140.1
1783399800,4141,4138.6,4138.9
1783400100,4139.4,4136.7,4137.7
1783400400,4139.4,4133.5,4139.2
1783400700,4142.2,4136,4137
1783401000,4138.4,4132.5,4133.2
1783401300,4136.8,4132.2,4133.6
1783401600,4137.7,4132,4137.5
1783401900,4140.1,4136.4,4139.6
1783402200,4140.1,4131.2,4134
1783402500,4138,4130.6,4131.2
1783402800,4133.9,4127.7,4133.6
1783403100,4135.2,4131.3,4132.8
1783403400,4136.9,4132.7,4136.3
1783403700,4138.5,4134.8,4135.2
1783404000,4140.7,4134.4,4138.2
1783404300,4139.9,4133.7,4134.5
1783404600,4135.4,4132.5,4134.9
1783404900,4137.3,4134.5,4134.8
1783405200,4139.5,4135.3,4139.4
1783405500,4141,4137.7,4138.6
1783405800,4141.2,4136.3,4139.7
1783406100,4140.8,4138.4,4139.7
1783406400,4143.9,4139.5,4143.8
1783406700,4144.4,4139.8,4140.9
1783407000,4142.5,4140.3,4140.3
1783407300,4142.7,4140.3,4141.7
1783407600,4142.7,4135.6,4138.5
1783407900,4139.1,4135.6,4137.7
1783408200,4141.6,4136.5,4140.6
1783408500,4143,4139.6,4141.6
1783408800,4143.5,4137.2,4138.5
1783409100,4140.8,4137.9,4137.9
1783409400,4139.5,4137,4138.9
1783409700,4141.3,4138.6,4140.2
1783410000,4142.2,4138.4,4141.2
1783410300,4144.8,4137.2,4138.5
1783410600,4139.5,4137,4137.9
1783410900,4138,4135.5,4135.6
1783411200,4141.6,4135.3,4139.5
1783411500,4142.5,4138.8,4141.3
1783411800,4150.9,4141.2,4148.6
1783412100,4149.9,4146,4146.9
1783412400,4149.9,4145.4,4147.9
1783412700,4150.4,4147.7,4150.2
1783413000,4150.7,4144.5,4145.9
1783413300,4146.2,4139.5,4143.2
1783413600,4144.5,4140.2,4142.2
1783413900,4142.1,4139,4139.3
1783414200,4139.9,4132.9,4135.1
1783414500,4138,4133.2,4137
1783414800,4139.1,4135.1,4138.8
1783415100,4139.7,4137,4137.7
1783415400,4140.2,4137.4,4138.8
1783415700,4142.2,4138.3,4140.1
1783416000,4140.1,4136.9,4137.8
1783416300,4139.5,4130.5,4132.3
1783416600,4139.1,4132.5,4138.5
1783416900,4142.6,4137.5,4140.2
1783417200,4144.6,4140.2,4143.9
1783417500,4144.1,4138.1,4138.3
1783417800,4141.3,4136.2,4141.2
1783418100,4143.4,4140.6,4142.2
1783418400,4145.1,4142.4,4143.6
1783418700,4145.6,4143.1,4144.5
1783419000,4146.6,4143.5,4143.9
1783419300,4148.4,4143.3,4148
1783419600,4148.8,4145.8,4148.5
1783419900,4150.4,4147.5,4149.1
1783420200,4149.1,4146.2,4147.2
1783420500,4148,4146.6,4148
1783420800,4148.9,4146.9,4146.9
1783421100,4147.6,4145,4145
1783421400,4147,4145,4147
1783421700,4148.6,4145.6,4147.1
1783422000,4147.7,4145,4145.8
1783422300,4146.7,4143,4143.6
1783422600,4145.3,4143,4144.2
1783422900,4154.5,4144.2,4152.2
1783423200,4155.8,4151,4155.6
1783423500,4157,4153.9,4154.3
1783423800,4155.3,4150.8,4154.2
1783424100,4159.2,4153.8,4156.6
1783424400,4161,4156.2,4159.7
1783424700,4163.3,4158.3,4161.4
1783425000,4164.3,4158.6,4162.5
1783425300,4170,4162.3,4168.8
1783425600,4171.5,4166,4170.4
1783425900,4183.2,4169.5,4181.3
1783426200,4186.9,4177.5,4185.3
1783426500,4187.1,4180.4,4180.6
1783426800,4182.3,4174.7,4175.7
1783427100,4181.4,4174.4,4177.5
1783427400,4179.8,4175.4,4175.5
1783427700,4179.4,4173.5,4177.9
1783428000,4179,4173.2,4178.2
1783428300,4180.5,4175.8,4176.9
1783428600,4181.9,4177.1,4178.6
1783428900,4184.6,4178.5,4183.7
1783429200,4190.4,4176.4,4177.2
1783429500,4178.5,4172.7,4173.8
1783429800,4183.5,4171.1,4182.9
1783430100,4182.9,4179,4180.3
1783430400,4183.9,4176.8,4177.3
1783430700,4180.7,4175.4,4177.6
1783431000,4182.6,4174.6,4180.6
1783431300,4192,4179.5,4182
1783431600,4192.6,4180,4189.3
1783431900,4191.9,4182.3,4184.9
1783432200,4186,4175.5,4177.4
1783432500,4179.1,4167.1,4170
1783432800,4175,4164,4165.6
1783433100,4169.4,4162.7,4166.9
1783433400,4168.6,4161.9,4163.2
1783433700,4170.9,4162.3,4169.6
1783434000,4170.2,4162.8,4163.3
1783434300,4169.5,4161.3,4169.1
1783434600,4170.7,4162.3,4162.3
1783434900,4162.6,4157.5,4160.6
1783435200,4163.9,4154.3,4163.4
1783435500,4168.8,4163,4167
1783435800,4168.8,4164.4,4165.1
1783436100,4168,4164.6,4165
1783436400,4165.7,4160.8,4162.5
1783436700,4166.7,4160.5,4164.3
1783437000,4166.6,4159.2,4159.6
1783437300,4159.8,4152.5,4155.8
1783437600,4157.8,4154.3,4156.3
1783437900,4157.8,4152.7,4154.1
1783438200,4157.2,4153.7,4154.8
1783438500,4157.1,4153.1,4156.4
1783438800,4159.3,4155,4157.3
1783439100,4159.1,4152.9,4152.9
1783439400,4154.4,4148.2,4149.1
1783439700,4150.3,4146.6,4150.2
1783440000,4152.2,4148.2,4150.8
1783440300,4154.9,4150.5,4151.6
1783440600,4154,4150.6,4152.5
1783440900,4156.2,4152.2,4155.4
1783441200,4158.4,4153.8,4155.9
1783441500,4158.7,4155.2,4157.6
1783441800,4158.2,4154.4,4154.7
1783442100,4156.7,4153.9,4155.9
1783442400,4156.8,4154.3,4154.7
1783442700,4156.3,4152.2,4156.2
1783443000,4158.3,4155.7,4155.8
1783443300,4156.8,4154.5,4156.7
1783443600,4157.8,4155.5,4157.4
1783443900,4158.5,4156.5,4157.2
1783444200,4157.1,4153.2,4154.3
1783444500,4154.6,4151.6,4154.3
1783444800,4157.4,4153.1,4156.9
1783445100,4158.2,4155.3,4157.6
1783445400,4159.9,4156.9,4157.6
1783445700,4158.2,4156,4157.9
1783446000,4159.4,4157.3,4158.6
1783446300,4158.8,4156.6,4156.8
1783446600,4156.7,4154,4155.1
1783446900,4156.1,4154.9,4156.1
1783447200,4156.7,4152.6,4153.7
1783447500,4154.2,4152.7,4153
1783447800,4154.1,4152.1,4153.6
1783448100,4153.7,4151.1,4153
1783448400,4155.7,4152.2,4154.7
1783448700,4155.7,4152.8,4153.1
1783449000,4153.3,4147.2,4150.4
1783449300,4154,4150.3,4152.8
1783449600,4153.6,4151.2,4153.5
1783449900,4154.2,4143,4146.7
1783450200,4147.7,4136,4138.1
1783450500,4142.1,4136.5,4137.9
1783450800,4138.8,4128.9,4132.5
1783451100,4132.8,4118.7,4122
1783451400,4122.4,4113.6,4116.4
1783451700,4116.3,4102.4,4109.3
1783452000,4113.5,4104.1,4112.5
1783452300,4117.9,4108.8,4114.4
1783452600,4124.6,4114.6,4123.5
1783452900,4126.1,4120.4,4121.6
1783453200,4122.7,4118.8,4120.2
1783453500,4124.6,4118.8,4123.2
1783453800,4126.8,4121.4,4126.3
1783454100,4128.8,4124.7,4125
1783454400,4126.8,4123.7,4126.2
1783454700,4126.5,4123.7,4125
1783455000,4126.7,4123.2,4123.9
1783455300,4124.3,4118.2,4119.9
1783455600,4120.1,4117.3,4119.3
1783455900,4121.9,4119.5,4121.4
1783456200,4122.2,4117.8,4117.9
1783456500,4118.3,4115.4,4115.7
1783456800,4118.1,4115.5,4116.5
1783457100,4117.5,4115.7,4116.2
1783457400,4116.7,4114.2,4115.8
1783457700,4117.9,4114.8,4116.6
1783461600,4116.7,4104.1,4115.7
1783461900,4117.1,4111.3,4112
1783462200,4115.3,4111.1,4115
1783462500,4115.1,4111.7,4113.7
1783462800,4114.2,4112.2,4113.7
1783463100,4113.4,4110.1,4110.4
1783463400,4111.5,4109.5,4110.5
1783463700,4113.5,4110.9,4113.3
1783464000,4113.4,4110.9,4111.9
1783464300,4111.8,4107.8,4109
1783464600,4111.3,4106.4,4108.9
1783464900,4110.5,4106.9,4109.4
1783465200,4112.4,4107.2,4111.9
1783465500,4117.9,4111.4,4116.6
1783465800,4119.3,4114.9,4116.5
1783466100,4116.5,4112.1,4113.2
1783466400,4115.3,4111.8,4114.5
1783466700,4117.5,4113.5,4115.6
1783467000,4116.4,4111.3,4112.1
1783467300,4113.5,4111.2,4112.9
1783467600,4114.6,4107.9,4108.9
1783467900,4110.1,4106.2,4108.5
1783468200,4112,4108.1,4108.9
1783468500,4109.1,4106.3,4108.7
1783468800,4112.9,4106.9,4112.8
1783469100,4113.6,4107.7,4110.1
1783469400,4114.6,4109.5,4110.7
1783469700,4113.7,4109.1,4113.3
1783470000,4116.9,4111,4116.5
1783470300,4118.8,4114.5,4116.2
1783470600,4121.1,4114.4,4120
1783470900,4133.7,4118.1,4133.6
1783471200,4137.3,4131.9,4134
1783471500,4136,4130.7,4132.9
1783471800,4133,4125.9,4126.5
1783472100,4129.6,4122.1,4122.6
1783472400,4129.3,4118,4119.1
1783472700,4119.1,4109.5,4115.1
1783473000,4122.7,4114.7,4119.5
1783473300,4120,4115.1,4118.1
1783473600,4121.1,4115.7,4117.2
1783473900,4121.5,4112.8,4113.8
1783474200,4116.8,4108.3,4108.9
1783474500,4111.4,4106.8,4111
1783474800,4116.3,4109.7,4113.7
1783475100,4123.6,4112.8,4120.8
1783475400,4123.8,4114.9,4119.4
1783475700,4122.5,4117.9,4122
1783476000,4122.5,4116.6,4119.4
1783476300,4128.3,4118.8,4127.7
1783476600,4129.3,4122.8,4123.3
1783476900,4127.5,4123.1,4126.1
1783477200,4132.7,4124.5,4130.8
1783477500,4135.5,4129.4,4129.4
1783477800,4131.8,4126.8,4129.5
1783478100,4131.3,4127.5,4130.9
1783478400,4131.1,4128.7,4131
1783478700,4131.6,4126.6,4127.5
1783479000,4128.4,4124.8,4127
1783479300,4127.3,4124.1,4125.2
1783479600,4139.8,4125.2,4136.3
1783479900,4140.7,4132.9,4137.7
1783480200,4142.6,4136.7,4138.6
1783480500,4139.6,4135.7,4137.9
1783480800,4140.4,4137.1,4139.6
1783481100,4142.1,4138.3,4141.1
1783481400,4142.3,4137.7,4139.3
1783481700,4139.6,4136.6,4137.8
1783482000,4138.4,4136.5,4137.7
1783482300,4140.3,4136.8,4139.7
1783482600,4139.9,4137.8,4138
1783482900,4137.9,4133.3,4134.3
1783483200,4135.8,4132.4,4133.8
1783483500,4139.6,4133.3,4139.6
1783483800,4139.3,4134.8,4135.2
1783484100,4135.3,4131.3,4133.8
1783484400,4137.9,4132.3,4136.5
1783484700,4137.8,4135.2,4136.7
1783485000,4139.2,4135.3,4137.1
1783485300,4139,4135.6,4135.9
1783485600,4136.6,4132.7,4135.7
1783485900,4137.7,4135.2,4135.4
1783486200,4137.2,4134.6,4134.6
1783486500,4137.5,4133.9,4135.7
1783486800,4139.1,4135.5,4138.7
1783487100,4144.6,4138.6,4139.3
1783487400,4139.2,4135.7,4136.4
1783487700,4140.4,4136,4138
1783488000,4138.4,4132.8,4134.9
1783488300,4136.7,4132,4132.1
1783488600,4138.8,4131.1,4138.6
1783488900,4140.8,4136.2,4138.2
1783489200,4142.5,4137.2,4138.6
1783489500,4140.6,4135.8,4135.8
1783489800,4137.5,4135.2,4137
1783490100,4140.1,4136.2,4138.5
1783490400,4139.9,4134,4134
1783490700,4136.4,4132.7,4136.4
1783491000,4142.3,4135,4141.7
1783491300,4143.5,4139.2,4140.7
1783491600,4146.4,4139.5,4143.3
1783491900,4143.6,4140.4,4140.9
1783492200,4140.8,4136,4137.2
1783492500,4138.2,4135.3,4137
1783492800,4139.1,4136.6,4137.7
1783493100,4138.1,4134.8,4135.8
1783493400,4137.6,4135.3,4135.9
1783493700,4136.2,4134,4134.2
1783494000,4135.9,4131,4131.2
1783494300,4132,4128.5,4131.1
1783494600,4131.5,4127,4128.5
1783494900,4129.4,4125.7,4127
1783495200,4130.7,4125.5,4130.7
1783495500,4132.8,4128.4,4131.6
1783495800,4137.7,4131.2,4135.4
1783496100,4135.3,4129.1,4130.9
1783496400,4138.8,4131.3,4138.7
1783496700,4138.7,4135.3,4135.6
1783497000,4136.5,4131,4131
1783497300,4132.9,4130.2,4132.1
1783497600,4132.3,4127.5,4127.9
1783497900,4131.8,4127.8,4131
1783498200,4132.6,4127.6,4128.8
1783498500,4132.2,4091.3,4099.1
1783498800,4108.3,4092.5,4095.8
1783499100,4102.8,4090.8,4099.1
1783499400,4102.6,4088.2,4093.9
1783499700,4093.7,4077.4,4077.8
1783500000,4079,4071.6,4077
1783500300,4087,4075.1,4077.4
1783500600,4080,4071.1,4074.3
1783500900,4075.7,4062.1,4066.8
1783501200,4067.5,4060.7,4066
1783501500,4066.7,4060,4062.1
1783501800,4066.6,4061.1,4066
1783502100,4071.7,4064.1,4069.3
1783502400,4070.7,4064.6,4066.8
1783502700,4071,4065.1,4066.8
1783503000,4067.8,4061.5,4067
1783503300,4069.3,4061.1,4063.8
1783503600,4064.7,4054.8,4058.9
1783503900,4063.1,4057.6,4060.6
1783504200,4060.5,4056.1,4057.9
1783504500,4058,4051.6,4053.4
1783504800,4058.8,4053.1,4057.3
1783505100,4058,4050.1,4051.9
1783505400,4055.4,4051.4,4054.8
1783505700,4060.9,4053.4,4060.9
1783506000,4065.9,4060.3,4062.9
1783506300,4063.5,4059.1,4061
1783506600,4066.9,4060.1,4065.2
1783506900,4067.1,4061.7,4065.1
1783507200,4068.8,4063,4067.6
1783507500,4068.9,4064.2,4065.9
1783507800,4067.8,4063.2,4066.6
1783508100,4067.7,4063.1,4063.2
1783508400,4067.3,4060.6,4063.9
1783508700,4064.9,4058.7,4059.5
1783509000,4062.2,4058,4060.3
1783509300,4064.5,4060.4,4062.3
1783509600,4064.2,4057.6,4060.3
1783509900,4062,4059.1,4060.5
1783510200,4061.2,4056,4057.6
1783510500,4058.1,4051.4,4052.4
1783510800,4076.3,4052.5,4074.4
1783511100,4082.7,4070.7,4072
1783511400,4074.1,4068.6,4072.8
1783511700,4074.7,4069.5,4072.3
1783512000,4076.3,4068.6,4074.5
1783512300,4079.8,4073.6,4079.4
1783512600,4083.6,4078.7,4081.8
1783512900,4088.1,4078.3,4085.2
1783513200,4086.7,4075.5,4077.1
1783513500,4082.5,4076.9,4080.9
1783513800,4084.2,4078.1,4083.3
1783514100,4083.7,4078,4083.3
1783514400,4088.8,4081.5,4088.6
1783514700,4093.6,4086.5,4092.7
1783515000,4097,4092.3,4094.6
1783515300,4096.2,4081,4082.8
1783515600,4090.5,4080.5,4089.8
1783515900,4093.8,4082.9,4084.8
1783516200,4087,4080.5,4083
1783516500,4087,4082.5,4082.9
1783516800,4086.9,4078.7,4082.4
1783517100,4085.5,4076,4077.5
1783517400,4090.9,4077.5,4088.6
1783517700,4091.4,4083.7,4090.3
1783518000,4091.1,4081.1,4084.1
1783518300,4090,4080.2,4080.4
1783518600,4084.6,4079,4080.6
1783518900,4083.8,4079.6,4081.7
1783519200,4082.2,4073.9,4076.6
1783519500,4079.8,4071.1,4074.6
1783519800,4075.8,4067.6,4068.3
1783520100,4072.5,4062.1,4065.6
1783520400,4073.2,4063.5,4070.8
1783520700,4076.6,4069.6,4071.1
1783521000,4072.5,4062.7,4065.9
1783521300,4066.8,4053,4054
1783521600,4060.4,4045.5,4046.9
1783521900,4050.9,4043.1,4046.1
1783522200,4057,4045,4055.2
1783522500,4056.3,4050.7,4051.6
1783522800,4052.4,4046.1,4048
1783523100,4054.6,4048,4050.5
1783523400,4053.2,4044.2,4044.5
1783523700,4045.9,4037.7,4042.5
1783524000,4046.8,4036.8,4036.9
1783524300,4043.1,4036.9,4041.6
1783524600,4043,4032.3,4035.8
1783524900,4042.7,4034.6,4039.7
1783525200,4044.1,4039.1,4043.3
1783525500,4044.7,4039.9,4044.1
1783525800,4048.5,4043.5,4044.6
1783526100,4045.3,4040.7,4044.5
1783526400,4047.7,4043.4,4046.7
1783526700,4051,4046.3,4050
1783527000,4053.8,4048.7,4049.8
1783527300,4052,4047.8,4051.2
1783527600,4052.3,4048,4048.6
1783527900,4055.5,4048.4,4053.6
1783528200,4058,4051.6,4052.1
1783528500,4056.5,4049.3,4055
1783528800,4068.1,4053,4066.3
1783529100,4069.3,4063.3,4068
1783529400,4073.2,4067.1,4072.7
1783529700,4074.6,4071.2,4073.8
1783530000,4074.3,4069.6,4070.9
1783530300,4079.1,4070.7,4075.4
1783530600,4080.5,4073.6,4075
1783530900,4077.4,4073.4,4076.1
1783531200,4081.3,4075.4,4079.3
1783531500,4084.5,4079.3,4083.4
1783531800,4086.9,4081.7,4082.8
1783532100,4083.9,4080.1,4081
1783532400,4081.9,4079,4080.3
1783532700,4080.9,4077.5,4078.3
1783533000,4080.4,4077,4078.2
1783533300,4078.2,4074.7,4076.3
1783533600,4085.9,4073.7,4079.5
1783533900,4081.3,4076.8,4078.6
1783534200,4086.4,4077.4,4085.9
1783534500,4085.9,4080.5,4082.4
1783534800,4082.3,4078.9,4079.9
1783535100,4083,4078,4080.1
1783535400,4082.2,4077.7,4080.2
1783535700,4086.1,4079.4,4085.6
1783536000,4090,4085.2,4089.9
1783536300,4102,4088.9,4100.8
1783536600,4101.5,4094.5,4095.9
1783536900,4095.6,4092.3,4094.4
1783537200,4101.1,4094.5,4097.5
1783537500,4100.4,4096.5,4099.5
1783537800,4100.4,4095.5,4097.5
1783538100,4098.3,4094.6,4096.6
1783538400,4098,4095.9,4097.1
1783538700,4098.8,4095.1,4098.3
1783539000,4101.4,4096.1,4097
1783539300,4099.6,4096.2,4097.3
1783539600,4097.6,4093,4094.2
1783539900,4094.3,4088.5,4089.2
1783540200,4093.3,4088.8,4093
1783540500,4093.6,4089.9,4090.3
1783540800,4090.9,4086.1,4089.4
1783541100,4093.8,4088.7,4091.3
1783541400,4091.6,4087.9,4088.8
1783541700,4089.6,4085.7,4086.3
1783542000,4086.7,4084,4085.5
1783542300,4086.9,4084.5,4086.9
1783542600,4088.6,4083.2,4083.6
1783542900,4084.1,4081.3,4084.1
1783543200,4086.1,4083.8,4085
1783543500,4086.2,4084,4085.4
1783543800,4090,4085.3,4089.5
1783544100,4089.7,4084.9,4086.2
1783548000,4089.1,4081.6,4082.9
1783548300,4089.1,4082.7,4086.8
1783548600,4088.7,4085.7,4086.4
1783548900,4088.3,4085,4085.6
1783549200,4085.6,4083.2,4084.2
1783549500,4085.5,4082.8,4083.9
1783549800,4087.1,4082.9,4086.1
1783550100,4087.6,4084.6,4086.8
1783550400,4088.9,4085.6,4086.1
1783550700,4089,4085.5,4088.6
1783551000,4089.6,4087.7,4088
1783551300,4087.9,4085.7,4086.2
1783551600,4086.5,4083.4,4084.8
1783551900,4086.9,4084.9,4086.6
1783552200,4087.2,4085.5,4086.6
1783552500,4086.9,4085,4085.2
1783552800,4086,4084.8,4085.2
1783553100,4087.5,4085.3,4087.2
1783553400,4087.1,4084.2,4085.1
1783553700,4087,4084.9,4085.8
1783554000,4086.6,4082.8,4085
1783554300,4086.2,4081.3,4082.3
1783554600,4087.2,4081.8,4085.3
1783554900,4087.6,4084.8,4086
1783555200,4091.2,4086.1,4090.5
1783555500,4092.6,4087,4087
1783555800,4097.2,4087.1,4096.9
1783556100,4099.3,4091.9,4092.9
1783556400,4094.7,4085,4086.7
1783556700,4087.8,4083,4087.7
1783557000,4091.1,4086.2,4088
1783557300,4091.2,4085.6,4088.5
1783557600,4089.5,4084.8,4086.2
1783557900,4088.3,4084.3,4087
1783558200,4087.3,4078.6,4079.7
1783558500,4084.4,4079.9,4082.9
1783558800,4088.6,4072.8,4076.7
1783559100,4083.4,4076.1,4082.4
1783559400,4085.9,4081.2,4083.2
1783559700,4086,4081.5,4083.5
1783560000,4085.3,4079.2,4081.7
1783560300,4082.7,4075.8,4075.8
1783560600,4082.5,4071.2,4080.9
1783560900,4083.2,4079.6,4081.3
1783561200,4084.3,4079.4,4082.2
1783561500,4085.2,4081.6,4082.6
1783561800,4083.4,4078.1,4078.4
1783562100,4082.3,4077.5,4081.6
1783562400,4085.4,4080.9,4084.1
1783562700,4085.2,4082.7,4084.5
1783563000,4089.4,4084.3,4088
1783563300,4090.9,4086.2,4089.5
1783563600,4089.7,4086.7,4088.4
1783563900,4091.8,4088.2,4089.4
1783564200,4091,4080.9,4081.4
1783564500,4083.5,4079.2,4082.1
1783564800,4083.4,4078.7,4079.7
1783565100,4080.7,4077.1,4078.1
1783565400,4077.8,4074.4,4076
1783565700,4078,4072.9,4073.5
1783566000,4076.4,4072.6,4075.6
1783566300,4075.9,4068.2,4069.5
1783566600,4070,4063.8,4067.9
1783566900,4068.1,4063.3,4064.7
1783567200,4068.5,4063.3,4068.2
1783567500,4070.4,4066.3,4067.2
1783567800,4072.8,4065.4,4071.7
1783568100,4072.1,4068.6,4069.5
1783568400,4071.1,4068.3,4071
1783568700,4072.2,4070.4,4070.5
1783569000,4073,4070.3,4071.9
1783569300,4073.4,4070.8,4073.3
1783569600,4074,4067.9,4070.4
1783569900,4072.2,4070.1,4071
1783570200,4073.1,4069.5,4069.7
1783570500,4069.9,4066.2,4067.2
1783570800,4070.4,4067,4068.9
1783571100,4069.4,4067.4,4067.5
1783571400,4073.6,4067.7,4072.5
1783571700,4073.8,4070.4,4073
1783572000,4073.2,4065.9,4067.4
1783572300,4070.6,4065.9,4070.6
1783572600,4072.5,4068.9,4071.8
1783572900,4073.8,4071.2,4073.6
1783573200,4081.1,4072.9,4075.7
1783573500,4078.7,4075.7,4077.5
1783573800,4085.6,4077.3,4083.1
1783574100,4083.3,4077.3,4077.3
1783574400,4078.9,4075.9,4078.3
1783574700,4081.8,4077.2,4081.5
1783575000,4083.1,4073.8,4080.8
1783575300,4086.4,4078.8,4085
1783575600,4085.7,4083,4085
1783575900,4089.3,4083.3,4089
1783576200,4092.9,4087.9,4089.2
1783576500,4093.9,4088.1,4091.6
1783576800,4109.2,4090.9,4102.4
1783577100,4103.2,4097.7,4098.7
1783577400,4102.5,4097.6,4101.5
1783577700,4105.4,4100.8,4103.6
1783578000,4110.7,4102.7,4107.5
1783578300,4113,4107.3,4112
1783578600,4116.8,4108.9,4113.7
1783578900,4115.6,4108,4108.1
1783579200,4112.6,4105.6,4112.4
1783579500,4115.1,4111.9,4112.8
1783579800,4114.8,4112.4,4113.2
1783580100,4117.7,4112.8,4117.5
1783580400,4119.8,4115.6,4115.8
1783580700,4116.6,4112.9,4115.4
1783581000,4116.3,4111.1,4111.2
1783581300,4115.2,4111.3,4114.4
1783581600,4115.8,4112.8,4115.4
1783581900,4119.6,4114.6,4118.6
1783582200,4118.9,4113.4,4116.4
1783582500,4119.2,4115.8,4118.1
1783582800,4120.9,4117.5,4118.8
1783583100,4120.9,4115.9,4120.4
1783583400,4120.9,4117.8,4118.1
1783583700,4118.3,4114.3,4117.9
1783584000,4119.3,4115,4116.7
1783584300,4120.5,4116.4,4119.3
1783584600,4119.4,4115.1,4117.9
1783584900,4122.8,4117.6,4118.5
1783585200,4127.4,4118.9,4125.2
1783585500,4125.4,4123.1,4124.1
1783585800,4126.3,4119.2,4119.7
1783586100,4124.5,4119.9,4123.9
1783586400,4124.6,4122.4,4123
1783586700,4123.1,4116.9,4119.1
1783587000,4120.1,4118.2,4119.1
1783587300,4120.1,4117,4117.6
1783587600,4118.4,4115.6,4118.3
1783587900,4119,4114.8,4116
1783588200,4118.6,4115.5,4117.6
1783588500,4121,4116.8,4119.2
1783588800,4121.6,4116.5,4116.8
1783589100,4118.3,4116.6,4117.6
1783589400,4119.4,4114,4115.4
1783589700,4117.4,4114.8,4115.5
1783590000,4115.7,4112.3,4113.4
1783590300,4114.7,4112.6,4114.7
1783590600,4115.8,4113.3,4115.2
1783590900,4116.8,4114.5,4115.7
1783591200,4119.4,4113.4,4119.3
1783591500,4119.2,4114.1,4116.2
1783591800,4117.3,4114.2,4114.5
1783592100,4116,4114.1,4114.3
1783592400,4115.2,4113.9,4114.4
1783592700,4114.9,4113.3,4113.7
1783593000,4114.5,4111,4113.8
1783593300,4114.8,4112.6,4114
1783593600,4113.8,4112.2,4112.8
1783593900,4113.5,4108.7,4110.1
1783594200,4110.3,4103.6,4106.1
1783594500,4108.8,4102.7,4108.1
1783594800,4113,4106.7,4112.5
1783595100,4112.6,4109.8,4111.7
1783595400,4114.7,4110.9,4114.5
1783595700,4116.5,4113.5,4114.3
1783596000,4114.7,4108.7,4109.3
1783596300,4110.9,4108.5,4109.8
1783596600,4112.1,4109.3,4110.8
1783596900,4115,4108.3,4115
1783597200,4119.1,4114.3,4116
1783597500,4117.7,4114.5,4115.9
1783597800,4117.8,4114.4,4117.1
1783598100,4120.4,4116.8,4118.6
1783598400,4119.8,4115.4,4117.6
1783598700,4130,4116,4125.2
1783599000,4127,4122.1,4122.4
1783599300,4123.6,4117.1,4117.8
1783599600,4118.6,4114.6,4116.4
1783599900,4119.2,4114.4,4116.9
1783600200,4126.3,4116.3,4125.5
1783600500,4131.5,4124.5,4130.7
1783600800,4132.5,4122.1,4122.6
1783601100,4123.2,4120.3,4122.1
1783601400,4124.7,4120.4,4121.4
1783601700,4122.3,4117.1,4117.4
1783602000,4124.3,4116.1,4121.4
1783602300,4127.4,4120.4,4126
1783602600,4131,4125.7,4130.4
1783602900,4136.9,4129.3,4130.2
1783603200,4135.3,4128.2,4135.3
1783603500,4137.3,4133.4,4135.6
1783603800,4139.6,4129.1,4135.5
1783604100,4138,4132.2,4135
1783604400,4139.7,4131.5,4137.4
1783604700,4137.7,4131.3,4133.6
1783605000,4136.8,4128.4,4128.6
1783605300,4132.7,4127.4,4131.5
1783605600,4145,4131.3,4140.9
1783605900,4147.9,4135.4,4136.2
1783606200,4136.9,4130,4132
1783606500,4132.1,4125.4,4127.2
1783606800,4133.4,4123.6,4133.1
1783607100,4135.5,4131.2,4134.7
1783607400,4135.2,4130.4,4134.7
1783607700,4137.1,4131,4132.8
1783608000,4134.3,4130.3,4133.8
1783608300,4135.1,4128.6,4129.3
1783608600,4134.1,4127.6,4133.9
1783608900,4138,4132.4,4137.6
1783609200,4138.4,4134.9,4136.3
1783609500,4140.9,4135,4136.7
1783609800,4137.3,4134.3,4135
1783610100,4137.7,4134.9,4137.2
1783610400,4140.6,4134.6,4139.3
1783610700,4140.5,4136.9,4137.9
1783611000,4138.6,4136.1,4136.9
1783611300,4140.5,4136.5,4140.5
1783611600,4141.4,4138.4,4140
1783611900,4142.7,4138.6,4139.3
1783612200,4142,4136.1,4137.1
1783612500,4138.4,4136.1,4136.5
1783612800,4139.6,4135.5,4135.7
1783613100,4139.1,4135.6,4138.7
1783613400,4141.3,4137.5,4140.2
1783613700,4143.4,4139.2,4139.5
1783614000,4141.6,4139,4140.5
1783614300,4142.8,4138.7,4142.8
1783614600,4148.8,4141.9,4144.2
1783614900,4145.8,4141.4,4142.5
1783615200,4144,4141.8,4143.3
1783615500,4144.3,4140.7,4140.8
1783615800,4143.6,4140.5,4143.2
1783616100,4143.2,4137.6,4137.6
1783616400,4138.5,4135.8,4138.1
1783616700,4138.6,4136.3,4137.3
1783617000,4138,4135,4137.1
1783617300,4137.9,4134.4,4136.4
1783617600,4138.5,4135.2,4137.9
1783617900,4141.9,4135.9,4141.5
1783618200,4144.4,4139,4139.7
1783618500,4144.4,4139.4,4143.1
1783618800,4143.8,4141.6,4142.1
1783619100,4148.2,4142,4146
1783619400,4147.4,4144.9,4145.4
1783619700,4146.8,4144,4146.2
1783620000,4146.3,4140.5,4141
1783620300,4142.1,4139.6,4140.3
1783620600,4140.5,4137,4138.6
1783620900,4138.5,4136.4,4136.9
1783621200,4137.1,4133.5,4134.5
1783621500,4135.1,4132.7,4133.8
1783621800,4135,4132.3,4133.9
1783622100,4134.3,4131.1,4132.3
1783622400,4135.3,4132,4134.9
1783622700,4135.2,4133.4,4134.1
1783623000,4134.3,4132.1,4133.4
1783623300,4135,4132.8,4134.4
1783623600,4137.1,4133.2,4134.3
1783623900,4135.3,4133,4133.1
1783624200,4134.1,4132.6,4134
1783624500,4135.1,4133.2,4133.4
1783624800,4134,4131.4,4131.6
1783625100,4131.9,4130.1,4130.7
1783625400,4131.5,4129.3,4130.5
1783625700,4132.6,4129.6,4130.2
1783626000,4131.2,4127.9,4130.1
1783626300,4132.1,4129.6,4131.9
1783626600,4133.3,4130.6,4131.4
1783626900,4132.5,4130.3,4132.1
1783627200,4134,4131.1,4132.2
1783627500,4132.7,4131,4131.6
1783627800,4131.9,4130.4,4131.2
1783628100,4131.7,4130.8,4131.7
1783628400,4132.2,4130.9,4131.2
1783628700,4131.6,4130,4130.7
1783629000,4133.9,4130.1,4133.4
1783629300,4135.2,4133,4133.4
1783629600,4134.3,4133,4134
1783629900,4133.9,4132,4133.2
1783630200,4133.6,4132.5,4133.5
1783630500,4134,4132.5,4132.7
1783634400,4136,4133.2,4134.2
1783634700,4136.6,4131.7,4131.8
1783635000,4133,4131,4132.6
1783635300,4133.9,4132.2,4132.2
1783635600,4132.8,4131.6,4132.7
1783635900,4133.5,4131.7,4132.3
1783636200,4132.9,4131.4,4132.2
1783636500,4133.8,4132,4133.2
1783636800,4133.1,4131.5,4132.4
1783637100,4133.2,4130.9,4131.6
1783637400,4132.2,4130.3,4131.9
1783637700,4132.7,4130.5,4130.8
1783638000,4132.7,4130.1,4132.7
1783638300,4133.8,4131.9,4133.6
1783638600,4133.7,4132.2,4133.1
1783638900,4133.8,4133,4133.5
1783639200,4134.4,4131.1,4131.7
1783639500,4132.7,4130.4,4131.2
1783639800,4132,4129.5,4131
1783640100,4132.4,4131,4132.1
1783640400,4132.2,4131.7,4132
1783640700,4133.7,4130.6,4133.4
1783641000,4133.9,4131.9,4132.4
1783641300,4133.2,4131.9,4132.8
1783641600,4134.9,4128.6,4132.9
1783641900,4134.5,4130.3,4132.1
1783642200,4132.6,4130.3,4131.5
1783642500,4133.1,4129.9,4130
1783642800,4131.6,4128.1,4128.3
1783643100,4129.2,4125.8,4128.6
1783643400,4128.9,4123.2,4124.7
1783643700,4129,4125,4128.3
1783644000,4133.3,4127.2,4132.4
1783644300,4135.5,4131.2,4133.7
1783644600,4136.9,4130.2,4132
1783644900,4138.4,4131.8,4135.9
1783645200,4140.7,4129,4131.3
1783645500,4135.9,4128,4134.7
1783645800,4136.2,4131,4134.5
1783646100,4137.3,4132.6,4135.8
1783646400,4135.8,4129.9,4131.8
1783646700,4132.4,4129.7,4131.1
1783647000,4133.2,4128.3,4129.5
1783647300,4130.7,4118.3,4122.2
1783647600,4123.7,4119.4,4121.1
1783647900,4124.3,4118.4,4122.7
1783648200,4126.7,4122.4,4125.7
1783648500,4131,4124.8,4126.3
1783648800,4128.8,4125.7,4127.6
1783649100,4136.6,4127.2,4134.5
1783649400,4138.7,4133.4,4134.6
1783649700,4137.9,4133.6,4137
1783650000,4137.5,4131.2,4133.8
1783650300,4135.9,4133.6,4135.4
1783650600,4138.3,4132.7,4133
1783650900,4134.1,4131.4,4133.6
1783651200,4136,4132.5,4135.1
1783651500,4135.6,4132.8,4135.4
1783651800,4139,4135,4137.6
1783652100,4137.5,4135.1,4137.4
1783652400,4141.8,4137,4139.4
1783652700,4144.8,4138,4141.5
1783653000,4141.6,4135.8,4136.4
1783653300,4138.5,4135.3,4135.6
1783653600,4135.9,4130.3,4132
1783653900,4136.2,4131.9,4134.9
1783654200,4137.5,4133.4,4137
1783654500,4137.5,4132.3,4132.6
1783654800,4133.1,4130.9,4131.2
1783655100,4132,4130.1,4130.4
1783655400,4131.5,4128.8,4130
1783655700,4131.1,4128.5,4129.5
1783656000,4129.6,4127.2,4128.9
1783656300,4130.1,4127,4127.3
1783656600,4130.3,4126.1,4130.1
1783656900,4130.6,4128.7,4129.2
1783657200,4129.8,4121.1,4123.5
1783657500,4127,4121.7,4126.3
1783657800,4127.4,4125.5,4127.1
1783658100,4128.6,4126.7,4128.4
1783658400,4128.6,4127.1,4128.3
1783658700,4128.2,4125.6,4126
1783659000,4126.5,4124.2,4126.1
1783659300,4126.8,4123.6,4124
1783659600,4124.6,4122.2,4123.3
1783659900,4125.3,4122.2,4122.9
1783660200,4123.6,4121.7,4123
1783660500,4126.1,4122.7,4125.9
1783660800,4125.8,4121.7,4123.1
1783661100,4124.9,4122.4,4122.8
1783661400,4124.1,4118.7,4121.9
1783661700,4123.1,4117.6,4118
1783662000,4123.1,4117.8,4122.8
1783662300,4123,4116.8,4120.8
1783662600,4123.8,4120.7,4123.4
1783662900,4126.1,4122.2,4125.6
1783663200,4128.2,4124.3,4126.6
1783663500,4127.9,4125.2,4126.8
1783663800,4127.3,4123.5,4123.8
1783664100,4129,4122.3,4128.8
1783664400,4128.6,4125.3,4126.7
1783664700,4127.2,4123.2,4123.5
1783665000,4125.2,4121.3,4122.7
1783665300,4124.8,4122.4,4124.4
1783665600,4124.5,4119.7,4120.2
1783665900,4123.4,4120.2,4121.8
1783666200,4123.2,4120.7,4122.4
1783666500,4122.9,4120.3,4120.3
1783666800,4122,4119,4121.5
1783667100,4122.5,4118.2,4120.3
1783667400,4121.4,4117.5,4120.4
1783667700,4123.2,4117.2,4123.1
1783668000,4124.4,4121.4,4123
1783668300,4123.2,4120.8,4121.5
1783668600,4123.5,4120.5,4122.5
1783668900,4122.9,4119.4,4120.6
1783669200,4120.5,4114.2,4115.5
1783669500,4116.3,4112.6,4113.9
1783669800,4117.4,4113.5,4116.3
1783670100,4118.8,4114.3,4117.7
1783670400,4118.4,4112.8,4114
1783670700,4116.9,4113.6,4115.7
1783671000,4116.4,4114.2,4116.2
1783671300,4117.3,4115,4116.3
1783671600,4117.7,4113.7,4113.7
1783671900,4114.6,4111.5,4113
1783672200,4114.5,4110.5,4110.8
1783672500,4111.9,4108.1,4111.5
1783672800,4111.5,4108.5,4110.7
1783673100,4110.8,4103.5,4104.5
1783673400,4107.4,4104.2,4106
1783673700,4107.2,4104.5,4106.6
1783674000,4109.2,4103,4107.4
1783674300,4109,4107,4108
1783674600,4109.8,4105.6,4109.8
1783674900,4111.6,4109.1,4110.5
1783675200,4111.5,4108.8,4111.2
1783675500,4112.9,4109.5,4111.7
1783675800,4111.9,4109.5,4110.8
1783676100,4111.3,4107.6,4110.4
1783676400,4113.1,4110.2,4111.9
1783676700,4113.5,4111.3,4112.6
1783677000,4114,4111.3,4113.7
1783677300,4114.6,4112.3,4113.5
1783677600,4117.5,4113.2,4117.5
1783677900,4117.6,4114.8,4115.2
1783678200,4117.1,4114.9,4115.3
1783678500,4116.9,4115.2,4116.2
1783678800,4121.9,4115.9,4120.1
1783679100,4120.5,4116.9,4118.5
1783679400,4119.6,4115.4,4115.9
1783679700,4118.1,4115.4,4117.1
1783680000,4118.3,4116.4,4118.1
1783680300,4118.3,4116,4116.3
1783680600,4117.9,4115.8,4117.4
1783680900,4117.5,4112.6,4113.3
1783681200,4117.1,4113.2,4115.8
1783681500,4116.2,4113.5,4114.4
1783681800,4116.9,4114.6,4115.2
1783682100,4116.8,4115,4116.4
1783682400,4116.9,4114.2,4116.7
1783682700,4117.2,4108.7,4108.9
1783683000,4112.2,4107.3,4107.9
1783683300,4108.9,4104.7,4106.4
1783683600,4116.3,4106.6,4115.2
1783683900,4116.8,4114.5,4114.5
1783684200,4117,4114.1,4114.4
1783684500,4114.3,4110.7,4110.9
1783684800,4112.6,4110.3,4111.6
1783685100,4113.1,4109.6,4112.9
1783685400,4127,4111.3,4123.8
1783685700,4125.3,4116.4,4117.9
1783686000,4119.5,4114,4115.6
1783686300,4116,4111.4,4114.5
1783686600,4115.8,4110.3,4110.6
1783686900,4111.5,4106,4110.1
1783687200,4111.2,4106.6,4106.8
1783687500,4111.8,4106.3,4110.3
1783687800,4113.6,4108.3,4108.9
1783688100,4111,4107.6,4109.5
1783688400,4114,4107.4,4109.4
1783688700,4114.8,4108.6,4114.6
1783689000,4114.2,4110.2,4113.1
1783689300,4115.6,4109,4110.8
1783689600,4111.7,4104.3,4105.3
1783689900,4106.6,4094,4095.6
1783690200,4105.8,4095.2,4098.4
1783690500,4106,4096.1,4106
1783690800,4111.3,4103.9,4106.8
1783691100,4110.9,4105.7,4109.8
1783691400,4114.2,4108.8,4111.2
1783691700,4111.3,4106.4,4108.6
1783692000,4110.6,4105.8,4109.6
1783692300,4111.9,4108.2,4109.2
1783692600,4112.7,4106.9,4108.7
1783692900,4114.5,4106.2,4113.1
1783693200,4117.2,4111,4111.7
1783693500,4118.7,4109.4,4114.4
1783693800,4116.8,4081.3,4098.8
1783694100,4106.7,4096.7,4104.6
1783694400,4110.8,4104.2,4108.5
1783694700,4116.9,4107.7,4116.6
1783695000,4116.8,4109.4,4110.4
1783695300,4111.2,4100.5,4101.8
1783695600,4108.1,4100.2,4106.3
1783695900,4109.5,4105,4107.6
1783696200,4110,4105.9,4106.3
1783696500,4112.5,4106.3,4108.9
1783696800,4116.3,4107.8,4114.7
1783697100,4117,4109.6,4111.2
1783697400,4112.9,4110.4,4112.5
1783697700,4115.5,4110.7,4115.5
1783698000,4116,4112.7,4115.4
1783698300,4119.9,4114.7,4119
1783698600,4121.2,4117.4,4119.7
1783698900,4122.8,4118.8,4122.3
1783699200,4124.3,4120.3,4120.6
1783699500,4121.4,4118.3,4120.9
1783699800,4121.8,4116.9,4119.2
1783700100,4122.5,4119.4,4120
1783700400,4120.6,4116.3,4120.2
1783700700,4123.8,4120.1,4123.7
1783701000,4124.8,4121.9,4122
1783701300,4123.6,4121.1,4121.7
1783701600,4122.9,4118.2,4118.3
1783701900,4119.1,4116.7,4116.7
1783702200,4118.3,4115,4115.5
1783702500,4116.4,4113.4,4113.5
1783702800,4114.4,4111.7,4112.1
1783703100,4114.7,4111.3,4112.9
1783703400,4114.7,4111.8,4112.9
1783703700,4115.5,4112.9,4113.6
1783704000,4115.8,4113.6,4114.7
1783704300,4115.3,4112.8,4114.7
1783704600,4116,4113.7,4114.4
1783704900,4114.3,4112.4,4112.8
1783705200,4114.5,4112,4112.7
1783705500,4113.6,4111.8,4112.1
1783705800,4114,4112.1,4112.5
1783706100,4112.7,4109.2,4109.8
1783706400,4112,4108.6,4111.8
1783706700,4112.9,4110.7,4112.3
1783707000,4114.3,4112.3,4113.7
1783707300,4114.1,4111,4112.1
1783707600,4113.3,4111.3,4111.4
1783707900,4114.8,4111.4,4111.9
1783708200,4112.7,4110,4112.4
1783708500,4112.3,4107.9,4108.5
1783708800,4109.5,4107.2,4107.7
1783709100,4109,4106.8,4109
1783709400,4110,4108.2,4109.9
1783709700,4110.4,4108.8,4109.9
1783710000,4109.9,4105.5,4106.7
1783710300,4111.1,4106.3,4110
1783710600,4110.3,4107.1,4110.1
1783710900,4111.5,4109.6,4111.5
1783711200,4111.9,4110.3,4110.4
1783711500,4111.3,4110.1,4110.1
1783711800,4111.2,4108.9,4109.9
1783712100,4111.4,4109.3,4110.9
1783712400,4112.1,4110.3,4111.2
1783712700,4113.8,4110.9,4113.4
1783713000,4114.5,4112.8,4114.5
1783713300,4117.3,4113.7,4116.8
1783713600,4123.3,4116.4,4121.8
1783713900,4122,4119.1,4119.8
1783714200,4120.9,4119,4120.7
1783714500,4121,4118.8,4120.2
1783714800,4121.2,4119.9,4120.4
1783715100,4120.9,4119.2,4120
1783715400,4120.3,4118.8,4120.1
1783715700,4120.6,4119.1,4120
1783716000,4121.1,4119.4,4120.4
1783716300,4122.2,4119.5,4122
1783716600,4129,4121.3,4127.6
1783716900,4129.4,4126.9,4128.6
1783893600,4111.6,4093.8,4098.9
1783893900,4101.7,4092.3,4098
1783894200,4102,4088.4,4089.3
1783894500,4096.2,4088.5,4093.5
1783894800,4095.6,4089.5,4090.3
1783895100,4093.3,4087.9,4092.2
1783895400,4094.6,4090,4090.7
1783895700,4092.2,4088.1,4090.1
1783896000,4090.2,4085.3,4086.1
1783896300,4087.4,4076.6,4086.4
1783896600,4088.8,4084.3,4085.2
1783896900,4086.8,4083,4084.5
1783897200,4084.6,4075.5,4078.3
1783897500,4080.7,4077.6,4079.1
1783897800,4080.5,4076.8,4078.1
1783898100,4079.6,4077.1,4077.7
1783898400,4080.6,4076.7,4080.2
1783898700,4083.3,4079.2,4082.7
1783899000,4082.8,4080.2,4080.6
1783899300,4085.3,4079.4,4085.3
1783899600,4087.3,4084.2,4085.8
1783899900,4087.3,4083.4,4086.7
1783900200,4091.5,4086,4088.9
1783900500,4093.1,4087.8,4092.8
1783900800,4095.3,4089.1,4092.2
1783901100,4099,4092,4097
1783901400,4099.7,4093.8,4095.1
1783901700,4096.3,4088,4090.4
1783902000,4091.9,4088.5,4090.8
1783902300,4091,4082.8,4082.8
1783902600,4083.8,4069,4071
1783902900,4078.7,4070.3,4077.5
1783903200,4082.1,4076.3,4081.8
1783903500,4085.4,4077.1,4077.8
1783903800,4083.1,4077.4,4082.7
1783904100,4086.2,4081.1,4082.4
1783904400,4085.2,4073.9,4079.7
1783904700,4089.9,4078.8,4086.3
1783905000,4089.2,4085.2,4088.3
1783905300,4090.9,4081.1,4081.9
1783905600,4085,4079.1,4082.7
1783905900,4088.7,4082.8,4087.7
1783906200,4098.3,4086,4093.6
1783906500,4097.6,4090.8,4096.1
1783906800,4096.4,4091.4,4093.2
1783907100,4096,4091.4,4094.5
1783907400,4096.8,4082.4,4082.4
1783907700,4084.1,4075.5,4080.2
1783908000,4082.5,4077.8,4078.6
1783908300,4081.9,4077.6,4081.4
1783908600,4083.4,4078.4,4080
1783908900,4082.3,4078.7,4081.6
1783909200,4082.2,4077.2,4078.5
1783909500,4079.5,4074.5,4075.3
1783909800,4081.9,4072.5,4081.6
1783910100,4085.7,4081.8,4083.6
1783910400,4083.4,4079,4080.8
1783910700,4080.8,4075.8,4077.3
1783911000,4080.4,4076.7,4078.4
1783911300,4080,4076.8,4076.8
1783911600,4077.3,4071.6,4072.3
1783911900,4072.6,4066.4,4069.4
1783912200,4069.6,4060.6,4066
1783912500,4068.9,4065.8,4067.3
1783912800,4070,4066.4,4069.2
1783913100,4070.4,4066.6,4069.9
1783913400,4070.2,4065.3,4065.5
1783913700,4068.5,4064.6,4067.6
1783914000,4068.6,4064.9,4065.4
1783914300,4068.5,4065.2,4067.7
1783914600,4068.8,4066.1,4067.2
1783914900,4068.6,4066.1,4068.1
1783915200,4068.1,4063.9,4064.8
1783915500,4066.3,4062.7,4064
1783915800,4065.2,4060,4062.5
1783916100,4065.7,4057.8,4065.1
1783916400,4065.7,4063.5,4064.6
1783916700,4065,4061.1,4063.1
1783917000,4065.5,4061.7,4063.6
1783917300,4065.1,4062.7,4064.3
1783917600,4064.4,4060.7,4061.7
1783917900,4063.3,4060.3,4060.6
1783918200,4063,4060.2,4062.5
1783918500,4067,4062.1,4066.3
1783918800,4068.2,4062.5,4067.7
1783919100,4078.9,4067.2,4078.3
1783919400,4080.8,4075.8,4077.5
1783919700,4077.5,4071.9,4073.5
1783920000,4074.4,4067.9,4068.8
1783920300,4071.4,4064.8,4065.8
1783920600,4070.5,4059.3,4069.8
1783920900,4073.5,4069.3,4071
1783921200,4073.1,4067.6,4071.5
1783921500,4071.6,4066.7,4070.5
1783921800,4072.5,4065.6,4066.1
1783922100,4067,4060.8,4062
1783922400,4064.5,4055.5,4058.8
1783922700,4061.8,4051.7,4060.7
1783923000,4061.8,4056.5,4058.6
1783923300,4062,4058.3,4061.5
1783923600,4064.6,4061.1,4063.2
1783923900,4069.1,4062.8,4068.8
1783924200,4070.3,4066.3,4067.3
1783924500,4071.5,4066.8,4070.5
1783924800,4071,4067.3,4068.1
1783925100,4068.4,4064.1,4064.3
1783925400,4065.6,4060.7,4061.7
1783925700,4063.7,4059.7,4063.1
1783926000,4064.4,4056.3,4061.4
1783926300,4068.2,4059.2,4066.1
1783926600,4069.3,4062.4,4063.5
1783926900,4065.8,4063.2,4065.7
1783927200,4066.8,4063.8,4065
1783927500,4067.1,4064.1,4066.7
1783927800,4068.6,4063.7,4067.8
1783928100,4071,4067.3,4068.2
1783928400,4069.8,4064.9,4065.1
1783928700,4067.6,4064.7,4065.2
1783929000,4069.9,4063.7,4069.6
1783929300,4073.2,4068.5,4072.9
1783929600,4075.8,4071.1,4073.3
1783929900,4079.7,4072.7,4079.5
1783930200,4083.5,4077.9,4082.3
1783930500,4086.7,4082,4083.3
1783930800,4089.2,4083.3,4086.8
1783931100,4088,4082.2,4082.6
1783931400,4084.1,4079.5,4080.9
1783931700,4083.3,4080.1,4083.1
1783932000,4084.9,4081.2,4084.5
1783932300,4084.8,4080.7,4084.7
1783932600,4087.2,4084.1,4086.2
1783932900,4086.7,4082.6,4083.1
1783933200,4084.8,4080.9,4083.4
1783933500,4083.9,4082.1,4082.2
1783933800,4083.1,4081,4083
1783934100,4083,4079.9,4081.2
1783934400,4083.8,4081.1,4082.7
1783934700,4085,4079.4,4081
1783935000,4082.3,4078.6,4080.3
1783935300,4080.1,4077.7,4077.9
1783935600,4081.8,4077.9,4080.9
1783935900,4082.1,4079.8,4081.1
1783936200,4081.2,4077.8,4079.4
1783936500,4080.3,4076,4076.4
1783936800,4078.7,4075.6,4078.2
1783937100,4078.5,4076.5,4077.4
1783937400,4077.5,4074.7,4075.5
1783937700,4077.4,4074,4076.3
1783938000,4076.8,4074.5,4075.7
1783938300,4075.5,4072.1,4073.2
1783938600,4075.2,4072.7,4074.1
1783938900,4076.2,4073.6,4074.6
1783939200,4074.8,4055,4060.5
1783939500,4062.9,4056.3,4062.3
1783939800,4066.8,4059.9,4066.2
1783940100,4069.5,4066.4,4068.5
1783940400,4072,4065.9,4071.4
1783940700,4075.9,4071.1,4072.9
1783941000,4073.5,4070.4,4071.6
1783941300,4072.9,4068.9,4069.3
1783941600,4069.9,4065.9,4066.7
1783941900,4071.7,4066,4070.5
1783942200,4075.8,4069.8,4075.8
1783942500,4076.6,4070.9,4071.9
1783942800,4075.2,4071.7,4072.6
1783943100,4073.5,4068.3,4070.9
1783943400,4071.2,4062.6,4064.3
1783943700,4065.6,4063.1,4064.3
1783944000,4068.5,4063.7,4066.4
1783944300,4067.8,4062.8,4064
1783944600,4068,4061.2,4063.9
1783944900,4068.9,4063.9,4066.9
1783945200,4070.1,4062.6,4069.8
1783945500,4071.7,4066.2,4066.7
1783945800,4070.9,4066.5,4070.5
1783946100,4071.4,4067.4,4068.6
1783946400,4071.8,4068.2,4070.1
1783946700,4074.5,4070.5,4073.4
1783947000,4074.8,4071.9,4073.7
1783947300,4075.3,4071.3,4075.3
1783947600,4075.6,4066.5,4070.7
1783947900,4072.8,4067.8,4071.4
1783948200,4071.5,4066.7,4069.3
1783948500,4069.6,4066,4068.5
1783948800,4070.7,4068,4069.7
1783949100,4073.8,4068.9,4069.9
1783949400,4071.7,4064.2,4066
1783949700,4069.1,4061.4,4062
1783950000,4066.6,4058.8,4062.3
1783950300,4066,4057.1,4058.1
1783950600,4060.4,4049.6,4058.9
1783950900,4060.6,4048.8,4050.6
1783951200,4054.6,4045.2,4047.7
1783951500,4048.6,4036.4,4045.2
1783951800,4047.3,4041.2,4043.4
1783952100,4044.8,4014.8,4028.9
1783952400,4029.3,4009.4,4028.6
1783952700,4036.1,4021.9,4024.1
1783953000,4024.6,4011.9,4017.7
1783953300,4017.8,4010.7,4015
1783953600,4015.1,4006.8,4012.6
1783953900,4016.6,4008.5,4013.3
1783954200,4018.1,4011.3,4016.5
1783954500,4022.5,4015.6,4022.3
1783954800,4025,4018.9,4018.9
1783955100,4021.3,4017.7,4021.2
1783955400,4024.1,4020.8,4022
1783955700,4026.6,4020.3,4026.3
1783956000,4027.7,4022.8,4023.5
1783956300,4025.9,4020.3,4023.5
1783956600,4025.1,4021.2,4022
1783956900,4024.2,4020.6,4022.8
1783957200,4023.4,4019.5,4020.6
1783957500,4022.4,4018.1,4021
1783957800,4021.6,4017.1,4020.9
1783958100,4023.4,4020,4023.2
1783958400,4025.5,4020.9,4023.1
1783958700,4024.3,4020.7,4022.6
1783959000,4023.7,4019.8,4021.3
1783959300,4021.4,4018.1,4019.2
1783959600,4020.1,4016.7,4016.8
1783959900,4018,4007.7,4011.2
1783960200,4012.1,3999,4001.9
1783960500,4004.7,3997.5,4003.7
1783960800,4007.9,4002,4007.7
1783961100,4009.9,4004.2,4005.7
1783961400,4006,3998.5,3999.2
1783961700,4000.5,3992.9,4000.4
1783962000,4004.2,3999.3,4001.9
1783962300,4006.4,4000.4,4005.4
1783962600,4005.9,4003.6,4004.8
1783962900,4008.9,4003.9,4008.5
1783963200,4009.3,4004.9,4005.8
1783963500,4007,4003.8,4006.4
1783963800,4008.3,4005,4007.8
1783964100,4007.3,4004.2,4005.1
1783964400,4006.1,4003.2,4004.6
1783964700,4007,4001.4,4003.1
1783965000,4003.7,4000.4,4002
1783965300,4002.7,3999.3,4000.4
1783965600,4002.5,3997.2,3997.7
1783965900,4002,3997.6,3999
1783966200,4001.2,3996.3,4001
1783966500,4001.5,3993.6,3995.3
1783966800,4002.1,3993.9,4001.9
1783967100,4004.2,4001.5,4002.2
1783967400,4005.6,4000.8,4004
1783967700,4007.5,4004.1,4005.8
1783968000,4008,4005,4007.2
1783968300,4009.3,4005.6,4009.3
1783968600,4012.5,4007.8,4011.2
1783968900,4012.4,4005.2,4008.5
1783969200,4011.6,4005.3,4011.5
1783969500,4012.1,4006.3,4007.8
1783969800,4007.5,4004.8,4005.1
1783970100,4006.9,4004.7,4006.3
1783970400,4007.3,4003.9,4007
1783970700,4008,4005.2,4005.4
1783971000,4008.1,4004.9,4006.1
1783971300,4006.2,4000.4,4002.3
1783971600,4006.7,4002.1,4006.3
1783971900,4006.7,4004.1,4004.4
1783972200,4008.7,4004.2,4007.6
1783972500,4009.7,4007,4009.4
1783972800,4012,4008.2,4012
1783973100,4013.5,4008.9,4009.8
1783973400,4010.4,4005.6,4005.9
1783973700,4007.4,4002.5,4007.1
1783974000,4007.3,4005.3,4005.6
1783974300,4007.6,4005.4,4007.3
1783974600,4007.7,4004.6,4005.8
1783974900,4006.6,4003.8,4006.4
1783975200,4007.8,4005.6,4007.2
1783975500,4007.7,4005.7,4006
1783975800,4008.2,4005.1,4008.2
1783976100,4009.5,4007.7,4008.7
1783980000,4016.6,4007.5,4009.1
1783980300,4012.2,4008.3,4008.6
1783980600,4011.5,4008.4,4010.8
1783980900,4012.6,4010.6,4011.7
1783981200,4011.9,4010.9,4010.9
1783981500,4011.8,4010.8,4011
1783981800,4011.2,4009.8,4010.6
1783982100,4012.4,4009.6,4010.1
1783982400,4011,4009.8,4010.8
1783982700,4012.3,4009.9,4010.6
1783983000,4010.9,4008.9,4009.7
1783983300,4009.7,4007.2,4007.7
1783983600,4009.9,4006.9,4007.5
1783983900,4009.7,4007.3,4008.3
1783984200,4009,4005.8,4007
1783984500,4007.4,4005.4,4006.4
1783984800,4007.3,4003.3,4006
1783985100,4006.9,4003.6,4004.6
1783985400,4004.3,4000.1,4001.9
1783985700,4002.9,4000.7,4002.7
1783986000,4004.1,4001.8,4002.3
1783986300,4006.3,3999.4,4004.2
1783986600,4007.8,4002.1,4005.9
1783986900,4009.2,4005,4008
1783987200,4011.9,3999.5,4001.3
1783987500,4002.4,3990.1,4001.9
1783987800,4005.9,3998,4002.5
1783988100,4003,3994,3994.4
1783988400,3997.8,3992.4,3997
1783988700,4003.9,3995.6,4002.2
1783989000,4013.7,4001.2,4011.8
1783989300,4014.4,4009,4010.2
1783989600,4012.8,4005.8,4009.5
1783989900,4014.1,4007.7,4009.6
1783990200,4012.5,4009.4,4011.4
1783990500,4014.4,4010,4011.2
1783990800,4011.3,3998.7,4005
1783991100,4006.5,3998.4,4001.7
1783991400,4005.7,3999.5,4001.9
1783991700,4011.5,4001.8,4010.1
1783992000,4010.3,4003.5,4004.2
1783992300,4006.4,4002.1,4004.4
1783992600,4010.8,4002.9,4005.4
1783992900,4005.5,3999.6,4004.1
1783993200,4009,4001.7,4008.7
1783993500,4010.5,4005.6,4009.5
1783993800,4012.3,4006.8,4011.1
1783994100,4018.9,4009.1,4017.3
1783994400,4018,4012.6,4016
1783994700,4020.2,4015,4018.5
1783995000,4024.4,4017.5,4023.3
1783995300,4025.9,4021.3,4024.4
1783995600,4025,4020.6,4021.2
1783995900,4024.6,4020.2,4024.3
1783996200,4025.8,4019.8,4020.4
1783996500,4022.4,4019.2,4020.7
1783996800,4023.2,4017.2,4017.6
1783997100,4019.6,4016.2,4016.8
1783997400,4018.2,4015.8,4017.6
1783997700,4020.9,4017.2,4019.2
1783998000,4023.8,4018.4,4021.2
1783998300,4023.6,4019.9,4020.7
1783998600,4022.2,4018.4,4020.6
1783998900,4022,4018.6,4020
1783999200,4023.4,4017.4,4022.2
1783999500,4025.4,4021.5,4024.4
1783999800,4025.8,4020.2,4021.5
1784000100,4024.3,4021,4021.8
1784000400,4022.5,4020.2,4021.8
1784000700,4023.6,4021.4,4022.5
1784001000,4024.7,4021.8,4024.2
1784001300,4024.4,4021,4023.3
1784001600,4025.3,4022.4,4023.9
1784001900,4024.3,4021.3,4021.5
1784002200,4022.6,4019.8,4022.1
1784002500,4022.8,4020.6,4021.8
1784002800,4022.7,4020.4,4021.9
1784003100,4024,4021.7,4022.3
1784003400,4029.4,4022.3,4028
1784003700,4031.1,4027.1,4028.2
1784004000,4028.8,4026.8,4026.8
1784004300,4027.5,4024.4,4024.5
1784004600,4026.5,4022.5,4026.3
1784004900,4027.9,4024.1,4026.9
1784005200,4029.4,4026.5,4026.5
1784005500,4030,4026.4,4029.5
1784005800,4030.5,4028.8,4029.6
1784006100,4030.6,4026.5,4028.1
1784006400,4029.2,4027,4027.3
1784006700,4029.8,4026.6,4029.1
1784007000,4036.7,4029,4034.9
1784007300,4037.8,4033.5,4034.4
1784007600,4040.7,4034.1,4038.2
1784007900,4039,4035.7,4037.2
1784008200,4037.6,4035.3,4037.1
1784008500,4038.6,4036.2,4037.7
1784008800,4038.5,4035.1,4036
1784009100,4038.2,4034.7,4038.1
1784009400,4039.5,4036.6,4037.4
1784009700,4037.4,4034.2,4034.6
1784010000,4035.2,4032.5,4034.1
1784010300,4033.8,4029.1,4029.3
1784010600,4033,4028.8,4031.9
1784010900,4032.9,4028.9,4030.3
1784011200,4032.3,4028,4031.7
1784011500,4032.7,4029.8,4030.7
1784011800,4034.2,4029.8,4030.1
1784012100,4031.6,4029.5,4030.5
1784012400,4032.2,4026.8,4032.1
1784012700,4035.5,4032,4035.2
1784013000,4035.2,4030.7,4031.3
1784013300,4034.5,4031.2,4033.2
1784013600,4036.5,4032.6,4035.2
1784013900,4036,4032.5,4033
1784014200,4033.2,4029.5,4032.2
1784014500,4036,4031.2,4033.2
1784014800,4033.3,4028.9,4030.4
1784015100,4030.7,4028.7,4030
1784015400,4032.7,4027.7,4032.2
1784015700,4032.3,4026,4027.2
1784016000,4029.2,4023.6,4025.3
1784016300,4026.7,4020.9,4022.7
1784016600,4024.9,4022.8,4023.8
1784016900,4027.6,4024,4025.7
1784017200,4027.7,4025,4026.3
1784017500,4030.1,4025.8,4028.5
1784017800,4030.8,4025.6,4026.4
1784018100,4027.6,4025.2,4025.8
1784018400,4029.2,4025.2,4025.9
1784018700,4027.6,4025.2,4025.8
1784019000,4027,4024,4025.9
1784019300,4026.5,4022.5,4022.7
1784019600,4026.9,4020.2,4026.5
1784019900,4028.8,4025,4027.9
1784020200,4031.3,4026.4,4027.3
1784020500,4027.5,4024.7,4026.9
1784020800,4028.5,4023.9,4025
1784021100,4025.6,4021.7,4022.6
1784021400,4024,4020.1,4020.9
1784021700,4023,4020.3,4022.8
1784022000,4025,4022.5,4023.9
1784022300,4030.9,4023.2,4030
1784022600,4030.9,4027.5,4027.9
1784022900,4028.7,4026,4028.6
1784023200,4029.1,4025.1,4025.9
1784023500,4027,4024.5,4025
1784023800,4026.5,4023.7,4024.8
1784024100,4027,4024,4025.7
1784024400,4026,4023.6,4024.5
1784024700,4024.9,4022.4,4024.9
1784025000,4026.1,4021.8,4022.8
1784025300,4026.2,4021.8,4025.4
1784025600,4026.9,4024.8,4025.8
1784025900,4029.3,4024.6,4028.6
1784026200,4028.5,4025.7,4026.8
1784026500,4029.6,4026.3,4028.3
1784026800,4029.5,4026.2,4026.9
1784027100,4028.3,4022.2,4023
1784027400,4030.9,4022.9,4029.7
1784027700,4031.1,4027.4,4029.8
1784028000,4035.1,4029.3,4035
1784028300,4035.7,4031.7,4032
1784028600,4036.6,4031.6,4034.6
1784028900,4037.7,4034.5,4035.7
1784029200,4037.1,4034.2,4035.2
1784029500,4037.8,4032.8,4035.8
1784029800,4036.8,4033.7,4036.3
1784030100,4039.2,4035.7,4038.4
1784030400,4043.1,4035.9,4036.9
1784030700,4037.7,4031.9,4032.6
1784031000,4035.3,4032,4032.8
1784031300,4035.5,4031.4,4034
1784031600,4035.5,4029.8,4035.1
1784031900,4037.8,4033.3,4035
1784032200,4112.6,4037.2,4104.1
1784032500,4109,4089.7,4095.3
1784032800,4102.5,4092.6,4101
1784033100,4103.2,4090.1,4092.9
1784033400,4092.9,4080.1,4081.1
1784033700,4085.2,4076.5,4084
1784034000,4091.2,4079.5,4080.2
1784034300,4088,4078,4084.8
1784034600,4087.7,4079.3,4082.1
1784034900,4087.6,4081.3,4083.6
1784035200,4093.7,4079,4091
1784035500,4093.4,4087.9,4089
1784035800,4092.5,4083.2,4087.7
1784036100,4096.3,4086,4094
1784036400,4096.4,4090.1,4095.2
1784036700,4095.2,4087.9,4090.9
1784037000,4092.7,4081.1,4083.7
1784037300,4086.4,4082,4084
1784037600,4088,4081,4081.3
1784037900,4088.9,4079.8,4087.6
1784038200,4092.8,4084.6,4089.9
1784038500,4089.9,4077.9,4080.2
1784038800,4092.8,4080.3,4086.2
1784039100,4087.1,4081.2,4084.2
1784039400,4098.3,4080.6,4087.7
1784039700,4089,4082.1,4087.2
1784040000,4090.4,4086.4,4087.7
1784040300,4090.3,4086.3,4086.8
1784040600,4092,4085.2,4090.3
1784040900,4095.2,4088.9,4093.1
1784041200,4100.9,4086.1,4095.9
1784041500,4108.5,4093.8,4103.7
1784041800,4105.4,4096.5,4098
1784042100,4098.8,4092.8,4094.4
1784042400,4098.6,4092.7,4094.3
1784042700,4094.6,4089.4,4092
1784043000,4094.1,4087.6,4088.6
1784043300,4089.6,4082.7,4083.1
1784043600,4084.2,4073.1,4080.9
1784043900,4083.6,4078,4078.3
1784044200,4079.1,4072.6,4073.8
1784044500,4075.2,4071.3,4072.9
1784044800,4073.9,4068.8,4070.7
1784045100,4071,4064,4067.2
1784045400,4071.9,4067.4,4070.2
1784045700,4072.3,4067.8,4070
1784046000,4070.7,4064.8,4067.9
1784046300,4069.5,4065.3,4066.3
1784046600,4070.1,4065.8,4066.8
1784046900,4068.4,4064.3,4067
1784047200,4069.9,4066,4068
1784047500,4069,4064.5,4066.6
1784047800,4068.4,4065.3,4067
1784048100,4069.1,4066.6,4068.8
1784048400,4071.6,4066.6,4067.2
1784048700,4068,4063.6,4066.3
1784049000,4066.6,4061.6,4063.4
1784049300,4064.1,4061.1,4063.6
1784049600,4068.4,4063.1,4067.8
1784049900,4071.1,4066.9,4069.5
1784050200,4072.3,4068.5,4069
1784050500,4069.8,4067.7,4068.8
1784050800,4069.6,4066.3,4066.7
1784051100,4068.9,4065.1,4068.6
1784051400,4070.3,4068.6,4069.8
1784051700,4070.9,4069.1,4069.8
1784052000,4069.6,4066.4,4069
1784052300,4069,4067.1,4067.3
1784052600,4068.6,4066.5,4068.6
1784052900,4070.1,4067.8,4069.7
1784053200,4069.4,4064,4064
1784053500,4066,4063.5,4065.6
1784053800,4066.3,4061.8,4063.4
1784054100,4063.6,4057.7,4059.6
1784054400,4061.1,4049.2,4053
1784054700,4057.4,4051.2,4055.8
1784055000,4058.7,4053.4,4058.3
1784055300,4061.3,4057.9,4060.7
1784055600,4061.6,4059,4059.6
1784055900,4061.7,4059,4061
1784056200,4064.2,4060,4063.4
1784056500,4063.8,4061.3,4063.1
1784056800,4062.9,4058.9,4059.3
1784057100,4060.4,4057.8,4058.1
1784057400,4058.3,4054.1,4056.9
1784057700,4058.9,4056.1,4057.5
1784058000,4059.7,4056.7,4059.2
1784058300,4061.1,4058.5,4059.1
1784058600,4063.6,4058,4061.9
1784058900,4063.5,4060.8,4062.4
1784059200,4063.1,4060.6,4061.8
1784059500,4062.3,4061,4061.2
1784059800,4062,4060.4,4060.6
1784060100,4061.3,4058.8,4059.4
1784060400,4060.6,4058.7,4060.6
1784060700,4060.7,4059.3,4059.5
1784061000,4060.1,4057.8,4057.9
1784061300,4058.6,4056.5,4056.9
1784061600,4058.4,4055.2,4057
1784061900,4057.7,4055.6,4056.5
1784062200,4059.3,4055.5,4058.8
1784062500,4059.5,4057.4,4058.5
1784066400,4060.2,4057.4,4058.7
1784066700,4059,4057.1,4057.5
1784067000,4057.6,4054.8,4056.7
1784067300,4057,4054.8,4056.3
1784067600,4058.1,4055.3,4056.3
1784067900,4057.9,4055.5,4057.8
1784068200,4058.9,4057.3,4058.3
1784068500,4058.7,4056,4056.9
1784068800,4058,4054.9,4056.4
1784069100,4056.9,4054.4,4055.2
1784069400,4056.5,4054.6,4055.3
1784069700,4055.9,4054.6,4055
1784070000,4056.5,4054.1,4055.6
1784070300,4055.7,4054.2,4055.6
1784070600,4055.7,4052.8,4053.5
1784070900,4054.6,4052.7,4054
1784071200,4056.4,4053.9,4055.6
1784071500,4060,4055.2,4059.7
1784071800,4061.7,4057.4,4061
1784072100,4062.3,4059,4059.8
1784072400,4061.6,4059.4,4060.9
1784072700,4061.3,4058.4,4058.8
1784073000,4060.7,4058.4,4060.5
1784073300,4060.8,4057.9,4059
1784073600,4063.5,4057.1,4061
1784073900,4062,4058.8,4060.3
1784074200,4061.5,4057.2,4057.6
1784074500,4062.8,4057.3,4058.3
1784074800,4062.8,4057.9,4061.9
1784075100,4065,4061.1,4064.8
1784075400,4065.1,4061.6,4062.1
1784075700,4063,4058.4,4060.5
1784076000,4061.3,4059.2,4060.9
1784076300,4063.8,4060.5,4061.5
1784076600,4064.6,4060.9,4064.2
1784076900,4067.6,4063.7,4065.5
1784077200,4068.8,4061.5,4064.4
1784077500,4068.2,4060.9,4062.9
1784077800,4065.9,4061.5,4062.3
1784078100,4063.5,4059.7,4062.2
1784078400,4062.6,4059,4060.2
1784078700,4063.2,4060.2,4060.8
1784079000,4061.1,4053.1,4057
1784079300,4057,4050.3,4052.5
1784079600,4052.6,4042.5,4044.8
1784079900,4048.8,4043.8,4047.7
1784080200,4047.5,4043.8,4047.3
1784080500,4047.4,4041,4043.3
1784080800,4046.5,4039.4,4045.3
1784081100,4048.2,4044.5,4047
1784081400,4048.5,4041.7,4042.7
1784081700,4042.9,4035.3,4036.1
1784082000,4039,4035.3,4038
1784082300,4040.2,4036.4,4039.4
1784082600,4042.7,4038.7,4042.1
1784082900,4044.5,4042.1,4044.2
1784083200,4048.7,4043.4,4048.1
1784083500,4048.5,4045,4046.3
1784083800,4046,4040.5,4041.4
1784084100,4045.7,4041.4,4041.7
1784084400,4046.2,4040.7,4045.5
1784084700,4046.5,4042.1,4043
1784085000,4043.4,4038.9,4040.3
1784085300,4041.6,4037.9,4038.3
1784085600,4039.3,4036.3,4036.8
1784085900,4039,4035.8,4036.8
1784086200,4040.1,4033,4039.5
1784086500,4042,4038.4,4038.4
1784086800,4038.7,4034.2,4035.5
1784087100,4038.4,4035.2,4038.3
1784087400,4039.6,4037,4037
1784087700,4038.3,4036.9,4037.2
1784088000,4039.4,4036.5,4037.3
1784088300,4038.5,4036,4038.1
1784088600,4039.4,4037.4,4037.4
1784088900,4040.2,4036.8,4040.2
1784089200,4040.8,4038.6,4039.2
1784089500,4041.2,4039.2,4039.9
1784089800,4041.3,4037.8,4037.9
1784090100,4039.1,4036.3,4037.1
1784090400,4038.1,4033.6,4036.2
1784090700,4040.6,4036.6,4037.9
1784091000,4040.7,4037.9,4039.1
1784091300,4039.9,4038,4039.4
1784091600,4042.4,4037,4038.2
1784091900,4039.3,4035.3,4037.2
1784092200,4037.8,4030.2,4032.4
1784092500,4034.9,4031.8,4034
1784092800,4035.1,4032.4,4034
1784093100,4033.5,4030.7,4030.9
1784093400,4035.5,4027.6,4034.4
1784093700,4038.7,4033.2,4037.7
1784094000,4044.7,4035.6,4035.9
1784094300,4036.1,4033.3,4035.3
1784094600,4036.9,4034,4036.8
1784094900,4041.4,4034.2,4041
1784095200,4041.8,4036.8,4037.7
1784095500,4038.2,4033.9,4036.1
1784095800,4036.3,4032.7,4033.4
1784096100,4034.2,4029.3,4032.8
1784096400,4033.2,4026.9,4032.4
1784096700,4034.7,4031.5,4033
1784097000,4034.4,4028.7,4034.3
1784097300,4037,4033.4,4035.1
1784097600,4039.1,4034.1,4038.5
1784097900,4038.5,4035.6,4036.2
1784098200,4040,4036,4038.5
1784098500,4039,4036.6,4038.5
1784098800,4040.6,4035.2,4038.9
1784099100,4039,4035.2,4035.6
1784099400,4037.3,4034.1,4035.4
1784099700,4036.4,4034.1,4035.5
1784100000,4035.9,4030.5,4032.2
1784100300,4032.4,4026,4029.9
1784100600,4032.8,4027.8,4029.7
1784100900,4029.7,4025.5,4026.5
1784101200,4028.9,4025.7,4028.9
1784101500,4032.6,4027.3,4031
1784101800,4031.8,4028.5,4031.6
1784102100,4033.1,4029.2,4030.5
1784102400,4032,4026.4,4030.7
1784102700,4031.6,4027.9,4028.4
1784103000,4029.4,4023.2,4023.7
1784103300,4031.2,4023.7,4030.2
1784103600,4031.4,4028.5,4030.6
1784103900,4033,4028.7,4032.7
1784104200,4035.5,4032,4034.1
1784104500,4034.8,4030.9,4032.5
1784104800,4035.1,4032.6,4034.8
1784105100,4036.5,4033.8,4035.8
1784105400,4037.4,4035,4036.9
1784105700,4039.4,4035.9,4037.6
1784106000,4040.9,4037,4039.6
1784106300,4040.4,4035.9,4038.5
1784106600,4039.3,4035.7,4036.5
1784106900,4037.4,4034.9,4037.1
1784107200,4038.9,4035.3,4035.7
1784107500,4035.3,4033,4033.4
1784107800,4036.2,4032.5,4032.7
1784108100,4033.8,4031.5,4032.3
1784108400,4034.3,4032.5,4033.6
1784108700,4035.3,4032.3,4034.4
1784109000,4034.9,4032.9,4034.5
1784109300,4036.5,4031.9,4036.2
1784109600,4037.7,4034.9,4036.4
1784109900,4039.1,4034.9,4036.7
1784110200,4042.4,4035.8,4039.9
1784110500,4040,4037.7,4038.3
1784110800,4041.5,4034.6,4035.3
1784111100,4036,4032.3,4034.8
1784111400,4037.2,4034.2,4036.4
1784111700,4040.2,4035.9,4039.6
1784112000,4039.7,4036.1,4037.2
1784112300,4037.4,4033.2,4034.7
1784112600,4035.1,4033.6,4035
1784112900,4035.1,4033.1,4034.5
1784113200,4037.5,4034,4035
1784113500,4037.7,4034.5,4037.2
1784113800,4039.2,4036.1,4036.1
1784114100,4036.7,4033.5,4035.3
1784114400,4036.4,4034.5,4036
1784114700,4037.4,4034.9,4036.7
1784115000,4039.9,4035.3,4039.3
1784115300,4041.6,4037.9,4041.2
1784115600,4045.7,4041.2,4043.4
1784115900,4045,4041.6,4042.6
1784116200,4046.3,4041.8,4042.6
1784116500,4045.6,4042,4044.7
1784116800,4048.7,4044.4,4047.2
1784117100,4047.2,4043.3,4043.5
1784117400,4045.2,4041.9,4043.7
1784117700,4047.2,4044,4045.7
1784118000,4047.2,4044.3,4045.6
1784118300,4046.7,4043.6,4046.2
1784118600,4061.3,4045.2,4060.9
1784118900,4072.9,4060.2,4070.3
1784119200,4070.7,4063.9,4069.9
1784119500,4072.3,4067.6,4070.8
1784119800,4073.6,4068.8,4070.4
1784120100,4078.4,4068.2,4074.6
1784120400,4079.5,4071.1,4078.9
1784120700,4080.8,4075.8,4075.8
1784121000,4076.4,4067.7,4067.9
1784121300,4072.8,4067.1,4072.1
1784121600,4072,4067.2,4067.9
1784121900,4068.2,4060.3,4062.2
1784122200,4068,4061.7,4066.8
1784122500,4069.3,4063.8,4067.8
1784122800,4069.8,4064.3,4067.7
1784123100,4068.8,4061.8,4063.5
1784123400,4067.4,4061.8,4066
1784123700,4073.5,4064.4,4068.7
1784124000,4072.5,4066.7,4070
1784124300,4072.3,4068.8,4069.8
1784124600,4072.7,4069,4071
1784124900,4073,4067.4,4069.6
1784125200,4070,4062.2,4064.3
1784125500,4066.2,4062,4064.8
1784125800,4070.5,4064,4068.9
1784126100,4070.7,4067.6,4069
1784126400,4069.6,4063.3,4063.9
1784126700,4067.1,4059.4,4066.6
1784127000,4066.8,4061.1,4062.6
1784127300,4067.7,4062,4067.3
1784127600,4069.9,4064.8,4065.5
1784127900,4065.9,4060.8,4061.2
1784128200,4061.4,4049.4,4050.7
1784128500,4053.6,4049.7,4052.7
1784128800,4052.9,4045.8,4051.6
1784129100,4056.6,4050.9,4055.8
1784129400,4056.5,4051.5,4055
1784129700,4055.9,4053.3,4055.2
1784130000,4057.4,4054.8,4056.1
1784130300,4057.9,4054.2,4056
1784130600,4057.2,4052.8,4056.8
1784130900,4056.6,4052.7,4053.3
1784131200,4054.3,4048.8,4049.7
1784131500,4051.1,4048.2,4048.2
1784131800,4049,4043.7,4045
1784132100,4047.4,4039.4,4040.3
1784132400,4044.3,4039.5,4042.1
1784132700,4044.3,4039.1,4041.2
1784133000,4043.7,4037,4037.3
1784133300,4037.8,4033.4,4036.4
1784133600,4038,4032.8,4035.1
1784133900,4043.5,4033.7,4041.8
1784134200,4044.6,4040.2,4040.5
1784134500,4040.6,4035.4,4040.1
1784134800,4045.4,4039.5,4044.3
1784135100,4045.9,4043.2,4043.2
1784135400,4045.6,4042.3,4042.4
1784135700,4043.8,4039.4,4042.3
1784136000,4045.5,4042,4044.4
1784136300,4055.1,4044,4054
1784136600,4062.6,4053.7,4061.6
1784136900,4067.5,4060,4063.8
1784137200,4069.9,4063.3,4069.1
1784137500,4073.7,4067.8,4072.2
1784137800,4072.6,4068.7,4069.9
1784138100,4071,4067,4069.1
1784138400,4076.2,4068.6,4074.9
1784138700,4077.8,4073,4074.5
1784139000,4075.6,4072.6,4075
1784139300,4077.5,4074,4076.9
1784139600,4079.2,4076,4078
1784139900,4083.3,4076.4,4081.4
1784140200,4089,4079.5,4079.8
1784140500,4080.5,4077.5,4077.9
1784140800,4078.4,4074.7,4074.7
1784141100,4076,4070.8,4071.8
1784141400,4071.7,4069.3,4070.5
1784141700,4071.8,4065,4066.1
1784142000,4070.1,4064.3,4068.3
1784142300,4068.6,4065.9,4067.9
1784142600,4070,4066.1,4068.3
1784142900,4068.7,4063.6,4064.3
1784143200,4064.2,4060.2,4062.2
1784143500,4065.6,4061.8,4063.3
1784143800,4064.9,4056.1,4056.9
1784144100,4059.5,4055.2,4057.7
1784144400,4060.6,4057.3,4058.4
1784144700,4060.6,4058,4059.4
1784145000,4062,4058.5,4060.8
1784145300,4064.4,4059.6,4064
1784145600,4065.3,4061.9,4064.9
1784145900,4065.4,4063.2,4063.8
1784146200,4064.5,4063.2,4064.2
1784146500,4066.9,4064.1,4066.1
1784146800,4069,4065.9,4067
1784147100,4069,4066.7,4068
1784147400,4068.2,4067,4067.3
1784147700,4069.8,4067.4,4069.5
1784148000,4069.7,4067.4,4068.4
1784148300,4068.8,4067.7,4068.1
1784148600,4069.9,4067.2,4067.8
1784148900,4068.1,4066.2,4067
1784152800,4072,4066.3,4066.9
1784153100,4070,4066.9,4069
1784153400,4070.5,4068.8,4069.5
1784153700,4070,4068.4,4069.2
1784154000,4069.5,4067.8,4068
1784154300,4068.9,4067.3,4068.2
1784154600,4068.2,4066.2,4066.3
1784154900,4067.2,4064.6,4065.9
1784155200,4066.5,4065.2,4065.9
1784155500,4067,4065,4065.5
1784155800,4066,4063.6,4065.4
1784156100,4067.3,4065.2,4065.6
1784156400,4068,4064.8,4065.8
1784156700,4068.1,4065.3,4067
1784157000,4067.3,4064.9,4066.2
1784157300,4066.3,4063.8,4065
1784157600,4065.1,4062,4063.1
1784157900,4065.2,4062.5,4063.7
1784158200,4064.1,4061.7,4063.8
1784158500,4065,4062.3,4062.9
1784158800,4064.1,4061.3,4063.5
1784159100,4065.5,4061.8,4063.8
1784159400,4066.5,4062.4,4063.8
1784159700,4065,4063.2,4063.6
1784160000,4065.4,4061.9,4063.4
1784160300,4063.8,4060.3,4061.2
1784160600,4063.1,4060.3,4062
1784160900,4063.4,4061.5,4062.5
1784161200,4066.1,4060.7,4064.2
1784161500,4065.9,4063.6,4064.1
1784161800,4066.9,4064,4066.7
1784162100,4067.4,4064,4064.2
1784162400,4064.3,4059.4,4060.6
1784162700,4065.8,4060.8,4065.1
1784163000,4067,4058.1,4059.3
1784163300,4059.6,4049.4,4050.4
1784163600,4056.9,4046.9,4051.4
1784163900,4052.8,4048.2,4051.6
1784164200,4055.4,4048.2,4051.1
1784164500,4051.3,4044.8,4046.8
1784164800,4050,4041.6,4043.7
1784165100,4044.9,4039.6,4042.5
1784165400,4047.4,4042.1,4047.1
1784165700,4050.6,4045.9,4050
1784166000,4051.4,4046.4,4047.6
1784166300,4049.3,4045.2,4046.6
1784166600,4046.6,4042.4,4044
1784166900,4046.3,4043.4,4044.4
1784167200,4045.3,4041.2,4041.2
1784167500,4042,4037.7,4038.2
1784167800,4040.6,4036.5,4037.8
1784168100,4038.8,4034.2,4038.6
1784168400,4040.2,4036.8,4038.5
1784168700,4040.3,4037.5,4040
1784169000,4041.4,4035.2,4037
1784169300,4038.4,4031,4032.7
1784169600,4034,4029.2,4033.3
1784169900,4035.5,4032.9,4034.7
1784170200,4035.2,4029.5,4034.7
1784170500,4038.2,4034,4037.1
1784170800,4037.7,4035.6,4036
1784171100,4038.7,4035.6,4038.2
1784171400,4038.9,4034.7,4035.2
1784171700,4037.1,4034.3,4035.2
1784172000,4036,4033,4034.5
1784172300,4039.5,4034.2,4039.3
1784172600,4040.1,4037.9,4039.6
1784172900,4041,4038.7,4038.8
1784173200,4041.7,4039,4040.8
1784173500,4040.9,4039.3,4040
1784173800,4042,4039.8,4041.1
1784174100,4042.1,4040.5,4041.4
1784174400,4041.8,4038.8,4039.3
1784174700,4039.6,4037.2,4037.2
1784175000,4043.2,4037,4042
1784175300,4042,4037.8,4038.2
1784175600,4040.6,4037.8,4038.5
1784175900,4039.1,4036.9,4038.9
1784176200,4040.4,4036.9,4037.8
1784176500,4039.1,4037.5,4038.4
1784176800,4039.6,4037.5,4037.5
1784177100,4040.5,4037.2,4039.5
1784177400,4040.2,4039.2,4040.1
1784177700,4040,4038.1,4038.2
1784178000,4039.1,4035.6,4037
1784178300,4037.5,4035.3,4036.5
1784178600,4036.3,4034.3,4036
1784178900,4038.3,4033.6,4034.3
1784179200,4034.5,4031.8,4032.2
1784179500,4034.5,4031.7,4032.6
1784179800,4037.1,4030.3,4035.6
1784180100,4036.2,4032.6,4034.8
1784180400,4038.7,4031.8,4038.1
1784180700,4038.2,4032.9,4033
1784181000,4036.1,4030.5,4032.1
1784181300,4034.4,4031.8,4032.4
1784181600,4038.3,4032,4036.6
1784181900,4041.7,4036.4,4040.1
1784182200,4040.2,4036.1,4037.4
1784182500,4038.2,4033.1,4034.4
1784182800,4036.7,4032.8,4036.7
1784183100,4037.1,4035.3,4035.3
1784183400,4035.8,4031.9,4031.9
1784183700,4032.4,4026.6,4031.8
1784184000,4032.4,4029.9,4031.8
1784184300,4033.9,4031.1,4033.4
1784184600,4035.3,4032.7,4035.1
1784184900,4036.7,4035.2,4035.6
1784185200,4035.9,4032.4,4034.3
1784185500,4035.1,4032.9,4034.5
1784185800,4034.9,4030.7,4031.4
1784186100,4031.5,4028.7,4029.6
1784186400,4031.9,4029.5,4030.1
1784186700,4031.7,4029,4029.2
1784187000,4030.4,4027.9,4029.1
1784187300,4030.8,4028,4030.2
1784187600,4033.4,4030,4031.3
1784187900,4037.1,4031.1,4036.2
1784188200,4036.1,4031.8,4033.6
1784188500,4036.3,4033.3,4035.8
1784188800,4039.3,4034.5,4035
1784189100,4035.9,4033.2,4033.3
1784189400,4034,4030,4030.6
1784189700,4034,4029.9,4034
1784190000,4036.9,4033.6,4036.1
1784190300,4038.5,4035.9,4037
1784190600,4040,4036.9,4036.9
1784190900,4040.7,4037,4038.2
1784191200,4039.2,4036.9,4038.8
1784191500,4041.8,4038.5,4040.6
1784191800,4040.9,4038.2,4038.2
1784192100,4041.1,4038.2,4040.4
1784192400,4042.8,4040.3,4040.5
1784192700,4042,4040.4,4041.7
1784193000,4042.7,4040.8,4042.1
1784193300,4043.9,4040.9,4041
1784193600,4041.3,4037.6,4037.8
1784193900,4039.2,4035.3,4038
1784194200,4039.3,4035.7,4037.4
1784194500,4040.1,4036.9,4038.7
1784194800,4040.7,4038.2,4039.7
1784195100,4040,4037.2,4038
1784195400,4042.3,4037.7,4041.4
1784195700,4041.9,4037.4,4037.4
1784196000,4037.9,4035.4,4036.7
1784196300,4038.2,4035.9,4037.6
1784196600,4038.2,4035,4037
1784196900,4038.7,4037.1,4038.1
1784197200,4040.2,4036.9,4040.2
1784197500,4040,4037.2,4038.8
1784197800,4039.9,4037,4039.2
1784198100,4040,4037.3,4037.3
1784198400,4040.5,4037.1,4038.6
1784198700,4038.8,4036.2,4036.3
1784199000,4037.9,4035.8,4037.1
1784199300,4037.6,4034,4035.1
1784199600,4035.7,4033,4033.9
1784199900,4034.8,4032.8,4034.8
1784200200,4035.3,4031.6,4033.4
1784200500,4033.1,4030.2,4031.6
1784200800,4032.5,4029.6,4030
1784201100,4032.9,4025.9,4029.4
1784201400,4035.6,4028.5,4035
1784201700,4037.8,4034.3,4036.1
1784202000,4041.9,4035.6,4040.7
1784202300,4048.3,4033.4,4037.9
1784202600,4045.7,4034.7,4044.8
1784202900,4047,4042.9,4044
1784203200,4049,4041.4,4048
1784203500,4049.2,4037.7,4038.6
1784203800,4038.5,4032.7,4037
1784204100,4037.5,4017.5,4033.4
1784204400,4034.3,4025.1,4025.9
1784204700,4030.5,4021.5,4029.8
1784205000,4034.9,4022.8,4027.6
1784205300,4027.8,4019.1,4019.4
1784205600,4019.9,4004.9,4007.2
1784205900,4013.4,4003.3,4004
1784206200,4007,3998.4,4000.2
1784206500,4001.5,3994.3,3996.5
1784206800,4001.2,3979.1,3982
1784207100,3990.4,3977.3,3988.1
1784207400,3997.5,3986.1,3996.2
1784207700,4000.1,3995.3,3999.5
1784208000,4003.9,3995.3,4003
1784208300,4010.4,4002.2,4009.7
1784208600,4012.7,3997.2,3997.2
1784208900,3997.9,3985.5,3987.4
1784209200,3993.4,3986.9,3990.1
1784209500,3997.2,3990,3995.7
1784209800,4001.3,3995.7,3998.2
1784210100,3998.2,3992,3994.3
1784210400,4001.7,3993.3,4001.3
1784210700,4001.2,3995.1,3997
1784211000,3998.6,3990.7,3993.2
1784211300,4001.9,3991.6,4000.1
1784211600,4000.8,3994.8,3996.6
1784211900,4005.1,3995.8,4003.5
1784212200,4009.4,3999.5,4007.1
1784212500,4008.3,4003,4004.3
1784212800,4009.5,4004.2,4009.1
1784213100,4011.2,4003.4,4003.8
1784213400,4004.7,3998.7,3999.3
1784213700,4003.5,3996.5,4002.1
1784214000,4003,3996.5,3997.3
1784214300,4000.2,3994.5,3999.7
1784214600,3999.6,3993.3,3996.9
1784214900,4003.5,3996.8,4003
1784215200,4013.7,4002.8,4012.5
1784215500,4021.6,4011.5,4015.6
1784215800,4019.6,4011.8,4019
1784216100,4021,4015.2,4018.6
1784216400,4018.8,4014,4014.8
1784216700,4016.2,4012.4,4015.1
1784217000,4017.8,4012.9,4013.9
1784217300,4014,4010,4011.6
1784217600,4012.3,4003.5,4004.2
1784217900,4005.8,4002.1,4003.2
1784218200,4003.4,3994.1,3994.2
1784218500,3996.2,3989.7,3991.4
1784218800,3993.8,3986.4,3991
1784219100,3992.7,3988.6,3991.9
1784219400,3994.6,3991.3,3993.7
1784219700,3996.8,3993.3,3995.2
1784220000,3996.9,3992.3,3996.3
1784220300,3996.9,3993.6,3996.3
1784220600,4000.1,3995.2,3999.1
1784220900,4001.5,3996.3,3996.3
1784221200,3997.3,3994.4,3995.4
1784221500,3996,3991.4,3992.1
1784221800,3993.2,3989,3990.2
1784222100,3992.8,3989.4,3992.4
1784222400,3993.4,3990.3,3990.8
1784222700,3993.1,3987.2,3992.3
1784223000,3993.4,3987.7,3989
1784223300,3990.1,3985.7,3986.8
1784223600,3987.5,3983,3986.1
1784223900,3990.7,3985.4,3989.1
1784224200,3992.3,3988.7,3991.3
1784224500,3991.4,3988,3989.3
1784224800,3991.9,3988.3,3990.5
1784225100,3993,3988.3,3991.8
1784225400,3994.8,3989.9,3989.9
1784225700,3993.7,3989.1,3993
1784226000,3995.6,3991.4,3991.7
1784226300,3992.6,3990.2,3991.4
1784226600,3991.2,3982.9,3983.6
1784226900,3984.2,3981,3983.2
1784227200,3988.4,3982.3,3987.6
1784227500,3989.5,3986.5,3987.4
1784227800,3988.7,3984.8,3985.9
1784228100,3987.3,3984,3984.6
1784228400,3990,3983.4,3989.7
1784228700,3991,3986.7,3987.4
1784229000,3987.1,3983.5,3985.2
1784229300,3987.4,3984.1,3987.3
1784229600,3988.7,3984.6,3985.8
1784229900,3986.5,3982.9,3983.6
1784230200,3984.2,3979.3,3979.5
1784230500,3980,3973.7,3979.8
1784230800,3982,3979.3,3980
1784231100,3981.3,3977.3,3979.3
1784231400,3986.9,3978.1,3985.9
1784231700,3986.4,3980.8,3984.5
1784232000,3984.9,3981.4,3982.5
1784232300,3982.3,3979.5,3980.4
1784232600,3981,3978.7,3979.4
1784232900,3979.5,3976.2,3976.7
1784233200,3977.9,3976,3976.8
1784233500,3979.6,3976.2,3978.9
1784233800,3979.5,3977.6,3979.4
1784234100,3980.6,3978.9,3979
1784234400,3979.9,3978.7,3978.7
1784234700,3980.5,3978.1,3978.7
1784235000,3980,3978.3,3979.9
1784235300,3981.1,3979,3980.3
1784239200,3984,3980,3982.3
1784239500,3982.3,3980.1,3981.7
1784239800,3982,3979.3,3979.9
1784240100,3981.2,3978.8,3979.3
1784240400,3979.7,3978.2,3978.5
1784240700,3980,3978.2,3980
1784241000,3980.6,3977.5,3979.7
1784241300,3980.8,3978.8,3979.5
1784241600,3980,3977,3977.2
1784241900,3978,3976.8,3977.1
1784242200,3979.1,3977.2,3978.7
1784242500,3982.5,3979,3981.9
1784242800,3982.6,3978.7,3982
1784243100,3983.1,3981.3,3981.9
1784243400,3983.9,3981.3,3983.7
1784243700,3984.1,3982.4,3982.6
1784244000,3982.4,3981.3,3981.7
1784244300,3984.3,3981.8,3982
1784244600,3982.7,3979.1,3981
1784244900,3984.9,3980.9,3983.3
1784245200,3985.7,3983.4,3985.1
1784245500,3985.3,3980.2,3981.8
1784245800,3984.5,3982.2,3983.8
1784246100,3989.9,3983.8,3989.4
1784246400,3990.6,3986.9,3988.5
1784246700,3991.2,3986.8,3989.8
1784247000,3990.8,3986.4,3987.2
1784247300,3994.7,3987,3991.2
1784247600,3994,3990,3990.1
1784247900,3990,3987.2,3988.1
1784248200,3988.5,3983.9,3985
1784248500,3988.1,3984.5,3984.9
1784248800,3986.3,3983.5,3985.3
1784249100,3991,3985.2,3990.1
1784249400,3992.4,3989.3,3991.1
1784249700,3996.1,3989.8,3996
1784250000,3996.2,3991.2,3992.3
1784250300,3998.8,3991.8,3994.4
1784250600,3997.4,3992.3,3995.9
1784250900,3999.8,3994.8,3997.5
1784251200,3999.3,3992.8,3994.2
1784251500,3995.6,3991.5,3994.8
1784251800,3996.6,3992,3996
1784252100,3999,3994.5,3995.8
1784252400,3998.1,3993.7,3994.9
1784252700,3996.2,3987.4,3987.6
1784253000,3988.9,3982.7,3983.5
1784253300,3987.3,3982.7,3986.6
1784253600,3991.1,3985,3986.8
1784253900,3986.9,3983.4,3983.7
1784254200,3985.5,3983.2,3984.8
1784254500,3987.8,3984,3986.6
1784254800,3987.5,3984.4,3987.2
1784255100,3987.9,3984.1,3986.6
1784255400,3987.5,3979.3,3981
1784255700,3982.5,3974,3976.8
1784256000,3980.2,3975.9,3978.2
1784256300,3982.6,3977.5,3980.8
1784256600,3982.3,3978.1,3981.4
1784256900,3983.5,3980.5,3982.2
1784257200,3993.1,3982,3992.4
1784257500,3997.1,3991.5,3994.1
1784257800,3994.3,3991.2,3992.4
1784258100,4006.4,3992.2,4006
1784258400,4012.3,4006,4006.6
1784258700,4007.5,4001.8,4005
1784259000,4005.4,3999.7,4001.6
1784259300,4004.2,4000.6,4002.8
1784259600,4003.7,3999.7,4000.9
1784259900,4002.1,3998,3998.4
1784260200,3999.2,3996.1,3996.5
1784260500,3996.8,3994,3994.8
1784260800,3995,3991.8,3992.7
1784261100,3993.8,3990.2,3990.9
1784261400,3993.5,3990.4,3991.8
1784261700,3993.4,3989.7,3992
1784262000,3993.7,3988.9,3989.9
1784262300,3990.4,3988.2,3989.5
1784262600,3991.7,3986.8,3988.1
1784262900,3989.8,3984.1,3986.6
1784263200,3986.9,3983,3985.6
1784263500,3988.8,3984.9,3985.2
1784263800,3985.8,3983.4,3984.2
1784264100,3985.3,3984.1,3984.9
1784264400,3986.1,3982.9,3985.9
1784264700,3985.9,3980.2,3981.1
1784265000,3984.5,3981,3983
1784265300,3983.7,3979.2,3979.4
1784265600,3983.4,3978.5,3982.2
1784265900,3985.1,3981.2,3982.9
1784266200,3989.8,3981.6,3986.1
1784266500,3989.3,3984.8,3989.3
1784266800,3994,3988.1,3990.4
1784267100,3993.1,3985.3,3991.6
1784267400,3995,3990.8,3993.6
1784267700,3993.7,3988.3,3988.8
1784268000,3996,3988.6,3995.6
1784268300,3996.8,3991.8,3992.3
1784268600,4004.7,3992.6,4003.3
1784268900,4006.2,4001.4,4005.8
1784269200,4009.9,4005.4,4007.3
1784269500,4008.9,4004.4,4007.4
1784269800,4010.9,4006.9,4008.2
1784270100,4008.6,4002.3,4003.4
1784270400,4003.8,3999.2,3999.8
1784270700,4004,3999.4,4001.8
1784271000,4003.4,4000.4,4001.1
1784271300,4005.6,4001.3,4003.2
1784271600,4006.6,4000.8,4005.2
1784271900,4005.9,3998.4,3999
1784272200,4001.1,3997.2,4000.9
1784272500,4003.2,3999.8,4001.1
1784272800,4001.4,3997.7,4001.1
1784273100,4002.2,3999.5,3999.9
1784273400,4002.2,3998.8,4000.2
1784273700,4001,3998,4000.9
1784274000,4002.6,3997.8,4002.6
1784274300,4002.9,3999.6,4000.3
1784274600,4001.7,3998.4,3998.9
1784274900,3999.7,3996.6,3996.9
1784275200,4003.9,3995.6,4003.2
1784275500,4003.3,4000.4,4001.5
1784275800,4001.7,3995.1,3996.8
1784276100,3998.6,3992.9,3993.7
1784276400,3996.7,3993.9,3995.9
1784276700,3999.1,3992.1,3996.3
1784277000,3997.5,3993.8,3995.5
1784277300,3996,3991.4,3992.8
1784277600,3997.2,3992.8,3997.2
1784277900,4003.4,3995.6,4002.3
1784278200,4002.2,3997.8,3999
1784278500,4002.2,3997.6,3998
1784278800,3999.5,3996.7,3997.3
1784279100,4001.9,3997.6,3999.9
1784279400,4002.5,3999.3,4002.1
1784279700,4002.4,3999.6,4000.2
1784280000,4006.2,3999.7,4005.7
1784280300,4006.4,4002,4003.1
1784280600,4003.9,3999.3,3999.6
1784280900,4002,3999.3,4001.7
1784281200,4003.1,3999.2,3999.7
1784281500,4000.9,3998.8,3999.5
1784281800,4002.4,3998.5,4001.4
1784282100,4002,3999.9,4002
1784282400,4002.6,3999.3,3999.9
1784282700,4001.2,3998.6,4000.4
1784283000,4002.2,3999.4,4001
1784283300,4001.6,3998,3998.2
1784283600,4002.8,3998.1,3999
1784283900,4000.6,3998.4,3999.5
1784284200,4001.1,3998.6,4000.3
1784284500,4000.3,3997.6,3999.3
1784284800,4000.4,3997.2,3999.8
1784285100,4000.9,3998.7,3999.2
1784285400,3999.4,3994.6,3996.9
1784285700,3997.3,3994,3994.7
1784286000,3997.8,3994.6,3996.1
1784286300,3996.4,3993.7,3995.1
1784286600,3996.9,3994.6,3995.4
1784286900,3997.5,3993.6,3996.9
1784287200,4000,3996.3,3997.5
1784287500,3999.8,3996.9,3999.6
1784287800,4000.4,3995.4,3996.6
1784288100,3997.8,3995.1,3997.1
1784288400,3998.7,3995.6,3995.8
1784288700,4000.3,3995.1,3997.8
1784289000,4002.9,3997,4002.6
1784289300,4002.8,3997.5,3998.1
1784289600,3999.7,3993.6,3993.9
1784289900,3995.2,3991.8,3994.6
1784290200,3997.5,3992.8,3993
1784290500,3995.9,3992.2,3995.4
1784290800,3995.6,3987.5,3988.9
1784291100,3991.4,3987.9,3991
1784291400,3991.7,3984.7,3985.2
1784291700,3986.7,3980.9,3981.2
1784292000,3981.9,3968.4,3973.3
1784292300,3976.9,3968.8,3971.2
1784292600,3975,3967.7,3972.9
1784292900,3976.6,3967.9,3969.7
1784293200,3979.5,3962.9,3977.7
1784293500,3978.4,3972.6,3973.1
1784293800,3975.3,3969.7,3974
1784294100,3976,3971,3974.5
1784294400,3978.7,3970.4,3973.1
1784294700,3977,3970.8,3971.9
1784295000,3976,3966.7,3969.4
1784295300,4007.6,3968.3,3997.6
1784295600,3998.2,3985.8,3988.8
1784295900,3994.5,3984.6,3993.5
1784296200,3998.2,3991.6,3992.8
1784296500,4001.6,3991.4,4000.9
1784296800,4004.5,3994.2,3998.6
1784297100,4005,3998.4,4000.5
1784297400,4005.1,3997.8,3999
1784297700,4005,3997.5,4001.2
1784298000,4008.9,4000.1,4007
1784298300,4008.5,4002.1,4003.1
1784298600,4003.1,3996.2,3998.6
1784298900,4004.1,3998.2,4001.8
1784299200,4003.1,3999.2,4002.2
1784299500,4004.9,3998.8,3999.9
1784299800,4003.3,3997.5,3998.1
1784300100,4005.8,3997,4005.5
1784300400,4018.3,4001.9,4017.2
1784300700,4019,4007.5,4012.9
1784301000,4018.7,4007.6,4010.4
1784301300,4012.6,4008.9,4010
1784301600,4017,4008.8,4013
1784301900,4018,4010.7,4018
1784302200,4021,4013.7,4015.6
1784302500,4021.2,4014.6,4019
1784302800,4020.8,4016.4,4020.3
1784303100,4023.4,4018.5,4021.1
1784303400,4026.2,4021.1,4025.2
1784303700,4026.2,4022.1,4024.1
1784304000,4024.5,4015.7,4022.1
1784304300,4024,4019.2,4022.6
1784304600,4025.3,4022.5,4022.7
1784304900,4027,4022.6,4026.2
1784305200,4029,4022.9,4028.5
1784305500,4028.7,4021.9,4023.7
1784305800,4024.4,4020,4021
1784306100,4021.9,4017.9,4018.5
1784306400,4022.6,4017.3,4022.2
1784306700,4025.4,4021.1,4024.9
1784307000,4025.6,4020.5,4020.9
1784307300,4021.5,4019.3,4019.8
1784307600,4024.1,4019.9,4022.2
1784307900,4023.4,4021.2,4022.6
1784308200,4023.5,4018,4018.3
1784308500,4020.4,4017.4,4017.8
1784308800,4020.5,4016.7,4019.3
1784309100,4020.7,4018,4018.7
1784309400,4019.4,4015.9,4017.1
1784309700,4017.9,4014.8,4017
1784310000,4017.1,4014.5,4015.9
1784310300,4017.9,4015.1,4017.9
1784310600,4018.1,4012.8,4014.3
1784310900,4015.1,4013.2,4014.7
1784311200,4016.3,4012.5,4014.8
1784311500,4017.6,4014.3,4017.1
1784311800,4018.1,4014.8,4015.6
1784312100,4018.5,4014.1,4016.9
1784312400,4018.4,4015.4,4017.1
1784312700,4021.4,4016.6,4020.5
1784313000,4021.4,4016.4,4018.4
1784313300,4018.3,4016.5,4016.5
1784313600,4016.8,4011.8,4013.3
1784313900,4014.1,4011.4,4012.5
1784314200,4015.3,4012,4015.3
1784314500,4017.2,4014.7,4016.2
1784314800,4016.4,4012.1,4012.9
1784315100,4013.3,4009.7,4010.1
1784315400,4010.9,4009,4010.7
1784315700,4011.5,4009.1,4010.9
1784316000,4010.9,4006.8,4007.2
1784316300,4010.2,4007.1,4009.9
1784316600,4012.1,4009.6,4010.8
1784316900,4013.8,4010.3,4011.3
1784317200,4014.9,4010.6,4014.8
1784317500,4016.1,4013.9,4015.1
1784317800,4020.4,4014.9,4020
1784318100,4020.9,4019.2,4019.9
1784318400,4020.5,4017.1,4018.6
1784318700,4018.5,4016.8,4018.1
1784319000,4018.4,4016.6,4016.9
1784319300,4017.3,4013.6,4013.8
1784319600,4015.3,4013.4,4014.7
1784319900,4016.2,4013.8,4015.5
1784320200,4015.8,4013.3,4013.9
1784320500,4015.6,4013.6,4015.1
1784320800,4018.1,4014.8,4017.8
1784321100,4021.6,4017.5,4020.1
1784321400,4023.1,4019.7,4021
1784321700,4023.3,4019.5,4023.1
1784498400,4011.6,3998.1,4000.1
1784498700,4006.1,3996,4001.5
1784499000,4002,3999.9,4000.1
1784499300,4003.7,3999.4,4003.2
1784499600,4004.2,4000.6,4001.6
1784499900,4001.6,3998.3,3998.8
1784500200,4002.9,3996.8,4001.8
1784500500,4002.5,4000.1,4000.7
1784500800,4003.3,4000.1,4000.4
1784501100,4002.1,3999.3,4000.9
1784501400,4001.9,4000.1,4000.9
1784501700,4002.3,3998.3,3998.5
1784502000,3999.3,3995.1,3998.5
1784502300,3999.1,3996.8,3998.3
1784502600,3998.4,3993.8,3994.5
1784502900,3997.8,3994.4,3994.9
1784503200,3997.3,3993.6,3996.7
1784503500,3997.6,3995.5,3996.8
1784503800,3998.5,3995.7,3997.7
1784504100,3998.2,3994.3,3997.1
1784504400,3997.4,3993,3996.1
1784504700,3997.2,3993.1,3995.3
1784505000,4000.3,3995.2,3997.1
1784505300,3999.7,3996.6,3999.7
1784505600,4000.2,3986.6,3991.3
1784505900,3996.5,3990.4,3992.4
1784506200,4003.2,3991.5,4000.1
1784506500,4005,3997.9,4004.4
1784506800,4010.2,4003.1,4006.8
1784507100,4009.8,4005.6,4008.5
1784507400,4008.5,4002.7,4006.6
1784507700,4012.3,4004.1,4004.1
1784508000,4008.2,4002.8,4003.2
1784508300,4007.4,4003.2,4004.2
1784508600,4006.9,4002.8,4006.2
1784508900,4014.7,4004.6,4012.9
1784509200,4021,4009.9,4018.6
1784509500,4021.8,4014.8,4021.2
1784509800,4025.9,4013.6,4014.4
1784510100,4014.9,4008.3,4009.1
1784510400,4009.5,4004.3,4005.6
1784510700,4009.6,4004.2,4007.4
1784511000,4010.4,4006.9,4008.8
1784511300,4009.4,4004.9,4006.3
1784511600,4007.2,4000,4001.2
1784511900,4008.7,4001.3,4008.3
1784512200,4008.4,4001.9,4003
1784512500,4008.8,4002.6,4006.7
1784512800,4015.5,4006.1,4012.8
1784513100,4013.5,4009.3,4012.1
1784513400,4012.5,4009.7,4010.8
1784513700,4011.6,4008.8,4009.2
1784514000,4012.6,4009.6,4011.6
1784514300,4013.6,4010.6,4011.2
1784514600,4017.9,4010.5,4015.5
1784514900,4019.1,4015.1,4017.9
1784515200,4021.1,4014.3,4019.7
1784515500,4033.8,4018.9,4030
1784515800,4031.5,4025.8,4028
1784516100,4029,4026.2,4026.9
1784516400,4027.7,4024.9,4025.7
1784516700,4026.9,4023.3,4025.2
1784517000,4029.4,4024.8,4028.8
1784517300,4031.1,4028,4030.3
1784517600,4031.7,4029.1,4030.4
1784517900,4030.6,4026.6,4027.3
1784518200,4029.8,4024,4025.2
1784518500,4030.1,4023.6,4029.4
1784518800,4032.7,4029,4031.8
1784519100,4032.5,4030.8,4031
1784519400,4032.3,4029.3,4029.5
1784519700,4029.6,4027.7,4029
1784520000,4031.4,4028.6,4030.3
1784520300,4031,4028.5,4028.6
1784520600,4029.4,4025.8,4026.1
1784520900,4028,4025.9,4027.6
1784521200,4028.8,4026,4026
1784521500,4029.8,4025.9,4029.8
1784521800,4029.7,4026.5,4028.2
1784522100,4029,4026.9,4027.8
1784522400,4028.3,4027,4027.7
1784522700,4027.5,4024,4024.5
1784523000,4026.3,4023.6,4025.1
1784523300,4026.4,4022.4,4022.9
1784523600,4025.2,4020.9,4022.2
1784523900,4023.5,4019.7,4020.1
1784524200,4020.3,4015,4017.8
1784524500,4019.1,4016.7,4017.6
1784524800,4017.6,4015.1,4016.3
1784525100,4017.6,4013.8,4014.6
1784525400,4018.7,4013.8,4014.8
1784525700,4015.1,4011.9,4014.3
1784526000,4016.7,4012.8,4014
1784526300,4014.5,4009.7,4009.8
1784526600,4013,4009.5,4011.3
1784526900,4014.8,4011.4,4012.7
1784527200,4015.9,4012.6,4014.6
1784527500,4016,4011.2,4013.8
1784527800,4014.5,4011.1,4011.7
1784528100,4013.9,4010.8,4013.1
1784528400,4013.8,4011,4012.5
1784528700,4013,4007.3,4008.8
1784529000,4009.8,4006.7,4008.7
1784529300,4009.3,4007.5,4009
1784529600,4011.2,4008.3,4009
1784529900,4011.9,4009.3,4010.8
1784530200,4011.8,4007.1,4009.4
1784530500,4010,4007.4,4008.2
1784530800,4010.8,4006.2,4009.5
1784531100,4011.4,4009.1,4010.1
1784531400,4010.2,4007.4,4008.9
1784531700,4009,4006.5,4008.1
1784532000,4013.4,4007.4,4012.9
1784532300,4012.7,4007.6,4011.5
1784532600,4018.2,4011,4017.7
1784532900,4022.9,4017.8,4021
1784533200,4026,4020.9,4026
1784533500,4026.7,4021.1,4022.9
1784533800,4023.5,4020.4,4022.4
1784534100,4024,4021.7,4022.1
1784534400,4030.6,4022.2,4028
1784534700,4028,4023.6,4024.5
1784535000,4029.6,4023.9,4029.1
1784535300,4033.1,4028.5,4030.1
1784535600,4035.8,4028,4034.3
1784535900,4035.3,4026.8,4027.1
1784536200,4027.2,4023.6,4026.3
1784536500,4029.2,4024.7,4028.6
1784536800,4029.6,4025.8,4026
1784537100,4027.5,4024.6,4026.4
1784537400,4026.7,4021.5,4023.3
1784537700,4024.9,4022.8,4023.3
1784538000,4024.8,4022.4,4022.8
1784538300,4023.9,4019.3,4022
1784538600,4025.2,4022.2,4023.2
1784538900,4026.2,4023.3,4023.7
1784539200,4025,4023.2,4024
1784539500,4023.8,4019.7,4020.3
1784539800,4023.4,4018.8,4022.9
1784540100,4025.2,4022.4,4024.2
1784540400,4025.4,4023.4,4023.6
1784540700,4028,4021.9,4027.3
1784541000,4027.7,4023.6,4025
1784541300,4025.5,4023.5,4025.5
1784541600,4025.9,4022.5,4024.6
1784541900,4026.2,4023.9,4024.7
1784542200,4026.1,4024.2,4025.2
1784542500,4026,4023.2,4023.8
1784542800,4027.4,4023.8,4026.1
1784543100,4027.9,4025.5,4026.3
1784543400,4029,4026,4027.3
1784543700,4027.5,4025.9,4026.9
1784544000,4027.9,4026.4,4026.8
1784544300,4027.6,4025.6,4025.8
1784544600,4030.5,4025.4,4029.4
1784544900,4029.8,4027.2,4028.9
1784545200,4032.1,4027.7,4029.3
1784545500,4030.2,4027.3,4027.5
1784545800,4027.6,4024.4,4026.9
1784546100,4028.6,4026.1,4027.1
1784546400,4027.5,4025.7,4026
1784546700,4028.5,4024.3,4026.7
1784547000,4046.1,4025.9,4042.2
1784547300,4043,4034.4,4037.5
1784547600,4038.5,4034.3,4037.4
1784547900,4037.4,4031.5,4032.7
1784548200,4033.8,4030.2,4032.7
1784548500,4033.5,4029.8,4030.3
1784548800,4030.3,4016.5,4018.9
1784549100,4022.1,4017.1,4020
1784549400,4021.4,4015.5,4016.9
1784549700,4019.1,4012.8,4017.9
1784550000,4017.8,4010.6,4011.7
1784550300,4017.5,4010.8,4017.1
1784550600,4018.4,4015,4016.7
1784550900,4018.9,4015.5,4015.5
1784551200,4015.8,4010,4014.1
1784551500,4019.9,4012.7,4016
1784551800,4016.3,4013,4013.4
1784552100,4014.4,4012,4012.1
1784552400,4017.9,4011.8,4016.6
1784552700,4017.1,4012.3,4012.5
1784553000,4015,4011.9,4012.9
1784553300,4015.7,4010.8,4014
1784553600,4016.6,4013.2,4016.2
1784553900,4016.8,4011.6,4012.3
1784554200,4019.6,4012.2,4018
1784554500,4018.6,4012.7,4018.3
1784554800,4021.8,4016.5,4017.2
1784555100,4017.6,4012.8,4014.8
1784555400,4017.5,4010.9,4014
1784555700,4016.4,4009.3,4009.6
1784556000,4011.9,4004.6,4007.8
1784556300,4010,4004.3,4004.9
1784556600,4006.1,4001.9,4002.8
1784556900,4007.1,4002,4006.3
1784557200,4007,4002,4006.7
1784557500,4010.8,4006.5,4010.6
1784557800,4013.8,4009.7,4013.6
1784558100,4014.7,4011.1,4013.7
1784558400,4015.3,4011.2,4011.7
1784558700,4018.8,4010.8,4017.2
1784559000,4017.8,4012.6,4012.6
1784559300,4012.5,4008.5,4010.2
1784559600,4015.4,4008,4013.7
1784559900,4023.9,4011,4023.9
1784560200,4023.7,4016.5,4018.7
1784560500,4019.9,4015.3,4016.6
1784560800,4019.3,4015.5,4019.2
1784561100,4021.1,4019,4021.1
1784561400,4021.4,4016.8,4017.7
1784561700,4018.9,4014.1,4015.7
1784562000,4017.4,4014.5,4017.2
1784562300,4019.6,4016.3,4019
1784562600,4021,4018.6,4018.8
1784562900,4019.5,4016.1,4016.2
1784563200,4020.4,4015.2,4020
1784563500,4022.8,4019.5,4021.8
1784563800,4022.8,4017,4018.7
1784564100,4019.1,4016.4,4017
1784564400,4017.3,4016.1,4016.5
1784564700,4018,4015.2,4016.9
1784565000,4017.2,4013.5,4013.7
1784565300,4016.7,4013.7,4016.3
1784565600,4016.7,4000,4013.7
1784565900,4014.7,4011.2,4012.9
1784566200,4013.4,4010.5,4012.5
1784566500,4014.6,4011.5,4014.3
1784566800,4016.5,4013.7,4015
1784567100,4016.1,4014.3,4015.8
1784567400,4016.2,4013.4,4014.4
1784567700,4015.7,4012.8,4014.6
1784568000,4017.2,4013.9,4015.4
1784568300,4017,4014.8,4016.1
1784568600,4017.2,4014.6,4016.1
1784568900,4016.7,4013.8,4014.1
1784569200,4014.6,4011.7,4012
1784569500,4012.1,4009.6,4010
1784569800,4010,4007.9,4008.7
1784570100,4009.6,4007.6,4009.4
1784570400,4013.2,4009.1,4011.9
1784570700,4014.3,4011.5,4014.1
1784571000,4015.3,4012.8,4013.3
1784571300,4016.2,4011.8,4012.6
1784571600,4013.1,4007.7,4009.5
1784571900,4011.9,4008.6,4011.2
1784572200,4011.4,4008.6,4009.2
1784572500,4011.2,4009.2,4010.7
1784572800,4011.9,4009.7,4011
1784573100,4013.4,4009.5,4012.4
1784573400,4013.4,4011.2,4011.9
1784573700,4012.3,4010.4,4011.7
1784574000,4012.6,4009.5,4010.6
1784574300,4011.5,4009,4011.2
1784574600,4012,4008.7,4009.1
1784574900,4012.8,4008.7,4012.7
1784575200,4015,4012.5,4012.7
1784575500,4017.7,4011.3,4017.3
1784575800,4022.4,4016.1,4017.8
1784576100,4018.4,4013.9,4015.3
1784576400,4015.5,4009.3,4010
1784576700,4013.8,4009.3,4013
1784577000,4014.3,4011.8,4013.6
1784577300,4013.6,4009.7,4010.9
1784577600,4013.3,4010.6,4012.4
1784577900,4013.1,4009.7,4010.1
1784578200,4012.3,4009.9,4011.6
1784578500,4012.1,4011,4011.2
1784578800,4013.2,4011.4,4012.5
1784579100,4013.1,4012,4012.1
1784579400,4013.1,4011.3,4012.9
1784579700,4013.8,4012.3,4012.8
1784580000,4013.5,4012.3,4012.8
1784580300,4013,4011.8,4011.9
1784580600,4012.8,4011.6,4012.5
1784580900,4013.2,4008.3,4011.7
1784584800,4014.3,4010.6,4011.9
1784585100,4011.8,4009.3,4009.9
1784585400,4011.5,4009.6,4010.5
1784585700,4011.1,4009.6,4010.7
1784586000,4012,4008.5,4011.1
1784586300,4014,4011,4013.2
1784586600,4013,4010.3,4011.4
1784586900,4012.3,4009,4011.5
1784587200,4011.6,4006.5,4008
1784587500,4012.2,4005.6,4005.9
1784587800,4006.9,4003.6,4004.5
1784588100,4006.5,4003.1,4003.7
1784588400,4008.8,4003.5,4007.9
1784588700,4013.4,4007.8,4012.3
1784589000,4012.3,4004,4006.9
1784589300,4011.4,4006.9,4010.3
1784589600,4010.8,4007.8,4009.3
1784589900,4009.4,4007.5,4007.5
1784590200,4012.1,4007.5,4010.3
1784590500,4012,4008.9,4009.3
1784590800,4012.8,4008.3,4012
1784591100,4012.4,4008.7,4011.4
1784591400,4012.5,4010.3,4012.3
1784591700,4015.6,4011.6,4014.3
1784592000,4014.8,4008.1,4009.5
1784592300,4012.8,4008.8,4012.1
1784592600,4018,4011.1,4015.2
1784592900,4020.7,4012.3,4020.1
1784593200,4022,4017.4,4021.7
1784593500,4023.2,4018.9,4020
1784593800,4022.7,4018.7,4021.8
1784594100,4026.7,4021.2,4023.5
1784594400,4028.7,4022.7,4026.9
1784594700,4029.6,4026.4,4029.1
1784595000,4031.8,4027.9,4029.3
1784595300,4031.2,4027.5,4029.3
1784595600,4030.6,4022.6,4027.8
1784595900,4033.9,4027.9,4032
1784596200,4034.7,4030.8,4033.6
1784596500,4041.2,4031.5,4038.8
1784596800,4038.9,4030.8,4032.5
1784597100,4036.4,4031.9,4032.9
1784597400,4035.5,4031.4,4034.9
1784597700,4035.3,4027.1,4028.1
1784598000,4030.7,4027.9,4028.6
1784598300,4030.9,4026.5,4029.8
1784598600,4032.5,4028.9,4032.1
1784598900,4032.2,4025.4,4027.4
1784599200,4028.4,4025.9,4026.5
1784599500,4030.6,4026.3,4029.9
1784599800,4030.8,4027.5,4028.6
1784600100,4029.8,4025.7,4026.7
1784600400,4033.1,4026.2,4032.3
1784600700,4034.5,4029.8,4033
1784601000,4037.1,4032.2,4035.1
1784601300,4050,4034.3,4041.9
1784601600,4045,4039.7,4040.3
1784601900,4041,4038.5,4038.7
1784602200,4039.7,4035.6,4037.9
1784602500,4042.9,4037.5,4042.5
1784602800,4046.9,4042.3,4045.2
1784603100,4046.7,4042.7,4045.5
1784603400,4046.2,4042.1,4042.6
1784603700,4043.4,4041.3,4042.1
1784604000,4046.6,4041.5,4046.4
1784604300,4057,4045.9,4051.8
1784604600,4054,4048.9,4049.3
1784604900,4050.1,4047.5,4048.7
1784605200,4049.1,4046.6,4046.7
1784605500,4050.5,4046.5,4050.3
1784605800,4051.6,4049,4050.4
1784606100,4052.3,4050,4051.4
1784606400,4054.8,4051.6,4052.5
1784606700,4056.4,4051.8,4053.3
1784607000,4053,4050.3,4050.7
1784607300,4051.1,4048.2,4048.6
1784607600,4051.5,4048.8,4049.5
1784607900,4050,4048.3,4049.2
1784608200,4050.8,4049,4050.3
1784608500,4051.4,4049.8,4050.8
1784608800,4052.4,4049.7,4051.8
1784609100,4052.5,4050.5,4051.3
1784609400,4052.2,4050.2,4051.9
1784609700,4054.5,4051.4,4054.3
1784610000,4055.3,4052.9,4053.2
1784610300,4055.4,4051.2,4055.1
1784610600,4056.9,4053.1,4056.7
1784610900,4058.7,4053.7,4055.5
1784611200,4056.5,4052.9,4056
1784611500,4061.7,4055.9,4059.5
1784611800,4065.8,4059.5,4064.5
1784612100,4067,4063.7,4066.2
1784612400,4071.6,4065,4070.8
1784612700,4072.7,4068.5,4070.8
1784613000,4071.5,4066.8,4067.6
1784613300,4069.4,4065.9,4066.2
1784613600,4071.2,4065.9,4069.5
1784613900,4072.3,4068.5,4072.3
1784614200,4077,4071.3,4075.5
1784614500,4077.1,4072.6,4076.2
1784614800,4079,4074.2,4078
1784615100,4078.6,4075.2,4076.8
1784615400,4079.1,4076.2,4076.8
1784615700,4080.9,4076.8,4078.5
1784616000,4085.3,4078.2,4081.6
1784616300,4088.4,4081.4,4087.1
1784616600,4087.6,4083.6,4084.6
1784616900,4085.1,4082.8,4083
1784617200,4084.6,4081.4,4082.1
1784617500,4082.5,4079.2,4079.4
1784617800,4079.9,4075.4,4076.6
1784618100,4078,4075.4,4078
1784618400,4077.8,4075.1,4075.2
1784618700,4075.6,4072.7,4074.2
1784619000,4078.4,4072.2,4078
1784619300,4080,4077.2,4077.5
1784619600,4078.6,4075.9,4075.9
1784619900,4077.1,4074.8,4076
1784620200,4076.6,4075,4075.1
1784620500,4076.4,4074.1,4076
1784620800,4077.2,4070.5,4070.7
1784621100,4074.2,4070.2,4071.1
1784621400,4073,4070.4,4072.7
1784621700,4073.2,4070.6,4071.4
1784622000,4071.3,4067.5,4068.4
1784622300,4069.3,4067.4,4068.1
1784622600,4069.7,4066.3,4067.1
1784622900,4068.1,4065.2,4067
1784623200,4068.6,4066.3,4066.6
1784623500,4067.1,4063.3,4064.4
1784623800,4068,4063.5,4065.8
1784624100,4068.2,4064.6,4067.4
1784624400,4071.4,4067.5,4070.8
1784624700,4071.4,4068.3,4070.4
1784625000,4070.8,4069.2,4069.9
1784625300,4071.5,4069.3,4071
1784625600,4072.8,4069.7,4071.4
1784625900,4072.8,4066.9,4067.1
1784626200,4070.1,4066.3,4067.7
1784626500,4068.7,4066.3,4067
1784626800,4067.4,4065.3,4067
1784627100,4071.5,4066.6,4071.1
1784627400,4074.4,4069.1,4073.7
1784627700,4073.8,4070.1,4070.5
1784628000,4072.6,4068,4068.5
1784628300,4068.6,4065.8,4066.2
1784628600,4072.9,4065,4070.5
1784628900,4072.9,4069.3,4072.2
1784629200,4073.7,4071.7,4072
1784629500,4073.9,4070.9,4071.3
1784629800,4073.3,4071.1,4073
1784630100,4074.9,4072.5,4073.5
1784630400,4073.5,4071.4,4071.5
1784630700,4073.3,4067.4,4067.6
1784631000,4070.8,4067.5,4069.6
1784631300,4069.6,4067.1,4067.4
1784631600,4068.1,4060.6,4061.4
1784631900,4063.4,4059.7,4060.7
1784632200,4063.6,4060.4,4063.1
1784632500,4064.1,4062.2,4062.2
1784632800,4063.9,4060.6,4063.7
1784633100,4064.9,4061.6,4062.6
1784633400,4064.1,4062.1,4063.5
1784633700,4066.2,4063.2,4064.7
1784634000,4064.9,4060.1,4060.6
1784634300,4062.6,4059,4062.5
1784634600,4063.5,4060.3,4060.9
1784634900,4061.6,4059.4,4060.3
1784635200,4063.5,4060.1,4062.8
1784635500,4065.7,4062.4,4063.1
1784635800,4064.2,4060.9,4064.2
1784636100,4065,4060.2,4063.5
1784636400,4070.3,4062.1,4069.8
1784636700,4069.8,4065,4066
1784637000,4068.3,4063.4,4064.1
1784637300,4063.9,4058,4059.5
1784637600,4060.6,4055,4058.1
1784637900,4066.5,4057.5,4064.4
1784638200,4064.2,4059.5,4059.8
1784638500,4060.5,4057,4058.1
1784638800,4064.8,4058.1,4061
1784639100,4064.7,4061.2,4061.7
1784639400,4064.6,4060.9,4063.9
1784639700,4066.1,4058.7,4060.1
1784640000,4061.6,4055.8,4056.5
1784640300,4058.7,4054.2,4054.8
1784640600,4061.7,4051.3,4060
1784640900,4061.7,4055.1,4056.9
1784641200,4057.8,4048.6,4050.5
1784641500,4054.7,4048.2,4054.5
1784641800,4057,4050.3,4056.4
1784642100,4057.8,4053.7,4057.3
1784642400,4061.1,4055.4,4060.7
1784642700,4064.2,4058.8,4059.5
1784643000,4070.8,4059.2,4070.5
1784643300,4072.6,4065.7,4068.9
1784643600,4070,4065.4,4069.8
1784643900,4074.2,4068.8,4073.9
1784644200,4078.9,4071.2,4071.6
1784644500,4072,4066.8,4069.1
1784644800,4072.8,4067.5,4072.1
1784645100,4075.6,4070.5,4074.2
1784645400,4075.3,4071,4073.7
1784645700,4075.9,4071.5,4073
1784646000,4075.4,4071.9,4072.7
1784646300,4075,4069.8,4073.4
1784646600,4078.2,4073.4,4077.7
1784646900,4083.1,4077.6,4081.5
1784647200,4083.9,4079.8,4082.7
1784647500,4082.8,4080.1,4081.4
1784647800,4087.1,4080.4,4085.5
1784648100,4088,4083.3,4084.5
1784648400,4085,4079.6,4080.1
1784648700,4080.4,4075.9,4077.3
1784649000,4082.4,4077.3,4081
1784649300,4080.9,4077.9,4078.5
1784649600,4082.3,4077.8,4082.2
1784649900,4082.4,4080.7,4081.3
1784650200,4083.5,4080.5,4082.7
1784650500,4082.8,4081,4081.6
1784650800,4082.4,4080.3,4082
1784651100,4082.3,4078,4079.9
1784651400,4080.7,4079,4080.3
1784651700,4080.4,4075.3,4078.7
1784652000,4079.5,4075.6,4076.3
1784652300,4076.9,4073.8,4076.4
1784652600,4077.7,4075.5,4077.2
1784652900,4077.5,4075.3,4075.9
1784653200,4076.5,4073.6,4074.5
1784653500,4076.9,4074.2,4075.9
1784653800,4076.9,4074.1,4074.9
1784654100,4075.4,4073.3,4073.5
1784654400,4076.3,4073.4,4075.8
1784654700,4077.3,4075.4,4076.7
1784655000,4076.8,4074,4074.7
1784655300,4074.5,4073.4,4073.7
1784655600,4073.8,4071.1,4072.6
1784655900,4072.7,4071.1,4071.5
1784656200,4072.4,4070.8,4072
1784656500,4073,4070.9,4073
1784656800,4074.1,4072.1,4072.2
1784657100,4076.6,4071.8,4076
1784657400,4076.5,4075.5,4076
1784657700,4078.2,4075.4,4077.6
1784658000,4086.1,4076.6,4085.5
1784658300,4092.2,4085.6,4088.4
1784658600,4090.4,4085.8,4089.6
1784658900,4090.8,4086.1,4087.3
1784659200,4088.8,4086.3,4087.1
1784659500,4087.3,4084.9,4085.5
1784659800,4086.1,4083.8,4085.8
1784660100,4088.3,4085.7,4087.1
1784660400,4090.3,4087,4089.1
1784660700,4090.3,4085.9,4085.9
1784661000,4086.5,4084.4,4085.3
1784661300,4088.6,4085.5,4088.1
1784661600,4089.1,4086.7,4088.1
1784661900,4089.9,4088.1,4088.7
1784662200,4089.6,4087,4087.7
1784662500,4087.9,4086,4086.7
1784662800,4088.7,4086.4,4087.4
1784663100,4089.4,4087,4088.7
1784663400,4089.6,4087.2,4088.1
1784663700,4089.6,4087.5,4088.6
1784664000,4090.7,4087.5,4088.8
1784664300,4090.6,4088,4089.3
1784664600,4089.9,4087.4,4088.6
1784664900,4088.7,4086.8,4088.2
1784665200,4088.1,4085.6,4087.1
1784665500,4087.5,4086.4,4086.8
1784665800,4089.7,4087.1,4087.5
1784666100,4087.8,4086.3,4086.3
1784666400,4086.5,4084.6,4085.5
1784666700,4085.4,4082.2,4082.4
1784667000,4083.5,4081.6,4082.2
1784667300,4082.6,4080.8,4081.6
1784671200,4086.2,4081.1,4082.8
1784671500,4084,4080.5,4082
1784671800,4083.3,4081.4,4083.3
1784672100,4085.2,4082.4,4084.3
1784672400,4086.5,4084.2,4085
1784672700,4087.3,4084.5,4086.8
1784673000,4088.8,4086.4,4087.5
1784673300,4089,4086.3,4088.4
1784673600,4088.9,4087.4,4087.9
1784673900,4088.2,4085,4085.1
1784674200,4086.1,4081.8,4083.3
1784674500,4085.3,4083.5,4084.4
1784674800,4085.8,4083.2,4084.7
1784675100,4086.2,4084.2,4085.3
1784675400,4086.2,4084.2,4085.3
1784675700,4086.7,4085,4086.3
1784676000,4086.7,4085.4,4086.1
1784676300,4086.6,4085.3,4085.3
1784676600,4086,4084.4,4084.9
1784676900,4086.6,4084.2,4086.3
1784677200,4086.6,4083.3,4084.7
1784677500,4087.4,4083.9,4085.5
1784677800,4085.7,4084.6,4084.7
1784678100,4085.6,4083.3,4085.1
1784678400,4087.4,4081.1,4087.4
1784678700,4095,4085.9,4093
1784679000,4097.5,4092.3,4096.7
1784679300,4102.8,4096.9,4100.4
1784679600,4103.3,4097.3,4101.9
1784679900,4103.7,4101.1,4102.8
1784680200,4107.3,4094.5,4096.2
1784680500,4102,4094.2,4099.4
1784680800,4099.9,4096.2,4097.5
1784681100,4104.3,4095.8,4101.3
1784681400,4102,4098,4098.6
1784681700,4102.4,4097.4,4102.3
1784682000,4118.2,4100.4,4115
1784682300,4122.2,4114.4,4120.3
1784682600,4126.1,4118.1,4125.8
1784682900,4126.5,4116.6,4117.4
1784683200,4120.5,4115.7,4116.9
1784683500,4121.3,4116.5,4120
1784683800,4121.9,4117.3,4121.2
1784684100,4126.2,4119.3,4124.2
1784684400,4127.4,4122.4,4125.9
1784684700,4128.6,4123.3,4124.4
1784685000,4125.7,4122.8,4124.3
1784685300,4127.5,4121.9,4126.5
1784685600,4127.2,4123.8,4126
1784685900,4126.5,4122.8,4125.7
1784686200,4128.6,4124.7,4126.3
1784686500,4129.9,4124.2,4124.9
1784686800,4130.4,4124.8,4129.1
1784687100,4130.7,4128.3,4128.7
1784687400,4134.8,4126.6,4134.6
1784687700,4134.8,4128.7,4129.1
1784688000,4133.7,4128.8,4132.9
1784688300,4135.4,4132,4132.7
1784688600,4133.8,4130.6,4132.9
1784688900,4135.2,4131,4134.8
1784689200,4138,4133.7,4137.9
1784689500,4145,4136.8,4141.9
1784689800,4142.8,4139.5,4141.8
1784690100,4144.1,4141.1,4143.5
1784690400,4146.2,4142.6,4143.4
1784690700,4144.2,4141.3,4142.7
1784691000,4142.7,4138.7,4139.4
1784691300,4140,4136.8,4138.2
1784691600,4138.7,4136.6,4137.9
1784691900,4138.8,4136.8,4137.1
1784692200,4137.3,4135.1,4135.4
1784692500,4136.3,4134.1,4135.3
1784692800,4135.6,4131.4,4132.8
1784693100,4135.2,4132.4,4132.8
1784693400,4133.3,4131,4131.7
1784693700,4134.4,4131.8,4132.9
1784694000,4134.2,4132.1,4133.4
1784694300,4133.8,4132.2,4133.5
1784694600,4133.7,4129.3,4131.2
1784694900,4131.7,4129.6,4131
1784695200,4132.3,4131.1,4132.1
1784695500,4132.3,4129.9,4130.9
1784695800,4131.5,4129.9,4130.8
1784696100,4132,4130.3,4131.6
1784696400,4134.1,4130.3,4133.1
1784696700,4133.7,4131.2,4131.8
1784697000,4134.9,4131.6,4133.2
1784697300,4133.5,4127,4128.6
1784697600,4129.4,4127.8,4128.8
1784697900,4130.8,4127.9,4128.2
1784698200,4133.6,4127.4,4132.1
1784698500,4138.7,4131.7,4136.7
1784698800,4137.7,4134.5,4136.8
1784699100,4137.8,4134.8,4137
1784699400,4137.7,4133.4,4134.2
1784699700,4136.1,4132.5,4135.5
1784700000,4140.1,4135.3,4139
1784700300,4138.8,4134.8,4135.2
1784700600,4136.7,4133.7,4134
1784700900,4136.4,4133.6,4134.7
1784701200,4135.2,4128.4,4129.7
1784701500,4129.7,4118.4,4121.7
1784701800,4123.9,4118.9,4123.7
1784702100,4124.8,4120.6,4121.6
1784702400,4124.5,4121,4123
1784702700,4125,4121,4121.8
1784703000,4121.7,4118.1,4120.7
1784703300,4121.3,4117.8,4120.9
1784703600,4121.7,4116,4117.1
1784703900,4119.9,4116.6,4117.7
1784704200,4120.8,4116.5,4120.5
1784704500,4124.1,4120.5,4123.3
1784704800,4127,4122.3,4122.4
1784705100,4124.4,4121.9,4124.1
1784705400,4127.4,4122.5,4123.1
1784705700,4122.8,4119.3,4119.3
1784706000,4119.7,4115.4,4116.6
1784706300,4118.2,4114,4114.6
1784706600,4118.3,4113.7,4118.3
1784706900,4118.5,4113.3,4114.8
1784707200,4119.7,4114.9,4119.3
1784707500,4120.5,4118,4119.2
1784707800,4120.3,4116.8,4118.8
1784708100,4120.4,4117.7,4119.2
1784708400,4122.4,4119.2,4121.5
1784708700,4122.2,4119.8,4121.9
1784709000,4124.2,4120.9,4122.3
1784709300,4123.1,4120.9,4121.2
1784709600,4121.7,4118.5,4118.9
1784709900,4120.8,4117.6,4119.1
1784710200,4122.1,4118.2,4122
1784710500,4125,4121.5,4122.6
1784710800,4125,4122,4124
1784711100,4126.6,4122.2,4124.5
1784711400,4126.3,4123.7,4125.8
1784711700,4126.6,4123.7,4126.5
1784712000,4126.5,4123.2,4124.8
1784712300,4125.5,4121.8,4122.7
1784712600,4125.9,4120.2,4121.8
1784712900,4123.1,4118.4,4118.7
1784713200,4123.7,4118.4,4120.3
1784713500,4121.8,4119.8,4121.2
1784713800,4121.8,4117.1,4119.3
1784714100,4122.1,4118.5,4119.2
1784714400,4124.5,4119.2,4120.8
1784714700,4122.4,4120.4,4120.7
1784715000,4122.5,4120.7,4121.7
1784715300,4123.4,4120.6,4122.1
1784715600,4126.2,4122,4125.5
1784715900,4126.1,4123.2,4123.7
1784716200,4124.2,4121.9,4123
1784716500,4123.2,4120.3,4121.2
1784716800,4122,4119.9,4121.4
1784717100,4123.2,4120.5,4123
1784717400,4124.5,4122.4,4122.7
1784717700,4122.6,4120.4,4121.3
1784718000,4122.6,4119.3,4121.3
1784718300,4123.7,4120.4,4123.2
1784718600,4125.8,4122.3,4123.5
1784718900,4127.8,4123.1,4125.5
1784719200,4127.3,4124.8,4125
1784719500,4125.4,4122.1,4123
1784719800,4126,4122.7,4124.8
1784720100,4124.6,4121.6,4123.1
1784720400,4123.7,4117,4119.9
1784720700,4125.2,4119.2,4125.2
1784721000,4126.3,4122.7,4124.4
1784721300,4127.8,4124.1,4127.1
1784721600,4131.5,4126.4,4130
1784721900,4132.1,4127.4,4129.4
1784722200,4132.5,4128.2,4131.8
1784722500,4132.6,4129.7,4130.8
1784722800,4135.2,4130.2,4134.3
1784723100,4138.3,4133.3,4137.6
1784723400,4139.5,4132.4,4132.5
1784723700,4133.1,4129.3,4131.8
1784724000,4133.4,4130.3,4132.1
1784724300,4132.3,4123,4123.2
1784724600,4124.2,4121.1,4122.4
1784724900,4122.8,4110.5,4117.2
1784725200,4124.5,4116.7,4123.5
1784725500,4125.8,4121.5,4125.5
1784725800,4130.3,4124.7,4129.9
1784726100,4136,4129.1,4135.4
1784726400,4138.7,4132.9,4138.4
1784726700,4140,4136,4136.5
1784727000,4152.1,4136.7,4147.3
1784727300,4151,4143.5,4149.6
1784727600,4151.4,4145.7,4147.7
1784727900,4156.5,4147.8,4151.7
1784728200,4153.3,4149,4150.5
1784728500,4161.3,4149.7,4160.2
1784728800,4168.9,4158.7,4162
1784729100,4164.3,4158.8,4161.7
1784729400,4164.3,4160.5,4161.7
1784729700,4161.7,4153.2,4154.1
1784730000,4157.7,4153.2,4154.6
1784730300,4155.2,4149.2,4151.2
1784730600,4157.5,4150.7,4155.4
1784730900,4157,4153.6,4157
1784731200,4158,4152.3,4155.6
1784731500,4158,4150.5,4153
1784731800,4153.7,4151,4152.5
1784732100,4154.9,4148.6,4153.3
1784732400,4160,4153.1,4159.6
1784732700,4161.4,4158.6,4159.9
1784733000,4163.4,4158.8,4162.6
1784733300,4162.6,4158,4159.9
1784733600,4166.5,4159.1,4164.8
1784733900,4165.5,4161.4,4162.2
1784734200,4163.8,4161.1,4162.1
1784734500,4164.2,4160.6,4162.4
1784734800,4166.2,4162.2,4165
1784735100,4170.5,4163.5,4169.6
1784735400,4171.3,4167.3,4167.4
1784735700,4167.5,4163.2,4164.3
1784736000,4164.4,4160.9,4161.7
1784736300,4164.3,4161.1,4161.6
1784736600,4161.7,4158,4159.4
1784736900,4160.4,4155.8,4159.9
1784737200,4160.6,4157,4157.3
1784737500,4157.6,4153.2,4154.5
1784737800,4156.1,4151.7,4151.9
1784738100,4154.9,4150,4153.9
1784738400,4157.1,4152.1,4153
1784738700,4154.4,4151.4,4152.6
1784739000,4153.2,4150.1,4152.7
1784739300,4155,4151.6,4152.5
1784739600,4153.7,4150.2,4153.1
1784739900,4153.3,4148.7,4150.2
1784740200,4151.7,4148.9,4151.2
1784740500,4151.8,4148.5,4149
1784740800,4151.4,4148.5,4149.3
1784741100,4152.9,4148.9,4151.9
1784741400,4153.3,4149.8,4150.5
1784741700,4151.6,4144.6,4145
1784742000,4147.1,4144,4146.2
1784742300,4149,4146,4148.9
1784742600,4149.4,4147.9,4148.2
1784742900,4149,4146.5,4147.9
1784743200,4148.6,4142.1,4143.3
1784743500,4147.1,4142.7,4144.9
1784743800,4146.2,4143,4143.5
1784744100,4144.6,4142.1,4144.2
1784744400,4145.1,4140.6,4142
1784744700,4142.2,4140.1,4140.7
1784745000,4141.1,4137.5,4138.2
1784745300,4141.6,4137.9,4141.1
1784745600,4141.7,4139.1,4141.4
1784745900,4143.6,4140.6,4142.8
1784746200,4144.4,4142.7,4143
1784746500,4143.7,4141.2,4141.5
1784746800,4141.6,4138,4140.5
1784747100,4142.8,4140.4,4141.1
1784747400,4141.2,4139.5,4139.6
1784747700,4141,4138.7,4140
1784748000,4140.5,4137,4139.6
1784748300,4140.8,4138,4139.9
1784748600,4141.7,4137.9,4141.1
1784748900,4141.5,4138.9,4139.8
1784749200,4141.3,4138.8,4139.5
1784749500,4140.3,4138.4,4140
1784749800,4140.5,4133.8,4135.6
1784750100,4137.9,4134.8,4136.6
1784750400,4140.1,4135.3,4135.8
1784750700,4139.2,4135.3,4138.4
1784751000,4140.5,4136.5,4139.3
1784751300,4141.3,4138.8,4140.2
1784751600,4141.7,4139.8,4141.5
1784751900,4142.7,4141.2,4141.7
1784752200,4142.3,4140.2,4140.3
1784752500,4140.4,4138.1,4139.9
1784752800,4140.4,4135.7,4136
1784753100,4136.6,4133.2,4135.2
1784753400,4135.3,4133.1,4134
1784753700,4135.4,4133.7,4134.9
1784757600,4132,4073.6,4123.6
1784757900,4129,4122.5,4126.3
1784758200,4126.7,4123.5,4126.7
1784758500,4128.3,4123.5,4127.2
1784758800,4128.8,4125,4125.9
1784759100,4132.3,4125.6,4131.8
1784759400,4133.2,4127.9,4128.2
1784759700,4130.9,4127,4128.3
1784760000,4128.8,4122.7,4124
1784760300,4128.5,4123.3,4127.4
1784760600,4129.1,4123.9,4127
1784760900,4129.8,4123.8,4124.9
1784761200,4126.5,4120.3,4121.8
1784761500,4122.5,4119.1,4120.9
1784761800,4127.4,4119.2,4126.1
1784762100,4126.6,4122.5,4123
1784762400,4124.8,4122.1,4123.3
1784762700,4125.2,4121.5,4122.8
1784763000,4125.8,4121.6,4123.1
1784763300,4126.2,4122.4,4124.1
1784763600,4127.1,4123.7,4126.2
1784763900,4134.9,4125.5,4132.5
1784764200,4134.5,4131.3,4134.4
1784764500,4137.6,4133.5,4136.3
1784764800,4137.4,4131.2,4133.8
1784765100,4134.1,4129.8,4131.9
1784765400,4132,4128.7,4129.7
1784765700,4132.2,4129.6,4131.4
1784766000,4136.1,4130.5,4136.1
1784766300,4138.8,4131.8,4132.1
1784766600,4135,4131,4133.2
1784766900,4135.5,4130.6,4131.5
1784767200,4132.4,4130,4130.8
1784767500,4133.4,4129.9,4130.2
1784767800,4132.7,4128.1,4132.3
1784768100,4136.9,4130.8,4135.3
1784768400,4142.7,4133.1,4136.3
1784768700,4138,4133.1,4136.7
1784769000,4140.2,4135,4137.4
1784769300,4140.9,4136.6,4138.7
1784769600,4143.8,4137.7,4140.7
1784769900,4144,4139,4139.8
1784770200,4142.2,4131.5,4135.9
1784770500,4136.4,4125,4125.6
1784770800,4130.4,4123.2,4124.2
1784771100,4126.5,4120,4124.3
1784771400,4125.2,4120.6,4121.3
1784771700,4121.8,4116.7,4120.3
1784772000,4121.7,4115.4,4116.5
1784772300,4119.5,4114.3,4116.7
1784772600,4121,4116.3,4119.7
1784772900,4120.5,4115.6,4117.4
1784773200,4119.5,4116.2,4118.7
1784773500,4119.4,4116.5,4118.2
1784773800,4121.8,4115.8,4119
1784774100,4121.3,4116.9,4121.3
1784774400,4124.8,4120.3,4124.6
1784774700,4128.1,4124.7,4125.3
1784775000,4131.1,4123.8,4128
1784775300,4131.3,4127.5,4130.7
1784775600,4132,4128.5,4128.7
1784775900,4130.3,4126.8,4127.5
1784776200,4130,4126.6,4129.8
1784776500,4133.7,4129.2,4133.5
1784776800,4135.5,4133.1,4134.7
1784777100,4134.9,4131.9,4132.7
1784777400,4132.9,4130.7,4132.7
1784777700,4133.9,4131.1,4132
1784778000,4133,4128.5,4131.6
1784778300,4131.4,4127.7,4128.2
1784778600,4128.8,4127.6,4128.5
1784778900,4128.8,4126.4,4127.2
1784779200,4127.8,4125,4126.1
1784779500,4128.4,4124.9,4127.9
1784779800,4130.5,4126.5,4130.5
1784780100,4131,4127.5,4127.9
1784780400,4131.9,4128,4130.4
1784780700,4132.4,4129.5,4132.4
1784781000,4132.8,4128.1,4129.6
1784781300,4130.1,4128.1,4128.3
1784781600,4128.3,4125.6,4125.6
1784781900,4126.8,4123.1,4124.3
1784782200,4125.3,4122.6,4123.2
1784782500,4124.2,4122.4,4123.7
1784782800,4125.2,4121.8,4123
1784783100,4126.9,4123,4126.8
1784783400,4127.6,4125.8,4127.3
1784783700,4127,4123.6,4124.2
1784784000,4125.5,4122.3,4124
1784784300,4128.7,4123.7,4128.2
1784784600,4131.2,4125.9,4130.4
1784784900,4131.4,4128.9,4128.9
1784785200,4130.6,4127.4,4130.6
1784785500,4133.3,4128.8,4129.4
1784785800,4130.1,4126.8,4128
1784786100,4128.1,4123.5,4126.8
1784786400,4131,4126.2,4126.8
1784786700,4127.8,4124,4125.6
1784787000,4127.4,4124.6,4126.2
1784787300,4130.8,4125.4,4129.8
1784787600,4130.2,4126.1,4127.8
1784787900,4127.8,4124,4124.6
1784788200,4125.9,4123.3,4124.9
1784788500,4127.2,4123.6,4123.7
1784788800,4124.1,4119.4,4122.7
1784789100,4125.3,4121.9,4124.6
1784789400,4125,4122.5,4123.1
1784789700,4123.4,4120.7,4121.5
1784790000,4122.3,4116.5,4118
1784790300,4119.3,4112.4,4113.3
1784790600,4113.5,4104.8,4109.7
1784790900,4114.8,4109.4,4112.3
1784791200,4112.7,4107.9,4108.1
1784791500,4113.3,4108.3,4111.3
1784791800,4111.5,4104.7,4107.8
1784792100,4108.7,4102.2,4103.7
1784792400,4105,4094.2,4098.6
1784792700,4099.8,4094.1,4096.2
1784793000,4098.3,4093.2,4096.6
1784793300,4100,4095.4,4098.3
1784793600,4100.5,4093.1,4096.2
1784793900,4099.3,4095.4,4099.1
1784794200,4100.9,4092.5,4094.4
1784794500,4095.3,4092.3,4092.7
1784794800,4094.3,4091,4093.3
1784795100,4094.9,4091.4,4094.6
1784795400,4096.4,4092.5,4095.7
1784795700,4096.8,4093.6,4094.9
1784796000,4095.8,4090.4,4095.1
1784796300,4095.2,4089.3,4092.3
1784796600,4095.9,4090.8,4095.7
1784796900,4097.6,4095.4,4096
1784797200,4102.2,4095.2,4102
1784797500,4101.8,4099.3,4099.7
1784797800,4101.3,4097.1,4097.7
1784798100,4099.6,4096.6,4099.3
1784798400,4099.5,4095.6,4095.9
1784798700,4096.9,4092.2,4094.1
1784799000,4095.2,4091.3,4095.1
1784799300,4095.8,4093.9,4095
1784799600,4096.5,4093.4,4094.9
1784799900,4097.5,4094.6,4096.4
1784800200,4097.2,4092.8,4095.9
1784800500,4096.3,4091.5,4093.1
1784800800,4094.7,4090.8,4093.6
1784801100,4094.5,4090.8,4092
1784801400,4094.5,4091.4,4093.9
1784801700,4095.9,4091.9,4091.9
1784802000,4092.4,4089.1,4090.6
1784802300,4093.7,4090.7,4093.4
1784802600,4096.3,4089.7,4090.4
1784802900,4093.5,4089.9,4093.2
1784803200,4093,4090.7,4092.6
1784803500,4096.8,4090.3,4096.7
1784803800,4097.8,4094.9,4097.5
1784804100,4098.6,4095.2,4096.4
1784804400,4097.1,4093.9,4095
1784804700,4095.4,4091.6,4091.6
1784805000,4093.2,4090.1,4090.9
1784805300,4092.5,4087.3,4088.9
1784805600,4090,4083.9,4087.2
1784805900,4088.2,4084.4,4087.2
1784806200,4087.4,4082.4,4083.9
1784806500,4086.3,4082,4082.2
1784806800,4082.5,4075.8,4081.5
1784807100,4085.2,4080.6,4084.8
1784807400,4092.5,4084.5,4087.5
1784807700,4089.5,4086.1,4088.7
1784808000,4089.1,4085,4086.4
1784808300,4088.7,4084.6,4085.9
1784808600,4088.2,4083.7,4084.2
1784808900,4086.2,4075,4080.9
1784809200,4081.4,4072.6,4074.6
1784809500,4079.9,4073.7,4076.8
1784809800,4077.9,4070.2,4077.6
1784810100,4077.6,4066.5,4075.9
1784810400,4075.7,4068.4,4071.5
1784810700,4072,4065.5,4068.9
1784811000,4070.9,4063.9,4066.8
1784811300,4069.5,4063.6,4064.5
1784811600,4066.4,4056.8,4058.2
1784811900,4059.7,4046.8,4049.7
1784812200,4049.8,4042.6,4043.3
1784812500,4052,4042.8,4051.4
1784812800,4057,4050.7,4053.7
1784813100,4061.5,4054,4061.1
1784813400,4070.6,4060.7,4066.3
1784813700,4067.5,4058.4,4059.6
1784814000,4065.5,4058.1,4059.1
1784814300,4059.9,4052.7,4055.7
1784814600,4061.8,4054.6,4059.2
1784814900,4060.7,4045.4,4045.8
1784815200,4053.8,4045.6,4046.9
1784815500,4048.9,4042.4,4048.2
1784815800,4054.3,4044.6,4050.8
1784816100,4053.2,4045.3,4047.2
1784816400,4055.4,4045.9,4055.3
1784816700,4060.2,4053.9,4059.6
1784817000,4061.2,4054.6,4057.6
1784817300,4064,4054.6,4062.2
1784817600,4063,4058.7,4060.1
1784817900,4064.8,4058.8,4062
1784818200,4063.3,4059.4,4059.9
1784818500,4063.3,4059.6,4061.1
1784818800,4062.5,4058.1,4059.6
1784819100,4060.6,4054.4,4055
1784819400,4057,4051.8,4054.5
1784819700,4059.9,4053,4055
1784820000,4056.3,4048.2,4053
1784820300,4053.2,4049.2,4049.6
1784820600,4049.8,4045,4048.5
1784820900,4054.1,4048.4,4052.1
1784821200,4056.1,4050.6,4050.8
1784821500,4053.9,4049.8,4052.1
1784821800,4053.7,4049,4053.1
1784822100,4053.6,4049.2,4051.2
1784822400,4053.8,4051,4051.3
1784822700,4053,4050,4051.3
1784823000,4053.6,4050.7,4052.9
1784823300,4053.6,4048.5,4049.1
1784823600,4054.5,4049.2,4051.4
1784823900,4054.8,4051.1,4053.1
1784824200,4053.9,4050.9,4051.1
1784824500,4053.8,4049.9,4053.2
1784824800,4054.1,4052.1,4052.6
1784825100,4054.2,4051.8,4052
1784825400,4052.5,4051,4051.7
1784825700,4054.8,4051.9,4054.2
1784826000,4057.7,4053.4,4054.5
1784826300,4056.2,4049.6,4051.1
1784826600,4052.2,4049.5,4050
1784826900,4052.6,4048.8,4049.2
1784827200,4053.3,4049.3,4051.4
1784827500,4052.3,4049.1,4049.8
1784827800,4051.8,4049.3,4050
1784828100,4050.1,4045.9,4047.3
1784828400,4047.9,4044,4045.1
1784828700,4046.8,4044.5,4046.5
1784829000,4046.8,4044.3,4045.5
1784829300,4046,4044,4044.2
1784829600,4045.8,4042.7,4043.9
1784829900,4046.7,4042.9,4045.8
1784830200,4046.5,4043.4,4044
1784830500,4047.3,4042.8,4045.3
1784830800,4045.7,4042.3,4044.2
1784831100,4047.8,4043.2,4047
1784831400,4050.5,4046.8,4047.8
1784831700,4049.4,4046.6,4047.6
1784832000,4049.3,4047.3,4048.9
1784832300,4050.8,4048.9,4049.3
1784832600,4049.9,4048,4048.5
1784832900,4049.6,4047.1,4048.9
1784833200,4051.4,4047.5,4047.7
1784833500,4048.9,4046,4046.2
1784833800,4046.9,4045.1,4045.5
1784834100,4048.2,4045.3,4047.3
1784834400,4050.7,4047.2,4049.9
1784834700,4051.7,4048.8,4050.3
1784835000,4053.3,4047.9,4049.4
1784835300,4050.4,4049.1,4050
1784835600,4050.3,4047.9,4047.9
1784835900,4049,4046.8,4048.2
1784836200,4052.4,4048.2,4052.3
1784836500,4053.4,4051.4,4051.8
1784836800,4053.7,4050.9,4051.2
1784837100,4052.2,4050.4,4051
1784837400,4052.4,4050.7,4052
1784837700,4052.1,4050.3,4051.1
1784838000,4051.5,4049.4,4051.4
1784838300,4053.1,4051.1,4052.4
1784838600,4053,4051.5,4052.2
1784838900,4053,4051.9,4052.6
1784839200,4052.9,4050.7,4052.1
1784839500,4052.5,4051.1,4051.6
1784839800,4052.3,4049.8,4050.8
1784840100,4052.4,4050.7,4052.4
1784844000,4053.3,4050.1,4050.9
1784844300,4052.7,4050.6,4051.4
1784844600,4051.6,4050.9,4050.9
1784844900,4052.1,4051.1,4051.9
1784845200,4052.8,4051.5,4052.3
1784845500,4052.4,4051.5,4052
1784845800,4052.8,4051.9,4052.5
1784846100,4052.9,4051.9,4051.9
1784846400,4052.6,4051,4051.6
1784846700,4052.4,4050.9,4051.1
1784847000,4053.2,4051,4052.3
1784847300,4052.8,4051,4052
1784847600,4052.5,4050.7,4051
1784847900,4051.7,4049.9,4050.7
1784848200,4051,4049.3,4050.9
1784848500,4051.6,4049.5,4049.5
1784848800,4051.6,4049.4,4051.5
1784849100,4052.2,4051.1,4051.6
1784849400,4053.9,4051.5,4053.3
1784849700,4053.2,4050.6,4050.9
1784850000,4051.1,4049.3,4051
1784850300,4052.3,4049.4,4051.1
1784850600,4052,4049.8,4050
1784850900,4051,4048,4049.3
1784851200,4052.6,4049.1,4049.3
1784851500,4049.7,4046.8,4047.7
1784851800,4048.8,4043.1,4043.6
1784852100,4047.6,4043.3,4045.4
1784852400,4050.4,4045,4048.3
1784852700,4049.3,4046.3,4049.1
1784853000,4049.7,4047.3,4048.4
1784853300,4052.4,4047.8,4051
1784853600,4052.6,4050,4051.7
1784853900,4053.3,4051.2,4051.3
1784854200,4052.5,4050.8,4051.3
1784854500,4055.4,4051.2,4052.6
1784854800,4053.2,4039.7,4046.2
1784855100,4047.5,4044.2,4045.6
1784855400,4047.2,4042.4,4044.8
1784855700,4048.4,4043.6,4047.1
1784856000,4047.7,4044.2,4047.4
1784856300,4048.7,4045,4045.2
1784856600,4047.4,4043.6,4046.3
1784856900,4047.4,4044.4,4045.6
1784857200,4053.2,4045.7,4052.9
1784857500,4053,4050.3,4050.5
1784857800,4050.3,4047.4,4048.7
1784858100,4048.8,4043.6,4045.9
1784858400,4047.7,4044.6,4044.9
1784858700,4047.1,4043.2,4047.1
1784859000,4048.2,4046.2,4048
1784859300,4048.4,4046.8,4047.2
1784859600,4048.7,4044.6,4048.7
1784859900,4051.1,4048,4048.9
1784860200,4050.6,4046,4046.4
1784860500,4047,4043,4044.3
1784860800,4045.9,4043.1,4043.9
1784861100,4043.7,4028.5,4028.7
1784861400,4032.8,4027.5,4027.8
1784861700,4029.9,4025.3,4026.7
1784862000,4029.9,4025.4,4028.9
1784862300,4031.2,4028.8,4029.1
1784862600,4034.7,4028.4,4034.2
1784862900,4036,4031.5,4031.6
1784863200,4034,4030.2,4032.6
1784863500,4033.4,4030.5,4032.5
1784863800,4035.5,4032.6,4034.2
1784864100,4035.2,4032.9,4033.8
1784864400,4035.3,4033.2,4034.1
1784864700,4034.6,4032.4,4034
1784865000,4034.6,4032.1,4032.2
1784865300,4032.3,4030.5,4031.5
1784865600,4031.9,4029.9,4031.6
1784865900,4032.7,4030.4,4031.3
1784866200,4031.4,4029.1,4030.1
1784866500,4031.3,4029.3,4030.6
1784866800,4032.2,4030.2,4031.5
1784867100,4032.7,4031.5,4032.2
1784867400,4033.1,4031,4031.3
1784867700,4032.6,4029.3,4029.6
1784868000,4029.7,4028.2,4029.1
1784868300,4029.6,4027.8,4029.1
1784868600,4029.6,4028.1,4029
1784868900,4031.1,4028.8,4029.7
1784869200,4031.1,4027.2,4031
1784869500,4032.3,4029.9,4031.1
1784869800,4034.4,4029.7,4030.1
1784870100,4030.4,4024.2,4026.4
1784870400,4031.9,4026,4029.6
1784870700,4029.9,4027.5,4028.1
1784871000,4033.7,4027.6,4033.4
1784871300,4033.5,4027,4028.1
1784871600,4030.3,4026.1,4026.6
1784871900,4031.1,4026.6,4030.2
1784872200,4031.3,4024.6,4025.4
1784872500,4026.3,4023.4,4025.2
1784872800,4028.1,4025.1,4027.5
1784873100,4029.6,4026.8,4029.3
1784873400,4033.7,4028.7,4033.1
1784873700,4036.7,4031.4,4036.5
1784874000,4039.5,4035.9,4038.6
1784874300,4041.4,4037.3,4038.7
1784874600,4038.8,4035.3,4036.8
1784874900,4039.5,4036.8,4037.5
1784875200,4039,4035.5,4036
1784875500,4039.1,4035.8,4036.4
1784875800,4037.9,4034,4037.9
1784876100,4041.3,4037.3,4038.2
1784876400,4043.1,4037.5,4041
1784876700,4048.4,4040.6,4048.3
1784877000,4050.1,4047.1,4048.1
1784877300,4050.2,4046.5,4049.7
1784877600,4051.6,4048.2,4050.9
1784877900,4053.5,4050.2,4051.2
1784878200,4056.7,4050.2,4056.1
1784878500,4056.1,4048.9,4049.2
1784878800,4051.2,4048.1,4050.9
1784879100,4050.9,4048.7,4050.1
1784879400,4051.4,4049.6,4050.3
1784879700,4052.5,4050.3,4051
1784880000,4051.8,4049.1,4049.8
1784880300,4050.3,4047.5,4049.8
1784880600,4050.2,4048.1,4049.3
1784880900,4051.2,4047.7,4049.4
1784881200,4050.8,4048.7,4049.1
1784881500,4055.4,4048.6,4055.4
1784881800,4055.2,4052.5,4052.5
1784882100,4056,4050.9,4055.3
1784882400,4058.2,4055.2,4057.2
1784882700,4057.7,4054.5,4057.5
1784883000,4059.9,4056.9,4059.1
1784883300,4061.4,4058.8,4060
1784883600,4064.1,4058.2,4059.3
1784883900,4061,4057.8,4060.2
1784884200,4060.8,4055.7,4056.8
1784884500,4060,4055.7,4057.6
1784884800,4058,4055.8,4057.3
1784885100,4058.6,4055,4055.6
1784885400,4057.2,4054.1,4056.4
1784885700,4057.9,4056.2,4057.8
1784886000,4059.6,4056.8,4058.7
1784886300,4059.1,4057.6,4058
1784886600,4061.2,4057.2,4061
1784886900,4062.7,4060.9,4062.5
1784887200,4064.6,4061.2,4062.8
1784887500,4063.3,4061.6,4063.1
1784887800,4063.4,4060.6,4061.1
1784888100,4065.1,4060.4,4062.3
1784888400,4064.2,4061.7,4063
1784888700,4066.7,4062.5,4064.9
1784889000,4066.8,4063.8,4064.4
1784889300,4064.4,4062.5,4062.7
1784889600,4062.9,4060.8,4061.1
1784889900,4061.9,4060.2,4061.5
1784890200,4062,4059.4,4060.2
1784890500,4062.6,4059.6,4062.3
1784890800,4065.1,4060.7,4064.5
1784891100,4065.9,4062.7,4063.1
1784891400,4063.8,4062.4,4063.1
1784891700,4064.1,4062.2,4063.7
1784892000,4064.3,4062.7,4063.9
1784892300,4064,4061.2,4061.5
1784892600,4062.6,4060.2,4062.1
1784892900,4062.1,4058.8,4059.4
1784893200,4060.4,4057.3,4057.4
1784893500,4058.9,4055.8,4057.4
1784893800,4057.4,4054.7,4054.8
1784894100,4064.1,4053.5,4060.1
1784894400,4060.9,4054.7,4056.4
1784894700,4060.9,4054.9,4059.2
1784895000,4059.9,4057.9,4059
1784895300,4060.1,4058.1,4059.4
1784895600,4061,4057.3,4061
1784895900,4062.8,4058.4,4062.3
1784896200,4062.2,4058.8,4059.6
1784896500,4061,4057.6,4058.2
1784896800,4059.3,4053.9,4057.7
1784897100,4058.8,4054,4056.4
1784897400,4058.4,4056.5,4057.8
1784897700,4059,4054.2,4058.5
1784898000,4061,4054,4054.5
1784898300,4055.6,4048.3,4049.2
1784898600,4052,4047.2,4050.7
1784898900,4051,4046.7,4048.3
1784899200,4051.8,4047.8,4048.9
1784899500,4050.9,4048.1,4049.7
1784899800,4052.8,4047,4051.7
1784900100,4059.1,4051.7,4058.3
1784900400,4059.2,4053.2,4054.8
1784900700,4063.4,4048.1,4061
1784901000,4064,4058.2,4062.4
1784901300,4071.6,4059.5,4070.5
1784901600,4073,4065.6,4065.6
1784901900,4067.8,4060.2,4064.9
1784902200,4066.7,4061.5,4061.8
1784902500,4063.3,4058.2,4060.9
1784902800,4067.7,4059.6,4067.5
1784903100,4072.3,4067.2,4068.9
1784903400,4071.2,4067.1,4067.6
1784903700,4069.7,4062.2,4063.4
1784904000,4065.3,4062,4063.3
1784904300,4066.6,4061.2,4066.2
1784904600,4067.9,4063.7,4064.6
1784904900,4069.4,4064.2,4066
1784905200,4070.1,4064.6,4066.9
1784905500,4067.6,4064.6,4066.5
1784905800,4079.9,4065.9,4077.5
1784906100,4084.5,4075,4080.1
1784906400,4085.2,4075.6,4077
1784906700,4080.5,4075.5,4078
1784907000,4079.9,4076.8,4077.3
1784907300,4082,4076.3,4081
1784907600,4082.6,4074.1,4074.7
1784907900,4076.3,4072.9,4075.9
1784908200,4079.1,4075.6,4078.3
1784908500,4080.8,4077.8,4080
1784908800,4080.3,4077.8,4079.3
1784909100,4080.1,4077.4,4078.7
1784909400,4079.7,4076.8,4077.5
1784909700,4078.5,4076.4,4077.2
1784910000,4080.1,4076.1,4079.9
1784910300,4080.7,4076.1,4076.5
1784910600,4076.5,4072.6,4074.8
1784910900,4074.9,4069.7,4070.5
1784911200,4071.4,4069,4070.2
1784911500,4070.6,4066.7,4067.7
1784911800,4068.5,4066.5,4068.4
1784912100,4070.3,4067.9,4069.6
1784912400,4070.9,4069.2,4070.4
1784912700,4070.5,4066.2,4068.1
1784913000,4068.6,4065.4,4066.6
1784913300,4069.5,4066,4069.5
1784913600,4071.6,4067.8,4071.4
1784913900,4072.8,4069.8,4071.2
1784914200,4072.7,4070.3,4071.2
1784914500,4071.8,4070.2,4070.6
1784914800,4071.7,4068.6,4069.3
1784915100,4070,4067.4,4068.6
1784915400,4069.5,4065.5,4066.1
1784915700,4067.7,4065.7,4065.7
1784916000,4066.5,4063.4,4065.4
1784916300,4067.2,4065.2,4065.5
1784916600,4066,4063.7,4064
1784916900,4065.5,4062.4,4062.5
1784917200,4063.1,4058.8,4059.8
1784917500,4060.9,4057.2,4057.5
1784917800,4058.6,4054.7,4056.7
1784918100,4059.5,4055.8,4057.9
1784918400,4058,4053.4,4054.5
1784918700,4057.6,4054,4055.8
1784919000,4058.2,4055.2,4056.6
1784919300,4057.7,4056.2,4056.6
1784919600,4058.6,4054.5,4056.8
1784919900,4057.2,4054.8,4054.9
1784920200,4056.9,4054.2,4054.4
1784920500,4054.6,4051.3,4053.1
1784920800,4053.4,4051.3,4051.8
1784921100,4054.4,4051.3,4053.8
1784921400,4056.7,4053.4,4056.3
1784921700,4058.8,4055.8,4057.5
1784922000,4060.2,4057.6,4059.2
1784922300,4059.8,4057.3,4057.5
1784922600,4058.3,4056,4057.9
1784922900,4057.8,4055.3,4056.3
1784923200,4057.7,4055.5,4056.4
1784923500,4056.7,4055.2,4055.3
1784923800,4055.7,4054.5,4054.7
1784924100,4055.9,4054.3,4054.6
1784924400,4055.7,4054.3,4055.6
1784924700,4057.1,4055.6,4056.2
1784925000,4056.5,4054,4055
1784925300,4056.8,4054.9,4056.7
1784925600,4058.6,4056,4057.8
1784925900,4058.8,4056.5,4056.9
1784926200,4057.1,4055.5,4055.8
1784926500,4055.8,4054.4,4055.4
1785103200,4111.9,4090.7,4092.7
1785103500,4095.7,4090.9,4091.7
1785103800,4092.5,4089.6,4091.4
1785104100,4091.2,4086.7,4090.9
1785104400,4093.4,4089.9,4091
1785104700,4090.7,4088.2,4089.6
1785105000,4095,4088.5,4094.5
1785105300,4096.6,4092.8,4093.3
1785105600,4095.4,4092.8,4094
1785105900,4096.4,4091.8,4093.1
1785106200,4094.8,4092.8,4094.4
1785106500,4094.4,4091.6,4092.4
1785106800,4094.2,4089.3,4089.8
1785107100,4091.1,4089.5,4089.9
1785107400,4090.2,4086.9,4087.3
1785107700,4088.9,4086.8,4087.5
1785108000,4089,4086.1,4086.6
1785108300,4088,4086.2,4087.2
1785108600,4089.1,4087.1,4088.8
1785108900,4090.2,4088.7,4088.9
1785109200,4091.9,4089.1,4091.4
1785109500,4097.3,4090.6,4096.9
1785109800,4098.8,4095.5,4095.8
1785110100,4099,4095.1,4096.9
1785110400,4107.6,4096.4,4104.2
1785110700,4110.9,4101.9,4110.5
1785111000,4119.5,4109.4,4118.8
1785111300,4118.3,4109.2,4109.9
1785111600,4110.3,4104.3,4105.4
1785111900,4105.8,4093.4,4097.2
1785112200,4102.4,4096.1,4102.4
1785112500,4104.9,4101.8,4102
1785112800,4104.7,4100.7,4102.1
1785113100,4108.7,4102.1,4106.9
1785113400,4111.8,4107,4108
1785113700,4108.6,4101.1,4102.7
1785114000,4114.4,4102.6,4109.5
1785114300,4114.8,4107.7,4108.3
1785114600,4112.2,4108,4109.3
1785114900,4111.2,4104,4104.3
1785115200,4105.3,4101.9,4103.8
1785115500,4103.7,4098.4,4102
1785115800,4105.9,4101.6,4102.5
1785116100,4106.2,4099.8,4105.9
1785116400,4106.5,4103.9,4104.7
1785116700,4109.3,4104.7,4107.7
1785117000,4110.5,4104.7,4109.9
1785117300,4112.3,4107.9,4112.2
1785117600,4113.1,4107.1,4107.2
1785117900,4109.5,4105.8,4106.2
1785118200,4108.2,4105.2,4107.5
1785118500,4107.8,4105.3,4106.2
1785118800,4106.6,4103.6,4105.9
1785119100,4107.6,4104.7,4105
1785119400,4105,4101,4102
1785119700,4103.2,4099.4,4099.9
1785120000,4100.5,4097.4,4098.3
1785120300,4099.8,4096.7,4096.9
1785120600,4098.8,4095.8,4098.3
1785120900,4098.3,4095.3,4095.6
1785121200,4097.8,4092.6,4094.2
1785121500,4095.3,4092.8,4093.2
1785121800,4094.2,4090.8,4093.8
1785122100,4095.5,4093.1,4094.3
1785122400,4094.3,4091.1,4091.8
1785122700,4092.1,4087.2,4087.4
1785123000,4092.4,4087,4092.2
1785123300,4092.7,4089.9,4091.1
1785123600,4092.9,4090.9,4091.5
1785123900,4091.9,4090.3,4091.5
1785124200,4092.7,4091,4091.3
1785124500,4093.3,4091.3,4093
1785124800,4094.9,4092.3,4093.3
1785125100,4093.9,4091.4,4091.8
1785125400,4092.5,4090.6,4092
1785125700,4092.6,4088.8,4090
1785126000,4091.8,4089.4,4090.2
1785126300,4091.2,4089.2,4090.8
1785126600,4093.1,4091.1,4092.8
1785126900,4094.4,4092.2,4092.8
1785127200,4094.4,4092.1,4092.4
1785127500,4093.2,4091.7,4092
1785127800,4092.5,4091,4092.4
1785128100,4093,4091.6,4092.4
1785128400,4094.7,4090.2,4092.7
1785128700,4096.4,4091.9,4095.4
1785129000,4097,4094.5,4096.5
1785129300,4096.4,4093.7,4094.2
1785129600,4094,4090.4,4090.5
1785129900,4090.4,4088.1,4089
1785130200,4092.2,4087.7,4089.4
1785130500,4092.4,4087.5,4090.3
1785130800,4091.7,4088.9,4089.8
1785131100,4090.3,4086.4,4088.2
1785131400,4091.3,4086.8,4091
1785131700,4095.7,4089.6,4094.9
1785132000,4097,4093.9,4095.6
1785132300,4096.8,4093.4,4095.7
1785132600,4098.7,4095.1,4096.8
1785132900,4097.4,4094.1,4095.2
1785133200,4096.3,4093,4096.3
1785133500,4098.6,4095.8,4098.1
1785133800,4098.9,4096.4,4097.7
1785134100,4100.8,4097.4,4100.4
1785134400,4101.2,4098.3,4100.5
1785134700,4101.2,4099.3,4100.1
1785135000,4099.7,4096.6,4098.7
1785135300,4099.5,4097.6,4098
1785135600,4103,4098,4100.9
1785135900,4102.3,4098.2,4100
1785136200,4104.3,4099,4104.1
1785136500,4106.1,4101.7,4106
1785136800,4107.7,4104.8,4106.8
1785137100,4108.2,4105,4105.4
1785137400,4105.6,4103.3,4105
1785137700,4105.8,4100.5,4101.4
1785138000,4101.5,4097.7,4099.2
1785138300,4101,4098.6,4099.6
1785138600,4099.5,4095,4096
1785138900,4096.7,4090.3,4090.7
1785139200,4095,4089.4,4090
1785139500,4094.4,4088.6,4092.1
1785139800,4094,4091.8,4093.3
1785140100,4094.2,4091.4,4093.3
1785140400,4093.4,4090.7,4092.9
1785140700,4094.5,4092.7,4092.9
1785141000,4093.1,4089.4,4089.4
1785141300,4092.6,4089.1,4092.2
1785141600,4094.8,4091.5,4092.9
1785141900,4095.4,4092.7,4094.8
1785142200,4097,4093,4096.8
1785142500,4098.9,4095.8,4097.4
1785142800,4098.4,4096,4098
1785143100,4100.4,4096.8,4096.9
1785143400,4097.9,4095,4095.9
1785143700,4096.7,4094.7,4094.8
1785144000,4097.2,4094,4095.5
1785144300,4097.7,4092.9,4093.5
1785144600,4095.7,4092,4093.9
1785144900,4095.9,4093,4094.2
1785145200,4096.8,4093.2,4096.2
1785145500,4100.8,4095.9,4099.6
1785145800,4101.5,4098.5,4100.2
1785146100,4102.9,4098.5,4098.5
1785146400,4098.9,4096.7,4097.5
1785146700,4097.4,4095.2,4095.9
1785147000,4095.9,4088.3,4092.7
1785147300,4094.3,4091,4093
1785147600,4095.9,4092.7,4094.4
1785147900,4096.1,4094.6,4095
1785148200,4098.4,4095.1,4098.2
1785148500,4101.5,4097.3,4100.5
1785148800,4104.3,4099.8,4102.8
1785149100,4104.8,4101.9,4104.3
1785149400,4104.4,4101.6,4103.5
1785149700,4104.6,4101,4102
1785150000,4103.2,4099.1,4099.6
1785150300,4105.4,4099.1,4105
1785150600,4106.6,4103.8,4104.1
1785150900,4105.5,4102.6,4102.7
1785151200,4103.7,4101.7,4101.9
1785151500,4103.5,4098.4,4098.9
1785151800,4102.1,4098.2,4099.8
1785152100,4101.5,4098.4,4098.9
1785152400,4100.6,4096.6,4097.7
1785152700,4099.3,4095.9,4097.6
1785153000,4099.3,4096.1,4096.5
1785153300,4097.3,4095.3,4096
1785153600,4099.9,4096,4098.4
1785153900,4098.5,4095.8,4096.7
1785154200,4096.3,4088,4089.2
1785154500,4090.9,4083.1,4086.2
1785154800,4087.1,4083.4,4084.9
1785155100,4090.6,4084.9,4088.2
1785155400,4090.4,4084.8,4089.4
1785155700,4089.9,4086.5,4089
1785156000,4089.3,4085.9,4088.4
1785156300,4091.1,4084,4084.4
1785156600,4087.7,4083.4,4084.7
1785156900,4088.4,4082.7,4085.3
1785157200,4090.8,4085.2,4086
1785157500,4088,4083.9,4085.4
1785157800,4089.8,4082.6,4086.7
1785158100,4089,4083.2,4085.5
1785158400,4087.2,4083.1,4085.8
1785158700,4086.9,4077.8,4077.8
1785159000,4084.1,4077.3,4081.8
1785159300,4089.8,4081.6,4087.3
1785159600,4091.4,4085.9,4089
1785159900,4092,4086.7,4089.4
1785160200,4091.1,4085.6,4085.9
1785160500,4086,4071.8,4076.2
1785160800,4081.3,4072.9,4077.3
1785161100,4080,4075,4079.2
1785161400,4079.4,4074.3,4078.8
1785161700,4080.8,4076.8,4078
1785162000,4078.6,4074,4075.6
1785162300,4076,4068.6,4069.9
1785162600,4071.8,4068,4070.2
1785162900,4072.8,4067.8,4070.1
1785163200,4071.5,4067,4070.8
1785163500,4075.4,4070.9,4073.6
1785163800,4076.8,4072.1,4075.3
1785164100,4079.9,4073.8,4078.5
1785164400,4078.6,4074.4,4077.4
1785164700,4077.6,4074.4,4074.7
1785165000,4078.6,4074,4078.1
1785165300,4081.4,4077.7,4080.4
1785165600,4081.7,4077.2,4077.7
1785165900,4079.2,4076.6,4078.9
1785166200,4080.5,4074.8,4075
1785166500,4077.3,4074.8,4075.8
1785166800,4079,4075.3,4078.3
1785167100,4079.1,4076.6,4078.7
1785167400,4082.3,4078.5,4080
1785167700,4082,4079.7,4080.4
1785168000,4081.9,4079.8,4081.4
1785168300,4086.8,4080,4086.7
1785168600,4086.4,4082.6,4083.2
1785168900,4083.9,4081.7,4082.6
1785169200,4085.2,4082.3,4082.7
1785169500,4090.8,4082.7,4087.1
1785169800,4095,4087,4093.8
1785170100,4095.8,4091.9,4092
1785170400,4092.9,4088.9,4090
1785170700,4090.3,4085.7,4085.7
1785171000,4085.9,4082.7,4083.6
1785171300,4084.2,4082.5,4084.1
1785171600,4084.1,4076.9,4077.7
1785171900,4079,4074.9,4076.6
1785172200,4077.8,4072.2,4075.4
1785172500,4077.3,4074,4075.8
1785172800,4078.1,4075,4075.6
1785173100,4078.7,4075.3,4076.5
1785173400,4077.9,4075.2,4075.6
1785173700,4076.4,4073.8,4074.6
1785174000,4076.3,4074.4,4076.3
1785174300,4077.3,4074.8,4076.6
1785174600,4079,4076.5,4077.7
1785174900,4078.6,4077.6,4078.5
1785175200,4081,4077.7,4079.2
1785175500,4080.7,4079,4080.3
1785175800,4080.4,4077.9,4078.4
1785176100,4078.5,4075.8,4076.8
1785176400,4078.7,4076,4078.2
1785176700,4078.8,4077.4,4078.7
1785177000,4079.1,4076.4,4076.7
1785177300,4076.8,4074.7,4075
1785177600,4082,4074.6,4077.9
1785177900,4078.5,4076.6,4076.8
1785178200,4080.6,4076.3,4079.6
1785178500,4081.2,4079.1,4079.6
1785178800,4080.7,4078.6,4078.7
1785179100,4081.9,4077.8,4081.7
1785179400,4083.7,4081.7,4082.4
1785179700,4086.7,4081.3,4086.5
1785180000,4090.9,4086.3,4087
1785180300,4088,4085.5,4087.9
1785180600,4088.6,4086.1,4087.4
1785180900,4089,4087.1,4088.6
1785181200,4089.8,4087.1,4088.6
1785181500,4091.6,4088.3,4091.4
1785181800,4091.8,4088.1,4089.4
1785182100,4089.3,4084.5,4085.4
1785182400,4086.3,4084,4084.2
1785182700,4084.8,4083.7,4084.3
1785183000,4084.9,4083.9,4084.5
1785183300,4084.6,4082.7,4083
1785183600,4083,4080.8,4082.2
1785183900,4083.2,4079.8,4080.8
1785184200,4081.4,4079.1,4079.4
1785184500,4080.5,4077.8,4078.8
1785184800,4079.9,4078.6,4079.3
1785185100,4079.6,4078.1,4078.9
1785185400,4079.4,4077.4,4079
1785185700,4079.8,4078.3,4078.9
1785189600,4086,4079.9,4082.3
1785189900,4083.5,4080.4,4080.6
1785190200,4080.9,4076.4,4078.8
1785190500,4078.9,4077.2,4078.1
1785190800,4078.1,4073.2,4073.9
1785191100,4074.8,4072,4073.7
1785191400,4075.7,4073.6,4075.6
1785191700,4076.3,4074.9,4075.7
1785192000,4076.3,4075.1,4076.3
1785192300,4076.2,4074.7,4075.6
1785192600,4076,4074.9,4075.3
1785192900,4076.1,4075,4075.3
1785193200,4075.4,4072.7,4074.1
1785193500,4076.2,4074.3,4075.4
1785193800,4076.6,4074.5,4075.5
1785194100,4076.1,4074.3,4074.3
1785194400,4075.2,4074,4074.6
1785194700,4075,4072.9,4074.6
1785195000,4074.9,4073.6,4074.8
1785195300,4074.8,4073.5,4074.5
1785195600,4074.6,4072.8,4073.3
1785195900,4073.8,4071,4071.3
1785196200,4074.2,4070.9,4073.2
1785196500,4074.8,4072.6,4074.6
1785196800,4075.6,4064.6,4066.8
1785197100,4068,4062.8,4068
1785197400,4068.5,4065.8,4068
1785197700,4068.3,4063,4065.9
1785198000,4067.2,4060.7,4061.5
1785198300,4064.6,4059.9,4063.2
1785198600,4065.7,4061.2,4065
1785198900,4065.7,4063.9,4063.9
1785199200,4066.8,4062.7,4065.9
1785199500,4066.2,4059.6,4060.3
1785199800,4060.8,4058.3,4060.3
1785200100,4062.4,4058.1,4058.5
1785200400,4061.2,4054.2,4059.9
1785200700,4060.2,4055,4056.7
1785201000,4059.2,4055.3,4058.5
1785201300,4059.8,4053.7,4054.1
1785201600,4055.1,4049.6,4050.5
1785201900,4050.7,4046.7,4047.8
1785202200,4050.7,4044,4046.6
1785202500,4051.2,4046.8,4049.9
1785202800,4050.3,4047.5,4049.6
1785203100,4049.4,4045.7,4047.3
1785203400,4047.9,4043,4045.6
1785203700,4045.9,4044.2,4045.6
1785204000,4046.5,4042.9,4043.9
1785204300,4047.6,4042.8,4046.6
1785204600,4048.2,4046.1,4047
1785204900,4048.7,4045.8,4048.5
1785205200,4049.8,4047.1,4047.8
1785205500,4048.7,4045.5,4046.4
1785205800,4048.2,4045.4,4046.8
1785206100,4047.6,4044.6,4045.3
1785206400,4045.9,4041.4,4044.7
1785206700,4045.7,4043,4044
1785207000,4046,4043.3,4044.1
1785207300,4044.5,4041,4042.1
1785207600,4044.3,4040.5,4044.2
1785207900,4046.7,4043.3,4046
1785208200,4047.8,4045.6,4046.5
1785208500,4049.8,4045.7,4049.5
1785208800,4050.1,4047.4,4049
1785209100,4049.4,4046.9,4047.8
1785209400,4051.9,4047.6,4050.4
1785209700,4050.6,4048.7,4049
1785210000,4049.9,4047.7,4048.5
1785210300,4051.1,4048.4,4049.7
1785210600,4050.9,4048.6,4049.9
1785210900,4050.1,4048.2,4049.4
1785211200,4049.8,4048,4048
1785211500,4048.2,4045.4,4046.2
1785211800,4047,4043.3,4044.1
1785212100,4047.8,4043.5,4047.8
1785212400,4048.2,4046.8,4047
1785212700,4047.5,4045.6,4045.7
1785213000,4046.9,4044,4046.8
1785213300,4047.3,4045.6,4045.6
1785213600,4048.1,4045.2,4047.6
1785213900,4048.1,4042.8,4043.5
1785214200,4044.6,4043,4043.9
1785214500,4044.4,4041.1,4042
1785214800,4042.4,4039.3,4041.3
1785215100,4042.8,4040.1,4041.3
1785215400,4043.9,4041.2,4042.3
1785215700,4043.3,4042.1,4042.7
1785216000,4043.7,4041.7,4042.3
1785216300,4043.2,4040.5,4043.1
1785216600,4045.7,4037,4037.6
1785216900,4038.1,4035,4037.3
1785217200,4042.1,4036.8,4041.7
1785217500,4043.9,4039.4,4041.7
1785217800,4044.7,4041.1,4044.3
1785218100,4046.8,4043.9,4045.5
1785218400,4048,4044.8,4046.2
1785218700,4046.9,4044.2,4044.9
1785219000,4046.4,4043.1,4044.3
1785219300,4047.4,4044.3,4045.7
1785219600,4048.2,4043.9,4045.5
1785219900,4049.5,4045.2,4048
1785220200,4050.1,4047.2,4049.9
1785220500,4050.7,4048.5,4050.3
1785220800,4053,4050,4050.1
1785221100,4050.4,4048.1,4050.2
1785221400,4051.8,4049.3,4051.4
1785221700,4051.8,4048.4,4048.7
1785222000,4050.8,4047.7,4048.7
1785222300,4050.8,4047.7,4050.3
1785222600,4051.6,4049,4049
1785222900,4052.6,4048.9,4051.3
1785223200,4052.9,4049.8,4050.7
1785223500,4052.5,4049.5,4050.5
1785223800,4051,4049,4049
1785224100,4051.2,4048.4,4050.9
1785224400,4051.2,4049,4049.7
1785224700,4050,4046.7,4048.3
1785225000,4050,4047.4,4049.1
1785225300,4049.4,4046.1,4047.4
1785225600,4053.6,4046.1,4051.5
1785225900,4055.7,4048.4,4049
1785226200,4049.2,4043.2,4044.2
1785226500,4050.7,4044.4,4048.5
1785226800,4051.6,4047.9,4051.1
1785227100,4051.3,4048.9,4050
1785227400,4050.1,4044.6,4045.8
1785227700,4046.7,4041.8,4042.9
1785228000,4045.3,4041.7,4043.3
1785228300,4046.6,4043.3,4046.1
1785228600,4046.1,4041.7,4042.5
1785228900,4046.1,4042.1,4045.8
1785229200,4046.3,4043.2,4043.4
1785229500,4043.5,4041,4043
1785229800,4043.4,4040.6,4041
1785230100,4043.8,4041.1,4043.4
1785230400,4044.1,4042.5,4042.7
1785230700,4042.9,4039.2,4040.1
1785231000,4040.4,4035.9,4037.8
1785231300,4038.3,4029.2,4032.1
1785231600,4034.2,4031.5,4033.1
1785231900,4034.3,4029.3,4031.1
1785232200,4032,4028.2,4030.1
1785232500,4030,4017.2,4023.4
1785232800,4025.3,4021.4,4024.5
1785233100,4027.1,4021.5,4022
1785233400,4024.2,4020.3,4024.1
1785233700,4025.7,4021.5,4021.8
1785234000,4022.8,4016.9,4018.7
1785234300,4020,4016.5,4017.2
1785234600,4023.2,4016.6,4022.2
1785234900,4022.6,4019.2,4021.4
1785235200,4022.2,4019.9,4021.8
1785235500,4025.8,4021.6,4023.4
1785235800,4027.9,4023,4027.6
1785236100,4028.2,4025.2,4025.9
1785236400,4028.5,4024.5,4025.9
1785236700,4028.2,4024.5,4027.1
1785237000,4027.5,4022.5,4023.3
1785237300,4031.9,4023.4,4030.1
1785237600,4030.5,4028.1,4028.1
1785237900,4028.9,4025.9,4027.1
1785238200,4028.4,4025.9,4026.7
1785238500,4031.1,4026.7,4028.9
1785238800,4029.1,4025.9,4026.6
1785239100,4027.6,4025.1,4026.2
1785239400,4026.4,4023.2,4023.6
1785239700,4028,4023.6,4027.6
1785240000,4028.2,4023.1,4025.8
1785240300,4028.1,4024.7,4025.7
1785240600,4027.6,4022,4027.5
1785240900,4030.4,4025.6,4030
1785241200,4034,4029.2,4033.6
1785241500,4034.5,4030.6,4034
1785241800,4034.5,4024.7,4028.1
1785242100,4030.1,4025.8,4028
1785242400,4034.6,4027.9,4033.2
1785242700,4037.8,4033.2,4034.3
1785243000,4034.6,4031.2,4031.8
1785243300,4032.7,4027.9,4029.3
1785243600,4034.3,4029.1,4032.7
1785243900,4035.8,4030.8,4032.7
1785244200,4033.8,4031.6,4032.7
1785244500,4032.9,4029.2,4030.3
1785244800,4036,4030.4,4034.3
1785245100,4036.4,4028.3,4028.8
1785245400,4032.7,4027.1,4031.1
1785245700,4032.6,4021.3,4021.8
1785246000,4025.1,4019.4,4024.8
1785246300,4026.6,4021.7,4024.4
1785246600,4028.7,4024,4027.1
1785246900,4027.1,4021.1,4021.4
1785247200,4027.3,4020.7,4026.2
1785247500,4031.4,4025.7,4029.8
1785247800,4034,4025,4025.7
1785248100,4027,4019.9,4019.9
1785248400,4020.9,4011.1,4016.5
1785248700,4022.8,4016.1,4022.2
1785249000,4025.3,4019.8,4020.1
1785249300,4023.6,4019,4020.1
1785249600,4023.7,4018.4,4022.5
1785249900,4028.6,4020.8,4027.9
1785250200,4029.3,4025.5,4027.4
1785250500,4028,4023.8,4024.1
1785250800,4030,4023.3,4024.6
1785251100,4027.7,4022,4027.5
1785251400,4037.1,4027.5,4033.7
1785251700,4036.6,4031.9,4035.8
1785252000,4041.6,4035.4,4035.9
1785252300,4040.4,4035.1,4035.6
1785252600,4036.7,4032.3,4033.3
1785252900,4038.8,4032.8,4037.2
1785253200,4042.4,4037,4041.8
1785253500,4045.4,4041.3,4043.6
1785253800,4047.4,4041.9,4046.3
1785254100,4047.3,4044.7,4046.6
1785254400,4046.8,4042.5,4042.8
1785254700,4045.3,4042.6,4043.6
1785255000,4046.3,4042.3,4044.9
1785255300,4045.7,4043.6,4045.6
1785255600,4046.2,4043.2,4044
1785255900,4045,4042.1,4042.3
1785256200,4044.1,4041.1,4043
1785256500,4044,4041.5,4042.1
1785256800,4043.6,4040.3,4040.9
1785257100,4041.4,4037.8,4037.9
1785257400,4038.8,4037.2,4038.5
1785257700,4038.5,4036.8,4037.8
1785258000,4040.6,4037.6,4040.1
1785258300,4041.4,4038.3,4038.9
1785258600,4039.1,4035.8,4037.2
1785258900,4037.2,4035.4,4035.7
1785259200,4042,4035.4,4036.6
1785259500,4040.1,4036.2,4037.8
1785259800,4038.5,4034.5,4035.2
1785260100,4035.2,4030.9,4031.6
1785260400,4031.5,4027.7,4028.3
1785260700,4029.8,4025.7,4029.6
1785261000,4029.5,4025.7,4026.6
1785261300,4028.5,4025.9,4028.1
1785261600,4029.7,4027.4,4029.7
1785261900,4030.8,4029,4029.9
1785262200,4030,4027.5,4028.4
1785262500,4030.1,4028,4028.8
1785262800,4029.2,4026.6,4026.8
1785263100,4027.9,4025.9,4027.4
1785263400,4027.6,4023.9,4024.3
1785263700,4024.8,4023,4023.7
1785264000,4024.9,4023.1,4023.9
1785264300,4025.9,4023.1,4023.7
1785264600,4024.4,4022.2,4022.8
1785264900,4023.3,4021.5,4023
1785265200,4024.8,4022.3,4024.4
1785265500,4025.7,4023.6,4024.5
1785265800,4024.6,4023.1,4023.7
1785266100,4025,4023.5,4023.5
1785266400,4023.9,4022.4,4022.8
1785266700,4023.4,4021.3,4022.9
1785267000,4027.8,4022.2,4027.2
1785267300,4027.3,4024,4024.4
1785267600,4025.8,4024.4,4025.8
1785267900,4027.2,4025.4,4026.2
1785268200,4027.5,4025.1,4026.8
1785268500,4027.5,4025.4,4025.8
1785268800,4026.2,4022.7,4022.7
1785269100,4024.1,4022,4022.7
1785269400,4024.5,4022.2,4023.4
1785269700,4026.4,4023.4,4026.2
1785270000,4026.4,4025.1,4025.8
1785270300,4027.5,4025.4,4027
1785270600,4028.5,4027,4028
1785270900,4029.6,4026.8,4027.3
1785271200,4029.9,4027.9,4029.8
1785271500,4030.7,4027.2,4027.2
1785271800,4028.5,4026.5,4028.5
1785272100,4029.1,4028,4028.6
1785276000,4033.8,4021.4,4026.4
1785276300,4027,4025.4,4026.7
1785276600,4027.7,4023.9,4024.2
1785276900,4024.5,4021.8,4022
1785277200,4023,4016.2,4017.3
1785277500,4021.4,4016.7,4020.6
1785277800,4020.7,4012.6,4016.5
1785278100,4016.7,4013.4,4014.5
1785278400,4018.3,4015.3,4017.4
1785278700,4017.5,4014.3,4016.3
1785279000,4018.5,4015.4,4017.1
1785279300,4019.2,4017.1,4017.5
1785279600,4018.1,4015.5,4016.2
1785279900,4020.1,4015.2,4017.3
1785280200,4022.6,4017.1,4021.2
1785280500,4021.4,4014.7,4015.5
1785280800,4018.9,4015.7,4018.2
1785281100,4018.8,4014.2,4017.8
1785281400,4019.3,4016.5,4017.8
1785281700,4019.8,4017.7,4018.2
1785282000,4023.5,4017.4,4022.5
1785282300,4022.5,4018.8,4021.9
1785282600,4024.5,4020.6,4023
1785282900,4026,4022.5,4024.3
1785283200,4025.7,4017.1,4021.6
1785283500,4024.5,4017.9,4018.4
1785283800,4021.9,4018.5,4020.4
1785284100,4026.7,4021.5,4025
1785284400,4030.3,4023,4024.1
1785284700,4026.6,4021.5,4022.4
1785285000,4024.8,4020.5,4024.1
1785285300,4027.6,4023,4024.1
1785285600,4025.7,4024,4025.7
1785285900,4026,4020.5,4020.8
1785286200,4023.8,4020.9,4023.7
1785286500,4023.2,4019.8,4021.1
1785286800,4021.5,4009.2,4011.2
1785287100,4015.2,4009.7,4014
1785287400,4016.9,4010.7,4012.5
1785287700,4016,4010.9,4015.6
1785288000,4017,4013,4014.5
1785288300,4019.7,4013.3,4017.9
1785288600,4024,4013.9,4022.7
1785288900,4029.7,4021.6,4028.6
1785289200,4029.4,4024.6,4026.7
1785289500,4027.3,4023,4023.1
1785289800,4024.8,4020.7,4021.7
1785290100,4025.1,4021.8,4024.9
1785290400,4028.9,4024.5,4026.1
1785290700,4027.1,4021.9,4024.8
1785291000,4027.4,4023.9,4027.3
1785291300,4029.3,4024.9,4026.3
1785291600,4036.4,4025.4,4032.4
1785291900,4034.7,4030.1,4032.4
1785292200,4035.5,4029.9,4030.4
1785292500,4034.2,4030.3,4034.2
1785292800,4036.9,4033,4034.1
1785293100,4034.3,4031,4032
1785293400,4032.2,4027.5,4028.9
1785293700,4031,4028,4028.5
1785294000,4030,4026.5,4027.4
1785294300,4032,4027,4028.8
1785294600,4029.8,4026,4026.7
1785294900,4027.8,4024.9,4027
1785295200,4027.2,4024.5,4025.1
1785295500,4026.7,4023.9,4025.2
1785295800,4025.2,4022.8,4025.1
1785296100,4028.1,4024.8,4025.7
1785296400,4025.6,4023.4,4024.3
1785296700,4025.6,4024,4024.4
1785297000,4024.5,4022.4,4022.6
1785297300,4022.7,4021.4,4022
1785297600,4023.2,4020,4020.2
1785297900,4021.4,4019.6,4021.4
1785298200,4021.4,4019.3,4020.3
1785298500,4020.6,4018.6,4020.3
1785298800,4022.6,4020,4022.5
1785299100,4024,4021.3,4021.8
1785299400,4025.3,4021.8,4025
1785299700,4024.8,4023,4023.3
1785300000,4026.2,4023.3,4025.7
1785300300,4026,4021.9,4022.4
1785300600,4025.2,4023,4025
1785300900,4026.2,4024.3,4025.5
1785301200,4028,4025.1,4027
1785301500,4027.4,4025.4,4025.6
1785301800,4030.3,4024.9,4028.7
1785302100,4028.2,4025.4,4025.8
1785302400,4029.2,4025.1,4028.7
1785302700,4029.4,4027.8,4028.3
1785303000,4033,4027.8,4030.1
1785303300,4031.5,4028.2,4030.9
1785303600,4037.8,4029.7,4037.1
1785303900,4038.6,4031.7,4032.2
1785304200,4034.2,4031.6,4032.9
1785304500,4032.9,4029.8,4031.2
1785304800,4035.7,4031.3,4035.6
1785305100,4035.7,4032.9,4033.7
1785305400,4036.5,4032.8,4035.8
1785305700,4038.3,4035.8,4036.4
1785306000,4041.4,4034.2,4039
1785306300,4039.9,4038.5,4039.4
1785306600,4042.1,4039.7,4041.4
1785306900,4043.9,4040.3,4041.7
1785307200,4042.3,4039.7,4041.3
1785307500,4041.4,4038.2,4038.7
1785307800,4040.9,4038.5,4039.4
1785308100,4041.3,4038.5,4039.8
1785308400,4043,4039.7,4041
1785308700,4043.7,4040.7,4043.4
1785309000,4045.3,4043.2,4043.9
1785309300,4044.6,4042.5,4043.7
1785309600,4047,4044,4046
1785309900,4046,4043.3,4045
1785310200,4045.9,4043.7,4044.8
1785310500,4046.8,4044.7,4044.7
1785310800,4046.7,4044.9,4045.3
1785311100,4046.1,4043.4,4043.9
1785311400,4043.7,4041.2,4042.7
1785311700,4043.3,4041.4,4042.5
1785312000,4043.6,4041.6,4042.8
1785312300,4042.8,4039.6,4039.8
1785312600,4041.3,4038.4,4038.6
1785312900,4041.4,4039.4,4039.6
1785313200,4039.5,4036.4,4037
1785313500,4037.1,4034.8,4036.5
1785313800,4037,4034.9,4035.2
1785314100,4038,4034.9,4036.7
1785314400,4038.2,4036.5,4037.1
1785314700,4039,4036.3,4036.6
1785315000,4039.3,4036.3,4038.5
1785315300,4038.7,4035.9,4036.9
1785315600,4037.1,4035.4,4036.6
1785315900,4037.2,4034.9,4036.9
1785316200,4037,4034.9,4035.4
1785316500,4036.9,4035.6,4036.2
1785316800,4036.2,4032.7,4033.7
1785317100,4034,4032.5,4032.7
1785317400,4034,4030.5,4033
1785317700,4034.2,4031.8,4031.9
1785318000,4034.1,4031.7,4033.2
1785318300,4035.2,4033.4,4035.2
1785318600,4036,4034.1,4034.4
1785318900,4034.3,4031,4032.1
1785319200,4033.2,4031.4,4031.6
1785319500,4033,4030,4030.8
1785319800,4032.3,4030.1,4030.9
1785320100,4031.7,4029.3,4031.7
1785320400,4031.6,4030.4,4031
1785320700,4032.6,4029.5,4032.3
1785321000,4033.8,4031.5,4031.5
1785321300,4031.7,4028.1,4028.2
1785321600,4029.1,4025.8,4027.1
1785321900,4027.6,4025.9,4027.3
1785322200,4028.3,4025.2,4026.4
1785322500,4026.8,4025.1,4026.6
1785322800,4029.1,4026.3,4027.2
1785323100,4027.7,4024.1,4025.2
1785323400,4029.3,4026,4029.3
1785323700,4032.4,4027.9,4032
1785324000,4032.6,4031,4031.9
1785324300,4033.3,4031.2,4032.3
1785324600,4032.2,4030.4,4031.6
1785324900,4031.8,4029.5,4030.6
1785325200,4031.6,4029.7,4030.8
1785325500,4035.5,4029.6,4035
1785325800,4033.9,4031,4031.4
1785326100,4031.9,4030.2,4031.7
1785326400,4032.6,4029.1,4030.1
1785326700,4030.5,4027.8,4028.9
1785327000,4030.1,4025,4026.4
1785327300,4026.6,4017.4,4017.4
1785327600,4019,4012.6,4014.1
1785327900,4016.3,4010.8,4012
1785328200,4017.2,4007.3,4016.7
1785328500,4020.9,4015.5,4019.7
1785328800,4020.5,4015.8,4019.2
1785329100,4022,4017.9,4018.8
1785329400,4020.8,4017.2,4020.3
1785329700,4022.4,4019.7,4020.9
1785330000,4025.1,4017,4017.1
1785330300,4017.7,4014,4014.4
1785330600,4017.6,4013.3,4014.1
1785330900,4017.4,4012.5,4015.6
1785331200,4022.1,4014.2,4018.6
1785331500,4021.6,4011.5,4012.4
1785331800,4015.3,4008.1,4015.2
1785332100,4015.8,4011.9,4014.4
1785332400,4014,4009.8,4010.9
1785332700,4014.1,4008.5,4012.6
1785333000,4012.7,4004.1,4006.6
1785333300,4006.6,4000,4004.9
1785333600,4006.5,3999.2,4004.1
1785333900,4005,3996.8,3998
1785334200,3999.4,3993.4,3996.9
1785334500,4007.4,3996.9,4005.1
1785334800,4008.2,4004,4007.4
1785335100,4007.2,4001.3,4003
1785335400,4007.5,4001.7,4006
1785335700,4006.3,4001.2,4001.8
1785336000,4004.6,3996.7,3998.9
1785336300,4000.7,3996,3999.3
1785336600,4003.9,3998,4003.4
1785336900,4003.8,4000,4003.4
1785337200,4007,4001.2,4006.3
1785337500,4008.2,4004.2,4008
1785337800,4008,4003.8,4005.1
1785338100,4006.6,4003.1,4003.3
1785338400,4009.8,4001.8,4008.6
1785338700,4009.6,4006,4008.7
1785339000,4011.6,4007.5,4007.9
1785339300,4010.4,4005.9,4007
1785339600,4008.3,4004.9,4007.8
1785339900,4011.1,4006.9,4011
1785340200,4012.2,4008.6,4009.2
1785340500,4009.2,4006.2,4007.7
1785340800,4010,4005.5,4007.2
1785341100,4013.7,4006.8,4012.5
1785341400,4013.5,4007.3,4008
1785341700,4009.5,4005.6,4009.3
1785342000,4015.5,4009,4012.8
1785342300,4015.3,4012.9,4014.5
1785342600,4016.7,4012.6,4015
1785342900,4015.8,4013,4014.7
1785343200,4015.4,4013.3,4013.7
1785343500,4015.4,4012.8,4015.3
1785343800,4023.6,4015.1,4023.4
1785344100,4030.8,4022.8,4025.3
1785344400,4035.7,4025,4034.8
1785344700,4038.8,4032.7,4036
1785345000,4048.4,4035.1,4039.7
1785345300,4045.5,4038.3,4042.7
1785345600,4048.5,4042.1,4045
1785345900,4045.9,4034.6,4036.8
1785346200,4039.7,4035.6,4036.5
1785346500,4039.4,4033.6,4039.1
1785346800,4044.8,4038.5,4042.9
1785347100,4045.7,4042.2,4044.8
1785347400,4044.8,4041.5,4041.9
1785347700,4042.1,4038.2,4041.1
1785348000,4095.1,4037.5,4066
1785348300,4082.1,4065.5,4075.3
1785348600,4085.4,4071,4079.5
1785348900,4082.7,4069.6,4069.6
1785349200,4071.5,4064.4,4064.8
1785349500,4066.4,4061.5,4065.3
1785349800,4071.2,4050.3,4058
1785350100,4070.9,4052.3,4069.2
1785350400,4085.3,4068,4082.3
1785350700,4099.9,4080.4,4097.4
1785351000,4109,4091.6,4104.4
1785351300,4108.2,4099.8,4105.3
1785351600,4115.4,4100.4,4102.1
1785351900,4103.8,4092.1,4095.3
1785352200,4101,4088.4,4097.5
1785352500,4103.6,4096.1,4097.4
1785352800,4098.2,4083.3,4085.6
1785353100,4086,4078.8,4082.1
1785353400,4086.8,4065,4072.2
1785353700,4074,4064.1,4067.3
1785354000,4071.2,4064,4067.6
1785354300,4070.6,4063.8,4070.4
1785354600,4069.2,4060.3,4060.7
1785354900,4060.4,4043.2,4044
1785355200,4052,4042.6,4050.2
1785355500,4052.2,4048.5,4051.3
1785355800,4054.4,4047.4,4051
1785356100,4049.6,4046.8,4046.8
1785356400,4048.6,4043.5,4047.2
1785356700,4055.3,4046.8,4055.3
1785357000,4057.6,4052.4,4056.4
1785357300,4060.5,4056.5,4060.4
1785357600,4067,4061.2,4067
1785357900,4068.4,4064.3,4065.6
1785358200,4064,4062.1,4063.1
1785358500,4066,4063.1,4065.9
1785362400,4133.6,4120.9,4131.6
1785362700,4132.1,4122.1,4127.5
1785363000,4135.5,4127.5,4134.4
1785363300,4135.7,4131.5,4132.5
1785363600,4133.1,4130.6,4132.8
1785363900,4133,4130.1,4132.6
1785364200,4133.8,4130.5,4133.4
1785364500,4136.7,4133.2,4133.4
1785364800,4139.6,4133.2,4139.3
1785365100,4143.2,4137.4,4142.7
1785365400,4143.7,4141.3,4142.8
1785365700,4148.4,4142.7,4146.3
1785366000,4153.4,4146.2,4152.9
1785366300,4158.2,4152,4153.8
1785366600,4154.7,4147.9,4149
1785366900,4152.2,4148,4151.1
1785367200,4152.9,4149.6,4149.9
1785367500,4152.6,4148.6,4151
1785367800,4151.9,4148.5,4150.6
1785368100,4153.3,4149.9,4150.1
1785368400,4150.1,4147.1,4148
1785368700,4151.2,4146.5,4149
1785369000,4150.6,4144.3,4145
1785369300,4146.3,4142,4142.2
1785369600,4144.3,4137,4138.5
1785369900,4143.4,4138,4140.3
1785370200,4140.8,4136.4,4139
1785370500,4141.1,4134.8,4135
1785370800,4138.4,4132.8,4138.4
1785371100,4138.4,4130.2,4132.9
1785371400,4134.8,4128.9,4129.5
1785371700,4130.9,4125.7,4127.1
1785372000,4128.7,4122.2,4123.7
1785372300,4125.9,4122.2,4124.3
1785372600,4125.6,4122.6,4125.3
1785372900,4130.8,4124.3,4129.8
1785373200,4147.8,4127.8,4147.1
1785373500,4151,4144.3,4144.3
1785373800,4145.8,4132.9,4133.5
1785374100,4136.4,4131.2,4133.4
1785374400,4139.4,4131.7,4138.6
1785374700,4142.5,4138.2,4139
1785375000,4144.2,4138.5,4143.6
1785375300,4145.9,4142,4144.9
1785375600,4147.5,4143.9,4144.3
1785375900,4147.6,4141.3,4146.2
1785376200,4147.9,4144.4,4146.1
1785376500,4148.9,4141.7,4142.3
1785376800,4148.2,4142.1,4147.1
1785377100,4147.9,4144.9,4145.6
1785377400,4145.9,4140,4140.1
1785377700,4140.5,4137.5,4139.9
1785378000,4141.3,4138.2,4140.5
1785378300,4141.3,4137.9,4140.4
1785378600,4140.4,4132.9,4134
1785378900,4136.2,4132.1,4134.4
1785379200,4136.7,4130.9,4134.7
1785379500,4134.7,4131.3,4132.5
1785379800,4132.6,4127.8,4128.8
1785380100,4129.3,4119,4121.3
1785380400,4127.4,4119.5,4126.6
1785380700,4127.5,4121.5,4121.9
1785381000,4122.9,4117.8,4120.2
1785381300,4121.5,4113.5,4115.2
1785381600,4115.8,4112.4,4114
1785381900,4114.7,4109.3,4111
1785382200,4112.4,4108.5,4110.4
1785382500,4113.2,4107.6,4108.4
1785382800,4110.9,4108.2,4109.1
1785383100,4115.5,4109.2,4115
1785383400,4116.8,4114.4,4115.4
1785383700,4117,4113.6,4115.7
1785384000,4117,4112.4,4113.6
1785384300,4113.9,4111.2,4112.9
1785384600,4113.6,4109.1,4110.1
1785384900,4111.6,4108.6,4108.9
1785385200,4110.5,4107.4,4108.9
1785385500,4111.9,4109,4110.7
1785385800,4110.6,4108.1,4108.1
1785386100,4108.9,4105.5,4106.1
1785386400,4107,4104,4105.4
1785386700,4108.5,4102.5,4103.5
1785387000,4105.1,4102.3,4104.1
1785387300,4104.3,4100.6,4102.5
1785387600,4102.5,4098,4101.5
1785387900,4101.9,4098.4,4101.6
1785388200,4102.4,4100.1,4102.4
1785388500,4102.8,4093.3,4098
1785388800,4101.1,4097.7,4100.5
1785389100,4103.9,4099.2,4103.5
1785389400,4108,4101.9,4104.7
1785389700,4104.9,4084.6,4088.3
1785390000,4093.9,4086.8,4090.4
1785390300,4095.5,4087.6,4089
1785390600,4092.4,4087.5,4090.1
1785390900,4093.1,4087.1,4090.2
1785391200,4095.4,4090.7,4095.4
1785391500,4096.7,4092.2,4092.4
1785391800,4094.1,4088,4089.3
1785392100,4091.1,4087.7,4090.7
1785392400,4096.3,4090,4094.2
1785392700,4094.7,4086.4,4090.6
1785393000,4093.8,4088.3,4092.8
1785393300,4094.4,4091.3,4094.1
1785393600,4095.5,4091.5,4093.2
1785393900,4095.2,4091.5,4093.7
1785394200,4098,4093.2,4096
1785394500,4096.2,4092.3,4093.8
1785394800,4105.4,4092.8,4102.1
1785395100,4103.1,4100,4103.1
1785395400,4105,4101.2,4103.9
1785395700,4108.6,4103.7,4106.9
1785396000,4107.6,4101.8,4105.4
1785396300,4105.5,4100.4,4103
1785396600,4103.5,4097.4,4098.2
1785396900,4099.2,4093,4097.3
1785397200,4104.9,4097.5,4103.1
1785397500,4103.9,4098.8,4099.1
1785397800,4102.9,4097.6,4098.1
1785398100,4098.3,4095.3,4096.1
1785398400,4103.2,4093.8,4102.9
1785398700,4111.3,4102.3,4107.7
1785399000,4113.7,4107,4110.8
1785399300,4114.6,4109.8,4114.4
1785399600,4121.9,4113.2,4117.8
1785399900,4126.3,4117.6,4122.4
1785400200,4131.3,4121.2,4125.9
1785400500,4129.6,4122.3,4122.5
1785400800,4124.4,4120.7,4123.8
1785401100,4128.8,4121.3,4121.7
1785401400,4122.3,4117.3,4118
1785401700,4120,4117.3,4119.3
1785402000,4125.3,4117.9,4124.4
1785402300,4127.1,4123.6,4125.2
1785402600,4127.1,4122.5,4123.9
1785402900,4125.7,4122.4,4124.7
1785403200,4130.2,4124.5,4128.1
1785403500,4130.4,4125.2,4125.7
1785403800,4126.3,4118.8,4124.4
1785404100,4127.8,4123.3,4124
1785404400,4124.5,4122.6,4123.8
1785404700,4128,4122.2,4127.7
1785405000,4131.7,4125.2,4125.4
1785405300,4125.7,4120.6,4121.4
1785405600,4126.5,4121,4123.6
1785405900,4130.8,4123,4129.6
1785406200,4133.3,4122.7,4127.2
1785406500,4136,4125.8,4134.1
1785406800,4136.1,4132.8,4134.6
1785407100,4136.5,4134,4135.1
1785407400,4138,4133.7,4136
1785407700,4140,4135.2,4135.5
1785408000,4141.3,4135.3,4139.4
1785408300,4142,4138,4138.1
1785408600,4140.3,4136.1,4137.3
1785408900,4138.2,4135.5,4136.3
1785409200,4139.5,4136,4137.5
1785409500,4141.3,4137.2,4140.1
1785409800,4141.7,4136.7,4138
1785410100,4140.3,4136.3,4136.4
1785410400,4140,4135,4139.9
1785410700,4140.1,4134.9,4136.5
1785411000,4137.3,4134.5,4135.3
1785411300,4137.7,4135,4135.7
1785411600,4138.1,4135.1,4135.8
1785411900,4136.2,4133.6,4134.8
1785412200,4139.1,4134.5,4138.5
1785412500,4138.7,4134.7,4135.7
1785412800,4137.7,4132.7,4136.7
1785413100,4141,4136.6,4140.1
1785413400,4140.3,4133,4137.4
1785413700,4137.2,4131,4132.9
1785414000,4134.9,4129.7,4134.6
1785414300,4139.8,4134.7,4136
1785414600,4145.4,4129.6,4131.9
1785414900,4136.7,4130.2,4136.2
1785415200,4140.3,4132.1,4135.8
1785415500,4138,4131.3,4133.6
1785415800,4135.4,4125.4,4128.3
1785416100,4132.4,4126.9,4127.1
1785416400,4132.3,4123.4,4126.4
1785416700,4135.2,4124.7,4131.9
1785417000,4135.4,4128.3,4135.4
1785417300,4135.9,4131.2,4131.7
1785417600,4142.4,4130.4,4140.6
1785417900,4141.3,4132.5,4138.5
1785418200,4140.5,4133.8,4134.2
1785418500,4157.7,4133.1,4149.9
1785418800,4155.3,4143.5,4147.8
1785419100,4160.5,4144.3,4154.2
1785419400,4162.3,4152.3,4161.3
1785419700,4172.6,4160.1,4171.9
1785420000,4180.2,4165.8,4167
1785420300,4169.2,4153.3,4158.6
1785420600,4162,4155.7,4157.8
1785420900,4159.7,4149.5,4149.9
1785421200,4157.6,4145.9,4148.8
1785421500,4155.3,4145.9,4155.1
1785421800,4162,4153.7,4159.3
1785422100,4165.4,4159.4,4165.4
1785422400,4170.7,4163.3,4170.2
1785422700,4172.7,4161,4163.8
1785423000,4164.1,4157.9,4159.1
1785423300,4160.2,4155.6,4159.1
1785423600,4159.5,4155.4,4156.6
1785423900,4157.8,4148.9,4150.1
1785424200,4149.9,4142,4144.3
1785424500,4156,4143.6,4154.9
1785424800,4156.5,4151.1,4153.4
1785425100,4155.8,4150.8,4155
1785425400,4159.2,4151.4,4158.7
1785425700,4159.8,4156.8,4158
1785426000,4166,4157.8,4164.1
1785426300,4166,4162.5,4165
1785426600,4167.1,4163.4,4165.9
1785426900,4169.2,4165.5,4167.3
1785427200,4175,4166.6,4173.9
1785427500,4174.3,4170.1,4170.2
1785427800,4174.8,4167.8,4173.1
1785428100,4175.2,4172.8,4173
1785428400,4178.6,4172.6,4178
1785428700,4178.1,4174.5,4174.9
1785429000,4175.5,4171.8,4172.2
1785429300,4174.1,4169.3,4169.8
1785429600,4171.1,4167.2,4167.7
1785429900,4168.7,4166.1,4168.6
1785430200,4169.3,4165.4,4167
1785430500,4169.9,4166.6,4169.8
1785430800,4170.6,4165.6,4167
1785431100,4168,4165.8,4166.6
1785431400,4167.8,4163.9,4164.1
1785431700,4166.1,4162.6,4165.5
1785432000,4167.2,4163.6,4167.2
1785432300,4167.1,4157,4160.6
1785432600,4161.5,4159.1,4160.1
1785432900,4167.2,4159,4161.8
1785433200,4165.9,4161.6,4164.6
1785433500,4167.4,4163,4163
1785433800,4163.4,4161.4,4162.1
1785434100,4162.4,4160,4161.5
1785434400,4164.7,4161.3,4164.3
1785434700,4165.6,4163.1,4165
1785435000,4165.7,4163.7,4165.4
1785435300,4165.6,4162.6,4163
1785435600,4164.3,4160.1,4161
1785435900,4162.6,4159.5,4162.3
1785436200,4166.8,4161.8,4165.4
1785436500,4165.4,4163.3,4163.4
1785436800,4164.6,4162.7,4163.8
1785437100,4164,4159.3,4159.7
1785437400,4160.8,4157.7,4157.7
1785437700,4159.4,4157.8,4158.8
1785438000,4162.7,4157.8,4162.6
1785438300,4164.5,4161.8,4164.2
1785438600,4164.7,4162,4163.8
1785438900,4172.4,4162.1,4169.6
1785439200,4170.7,4168.4,4170.3
1785439500,4174.3,4169.7,4171.9
1785439800,4173.6,4171.2,4173.4
1785440100,4174.7,4170.9,4171.7
1785440400,4173.2,4170.4,4171.2
1785440700,4172.2,4170.1,4171.5
1785441000,4172,4168.4,4168.7
1785441300,4171.8,4168.3,4171
1785441600,4176.6,4169.1,4176.5
1785441900,4176.4,4172.8,4173.9
1785442200,4174.8,4172.3,4173.3
1785442500,4174.2,4171.4,4172.8
1785442800,4173.5,4171.9,4172.6
1785443100,4173.5,4170.9,4171.1
1785443400,4171.9,4166.9,4168.5
1785443700,4168.2,4165.6,4166.4
1785444000,4166.8,4161.4,4162.1
1785444300,4163,4158.7,4158.7
1785444600,4161.9,4158.4,4160.3
1785444900,4163.2,4160,4162.3
1785448800,4165.7,4160,4162
1785449100,4164.3,4160.8,4164.2
1785449400,4166.2,4163.6,4165.4
1785449700,4166.9,4164.9,4166.9
1785450000,4166.7,4165.4,4165.9
1785450300,4166.9,4165.3,4165.8
1785450600,4167.1,4165.4,4166.3
1785450900,4169,4166.3,4168.5
1785451200,4168.9,4168,4168.7
1785451500,4169.5,4167.5,4169.3
1785451800,4169.9,4168.5,4169.3
1785452100,4169.5,4167.3,4167.5
1785452400,4169.9,4167.6,4169.1
1785452700,4170.3,4167.4,4168
1785453000,4168.1,4164.9,4165.9
1785453300,4165.9,4164.2,4164.9
1785453600,4165.8,4163,4164.7
1785453900,4165,4161.6,4162.9
1785454200,4163.8,4161.7,4162.5
1785454500,4164.6,4160.8,4164.4
1785454800,4166.4,4163.2,4164.5
1785455100,4168.8,4164.7,4167.1
1785455400,4167.8,4165,4165.8
1785455700,4166,4163.9,4164.3
1785456000,4165.6,4160.1,4163.3
1785456300,4163.5,4160,4161.7
1785456600,4162.6,4159.1,4160.1
1785456900,4161.3,4158.6,4160
1785457200,4162.4,4157,4161.5
1785457500,4161.8,4154.5,4154.8
1785457800,4156.2,4151.6,4152.4
1785458100,4152.8,4150.2,4151.2
1785458400,4152.2,4148.8,4151.8
1785458700,4152.9,4149.1,4152.2
1785459000,4154.1,4151.4,4151.8
1785459300,4155.1,4151.2,4153.5
1785459600,4159.9,4153.4,4156.6
1785459900,4159.9,4153.7,4156.4
1785460200,4156.3,4146.8,4147.1
1785460500,4152.6,4145,4152.4
1785460800,4153.6,4149.3,4150.7
1785461100,4152.9,4148.6,4150
1785461400,4150.3,4145.1,4146.2
1785461700,4146.6,4142,4143
1785462000,4145.7,4142.3,4143.9
1785462300,4147.7,4141.6,4142.1
1785462600,4144.1,4140,4143.4
1785462900,4145.9,4142.2,4142.5
1785463200,4144.8,4139.8,4143.5
1785463500,4147.6,4143.5,4147.3
1785463800,4149,4143.5,4143.8
1785464100,4143.9,4138.5,4140.8
1785464400,4142.5,4140.5,4140.5
1785464700,4141.4,4139.5,4140.5
1785465000,4142.7,4138.9,4140.2
1785465300,4140.9,4139.1,4140.3
1785465600,4140.8,4133.4,4133.5
1785465900,4136,4132.9,4135.4
1785466200,4135.7,4131.7,4134.7
1785466500,4136.7,4133.7,4134.2
1785466800,4134.3,4131.1,4131.3
1785467100,4134.2,4131.4,4132.7
1785467400,4133.6,4129.7,4131.5
1785467700,4131.9,4130,4131.6
1785468000,4132.3,4130.1,4131.6
1785468300,4134,4130.5,4133.2
1785468600,4135.5,4132.9,4134.8
1785468900,4137.4,4132.8,4136.7
1785469200,4136.5,4133.3,4134.4
1785469500,4135.4,4133.3,4133.7
1785469800,4134.7,4132.4,4132.8
1785470100,4133.5,4132.1,4133.1
1785470400,4134,4131.8,4132.4
1785470700,4133.2,4131.3,4133
1785471000,4135.4,4131.2,4135.4
1785471300,4135.8,4133.7,4134
1785471600,4136.6,4132.5,4136.4
1785471900,4138.3,4135.5,4137.8
1785472200,4139.3,4137.2,4138
1785472500,4139.5,4137.8,4139.4
1785472800,4139.4,4137.1,4137.2
1785473100,4137.8,4133.1,4133.3
1785473400,4136,4132.6,4136
1785473700,4138,4135.5,4137.6
1785474000,4140.5,4137.6,4140.4
1785474300,4141.1,4138.8,4139.5
1785474600,4140.1,4137.6,4137.9
1785474900,4140.5,4137.4,4139.7
1785475200,4140.8,4138.3,4140.7
1785475500,4140.2,4138,4139
1785475800,4139.8,4136.7,4137
1785476100,4139.1,4135.2,4137.6
1785476400,4138.1,4133.6,4134.5
1785476700,4134.3,4131.4,4133.6
1785477000,4133.7,4131,4133.2
1785477300,4133.8,4131.2,4132.1
1785477600,4135.9,4130.4,4135.9
1785477900,4140.2,4135.4,4139.9
1785478200,4140.6,4138,4140.4
1785478500,4145.2,4138.8,4144.5
1785478800,4145.1,4140.2,4141.6
1785479100,4144.3,4139.7,4143.1
1785479400,4143.1,4135.5,4136.5
1785479700,4137.9,4134.9,4136.6
1785480000,4136.9,4135.4,4135.8
1785480300,4139.4,4134.3,4135.6
1785480600,4136.4,4133.9,4135.9
1785480900,4136.9,4135,4135.3
1785481200,4135.7,4133,4135.6
1785481500,4136.8,4134.7,4135.8
1785481800,4136.3,4133,4135
1785482100,4136.9,4133.9,4136.5
1785482400,4136.3,4132,4132.7
1785482700,4133.7,4127.8,4130.1
1785483000,4130.5,4126.5,4127
1785483300,4130.2,4125.5,4129.3
1785483600,4131.4,4129.1,4129.7
1785483900,4131.9,4128.6,4129.3
1785484200,4129.9,4126.9,4128.6
1785484500,4129.4,4124.9,4125.1
1785484800,4125.4,4119.9,4120.6
1785485100,4122.9,4119.8,4122.3
1785485400,4122.6,4118.5,4119.5
1785485700,4123.8,4118.4,4123.7
1785486000,4124.6,4116.1,4117.4
1785486300,4118.5,4114.8,4115.7
1785486600,4116.7,4110.9,4114
1785486900,4117.2,4114.1,4116.8
1785487200,4118.5,4115.1,4116
1785487500,4119.8,4114.6,4118
1785487800,4119.1,4115,4115.1
1785488100,4121.3,4114.9,4117.8
1785488400,4120.6,4117.3,4117.4
1785488700,4118.7,4114.3,4114.3
1785489000,4114.9,4111.7,4113.5
1785489300,4114,4111.3,4112.3
1785489600,4114.2,4108.2,4109.1
1785489900,4109.8,4107.8,4108.7
1785490200,4111,4107.4,4107.6
1785490500,4108.6,4106.5,4107.8
1785490800,4109.6,4107.5,4109.6
1785491100,4113.3,4108.5,4112.9
1785491400,4113.5,4112.2,4112.3
1785491700,4112.6,4110.2,4111.5
1785492000,4113.1,4109.6,4112.6
1785492300,4114.5,4112,4114.3
1785492600,4114.3,4111.7,4112.3
1785492900,4112.5,4108.8,4109.8
1785493200,4111.4,4107.9,4108.5
1785493500,4111.1,4108.4,4109.4
1785493800,4112.8,4109.1,4111.2
1785494100,4112.5,4109.1,4110.2
1785494400,4112,4109.6,4111.1
1785494700,4113.5,4110.9,4112.6
1785495000,4112.7,4110.6,4111.1
1785495300,4111.6,4110,4110.9
1785495600,4112,4108.3,4111.9
1785495900,4114.3,4110.1,4113.5
1785496200,4116,4113.2,4113.6
1785496500,4115.3,4110.4,4113
1785496800,4117.4,4112.2,4117.2
1785497100,4117.2,4113.9,4115
1785497400,4115,4109.7,4110.5
1785497700,4112.3,4109.1,4109.5
1785498000,4109.9,4105.8,4108.5
1785498300,4109.6,4107.2,4108.6
1785498600,4111.3,4108.3,4111.1
1785498900,4111.8,4109.7,4110
1785499200,4114.4,4108.8,4114.4
1785499500,4115.6,4112.8,4113.5
1785499800,4115.9,4111.8,4115.3
1785500100,4115.6,4111.9,4113
1785500400,4114.9,4104.9,4107
1785500700,4108.4,4103.1,4103.7
1785501000,4107.6,4100.3,4104.3
1785501300,4107.9,4100,4100.5
1785501600,4101.6,4098.4,4100.7
1785501900,4101.9,4097.4,4097.7
1785502200,4102.5,4096.5,4101.7
1785502500,4101.5,4096.4,4096.8
1785502800,4098.9,4092.1,4095.7
1785503100,4096,4091.3,4092.7
1785503400,4094.2,4090.2,4092.2
1785503700,4094.9,4091.4,4093.9
1785504000,4103.2,4091.6,4101.5
1785504300,4101.9,4096.4,4098.9
1785504600,4100.5,4091.1,4091.5
1785504900,4093.5,4082.6,4083.6
1785505200,4086.4,4077.7,4081
1785505500,4084.5,4077.8,4079.2
1785505800,4085.3,4078.1,4085.1
1785506100,4088.2,4080.7,4081.2
1785506400,4088.9,4080.4,4085.8
1785506700,4086.1,4076.5,4082.9
1785507000,4088.7,4081.8,4088.3
1785507300,4091.5,4086,4089.7
1785507600,4095,4088.4,4091.4
1785507900,4096.5,4091.4,4094.9
1785508200,4097.2,4092.8,4096.8
1785508500,4098.9,4095.5,4097.1
1785508800,4099.3,4096.2,4097.6
1785509100,4101.8,4097.2,4100
1785509400,4105.2,4098.9,4102.2
1785509700,4106.8,4101,4105.6
1785510000,4107.2,4101,4101.3
1785510300,4105.9,4100.4,4102.2
1785510600,4104.2,4098.9,4103.5
1785510900,4109.5,4098.3,4101.6
1785511200,4102.5,4098.4,4099.4
1785511500,4101.1,4096.4,4097.3
1785511800,4098.7,4092.9,4094.8
1785512100,4099.5,4093.6,4098.6
1785512400,4099.9,4096.7,4098.4
1785512700,4099.4,4096.1,4096.5
1785513000,4102.5,4095.9,4101.7
1785513300,4103,4100.9,4101.8
1785513600,4102.2,4099.5,4100.3
1785513900,4100.8,4097.2,4100.4
1785514200,4103,4099.9,4102.5
1785514500,4102.8,4099.1,4100.9
1785514800,4104,4101,4102.3
1785515100,4104.7,4100.4,4103.6
1785515400,4105.8,4103.3,4105.3
1785515700,4106.3,4102.9,4102.9
1785516000,4103.7,4097.1,4098.6
1785516300,4101.1,4098.2,4100.1
1785516600,4101.3,4098.9,4099.6
1785516900,4100,4098,4099.3
1785517200,4101.7,4098.3,4099.1
1785517500,4100.5,4097.8,4098
1785517800,4102.5,4097.3,4101.4
1785518100,4103.3,4100.8,4102.9
1785518400,4104.7,4101.1,4103.8
1785518700,4110,4101.1,4106.7
1785519000,4109.5,4104.3,4104.3
1785519300,4107.6,4103.9,4106.3
1785519600,4108.5,4106.1,4107.9
1785519900,4111.1,4106.3,4108.4
1785520200,4111.1,4108.2,4108.9
1785520500,4110.6,4108.5,4109.8
1785520800,4111.2,4107.7,4108.4
1785521100,4108.6,4105.7,4107.4
1785521400,4107.5,4102.9,4104.1
1785521700,4106.7,4103.6,4105.8
1785522000,4107.6,4105.3,4107.1
1785522300,4107.8,4106.1,4107
1785522600,4107.4,4105,4105.4
1785522900,4107.7,4103.9,4106.6
1785523200,4107.7,4105.3,4105.4
1785523500,4106.2,4104.1,4106.1
1785523800,4107.9,4105.9,4106.2
1785524100,4107,4105.3,4106.8
1785524400,4108.9,4104.6,4105.2
1785524700,4105.6,4104,4105.6
1785525000,4106.1,4102.4,4104
1785525300,4105.1,4103,4105
1785525600,4105.7,4103.9,4104.9
1785525900,4106.6,4104.9,4106.4
1785526200,4107.5,4104.9,4106.2
1785526500,4107.5,4105.5,4105.9
1785526800,4110.7,4105.5,4110
1785527100,4111.8,4109.1,4111.1
1785527400,4110.9,4107.1,4107.5
1785527700,4109,4106.5,4107.6
1785528000,4108.6,4105.1,4105.2
1785528300,4105.1,4101.7,4103.6
1785528600,4104.5,4102.9,4104.5
1785528900,4104.8,4102.8,4104.4
1785529200,4105.3,4103.7,4104.5
1785529500,4104.6,4103,4104.5
1785529800,4107.5,4103.7,4106.9
1785530100,4109.2,4106.9,4107.2
1785530400,4109.1,4107,4107.4
1785530700,4108.5,4107,4107.6
1785531000,4108.3,4101,4103.4
1785531300,4103.3,4097.4,4098.9
1785708000,4142,4122.6,4132.2
1785708300,4135.6,4128.4,4131.9
1785708600,4136.1,4130.6,4133.3
1785708900,4134.1,4124,4125.5
1785709200,4127.2,4120.3,4121.9
1785709500,4124.4,4120.2,4122.7
1785709800,4125,4120.7,4120.7
1785710100,4124,4120.3,4122.2
1785710400,4124.5,4121.1,4123.1
1785710700,4123.8,4120.9,4121.2
1785711000,4122.5,4119,4121.2
1785711300,4122,4119.1,4120
1785711600,4122.3,4119.3,4122
1785711900,4122,4119.9,4120.7
1785712200,4123.4,4119.1,4122.6
1785712500,4127.6,4122.2,4127.6
1785712800,4128.2,4123.5,4127.3
1785713100,4128.5,4126.3,4127.9
1785713400,4128.2,4125.2,4126
1785713700,4126.8,4125.2,4125.4
1785714000,4125.8,4123.6,4125.2
1785714300,4128.1,4123.9,4124.7
1785714600,4129.6,4124,4128.1
1785714900,4130.6,4127.4,4130.6
1785715200,4134.7,4129.9,4133.5
1785715500,4134.2,4128.3,4128.5
1785715800,4129.4,4125.7,4127.8
1785716100,4128.8,4125.1,4125.8
1785716400,4125.9,4121.9,4122
1785716700,4123.3,4116.7,4119.9
1785717000,4125.7,4118.4,4119.9
1785717300,4120.7,4114.8,4115.4
1785717600,4116.6,4112.3,4113.9
1785717900,4116.1,4111.8,4113.6
1785718200,4116.4,4112.8,4114.4
1785718500,4115.4,4111.1,4112.7
1785718800,4119,4107.3,4113.9
1785719100,4117.5,4112,4115.5
1785719400,4115.9,4106.2,4107.6
1785719700,4109.3,4102.7,4104.4
1785720000,4109.6,4104.3,4109.4
1785720300,4110.5,4107.6,4108.2
1785720600,4109.4,4105.5,4109.3
1785720900,4112.6,4108,4109.1
1785721200,4110,4102.9,4106.8
1785721500,4111,4105.5,4109
1785721800,4111.4,4106,4106.9
1785722100,4113.5,4105.6,4112.3
1785722400,4116.9,4112.9,4115.1
1785722700,4116.3,4111.5,4111.8
1785723000,4112.4,4109,4111.4
1785723300,4116.3,4107.6,4115.9
1785723600,4116.6,4110.3,4110.7
1785723900,4114.5,4109.8,4113.7
1785724200,4115.1,4108.8,4111.2
1785724500,4114.4,4108,4113.2
1785724800,4116.1,4112.9,4115
1785725100,4122.7,4113.7,4119.2
1785725400,4120.7,4117.8,4117.9
1785725700,4119.9,4116.1,4117.6
1785726000,4119.5,4116.2,4117.8
1785726300,4120.8,4117.4,4119.7
1785726600,4120.3,4118.2,4119.8
1785726900,4123.1,4118.2,4122.7
1785727200,4123.7,4116.8,4118
1785727500,4120.5,4116.9,4118.9
1785727800,4120.2,4117.7,4118.3
1785728100,4120.3,4116.4,4118.1
1785728400,4118.9,4115.5,4115.8
1785728700,4116.7,4114.4,4116.7
1785729000,4121.7,4116.6,4121.2
1785729300,4122.1,4119.4,4120.4
1785729600,4121.9,4119.4,4121.6
1785729900,4123.4,4120.4,4120.5
1785730200,4121.8,4120.3,4121.4
1785730500,4125.8,4121.2,4124.8
1785730800,4126.2,4124,4124.2
1785731100,4125,4123.2,4123.3
1785731400,4126.4,4123.4,4126
1785731700,4126.5,4123.8,4125.3
1785732000,4126,4124.2,4126
1785732300,4127.1,4124,4126
1785732600,4127.1,4122.9,4123.2
1785732900,4123.5,4119.1,4119.1
1785733200,4120.5,4117.5,4118
1785733500,4118.3,4115.8,4116.6
1785733800,4116.2,4111.5,4112.6
1785734100,4113.2,4109.1,4111.4
1785734400,4114.4,4111,4114.2
1785734700,4118,4113.6,4115.6
1785735000,4115.8,4110.9,4111.6
1785735300,4115.1,4110.3,4112.1
1785735600,4119.8,4111.5,4118.6
1785735900,4118.8,4114,4115.4
1785736200,4120.5,4114.7,4120.2
1785736500,4125.1,4119.7,4124.3
1785736800,4126.5,4122.6,4123
1785737100,4125.7,4122,4123
1785737400,4123.5,4121.2,4121.4
1785737700,4125.3,4120.6,4124.8
1785738000,4127.3,4123.1,4126.1
1785738300,4126.6,4121.3,4123.7
1785738600,4124.1,4115.8,4115.8
1785738900,4122.6,4115.7,4121.2
1785739200,4121.6,4119.6,4120.6
1785739500,4122.6,4118.2,4118.8
1785739800,4120.3,4118,4119.3
1785740100,4121.4,4118.7,4119.1
1785740400,4120.4,4114.9,4116.4
1785740700,4119.1,4114.7,4118.1
1785741000,4119.6,4116.5,4116.6
1785741300,4117.2,4108.3,4109.7
1785741600,4111.8,4107.3,4111.8
1785741900,4114.4,4110.9,4113.5
1785742200,4115.8,4112.9,4115.4
1785742500,4117.3,4111.9,4115.2
1785742800,4115.2,4113.6,4115
1785743100,4116.6,4113.9,4114.9
1785743400,4119.1,4114.4,4118.5
1785743700,4119,4116.6,4117
1785744000,4117.3,4113.8,4116.2
1785744300,4117.1,4115.1,4116.1
1785744600,4117.9,4115.4,4117.4
1785744900,4118.2,4112.4,4113.2
1785745200,4114.8,4113.1,4114.2
1785745500,4115.7,4109.9,4111.5
1785745800,4113.8,4110,4111.8
1785746100,4116.3,4110.7,4115.7
1785746400,4115.6,4113.6,4113.9
1785746700,4115.7,4113.2,4114.8
1785747000,4115.6,4113.5,4114.9
1785747300,4117,4114.3,4115.5
1785747600,4116,4112.9,4113.2
1785747900,4115.2,4112.8,4115.2
1785748200,4118,4115.1,4117.3
1785748500,4117.2,4113.9,4114.6
1785748800,4114.7,4108.2,4110.9
1785749100,4112,4107.8,4108.6
1785749400,4109.2,4102.5,4103
1785749700,4109.2,4102.9,4108.6
1785750000,4111.1,4107.7,4109.8
1785750300,4113.1,4109.7,4112.1
1785750600,4114.4,4112,4113.3
1785750900,4114.2,4110.7,4111.5
1785751200,4113.2,4109.3,4110.9
1785751500,4111.7,4109.7,4110.3
1785751800,4113.5,4110.2,4112.8
1785752100,4113.6,4110.3,4111.3
1785752400,4111.8,4108.9,4109.6
1785752700,4111.4,4108.3,4110
1785753000,4110,4106.5,4108
1785753300,4108.8,4107.2,4108.5
1785753600,4108.9,4104.9,4105.4
1785753900,4107.1,4104.8,4105.1
1785754200,4105.3,4101,4104.9
1785754500,4105.9,4102.8,4105.8
1785754800,4108.5,4103.7,4108.2
1785755100,4109.3,4105.7,4106.8
1785755400,4107,4104.2,4106
1785755700,4106.1,4103.2,4104
1785756000,4104.4,4101.5,4104.1
1785756300,4106.1,4103.2,4104.5
1785756600,4107.5,4103.9,4106.7
1785756900,4108.3,4105.9,4107.9
1785757200,4111.6,4107.3,4110
1785757500,4117.6,4108.9,4117.4
1785757800,4120,4115.6,4117.5
1785758100,4119,4116.2,4118.8
1785758400,4121,4116,4116.8
1785758700,4117.6,4114.5,4116.2
1785759000,4116.6,4110.6,4112.1
1785759300,4112.5,4106.8,4107.1
1785759600,4110.1,4104.6,4108.4
1785759900,4109.7,4106.5,4107
1785760200,4109.2,4103.9,4108.1
1785760500,4108.1,4101.7,4103.5
1785760800,4103.7,4098.1,4101.1
1785761100,4102.5,4099.2,4099.7
1785761400,4102.3,4099,4101.2
1785761700,4105.1,4101,4103.3
1785762000,4109.8,4096.5,4097.6
1785762300,4102,4097,4099.7
1785762600,4100.2,4092.7,4094.1
1785762900,4095.9,4090.4,4091.7
1785763200,4092.7,4088,4089.8
1785763500,4090.7,4086.6,4089.4
1785763800,4091,4084.8,4086.5
1785764100,4087.2,4074,4081.5
1785764400,4088.9,4079.6,4087.1
1785764700,4090.6,4083.1,4084.6
1785765000,4088.1,4083.2,4085.1
1785765300,4089.1,4083.5,4086.8
1785765600,4092,4080.1,4084.4
1785765900,4087.9,4082.3,4082.4
1785766200,4089.7,4081.8,4088.4
1785766500,4090.1,4086,4086.6
1785766800,4091.2,4085.1,4088.8
1785767100,4091.3,4087.4,4087.8
1785767400,4090.7,4087.1,4090.3
1785767700,4093.2,4088,4088.3
1785768000,4093.6,4087.3,4091.8
1785768300,4092.1,4089.1,4090.9
1785768600,4092.3,4089.1,4091
1785768900,4095,4091.1,4091.5
1785769200,4092,4086.6,4087.2
1785769500,4092.4,4085.4,4089.9
1785769800,4090.8,4087.1,4088.4
1785770100,4092.9,4088.3,4092
1785770400,4093.8,4091.1,4092.6
1785770700,4093.1,4085.9,4088
1785771000,4089.8,4086.2,4088.3
1785771300,4092.4,4088.3,4092.2
1785771600,4094.4,4091.7,4092.2
1785771900,4096.6,4092.1,4092.9
1785772200,4095.4,4092.8,4094
1785772500,4093.6,4090.8,4091.8
1785772800,4093,4090.6,4092
1785773100,4092,4089.9,4090.6
1785773400,4091.8,4090.6,4091.5
1785773700,4093.2,4090.5,4091.3
1785774000,4093.4,4090.2,4093.2
1785774300,4094,4091.9,4092.6
1785774600,4093.4,4091.1,4093.4
1785774900,4094.5,4092,4092.3
1785775200,4094.9,4092.8,4094.2
1785775500,4094.5,4092.9,4092.9
1785775800,4093.8,4091.3,4091.8
1785776100,4093.3,4091.3,4092.7
1785776400,4093.2,4088.7,4089.6
1785776700,4090.6,4089.4,4090.3
1785777000,4090.3,4089.3,4089.8
1785777300,4093.6,4089.7,4092.2
1785777600,4092.2,4089.5,4090.3
1785777900,4092.1,4089.5,4090
1785778200,4091,4089.5,4090.7
1785778500,4092.7,4090.3,4092.1
1785778800,4092.3,4091,4091.9
1785779100,4092.3,4089.8,4089.8
1785779400,4090.3,4086.2,4086.6
1785779700,4087.3,4086,4086.2
1785780000,4088.3,4085.4,4087.8
1785780300,4093,4087.7,4092.4
1785780600,4094.5,4090.7,4090.8
1785780900,4095.2,4090.9,4093.3
1785781200,4094.5,4092.5,4093
1785781500,4094.3,4092.1,4093.9
1785781800,4094.4,4092.5,4092.9
1785782100,4094.5,4092.8,4093.6
1785782400,4097.7,4093.3,4097.5
1785782700,4098.8,4096.3,4098.5
1785783000,4100,4097.7,4099.6
1785783300,4101.1,4098.8,4099.3
1785783600,4104.5,4099.6,4104.1
1785783900,4105.5,4100.9,4102
1785784200,4104.4,4101,4101.9
1785784500,4105.3,4101.9,4103.7
1785784800,4109,4103.5,4108.7
1785785100,4110.4,4107.7,4108.7
1785785400,4111.6,4107.7,4108.8
1785785700,4111,4108.8,4109.9
1785786000,4110.7,4108.7,4110
1785786300,4111.7,4108.5,4110.6
1785786600,4111.9,4109.6,4110.3
1785786900,4110.3,4107.7,4108.3
1785787200,4108.5,4106.1,4107.4
1785787500,4108,4106.6,4107.8
1785787800,4109,4106.7,4108.8
1785788100,4108.6,4107.5,4107.5
1785788400,4110.9,4107.3,4110.1
1785788700,4111.9,4109.7,4110.3
1785789000,4114.4,4109.9,4113.8
1785789300,4114.2,4112.7,4113.8
1785789600,4113.6,4112.2,4112.3
1785789900,4113.2,4111.8,4112.6
1785790200,4113.5,4110.5,4111.1
1785790500,4112.4,4110.8,4111
1785794400,4110.9,4105.6,4107
1785794700,4107.9,4104.7,4106.1
1785795000,4107.7,4105.2,4107
1785795300,4107.9,4106.2,4106.7
1785795600,4108.3,4106.3,4107.6
1785795900,4107.8,4106.3,4107.8
1785796200,4109.2,4107.1,4108.7
1785796500,4109.2,4108,4109.1
1785796800,4109.1,4108.1,4108.2
1785797100,4108.9,4107.3,4107.7
1785797400,4108.2,4106.9,4107
1785797700,4109.5,4107,4108.7
1785798000,4109.6,4106.6,4108.6
1785798300,4111,4107.8,4108.2
1785798600,4107.7,4105.5,4107.2
1785798900,4108.5,4106.2,4108.2
1785799200,4110.5,4106.4,4108.3
1785799500,4108.5,4106.8,4107.4
1785799800,4107.7,4106.8,4107.4
1785800100,4108.5,4106.9,4107.9
1785800400,4108.4,4107.2,4108.1
1785800700,4109.7,4106.9,4107.6
1785801000,4108.5,4107.1,4108.1
1785801300,4109.4,4107.7,4109.4
1785801600,4119,4108.6,4115.4
1785801900,4123.2,4114.8,4122.8
1785802200,4125,4118.6,4119.3
1785802500,4120.4,4117.6,4118.6
1785802800,4119.4,4113.7,4115
1785803100,4116.8,4114,4114.7
1785803400,4116.6,4113.3,4115.7
1785803700,4116,4112,4113.9
1785804000,4113.9,4111.1,4112
1785804300,4113.5,4111,4112.7
1785804600,4113.9,4110,4111.1
1785804900,4111.4,4104.3,4105
1785805200,4106.3,4100.7,4102.4
1785805500,4102.7,4097.9,4100.4
1785805800,4104.1,4098.6,4102.5
1785806100,4106.4,4102.5,4105.4
1785806400,4106.6,4103.4,4104.3
1785806700,4108.1,4103.6,4104.7
1785807000,4107.2,4103.7,4104.4
1785807300,4111.4,4104.4,4108.2
1785807600,4116.3,4108,4114.9
1785807900,4116.2,4113,4113.1
1785808200,4117.9,4112.2,4115.6
1785808500,4117.2,4114,4114.7
1785808800,4116.9,4112.2,4112.5
1785809100,4113.1,4111.3,4112.4
1785809400,4114.7,4111.5,4113.9
1785809700,4115,4113,4114.5
1785810000,4115.5,4112.6,4113.1
1785810300,4113.5,4111.1,4112
1785810600,4115.7,4111.1,4113.4
1785810900,4120.8,4113.3,4119.1
1785811200,4119.5,4115.8,4117.6
1785811500,4118.3,4116.1,4116.4
1785811800,4117.5,4115.5,4115.7
1785812100,4117,4113.6,4114.6
1785812400,4116.4,4113.2,4113.2
1785812700,4114.3,4112,4113.8
1785813000,4116.1,4112.9,4113.8
1785813300,4116.7,4113.5,4116
1785813600,4117.6,4114.2,4115.5
1785813900,4115.8,4113.1,4113.6
1785814200,4114.1,4110.6,4114.1
1785814500,4114,4111.3,4111.3
1785814800,4111.8,4107.6,4107.9
1785815100,4109.8,4107.6,4109.3
1785815400,4110.9,4109.5,4110.2
1785815700,4110.5,4107.1,4107.8
1785816000,4108.5,4106.2,4107.8
1785816300,4109.6,4107,4109.6
1785816600,4112.1,4109.3,4111.8
1785816900,4115,4111.9,4112.1
1785817200,4113.4,4111.2,4113.1
1785817500,4117.2,4112.9,4116.6
1785817800,4119.7,4115.9,4118.4
1785818100,4119,4117.4,4119
1785818400,4119.4,4117.7,4118
1785818700,4122,4117.7,4120.3
1785819000,4121,4118.9,4119.9
1785819300,4121.2,4118.2,4119.2
1785819600,4120.3,4117.1,4117.4
1785819900,4118.7,4115.8,4116
1785820200,4116.4,4112.8,4113.6
1785820500,4117.6,4112.8,4117.6
1785820800,4119.4,4116.7,4119.4
1785821100,4119.9,4118.2,4119.3
1785821400,4123.8,4117.7,4117.8
1785821700,4118.4,4115.7,4116.8
1785822000,4119.3,4115,4118.6
1785822300,4120.4,4116.5,4117
1785822600,4117.8,4114.4,4115.1
1785822900,4119.1,4114.4,4117.3
1785823200,4121.8,4117.7,4121.5
1785823500,4122.1,4119.3,4119.7
1785823800,4121.3,4118.8,4120.1
1785824100,4120.3,4117.4,4118.2
1785824400,4120.8,4117.8,4118.8
1785824700,4119.6,4115.3,4115.6
1785825000,4115.8,4112.1,4112.5
1785825300,4113.3,4111.3,4112.8
1785825600,4115.9,4112.5,4115.9
1785825900,4118.5,4115.6,4117.9
1785826200,4118.6,4115.4,4116.1
1785826500,4119.7,4114.6,4119.3
1785826800,4121.3,4118.2,4120.8
1785827100,4121.9,4119.9,4120.6
1785827400,4121.5,4116.7,4117.1
1785827700,4121.4,4116.8,4119.2
1785828000,4121.7,4118.5,4121.7
1785828300,4121.8,4118.6,4119.3
1785828600,4122.9,4118.8,4120.6
1785828900,4122.8,4117.5,4119.1
1785829200,4120.9,4118.4,4118.8
1785829500,4121.3,4118.3,4120.1
1785829800,4122.5,4119.8,4121
1785830100,4121.8,4120.1,4121.8
1785830400,4129.5,4120.7,4126.3
1785830700,4127.3,4125,4125.5
1785831000,4127.6,4124.3,4124.4
1785831300,4124.9,4122.6,4123.1
1785831600,4123.5,4117.5,4118.7
1785831900,4119.7,4116.3,4119.7
1785832200,4120.4,4116.9,4118.6
1785832500,4120.7,4114.5,4115
1785832800,4116,4114.3,4115.3
1785833100,4115.5,4111.7,4112.1
1785833400,4113.5,4111.1,4112.4
1785833700,4112.3,4110.1,4110.7
1785834000,4111.1,4108.7,4109.1
1785834300,4109.3,4106.1,4106.9
1785834600,4107.1,4103.6,4106.5
1785834900,4107.8,4105.4,4106.6
1785835200,4107.6,4104.4,4106.2
1785835500,4107.6,4105.3,4105.9
1785835800,4107.9,4104.7,4105.5
1785836100,4105.5,4101.9,4103.4
1785836400,4106.2,4103.5,4106.2
1785836700,4106.8,4103.8,4106.1
1785837000,4106.1,4103.3,4103.9
1785837300,4105.8,4103.1,4105.8
1785837600,4105.7,4104.1,4105.5
1785837900,4105.8,4102.9,4102.9
1785838200,4105.1,4102.5,4104.8
1785838500,4105.4,4101.2,4103.9
1785838800,4104.8,4103,4104.3
1785839100,4105.5,4103.5,4104.7
1785839400,4107.4,4104.7,4106
1785839700,4106.2,4104.5,4104.7
1785840000,4109.9,4101.9,4108.2
1785840300,4116.5,4108.1,4114.1
1785840600,4114.9,4109,4110.8
1785840900,4111.9,4108.9,4109.6
1785841200,4111.6,4108.2,4110.9
1785841500,4111.5,4108.2,4110.8
1785841800,4114.8,4109.7,4112.7
1785842100,4113.8,4111.8,4111.8
1785842400,4115.2,4111.3,4114.4
1785842700,4117.1,4114.1,4117
1785843000,4121.4,4116,4118.7
1785843300,4120.7,4117.8,4120
1785843600,4127.3,4116.2,4126.6
1785843900,4137.4,4123.9,4133.4
1785844200,4141.6,4131.6,4133.2
1785844500,4133.5,4126.2,4132
1785844800,4133.4,4122.5,4125.2
1785845100,4127.1,4119,4119.9
1785845400,4121.3,4117.6,4118.6
1785845700,4122.7,4117.7,4122.3
1785846000,4125.7,4122,4123.3
1785846300,4127.1,4122.7,4125
1785846600,4133.4,4124.9,4133
1785846900,4140.8,4132.6,4139.5
1785847200,4141.4,4135,4135
1785847500,4136.1,4132.4,4133.1
1785847800,4134.8,4130.2,4131
1785848100,4132.9,4126.2,4127.7
1785848400,4128.9,4119.5,4120.6
1785848700,4122.8,4117.6,4121.3
1785849000,4123.4,4118.9,4120.6
1785849300,4122.4,4119.2,4120.3
1785849600,4148,4121,4138.5
1785849900,4139,4134.3,4135.4
1785850200,4141.6,4132.5,4140
1785850500,4146,4139.7,4145.2
1785850800,4148.7,4140.3,4140.4
1785851100,4150.9,4138.4,4149.6
1785851400,4151.6,4143.3,4144.3
1785851700,4144.6,4140.2,4141.5
1785852000,4147.8,4140.1,4145.1
1785852300,4148.3,4142.2,4147.4
1785852600,4149.4,4145.3,4147.2
1785852900,4149.2,4139.1,4140.2
1785853200,4141.9,4137.2,4138.9
1785853500,4143.7,4138.2,4140.5
1785853800,4143.6,4133.8,4134.8
1785854100,4142.3,4131.4,4135.8
1785854400,4138,4133.7,4136.9
1785854700,4138.2,4134.7,4137.5
1785855000,4141.6,4137.1,4140.8
1785855300,4141.7,4138.7,4140.3
1785855600,4141,4137.9,4138.4
1785855900,4142.2,4136.5,4142.1
1785856200,4142.7,4140,4140.8
1785856500,4141.3,4132.5,4133.1
1785856800,4134.5,4130.2,4132.4
1785857100,4135.1,4131.5,4135
1785857400,4136.7,4133.2,4134.1
1785857700,4144.3,4132.9,4140
1785858000,4144.2,4140,4140.8
1785858300,4142.6,4139.5,4140.1
1785858600,4144.8,4140.1,4144.5
1785858900,4145.8,4142.9,4144
1785859200,4145.7,4142.5,4143.2
1785859500,4143.9,4141.2,4143.8
1785859800,4144.4,4141.1,4141.7
1785860100,4142.6,4139.8,4140.4
1785860400,4145.3,4140.3,4144
1785860700,4147,4142.8,4144.7
1785861000,4145.5,4143.4,4144.8
1785861300,4144.8,4141.6,4142.7
1785861600,4146.5,4142.2,4146.1
1785861900,4150.7,4145.5,4150.2
1785862200,4150.8,4147.9,4147.9
1785862500,4150.6,4147.1,4150.3
1785862800,4159.9,4149.4,4159.3
1785863100,4163.8,4156.9,4157.2
1785863400,4159,4155.1,4157.2
1785863700,4158.4,4154.1,4154.7
1785864000,4158,4154.5,4157
1785864300,4157.8,4151.2,4152
1785864600,4151.9,4148.6,4150.9
1785864900,4153,4150.6,4151.8
1785865200,4153.4,4150.9,4152.5
1785865500,4153.8,4150.3,4150.8
1785865800,4151.4,4146.4,4146.5
1785866100,4148,4142.9,4143.2
1785866400,4145.6,4141.7,4143.6
1785866700,4145.8,4143.5,4144.7
1785867000,4145.5,4143.1,4145.5
1785867300,4145.6,4142.8,4143.3
1785867600,4146.4,4142.9,4143.7
1785867900,4145,4141,4141.4
1785868200,4142.7,4138.7,4139.7
1785868500,4140.6,4135,4135.9
1785868800,4137,4133.2,4133.4
1785869100,4137.2,4132.1,4136.6
1785869400,4137.8,4135.6,4136.6
1785869700,4138.1,4135.8,4136.7
1785870000,4139,4135.5,4137.5
1785870300,4141.1,4137,4140.9
1785870600,4141.2,4138.8,4138.8
1785870900,4141.9,4138.4,4141.3
1785871200,4141.5,4137.2,4137.4
1785871500,4138.2,4136,4137.3
1785871800,4138,4136.1,4137.6
1785872100,4138.4,4136.8,4137.9
1785872400,4139.5,4137.7,4138.2
1785872700,4139.2,4136.1,4137.1
1785873000,4137.6,4133.8,4134.2
1785873300,4136.5,4133.2,4135.6
1785873600,4136.4,4135.1,4135.6
1785873900,4136.9,4135.1,4136.4
1785874200,4137.2,4135.2,4136
1785874500,4135.8,4131.7,4132.1
1785874800,4133,4131.2,4132.2
1785875100,4133.3,4131.7,4132.4
1785875400,4134,4132,4133.7
1785875700,4134.7,4133.6,4133.8
1785876000,4135.5,4134,4134.5
1785876300,4134.5,4132.8,4133.4
1785876600,4135.1,4133.3,4133.8
1785876900,4134.9,4133.5,4134.9
1785880800,4136.6,4132.9,4135.2
1785881100,4135.2,4133.2,4133.4
1785881400,4134.4,4132.7,4133.4
1785881700,4134,4132,4133.7
1785882000,4134.3,4132.3,4133.6
1785882300,4136.1,4133.7,4136.1
1785882600,4137.2,4135.4,4137
1785882900,4141,4136.8,4140.7
1785883200,4142.3,4139.1,4140.4
1785883500,4141.1,4137.7,4139.3
1785883800,4140.6,4137.1,4137.9
1785884100,4138.1,4132.3,4132.5
1785884400,4134.2,4125.5,4127.1
1785884700,4128.7,4126.2,4128.6
1785885000,4130.8,4126.2,4130.2
1785885300,4131.6,4128.5,4128.7
1785885600,4128.9,4123.5,4125.4
1785885900,4125.8,4121.7,4123.6
1785886200,4126.4,4121.8,4124.2
1785886500,4125.8,4124.1,4125.4
1785886800,4126,4124.4,4125.4
1785887100,4127.9,4125.3,4127.8
1785887400,4128.5,4127.3,4127.4
1785887700,4129.9,4127.5,4128.5
1785888000,4130.2,4126.4,4129.5
1785888300,4130.4,4128.2,4128.5
1785888600,4129.4,4127.3,4127.9
1785888900,4132,4127.4,4131
1785889200,4133.7,4129.7,4132.9
1785889500,4135.4,4132,4134.9
1785889800,4137.4,4134.1,4136.3
1785890100,4139,4136.1,4136.6
1785890400,4137.4,4133.8,4134.1
1785890700,4135.4,4133.2,4134.5
1785891000,4139.4,4134.8,4139.2
1785891300,4139.4,4137.5,4138.2
1785891600,4141.6,4133.3,4136.3
1785891900,4139.6,4135.5,4137.9
1785892200,4143,4137.5,4141.9
1785892500,4144.5,4140.9,4143.5
1785892800,4144.1,4140.3,4140.3
1785893100,4141.2,4138.2,4140.1
1785893400,4142.2,4135.7,4140.4
1785893700,4146,4140,4145.5
1785894000,4148.8,4145.1,4148.6
1785894300,4150.6,4148.2,4149.9
1785894600,4151.8,4148.6,4151.7
1785894900,4158.6,4151.7,4157.1
1785895200,4159,4153.8,4154.5
1785895500,4154.9,4152.4,4153.4
1785895800,4156.7,4152.9,4156.1
1785896100,4157.2,4151.8,4155.6
1785896400,4160.4,4154.7,4159
1785896700,4165.5,4159,4160.3
1785897000,4165.4,4158.1,4164.7
1785897300,4180,4164.5,4177.7
1785897600,4186.1,4177,4185.6
1785897900,4188.6,4183.6,4187.5
1785898200,4190,4181.5,4188.4
1785898500,4192.4,4186.2,4186.4
1785898800,4188.1,4183.9,4186.1
1785899100,4192.7,4185.3,4189.9
1785899400,4193.8,4189.6,4193
1785899700,4194.2,4187.9,4188.5
1785900000,4190.3,4187.6,4189
1785900300,4190,4187.2,4187.8
1785900600,4188.4,4184.8,4185.8
1785900900,4186.9,4185,4185.1
1785901200,4186.6,4185,4186
1785901500,4187.8,4185,4185
1785901800,4186.3,4184.9,4186.1
1785902100,4187.3,4184.9,4186
1785902400,4193.8,4185.8,4192.5
1785902700,4198,4191.4,4197.3
1785903000,4199.4,4195.7,4196.3
1785903300,4198.7,4195.4,4198.6
1785903600,4198.8,4196.3,4196.7
1785903900,4197.9,4195.7,4196.4
1785904200,4196.7,4194.4,4195.3
1785904500,4195.4,4190.9,4192.4
1785904800,4194.3,4192.3,4192.3
1785905100,4193.6,4189.7,4190.4
1785905400,4193.3,4190.3,4192.4
1785905700,4194,4191.6,4193.6
1785906000,4195.4,4192.5,4194.6
1785906300,4196.2,4193.6,4193.9
1785906600,4196.3,4193.8,4195.5
1785906900,4196.2,4193.6,4195.4
1785907200,4200.4,4195.2,4199.7
1785907500,4199.7,4196,4197.9
1785907800,4204.8,4197.8,4201.9
1785908100,4212.6,4200.9,4210.7
1785908400,4219.8,4208.3,4218
1785908700,4231.5,4217.5,4224.7
1785909000,4233,4224.3,4227
1785909300,4231.8,4222.1,4222.3
1785909600,4227.4,4220.3,4222.6
1785909900,4229.9,4221.1,4229.9
1785910200,4234.4,4228.7,4232.9
1785910500,4233.4,4226.1,4226.5
1785910800,4228.1,4221.2,4226
1785911100,4228.7,4223.9,4228.5
1785911400,4233.4,4226.5,4232.8
1785911700,4237.9,4232.7,4234.7
1785912000,4236.2,4232,4235
1785912300,4235.9,4231.5,4234.7
1785912600,4235.6,4231.8,4234.4
1785912900,4237.7,4234.2,4237
1785913200,4238.9,4229,4229.9
1785913500,4231.7,4227.7,4229.1
1785913800,4230.9,4224.8,4225.1
1785914100,4228.4,4224.9,4227.7
1785914400,4228.6,4225.8,4227.5
1785914700,4228.1,4222.1,4223.4
1785915000,4224.4,4222,4222.7
1785915300,4225.8,4221.1,4224.2
1785915600,4225.8,4223.8,4225.6
1785915900,4227.9,4222.9,4225
1785916200,4226.8,4223.5,4224.2
1785916500,4231.1,4224.2,4229.9
1785916800,4231.5,4227.9,4229.5
1785917100,4229.6,4227,4228.4
1785917400,4228.6,4223.3,4224.4
1785917700,4227,4224.2,4225.5
1785918000,4225.5,4220.8,4221.6
1785918300,4224.3,4221.2,4223.7
1785918600,4225.3,4222.1,4224.6
1785918900,4225.2,4222.8,4223.8
1785919200,4226.9,4220.8,4225.9
1785919500,4225.9,4217.7,4221.6
1785919800,4222.1,4219.8,4221.2
1785920100,4221.7,4218.3,4219.8
1785920400,4224.4,4219.7,4223.8
1785920700,4226.9,4223.7,4224.1
1785921000,4225.2,4221.6,4222.4
1785921300,4222.4,4218.8,4219.6
1785921600,4221.4,4214.4,4216.4
1785921900,4217.7,4215.1,4216.7
1785922200,4217.9,4213,4216
1785922500,4218.6,4213.6,4217.3
1785922800,4217.4,4214.4,4217.4
1785923100,4218,4215.5,4216.8
1785923400,4217.4,4215.3,4216.6
1785923700,4218.3,4211.9,4216.9
1785924000,4217,4210.9,4211.1
1785924300,4212.9,4211.2,4212.5
1785924600,4212.3,4209.1,4210
1785924900,4215,4209.2,4214.7
1785925200,4216.9,4214.2,4215.1
1785925500,4217.4,4213.9,4215.8
1785925800,4216.7,4213.8,4214.1
1785926100,4215.2,4212.7,4214.3
1785926400,4216.3,4212.7,4214
1785926700,4215.8,4213.1,4214.4
1785927000,4215.6,4213.1,4215.6
1785927300,4221,4215,4220.5
1785927600,4223.7,4219.9,4223.2
1785927900,4225.9,4222.3,4225.9
1785928200,4230.4,4225.5,4230
1785928500,4233.2,4229.3,4230.7
1785928800,4232.8,4229.1,4229.9
1785929100,4240.8,4228.6,4235.4
1785929400,4241.3,4233.4,4240.2
1785929700,4247.4,4240.2,4244.7
1785930000,4248.8,4242.1,4244.6
1785930300,4247.3,4242.8,4245.6
1785930600,4249,4245.5,4248.6
1785930900,4252.4,4247.5,4248.4
1785931200,4255,4248.5,4254.3
1785931500,4259.2,4253.7,4257.7
1785931800,4259.9,4256.9,4257.9
1785932100,4268.8,4258.2,4265
1785932400,4273.4,4265,4271.1
1785932700,4271.6,4264.8,4265
1785933000,4269.2,4257.2,4259.7
1785933300,4264.3,4258.4,4260.4
1785933600,4260.8,4252.9,4254.8
1785933900,4255.7,4251.1,4253.7
1785934200,4254.1,4246.5,4247.4
1785934500,4248.9,4243.3,4244.1
1785934800,4256.3,4243.8,4254.4
1785935100,4257.6,4250.9,4254.1
1785935400,4255.5,4246.7,4247.8
1785935700,4250.8,4245.4,4250.4
1785936000,4257.8,4250,4254.6
1785936300,4258.4,4253.3,4257.2
1785936600,4264.2,4254.7,4262.5
1785936900,4264.8,4252.6,4260.9
1785937200,4264.2,4256.8,4257.5
1785937500,4259.7,4250.3,4253.2
1785937800,4260.8,4249,4260.8
1785938100,4266.9,4259.8,4265.4
1785938400,4270.7,4261.5,4270.3
1785938700,4288.3,4270.3,4287.5
1785939000,4295,4285.8,4289.5
1785939300,4299,4286.7,4296.3
1785939600,4298.6,4290.5,4291.7
1785939900,4300.7,4291.6,4297
1785940200,4302.3,4289.1,4290.7
1785940500,4294.4,4288.6,4291.5
1785940800,4303.6,4289.9,4303.2
1785941100,4307.7,4301,4307.5
1785941400,4307.6,4293,4297.8
1785941700,4306,4296,4304.4
1785942000,4320.2,4302.2,4315.5
1785942300,4319.6,4311.8,4316.7
1785942600,4321.5,4315.7,4318.1
1785942900,4318.8,4310.1,4317.7
1785943200,4322.7,4316.5,4320.5
1785943500,4325.7,4317.3,4317.5
1785943800,4319.5,4314.6,4315.1
1785944100,4319.9,4314.2,4317.6
1785944400,4317.8,4312.5,4316
1785944700,4315.9,4309.1,4309.9
1785945000,4310.4,4301.2,4303.5
1785945300,4303.8,4292.8,4293.6
1785945600,4295.1,4285.8,4286.3
1785945900,4296.2,4285.1,4295.7
1785946200,4296.7,4292,4294.9
1785946500,4297.6,4292.9,4293.8
1785946800,4301.1,4293.9,4299.2
1785947100,4302.4,4299.1,4301.7
1785947400,4304.2,4299.4,4301.6
1785947700,4306.1,4300.9,4304.1
1785948000,4307.4,4303.4,4305
1785948300,4306,4301.4,4302.8
1785948600,4308,4302.9,4305
1785948900,4305.1,4298.2,4302.7
1785949200,4303.9,4299.8,4303.9
1785949500,4304.8,4301,4301.7
1785949800,4304.7,4301.6,4302.6
1785950100,4301.9,4298.2,4298.9
1785950400,4300.7,4296.7,4300.3
1785950700,4306.9,4297.7,4305
1785951000,4308.7,4301,4308.5
1785951300,4310.7,4306.3,4310.3
1785951600,4311.2,4307.9,4308.6
1785951900,4311.5,4307.9,4309.6
1785952200,4311.1,4309.1,4310
1785952500,4313.1,4309.8,4310.7
1785952800,4315.1,4309.6,4313.6
1785953100,4318.3,4313.4,4316.3
1785953400,4318.3,4313.8,4314
1785953700,4318,4313.6,4317.6
1785954000,4328.3,4317.2,4323.8
1785954300,4325.7,4322.1,4323.1
1785954600,4324.4,4314.6,4315.5
1785954900,4318.9,4315.4,4318
1785955200,4321,4317.4,4319.6
1785955500,4322,4318.1,4319.2
1785955800,4323,4318.7,4322.4
1785956100,4324.2,4320.8,4321.4
1785956400,4322.8,4319.6,4322.7
1785956700,4322.8,4318,4318.5
1785957000,4319.8,4316.7,4319.1
1785957300,4318.9,4311.4,4312.5
1785957600,4316.5,4311.2,4316.3
1785957900,4316.8,4313.4,4313.5
1785958200,4315,4309.9,4310
1785958500,4311.8,4308.4,4310.9
1785958800,4314.4,4310.6,4313.7
1785959100,4313.8,4308.6,4309
1785959400,4310.4,4307.9,4309.6
1785959700,4309.9,4307.1,4307.9
1785960000,4310.7,4307.5,4309.3
1785960300,4309.7,4307.7,4308.6
1785960600,4310.4,4308.4,4309.9
1785960900,4310.5,4306.2,4307
1785961200,4308,4306.1,4307.8
1785961500,4307.9,4306.4,4307
1785961800,4310.3,4306.5,4310.1
1785962100,4310.2,4307.2,4307.6
1785962400,4308.4,4305.7,4306.3
1785962700,4306.6,4304.1,4305.1
1785963000,4306.3,4304.6,4305.1
1785963300,4308.3,4303.9,4308.2
1785967200,4314,4303,4308.5
1785967500,4309.5,4305.1,4306.6
1785967800,4308.3,4306,4307.4
1785968100,4308.1,4306.9,4307.5
1785968400,4308.8,4306.8,4308.1
1785968700,4308.4,4307,4308.2
1785969000,4309.4,4307.4,4309
1785969300,4310,4308.5,4309
1785969600,4309.5,4307.1,4307.4
1785969900,4308.5,4307,4308
1785970200,4309.2,4307.4,4307.6
1785970500,4309.5,4307.2,4309.2
1785970800,4312.1,4308.3,4312.1
1785971100,4313.8,4310.7,4311.2
1785971400,4317.7,4311,4315.3
1785971700,4320.2,4315,4318.6
1785972000,4322,4316.6,4321.3
1785972300,4323.2,4319.6,4322.6
1785972600,4324.5,4319.9,4324.4
1785972900,4339,4324.4,4336.8
1785973200,4341,4334.8,4339.8
1785973500,4340,4331,4333.4
1785973800,4336.9,4331.4,4335.1
1785974100,4339.3,4333.3,4337.8
1785974400,4337.4,4323.9,4327.7
1785974700,4336.6,4325.4,4330.9
1785975000,4332.8,4323.3,4330
1785975300,4336.4,4330.2,4333.9
1785975600,4343.7,4332.9,4342.1
1785975900,4344.3,4331.6,4333.9
1785976200,4346.6,4333.7,4345.5
1785976500,4350.8,4342.3,4345.1
1785976800,4349.5,4343.5,4345.7
1785977100,4354.8,4345.9,4347
1785977400,4356.3,4345.1,4356.1
1785977700,4359.8,4353.1,4354.8
1785978000,4362.6,4350.6,4352.8
1785978300,4358.4,4346.1,4356.6
1785978600,4358.4,4339.5,4343.4
1785978900,4347.7,4342.7,4343.2
1785979200,4344.2,4332.2,4342.9
1785979500,4345.5,4333.1,4335.7
1785979800,4346.1,4335.2,4343.8
1785980100,4357,4341.3,4352.5
1785980400,4352.6,4347.5,4348.7
1785980700,4355.7,4343.3,4354.2
1785981000,4357.9,4347.3,4347.7
1785981300,4349.5,4345.4,4347
1785981600,4356.8,4343.9,4356.4
1785981900,4363.8,4356.9,4361
1785982200,4362.8,4351.9,4354.5
1785982500,4359.7,4351.6,4353.3
1785982800,4354.1,4351.4,4352.5
1785983100,4354.2,4350.8,4351
1785983400,4351.5,4341.3,4345.1
1785983700,4347.7,4343.4,4344.3
1785984000,4344.8,4340,4344.5
1785984300,4346.4,4334,4335.5
1785984600,4339.7,4334.9,4337.1
1785984900,4339.2,4335.7,4337.8
1785985200,4337.6,4333.8,4335.4
1785985500,4339.9,4334.9,4338.3
1785985800,4339.3,4332.5,4332.6
1785986100,4333.3,4323.6,4326.5
1785986400,4326.9,4322.8,4323.3
1785986700,4325.6,4320.2,4325.4
1785987000,4326.2,4322.3,4326
1785987300,4326.6,4322.6,4323.1
1785987600,4324,4320.6,4322.3
1785987900,4322.9,4319.1,4322.6
1785988200,4323.4,4320.2,4322.9
1785988500,4325.2,4321.6,4324.6
1785988800,4325.8,4320.9,4324
1785989100,4326.6,4322.1,4325
1785989400,4326.1,4321.5,4322.4
1785989700,4323,4320.4,4320.7
1785990000,4322.4,4319.6,4320.2
1785990300,4321.4,4312.2,4314.9
1785990600,4318.7,4315,4317.9
1785990900,4320.4,4316.4,4319.3
1785991200,4320.8,4317.2,4318
1785991500,4320,4317.9,4319.6
1785991800,4322.3,4317.5,4321.3
1785992100,4322.1,4319.9,4321.6
1785992400,4324.6,4318.7,4319.9
1785992700,4320,4317.8,4318.9
1785993000,4319.7,4315.7,4318.9
1785993300,4318.9,4315,4315.6
1785993600,4316.5,4312.7,4314.3
1785993900,4314.7,4311.7,4312.8
1785994200,4317.1,4306,4316.7
1785994500,4321.5,4316.1,4321
1785994800,4325,4320.6,4323.1
1785995100,4325.7,4321.2,4321.6
1785995400,4328.3,4321,4325.5
1785995700,4326.8,4322.8,4326.1
1785996000,4327.4,4323.9,4326.2
1785996300,4326.8,4320.3,4321.8
1785996600,4321.9,4315.6,4319.5
1785996900,4320.1,4313.3,4318.8
1785997200,4318.9,4314.3,4316.6
1785997500,4317,4314.3,4316.2
1785997800,4316.8,4312.7,4313.5
1785998100,4314.6,4311.6,4312.2
1785998400,4315.3,4308.1,4315.3
1785998700,4317,4312.6,4313.6
1785999000,4314.7,4309.7,4311.3
1785999300,4315.2,4310.8,4314.7
1785999600,4315.5,4311.9,4315.1
1785999900,4319.1,4314.5,4318.3
1786000200,4322.5,4318.3,4321.9
1786000500,4324,4319.8,4322.9
1786000800,4323.4,4316.9,4320.6
1786001100,4322.9,4320,4320.7
1786001400,4321,4318.7,4318.9
1786001700,4319.2,4315.2,4315.6
1786002000,4317.3,4313.8,4314
1786002300,4316.6,4312.2,4313.6
1786002600,4318.7,4311.6,4318.7
1786002900,4322.3,4317.7,4321.8
1786003200,4325,4319.1,4320.2
1786003500,4324.4,4319.6,4323.7
1786003800,4329.3,4323.7,4328
1786004100,4330.3,4326.9,4328.4
1786004400,4328.6,4323,4324.8
1786004700,4328.8,4322.8,4326.8
1786005000,4333.4,4325.7,4332.7
1786005300,4334.3,4329.8,4330.2
1786005600,4333,4329.1,4331.9
1786005900,4334.4,4329.1,4332.4
1786006200,4336.2,4331.3,4333.8
1786006500,4337.7,4333,4337.1
1786006800,4342.5,4336.1,4339
1786007100,4339.6,4334.8,4335.4
1786007400,4339.1,4335.3,4339.1
1786007700,4342.5,4338.6,4341.5
1786008000,4344,4339.7,4342.6
1786008300,4342.8,4337.5,4342.2
1786008600,4343.4,4337,4338
1786008900,4338.8,4335.5,4337.9
1786009200,4338.3,4331.2,4331.4
1786009500,4335.4,4331.3,4335.4
1786009800,4335.3,4330.4,4331
1786010100,4332.8,4330.6,4332.3
1786010400,4333.2,4330.2,4330.7
1786010700,4331.3,4328.8,4330.2
1786011000,4330.3,4327.9,4329
1786011300,4330,4326.5,4328.5
1786011600,4330.4,4327,4330.2
1786011900,4330.4,4327.3,4328.6
1786012200,4329.3,4325.8,4327.6
1786012500,4328.6,4326.7,4328
1786012800,4329.1,4322,4324.5
1786013100,4329.8,4324,4329.5
1786013400,4330.9,4328.1,4329.9
1786013700,4330.8,4328.3,4329.9
1786014000,4332.9,4326.8,4327.7
1786014300,4329,4325.3,4326.2
1786014600,4328.5,4325.9,4328.5
1786014900,4331,4322.9,4324.8
1786015200,4325.5,4318.9,4320.7
1786015500,4323.6,4319.6,4323.6
1786015800,4325.9,4322.2,4324
1786016100,4326,4320.3,4320.9
1786016400,4321.7,4318.2,4319.2
1786016700,4319.6,4314,4315.2
1786017000,4317.5,4312.5,4314.9
1786017300,4322.8,4314,4322.3
1786017600,4324.7,4319.4,4323
1786017900,4322.7,4315.6,4316.3
1786018200,4317.9,4314,4314.9
1786018500,4316.2,4311.7,4315.6
1786018800,4321.7,4314.8,4319.8
1786019100,4323.8,4315.4,4320.9
1786019400,4328.9,4315.1,4326.8
1786019700,4330.2,4325.8,4329.4
1786020000,4329.5,4325.2,4326.1
1786020300,4326.7,4313.3,4314.5
1786020600,4315.6,4309.7,4310
1786020900,4313.6,4307.3,4308.6
1786021200,4314.4,4308.3,4310.9
1786021500,4311.2,4288.7,4289.7
1786021800,4297.8,4288.2,4296.8
1786022100,4302.9,4293.8,4302.6
1786022400,4306.6,4299.1,4301
1786022700,4306.3,4297.3,4306
1786023000,4310.8,4304,4309.1
1786023300,4323.7,4308.6,4317.4
1786023600,4333,4316.7,4328.9
1786023900,4329.1,4321.1,4322.5
1786024200,4326.9,4320.5,4324.9
1786024500,4328.5,4324.3,4326.1
1786024800,4330.6,4323.8,4325.8
1786025100,4330.8,4322.9,4324.5
1786025400,4336.1,4324,4327.4
1786025700,4327.9,4319.3,4325.1
1786026000,4326.6,4320,4321.2
1786026300,4328.2,4318.8,4324.8
1786026600,4333.9,4324.7,4331.2
1786026900,4334.1,4329.1,4329.4
1786027200,4334.1,4328.6,4332.7
1786027500,4335.4,4324.2,4324.4
1786027800,4330.5,4321.6,4330.2
1786028100,4332.5,4326.4,4332
1786028400,4333.7,4327.8,4329.5
1786028700,4330.7,4324,4325.1
1786029000,4327.4,4320.4,4322.6
1786029300,4322.8,4315,4315.4
1786029600,4317.7,4309,4313.7
1786029900,4318.3,4312.1,4313.6
1786030200,4314.3,4307.4,4307.4
1786030500,4311.2,4303.8,4310.6
1786030800,4311.6,4306.4,4310
1786031100,4310.1,4305.7,4306.3
1786031400,4308.3,4292.5,4293
1786031700,4295.9,4286.2,4291.8
1786032000,4296.5,4290.3,4295.3
1786032300,4300.5,4293.6,4299.1
1786032600,4299.6,4288.3,4290.6
1786032900,4290.8,4282.1,4285
1786033200,4286,4280.8,4282.3
1786033500,4288.8,4281.2,4288.3
1786033800,4291.8,4288,4290
1786034100,4294.1,4289.7,4293.1
1786034400,4293.7,4290,4291.5
1786034700,4294.7,4289.4,4294.4
1786035000,4296,4293.1,4295.1
1786035300,4300.9,4295.1,4299.5
1786035600,4301.5,4297.5,4299.7
1786035900,4302,4298.6,4301.2
1786036200,4303.1,4299.1,4299.3
1786036500,4300.3,4297.2,4299.8
1786036800,4301.1,4296.8,4298.2
1786037100,4301.3,4297.9,4300.1
1786037400,4300.4,4297.6,4298.9
1786037700,4302.3,4297.1,4300.7
1786038000,4301.9,4299.9,4300.6
1786038300,4301.5,4299,4300.5
1786038600,4307.4,4300.7,4305.6
1786038900,4306.7,4304,4305.8
1786039200,4306.2,4302.5,4304.2
1786039500,4307.8,4304.2,4306.5
1786039800,4307.2,4304.7,4305.1
1786040100,4307.4,4304.5,4306.1
1786040400,4308.1,4305.3,4306.3
1786040700,4306.6,4304.6,4305.2
1786041000,4306.2,4301.6,4302.3
1786041300,4303.3,4300.7,4301.8
1786041600,4302.5,4299.3,4300.5
1786041900,4303.7,4300.2,4303.4
1786042200,4304.3,4300,4300
1786042500,4302.2,4299,4302.2
1786042800,4307.5,4301.5,4307
1786043100,4307.6,4305.2,4307.6
1786043400,4310,4305.8,4305.9
1786043700,4307.2,4303.9,4304
1786044000,4306.1,4298.8,4299
1786044300,4300.9,4294,4296.9
1786044600,4297.8,4294.5,4297.8
1786044900,4298.9,4295.2,4295.6
1786045200,4296,4292,4293.6
1786045500,4298.3,4293.8,4296.8
1786045800,4309.6,4296.5,4305.4
1786046100,4308.2,4302.4,4307.9
1786046400,4309.2,4304.8,4305.9
1786046700,4306.4,4304.2,4304.5
1786047000,4305.7,4301.7,4303.5
1786047300,4304.6,4302.5,4303.1
1786047600,4303.7,4300.9,4301.1
1786047900,4301.8,4298.6,4300.8
1786048200,4300.8,4299.7,4300.1
1786048500,4301.2,4298.6,4298.9
1786048800,4299.1,4293.8,4293.8
1786049100,4297.8,4293.2,4295.4
1786049400,4300.8,4294.5,4300.3
1786049700,4300.4,4298.2,4298.7
1786053600,4301.4,4293.8,4294.3
1786053900,4296.7,4294.7,4296.3
1786054200,4297.4,4294.7,4297.4
1786054500,4299.8,4297.2,4299.3
1786054800,4301,4297.7,4300.8
1786055100,4301.7,4299.3,4300.8
1786055400,4301.5,4299.6,4300
1786055700,4299.8,4298,4298.5
1786056000,4299.6,4297.1,4297.5
1786056300,4300.1,4296.9,4300
1786056600,4301.3,4299.1,4300.2
1786056900,4300.3,4298.5,4298.5
1786057200,4301.4,4298.1,4300.2
1786057500,4304,4300.4,4302.3
1786057800,4304,4302.3,4304
1786058100,4305.1,4303.2,4304.1
1786058400,4304.7,4304,4304.4
1786058700,4304.7,4301.6,4303.7
1786059000,4307.5,4303.2,4305.8
1786059300,4306.6,4304.6,4304.7
1786059600,4306.7,4303.4,4305.4
1786059900,4307.9,4304.5,4307
1786060200,4311.1,4306.9,4310.4
1786060500,4312,4309.1,4310.9
1786060800,4311.3,4305.8,4308.1
1786061100,4309.3,4307.2,4307.7
1786061400,4307.6,4301.6,4303.1
1786061700,4304.8,4299.3,4300.6
1786062000,4303.6,4297.6,4297.9
1786062300,4302.4,4297.4,4301.9
1786062600,4302.3,4298.8,4300
1786062900,4300.9,4293.2,4293.9
1786063200,4294.1,4288.4,4293.1
1786063500,4295.4,4289.1,4289.1
1786063800,4293.3,4288.8,4291.9
1786064100,4292.2,4287.2,4290.9
1786064400,4301.6,4289.8,4300.1
1786064700,4305.2,4298.3,4300.6
1786065000,4303.5,4298.4,4302.4
1786065300,4304.7,4301.5,4302.6
1786065600,4308.4,4299.4,4300
1786065900,4304.7,4298.3,4301.8
1786066200,4303.9,4297.2,4301.1
1786066500,4305.2,4299.9,4305.1
1786066800,4316.8,4304.2,4315
1786067100,4317.4,4310.4,4312
1786067400,4313.6,4310,4312.7
1786067700,4317.6,4311.9,4314.8
1786068000,4320.4,4314,4319.8
1786068300,4320,4316.3,4317.2
1786068600,4318.1,4315.6,4316.9
1786068900,4319.7,4316,4316.7
1786069200,4319.4,4315.7,4318.9
1786069500,4319.9,4317.7,4319.5
1786069800,4320.7,4314.8,4315.3
1786070100,4315.8,4310.4,4311.6
1786070400,4313.5,4308.1,4308.2
1786070700,4310.6,4305.4,4309.2
1786071000,4314.1,4309.5,4313
1786071300,4314.7,4308.2,4308.8
1786071600,4318.2,4308.4,4317.1
1786071900,4317.3,4314.8,4315.6
1786072200,4316.1,4311.4,4313.4
1786072500,4314.5,4311.4,4312.8
1786072800,4315,4310.4,4313.8
1786073100,4317.5,4313,4316.9
1786073400,4320.1,4317.3,4318
1786073700,4319.9,4316.4,4319.3
1786074000,4320.9,4318.6,4319.5
1786074300,4320.8,4318.3,4320
1786074600,4320.1,4318,4319.5
1786074900,4325.5,4319.2,4325.1
1786075200,4328.4,4321.4,4324.4
1786075500,4327.2,4323.9,4326.1
1786075800,4327.1,4323.1,4325.4
1786076100,4326.9,4321.4,4321.4
1786076400,4328,4321,4325
1786076700,4326.7,4323.3,4324
1786077000,4327.9,4323,4327.2
1786077300,4327.6,4323.3,4324
1786077600,4325.2,4320.2,4323.2
1786077900,4323.5,4321.3,4323
1786078200,4325.8,4323.3,4325.7
1786078500,4326.2,4324,4324
1786078800,4325.7,4322.7,4324.9
1786079100,4326.1,4320.5,4325.9
1786079400,4330.7,4325,4329
1786079700,4330,4327.4,4327.5
1786080000,4329.8,4324.7,4325.9
1786080300,4326.9,4323.8,4325.7
1786080600,4335.9,4325.1,4334.3
1786080900,4336.7,4332.1,4332.7
1786081200,4332.9,4329.6,4330.6
1786081500,4336,4330.6,4335.5
1786081800,4339,4332.6,4333.6
1786082100,4339.6,4333.6,4337.2
1786082400,4341.7,4337.1,4341.1
1786082700,4343.1,4340,4341.1
1786083000,4350,4340.5,4345.3
1786083300,4348.9,4342.5,4346.9
1786083600,4350.3,4345.3,4346.1
1786083900,4346.1,4341.2,4342
1786084200,4346.2,4338.8,4344.9
1786084500,4352.6,4344.6,4350.6
1786084800,4354.3,4350.5,4351.2
1786085100,4354.5,4348.2,4348.3
1786085400,4354.2,4347.7,4352.4
1786085700,4358,4352.3,4356.4
1786086000,4357.4,4351.9,4353.8
1786086300,4353.7,4349.4,4350.5
1786086600,4352.4,4348.8,4350.2
1786086900,4351.5,4347.8,4350.5
1786087200,4351.5,4346.8,4346.9
1786087500,4347.3,4343.6,4344.9
1786087800,4347.3,4342.9,4346.4
1786088100,4348,4344.5,4344.8
1786088400,4347,4343.4,4344.2
1786088700,4346.3,4341.8,4343.9
1786089000,4346,4343.1,4345.9
1786089300,4350.1,4345.6,4348.8
1786089600,4352.9,4347.8,4351.4
1786089900,4355.6,4351.5,4353.8
1786090200,4359.7,4353.7,4358.8
1786090500,4360,4356.2,4357.2
1786090800,4357.5,4352.8,4354.1
1786091100,4355.1,4352.4,4354.1
1786091400,4374,4353.3,4372.8
1786091700,4375.7,4360.3,4363.7
1786092000,4369.1,4363.7,4367.8
1786092300,4371.5,4365.8,4366.2
1786092600,4367.1,4362.8,4363.6
1786092900,4367.3,4362.7,4365.5
1786093200,4367.1,4363.7,4365.2
1786093500,4366.7,4364.1,4365.5
1786093800,4366.8,4364.1,4365.5
1786094100,4367.6,4364.2,4366.1
1786094400,4370.5,4365.9,4370
1786094700,4370.4,4364.8,4366
1786095000,4367.1,4361.7,4364
1786095300,4368.5,4362.2,4368.1
1786095600,4377.6,4368.2,4376.5
1786095900,4380.5,4374.2,4376.1
1786096200,4379.7,4375.7,4377.4
1786096500,4379,4373.7,4375.7
1786096800,4379.5,4374.4,4377.1
1786097100,4377.4,4371.3,4371.7
1786097400,4373.4,4367.3,4367.7
1786097700,4373.4,4367.3,4372.4
1786098000,4372.8,4370,4371.7
1786098300,4373.7,4371.5,4373
1786098600,4376.2,4372.3,4375.2
1786098900,4377.7,4373.7,4376.6
1786099200,4377.8,4374.8,4376.3
1786099500,4379.6,4375.8,4377.9
1786099800,4380.2,4376.6,4376.8
1786100100,4377.3,4375.6,4376.4
1786100400,4384,4376.2,4382.9
1786100700,4386.1,4381.2,4384.4
1786101000,4385,4378.8,4379.5
1786101300,4380.4,4376,4379.6
1786101600,4384.9,4379.4,4383.7
1786101900,4386.9,4383.3,4384.5
1786102200,4387.2,4384,4384
1786102500,4384.4,4380,4382.6
1786102800,4385,4381.2,4382.4
1786103100,4385,4381.6,4383.1
1786103400,4386.5,4380,4385.8
1786103700,4386.6,4380.4,4380.6
1786104000,4385,4378.4,4379.1
1786104300,4379.4,4374.6,4378.3
1786104600,4382.1,4373.8,4374.3
1786104900,4376.4,4371.5,4373.9
1786105200,4376.9,4369.5,4370
1786105500,4375.6,4348.7,4370.3
1786105800,4425,4350,4419.8
1786106100,4427,4412.2,4425.5
1786106400,4431.2,4421.3,4427.4
1786106700,4432.4,4426.8,4429.1
1786107000,4432.3,4423.8,4425.2
1786107300,4426.3,4416.1,4421.9
1786107600,4424.9,4407.4,4407.5
1786107900,4412.8,4405.9,4410.4
1786108200,4411.1,4406.3,4407.8
1786108500,4409.4,4398.8,4407.3
1786108800,4413.9,4407.3,4410.7
1786109100,4418.4,4408.5,4416.7
1786109400,4420.3,4410.6,4413.7
1786109700,4427,4409.6,4425.4
1786110000,4428.7,4418.4,4418.4
1786110300,4420.5,4412.2,4413.7
1786110600,4418.7,4412.2,4415.1
1786110900,4417.2,4402.4,4408.3
1786111200,4409.4,4393.2,4393.3
1786111500,4398,4390.1,4397.3
1786111800,4401.6,4386.5,4394.2
1786112100,4406.8,4390,4405.9
1786112400,4411.9,4403.5,4411.4
1786112700,4413.1,4407.6,4408.8
1786113000,4411.1,4403.7,4407.9
1786113300,4409.8,4403,4403.9
1786113600,4410.7,4402.2,4404.7
1786113900,4407.5,4400.2,4403
1786114200,4409.2,4403.1,4405.4
1786114500,4406.5,4400,4401.3
1786114800,4409.2,4399.6,4405.4
1786115100,4414,4404.8,4408.7
1786115400,4416.1,4406.6,4415.3
1786115700,4417,4412,4414.3
1786116000,4418.7,4414.1,4416.5
1786116300,4417.8,4410.4,4410.6
1786116600,4412.8,4406,4409
1786116900,4413.6,4408.2,4411.7
1786117200,4412.5,4407.7,4408.6
1786117500,4410.9,4407.4,4408.6
1786117800,4409.7,4398.8,4402.2
1786118100,4404.6,4399.7,4400.1
1786118400,4403.2,4397.6,4402.6
1786118700,4409.3,4402.6,4406.4
1786119000,4408,4403.3,4407.1
1786119300,4407.9,4401.6,4401.9
1786119600,4409.4,4397.1,4397.4
1786119900,4397.5,4393.9,4396.9
1786120200,4398.5,4391.8,4398.5
1786120500,4401.7,4395.9,4399.5
1786120800,4400.7,4396.1,4398.1
1786121100,4402,4395.4,4398
1786121400,4398.8,4392.2,4393.4
1786121700,4394.2,4388.7,4388.7
1786122000,4394.8,4387.3,4394.6
1786122300,4398,4394,4395.2
1786122600,4397.3,4394.2,4395.1
1786122900,4395.9,4393.1,4394.7
1786123200,4399.3,4393.5,4398.2
1786123500,4401.7,4396.4,4399
1786123800,4399.5,4393.4,4396
1786124100,4396.2,4389,4394.3
1786124400,4397.9,4394.1,4395.6
1786124700,4397,4394.2,4396.1
1786125000,4400.9,4396.1,4400.5
1786125300,4402.7,4399.5,4399.9
1786125600,4401,4398.6,4399.9
1786125900,4403,4399.6,4401.7
1786126200,4402.4,4394.6,4394.8
1786126500,4398.1,4394.8,4395.8
1786126800,4396.2,4391.9,4393.3
1786127100,4395.5,4391.7,4394.2
1786127400,4397.8,4393.6,4396.8
1786127700,4399.2,4396.6,4397
1786128000,4397.5,4393.3,4394.3
1786128300,4397.5,4394.3,4396.6
1786128600,4397.6,4394.1,4395.3
1786128900,4396.4,4393,4395.6
1786129200,4405.1,4395.3,4400.5
1786129500,4405.1,4400.1,4404.9
1786129800,4406,4403.4,4403.8
1786130100,4410.4,4403.2,4407.3
1786130400,4410.8,4407.3,4408.9
1786130700,4409.2,4406.9,4408.7
1786131000,4409,4405,4405.9
1786131300,4407,4404.4,4406.1
1786131600,4408.1,4404.5,4407.6
1786131900,4409.3,4406.7,4407
1786132200,4408.8,4401.6,4402.4
1786132500,4404.9,4399.5,4403.4
1786132800,4404.6,4401.8,4402.9
1786133100,4403.9,4401,4401
1786133400,4402,4397.3,4401.6
1786133700,4402.4,4398.6,4399
1786134000,4399.3,4398,4398.6
1786134300,4399.3,4396.5,4397.2
1786134600,4397.3,4394.9,4396.7
1786134900,4400.7,4396.8,4400.1
1786135200,4401.6,4399.5,4400.6
1786135500,4400.9,4398.3,4399
1786135800,4400.5,4398.8,4400.5
1786136100,4402.6,4399,4401.5
1786312800,4411.5,4391.9,4399.2
1786313100,4399.1,4393.5,4398.4
1786313400,4405.6,4397.5,4402.5
1786313700,4404.1,4398.6,4398.9
1786314000,4399.7,4396.8,4398.2
1786314300,4402.9,4398.3,4402.7
1786314600,4404,4399.5,4401.1
1786314900,4402.1,4398.8,4400.1
1786315200,4401.2,4398.9,4399
1786315500,4403.1,4398.7,4402.2
1786315800,4402.7,4400.8,4401.4
1786316100,4401.8,4400,4400.2
1786316400,4406.4,4399.7,4406
1786316700,4406.8,4403.9,4405.4
1786317000,4406.6,4404.4,4405.6
1786317300,4406.3,4402.6,4405
1786317600,4408.1,4404.3,4407.3
1786317900,4408.2,4404.9,4405.4
1786318200,4406.5,4399,4400.6
1786318500,4402,4398.9,4401.7
1786318800,4401.9,4399.8,4401.3
1786319100,4402.3,4400,4401.1
1786319400,4401.9,4399.2,4399.3
1786319700,4399.6,4390,4391.8
1786320000,4400,4391.4,4399.5
1786320300,4402.7,4398.7,4400.9
1786320600,4406.3,4398.7,4403.7
1786320900,4404.8,4398,4402.7
1786321200,4403,4397.7,4398.8
1786321500,4399.4,4395.8,4396.5
1786321800,4398.3,4394.3,4395
1786322100,4396.2,4392.3,4395.8
1786322400,4397.3,4392.5,4393.2
1786322700,4395,4392.3,4394.3
1786323000,4396.4,4392.2,4392.7
1786323300,4393.9,4389.4,4391.5
1786323600,4400,4385,4386.4
1786323900,4387.8,4381.5,4383.8
1786324200,4385,4381.7,4383.3
1786324500,4386.5,4381.7,4384.3
1786324800,4388.7,4381.9,4388.1
1786325100,4388.6,4376.4,4376.5
1786325400,4381.4,4374.1,4380.4
1786325700,4380.6,4376.2,4377.3
1786326000,4378.5,4373.7,4378
1786326300,4381.9,4376.3,4380.6
1786326600,4383.8,4379.5,4380.8
1786326900,4384.5,4378.1,4383
1786327200,4384.1,4380.4,4382.3
1786327500,4385,4379.4,4384.3
1786327800,4386.5,4382,4385
1786328100,4386.3,4383.9,4385.6
1786328400,4388.1,4384.3,4387.1
1786328700,4392.4,4386.4,4390.9
1786329000,4393,4384.8,4387.9
1786329300,4390,4384.7,4385.6
1786329600,4390.1,4383.1,4386.7
1786329900,4387.5,4381.5,4383.4
1786330200,4384.9,4379.3,4380
1786330500,4382.5,4378.9,4379.6
1786330800,4381.2,4378,4379.1
1786331100,4379.6,4377.4,4377.7
1786331400,4380.2,4377.4,4379.9
1786331700,4384.3,4379.5,4384
1786332000,4386.5,4383.3,4383.4
1786332300,4388.3,4383.5,4387.5
1786332600,4388.8,4385.9,4388.2
1786332900,4390.6,4386.5,4386.8
1786333200,4387.4,4385.5,4386.1
1786333500,4388,4384.5,4387.6
1786333800,4388.7,4386.9,4388
1786334100,4388.8,4387,4387.2
1786334400,4388.9,4383.6,4386.5
1786334700,4387.8,4383.6,4387.8
1786335000,4393,4387.8,4393
1786335300,4394.8,4391,4394.2
1786335600,4397.8,4393.7,4397.3
1786335900,4397.7,4393.9,4394.9
1786336200,4396.5,4393.3,4394.6
1786336500,4396.3,4393.6,4393.9
1786336800,4393.9,4389.7,4392.2
1786337100,4395.1,4391.5,4393.4
1786337400,4397,4393,4395.6
1786337700,4399.5,4395.2,4399.3
1786338000,4399.9,4395.1,4396.9
1786338300,4399.2,4396.1,4396.1
1786338600,4396.4,4393.4,4394.6
1786338900,4396.1,4392.5,4393
1786339200,4396.1,4393,4394.8
1786339500,4394.9,4393,4393.6
1786339800,4401.4,4391.5,4400.6
1786340100,4402.3,4398.9,4401.7
1786340400,4404.6,4398.8,4403.5
1786340700,4407.5,4400.7,4405.8
1786341000,4413,4405.5,4408.4
1786341300,4409.5,4405,4406.9
1786341600,4407.3,4401.4,4402.2
1786341900,4406.6,4401.8,4406.2
1786342200,4410,4405.7,4406.9
1786342500,4409.5,4402.2,4402.8
1786342800,4405.3,4402.2,4405.2
1786343100,4408.1,4403.5,4408.1
1786343400,4409,4406,4407.1
1786343700,4409.6,4405.4,4408
1786344000,4415.5,4406.5,4414.8
1786344300,4418,4414.6,4416.3
1786344600,4416.9,4414.7,4416.9
1786344900,4419.7,4416.1,4417.7
1786345200,4418.4,4413.2,4414
1786345500,4416.6,4413.2,4413.2
1786345800,4414.1,4409.1,4410.3
1786346100,4416.2,4409.7,4413.7
1786346400,4418.5,4411.4,4417.6
1786346700,4418.3,4411.8,4414.5
1786347000,4414.8,4412,4412.6
1786347300,4419.4,4412.4,4418.3
1786347600,4419.5,4415.8,4418.5
1786347900,4421.6,4416,4416.5
1786348200,4417.8,4414.2,4414.8
1786348500,4415.7,4414.1,4414.7
1786348800,4415.5,4413.3,4415.3
1786349100,4415.5,4410.8,4412
1786349400,4413.9,4411.2,4413.7
1786349700,4415.1,4412.5,4414.2
1786350000,4414.6,4411.8,4412.3
1786350300,4415.7,4411.5,4415.1
1786350600,4416.1,4407.9,4409.7
1786350900,4410.7,4407.4,4407.4
1786351200,4409,4404.9,4405.3
1786351500,4408.3,4404.6,4405.7
1786351800,4407.5,4404.1,4405.4
1786352100,4407.6,4402.8,4405.8
1786352400,4407.8,4404.6,4407.2
1786352700,4408.1,4404.9,4406.7
1786353000,4409.2,4406,4408.8
1786353300,4408.7,4405.1,4406.5
1786353600,4407.8,4405.9,4407.3
1786353900,4408.1,4403.9,4406.2
1786354200,4406,4400.9,4403.1
1786354500,4403.5,4398.3,4401.3
1786354800,4403.7,4401,4403.7
1786355100,4404.7,4400.9,4401.5
1786355400,4402,4399.8,4401
1786355700,4402.4,4400.2,4400.2
1786356000,4400.7,4398.2,4399.9
1786356300,4400.8,4399,4399.7
1786356600,4400.3,4398.7,4400
1786356900,4400.8,4398.4,4400.7
1786357200,4403.2,4399.9,4402.2
1786357500,4402.9,4400.8,4402.6
1786357800,4403.3,4399.1,4401.2
1786358100,4401.4,4397.3,4398.7
1786358400,4399,4396.4,4397
1786358700,4398.5,4396.6,4397.3
1786359000,4400,4396.8,4397.4
1786359300,4399,4394,4395.1
1786359600,4396.2,4393.4,4393.7
1786359900,4395,4392.1,4393
1786360200,4393.3,4386.9,4390.5
1786360500,4390.5,4388,4388.8
1786360800,4393,4387.9,4392.5
1786361100,4395.7,4392.3,4393.5
1786361400,4398.4,4393.5,4397.1
1786361700,4398.8,4394.5,4398.6
1786362000,4398.6,4395.6,4396.5
1786362300,4397.1,4391.1,4391.8
1786362600,4395.2,4391.2,4394.1
1786362900,4395.3,4392.2,4393.5
1786363200,4394,4391.3,4392.5
1786363500,4396.3,4390.8,4394
1786363800,4394.6,4389.8,4390.4
1786364100,4391.3,4387.2,4387.6
1786364400,4390.2,4385.1,4386.3
1786364700,4386.8,4382.5,4386.5
1786365000,4390.3,4385,4386.5
1786365300,4391.5,4385.1,4389.7
1786365600,4391.4,4387.7,4387.8
1786365900,4392,4387.3,4390.6
1786366200,4392,4388.4,4390.5
1786366500,4394.7,4389,4391.5
1786366800,4393.5,4384.6,4387.8
1786367100,4393.4,4387,4393.3
1786367400,4396.7,4392.6,4396.3
1786367700,4396.9,4393.2,4394.1
1786368000,4395.6,4387.7,4389.5
1786368300,4394.3,4389.1,4394.1
1786368600,4397.6,4390.8,4395.5
1786368900,4398.4,4394.6,4396.3
1786369200,4396.6,4387.5,4388.9
1786369500,4390.2,4382.9,4385.8
1786369800,4386.6,4379.2,4381.6
1786370100,4383.3,4375,4376.4
1786370400,4384.1,4376,4381.7
1786370700,4385.2,4380.2,4382.8
1786371000,4390,4383.2,4388.9
1786371300,4395.5,4387.3,4393
1786371600,4399.4,4391.3,4397.3
1786371900,4407.3,4397.3,4404.5
1786372200,4411.2,4404,4406.7
1786372500,4408.4,4404,4406.2
1786372800,4409.6,4405.4,4409.2
1786373100,4410.7,4405.8,4407.2
1786373400,4407,4402.2,4402.6
1786373700,4405.4,4402.5,4405.1
1786374000,4409,4403.1,4407
1786374300,4412,4401.8,4404.6
1786374600,4407.3,4403,4406.5
1786374900,4411.6,4405.6,4409
1786375200,4412,4408.3,4409
1786375500,4411,4406.6,4408.7
1786375800,4411.3,4407.3,4407.7
1786376100,4411.6,4407.6,4409.8
1786376400,4411.2,4409,4410.1
1786376700,4413.2,4408.2,4411.6
1786377000,4417.4,4411.4,4416.6
1786377300,4419.1,4415.9,4418
1786377600,4423.8,4417.3,4417.4
1786377900,4423.3,4416.1,4422.7
1786378200,4424.4,4420.6,4420.8
1786378500,4422.8,4420.2,4420.7
1786378800,4423.6,4420.7,4422.7
1786379100,4424.3,4421,4422.2
1786379400,4422.5,4405,4416
1786379700,4418.9,4414.2,4414.8
1786380000,4416.1,4410.4,4411.1
1786380300,4414.6,4411.1,4412.8
1786380600,4413.6,4411.5,4413.1
1786380900,4416.5,4411.5,4416.4
1786381200,4417.2,4413.5,4413.8
1786381500,4416.4,4410.7,4415.1
1786381800,4417.5,4414.5,4416.3
1786382100,4417.5,4415.3,4416.2
1786382400,4419.7,4416.5,4419
1786382700,4420.5,4417.6,4420.3
1786383000,4422.2,4418.9,4421.5
1786383300,4425.1,4421.4,4423.2
1786383600,4423.4,4418.7,4419.6
1786383900,4420.1,4416.4,4419.7
1786384200,4420.5,4417.9,4417.9
1786384500,4419.2,4416.6,4419.2
1786384800,4423.2,4418.8,4423
1786385100,4424.8,4422.5,4422.9
1786385400,4423.9,4422,4422.2
1786385700,4423.5,4420.6,4422.2
1786386000,4424.5,4421.4,4423.8
1786386300,4426.6,4423.9,4425
1786386600,4440.3,4424.5,4438.7
1786386900,4441.3,4436.4,4440.5
1786387200,4442.6,4438.6,4438.8
1786387500,4439.1,4432.5,4435.8
1786387800,4438.4,4434.2,4436.2
1786388100,4438.4,4435.3,4437.8
1786388400,4440.6,4437.7,4439.2
1786388700,4442.1,4439.2,4441.3
1786389000,4442,4439.6,4441.2
1786389300,4442.3,4440.4,4442
1786389600,4447.5,4441.8,4445.8
1786389900,4450.8,4445.4,4449.6
1786390200,4453.2,4445.2,4446.2
1786390500,4447.7,4443.4,4446.6
1786390800,4449.5,4445.6,4446.6
1786391100,4453.9,4445.9,4452.9
1786391400,4453.9,4449.5,4451.1
1786391700,4451.4,4445.9,4446.8
1786392000,4449,4446.6,4447.5
1786392300,4447.6,4444.5,4445
1786392600,4449.8,4444.8,4448.4
1786392900,4450.3,4448.3,4448.9
1786393200,4449,4445.2,4447.8
1786393500,4451.1,4447.3,4449.9
1786393800,4451.1,4449.5,4450.3
1786394100,4450.5,4449,4449.3
1786394400,4450.6,4448.7,4449.1
1786394700,4449.8,4447.9,4448
1786395000,4449.6,4447.6,4448.5
1786395300,4449.9,4447.7,4448.7
1786399200,4451.5,4443.7,4449.2
1786399500,4451,4448.7,4450.5
1786399800,4452.2,4449.9,4450.2
1786400100,4452,4450.5,4451.8
1786400400,4452.7,4451.2,4452.3
1786400700,4452.7,4451,4451.2
1786401000,4453.1,4451.1,4452.7
1786401300,4453.5,4452.2,4453.2
1786401600,4455.7,4452.8,4454.7
1786401900,4457.8,4454.6,4457.2
1786402200,4459.2,4456.5,4459.1
1786402500,4460.9,4457.4,4459.1
1786402800,4461.4,4456.9,4458.2
1786403100,4461.7,4455.3,4456
1786403400,4457.1,4455,4457
1786403700,4457.1,4453,4454.6
1786404000,4455.9,4454.1,4454.4
1786404300,4455.6,4454,4454.8
1786404600,4455.7,4454.4,4455
1786404900,4458.7,4454.9,4458.4
1786405200,4458.5,4457,4457.9
1786405500,4459,4456.2,4457.7
1786405800,4458.9,4455.9,4458.5
1786406100,4463,4458.2,4462.2
1786406400,4464.5,4456,4464.4
1786406700,4466.1,4462.5,4465.6
1786407000,4468.6,4463.2,4464.7
1786407300,4467.3,4463.8,4465.5
1786407600,4471.6,4465.2,4471.6
1786407900,4475.9,4471.2,4473.5
1786408200,4473.6,4470.3,4472.4
1786408500,4472.8,4467.4,4470.7
1786408800,4473.6,4466.5,4473.6
1786409100,4478.7,4469.3,4472.5
1786409400,4472.5,4469,4469.1
1786409700,4471.2,4467.1,4468.8
1786410000,4469.2,4453,4460.2
1786410300,4469,4458.6,4468
1786410600,4474.9,4468,4474.4
1786410900,4479.3,4472.4,4474.4
1786411200,4480,4473.5,4474.4
1786411500,4479.5,4472.8,4479.1
1786411800,4482,4478.1,4480
1786412100,4480.9,4476.6,4479.4
1786412400,4483,4475.2,4475.3
1786412700,4487.8,4474.4,4486.5
1786413000,4491.4,4485,4491.2
1786413300,4493.5,4488.5,4489.5
1786413600,4489.8,4483.3,4486.8
1786413900,4489.4,4481,4483.3
1786414200,4494.5,4482.8,4493.7
1786414500,4495.1,4491.5,4491.5
1786414800,4492.1,4485.9,4486.2
1786415100,4490.4,4485.9,4488.4
1786415400,4489.2,4484,4486.8
1786415700,4487,4473.5,4476.2
1786416000,4481.4,4476.1,4478.5
1786416300,4479.3,4474.9,4475.2
1786416600,4475.1,4469.2,4471.7
1786416900,4473.4,4467.9,4470.8
1786417200,4474.7,4470.2,4473.5
1786417500,4475,4469.2,4473.8
1786417800,4475.4,4472,4473.2
1786418100,4477.4,4472.5,4477
1786418400,4478.3,4474.3,4475.2
1786418700,4480.8,4475.2,4480.1
1786419000,4481.5,4478.4,4479.5
1786419300,4480.2,4478,4478.4
1786419600,4479.7,4474.9,4475.4
1786419900,4478,4473.5,4474.3
1786420200,4478.6,4473.6,4476.4
1786420500,4477.6,4475.8,4476.4
1786420800,4479.2,4476.1,4477.5
1786421100,4478.2,4473.7,4473.8
1786421400,4474.3,4472,4473.6
1786421700,4475.7,4472.5,4473
1786422000,4473.4,4469.9,4472.5
1786422300,4475.1,4470.3,4474.7
1786422600,4480.3,4470.6,4476
1786422900,4476.2,4470.6,4473.9
1786423200,4474.8,4468.2,4469.8
1786423500,4471.2,4465.7,4467.5
1786423800,4468.1,4465.2,4466.7
1786424100,4469.2,4463.4,4468.9
1786424400,4469,4464.7,4465.4
1786424700,4466.1,4462,4465.6
1786425000,4465.8,4459,4461.7
1786425300,4461.9,4457.2,4458.4
1786425600,4459.3,4455.7,4457.5
1786425900,4457.5,4450.1,4451.8
1786426200,4451.8,4432.1,4444.1
1786426500,4445.6,4437.1,4439.6
1786426800,4439.9,4433.3,4437.2
1786427100,4438.4,4431.7,4431.7
1786427400,4433.4,4428.2,4430.1
1786427700,4435.1,4427.2,4435.1
1786428000,4440.5,4431.2,4438.9
1786428300,4442.1,4437.7,4441.6
1786428600,4441.8,4432,4432.2
1786428900,4435.6,4428.8,4429
1786429200,4433.8,4426.7,4432.9
1786429500,4433.1,4421.2,4422.8
1786429800,4427.2,4418.6,4422.1
1786430100,4427.7,4420.1,4427.1
1786430400,4428.6,4422.5,4422.5
1786430700,4426.6,4421.8,4425.8
1786431000,4426.9,4419.6,4420.4
1786431300,4425.4,4418.8,4425.2
1786431600,4426.9,4420.8,4422
1786431900,4424.2,4420.1,4421.1
1786432200,4423.7,4420.3,4422.5
1786432500,4422.6,4416.8,4418.9
1786432800,4421.1,4416.7,4420
1786433100,4425.2,4418.9,4422.3
1786433400,4424.2,4417.7,4420.8
1786433700,4422.7,4418.2,4418.2
1786434000,4418.2,4415.8,4417.6
1786434300,4418.8,4416.4,4418.4
1786434600,4420.8,4416.8,4419.3
1786434900,4419.3,4415.9,4416.7
1786435200,4423.7,4416.1,4422.6
1786435500,4426.4,4421.7,4424.8
1786435800,4426.3,4423.1,4424.3
1786436100,4424.8,4419.1,4421.4
1786436400,4423.4,4417.9,4423.4
1786436700,4428.7,4422.9,4428
1786437000,4431.3,4427.4,4429.9
1786437300,4433.8,4429.4,4433.4
1786437600,4434.6,4432.6,4433.5
1786437900,4434.1,4431.2,4433
1786438200,4435.5,4429.8,4430.1
1786438500,4431.2,4427.5,4427.9
1786438800,4430.7,4426.2,4429.7
1786439100,4431.2,4428.8,4429
1786439400,4431.8,4428.9,4431
1786439700,4432.9,4429.8,4432.8
1786440000,4434.3,4429.8,4431.6
1786440300,4434.2,4429.7,4430.4
1786440600,4433.8,4428.9,4432.4
1786440900,4433.6,4430.9,4432
1786441200,4433.4,4429.2,4429.2
1786441500,4433.7,4429.1,4432.5
1786441800,4432.9,4430,4430.8
1786442100,4432,4430,4431.4
1786442400,4433.1,4429.9,4431.3
1786442700,4433.5,4430.2,4432.5
1786443000,4435,4431.6,4431.8
1786443300,4433.6,4431.5,4431.5
1786443600,4437,4431.1,4436.7
1786443900,4441,4435.6,4437.3
1786444200,4440.1,4436.9,4437.8
1786444500,4438.5,4436.3,4436.6
1786444800,4437.2,4435.6,4436.3
1786445100,4439.9,4436.3,4439.9
1786445400,4440.8,4438.8,4439.1
1786445700,4441.5,4437.5,4441.1
1786446000,4451.7,4439.2,4449.6
1786446300,4451,4447.1,4449.2
1786446600,4450.7,4446.1,4449.7
1786446900,4450.6,4446.5,4448.4
1786447200,4449.9,4444,4444.6
1786447500,4447,4443.5,4445.7
1786447800,4446.5,4443.7,4444.9
1786448100,4445.7,4441.6,4442.9
1786448400,4444.9,4441.3,4444.7
1786448700,4447.9,4444,4446
1786449000,4448.2,4443.3,4446.3
1786449300,4447,4444,4446
1786449600,4446.2,4442.3,4443.8
1786449900,4453.9,4443.4,4452.2
1786450200,4456,4450,4455.3
1786450500,4456.4,4451,4454.3
1786450800,4458.6,4446.3,4447.5
1786451100,4451.5,4446.1,4449.2
1786451400,4453.5,4446.9,4448.4
1786451700,4450.5,4447,4448
1786452000,4457.2,4448,4457.2
1786452300,4458.9,4453.8,4456
1786452600,4456.5,4451.1,4451.8
1786452900,4452.9,4450.1,4450.7
1786453200,4457.8,4449.7,4451.1
1786453500,4457.8,4451.3,4457.7
1786453800,4459.9,4452.6,4452.7
1786454100,4454.5,4448.1,4453.3
1786454400,4460,4453.1,4456.9
1786454700,4459,4454.6,4457.2
1786455000,4459.3,4448.7,4451.4
1786455300,4459,4447.6,4458.7
1786455600,4460.9,4457.1,4459
1786455900,4463.4,4451.6,4454.1
1786456200,4455.8,4443.1,4446.3
1786456500,4453.5,4445.6,4448.3
1786456800,4449.1,4439.6,4444
1786457100,4446.7,4441.6,4443.9
1786457400,4446.5,4441.1,4445.9
1786457700,4449.2,4441.9,4444.8
1786458000,4448.9,4440.6,4443.7
1786458300,4447.1,4441.1,4443.1
1786458600,4450.3,4443.1,4450.1
1786458900,4452.7,4448.8,4451.1
1786459200,4454.9,4450,4453.1
1786459500,4455.6,4451.8,4453.1
1786459800,4454.9,4451,4454.4
1786460100,4457.5,4452.3,4453.6
1786460400,4458.3,4452.5,4456.4
1786460700,4456.8,4449.1,4450.5
1786461000,4455.5,4448.4,4451.6
1786461300,4451.6,4440.7,4445.3
1786461600,4448.7,4442.5,4443
1786461900,4446.8,4440.8,4445.7
1786462200,4445.8,4435,4436.7
1786462500,4438.3,4430.4,4430.5
1786462800,4435.7,4428.2,4435.3
1786463100,4437.4,4434.3,4435.7
1786463400,4440.1,4434.8,4439.9
1786463700,4443.5,4439.1,4443
1786464000,4444.6,4440.1,4440.3
1786464300,4441.3,4438.2,4439.6
1786464600,4441.3,4438.2,4439.3
1786464900,4441.2,4438,4438.5
1786465200,4442.7,4438.3,4441.2
1786465500,4443.2,4440.2,4442.9
1786465800,4442.7,4438.9,4442
1786466100,4444.7,4441.7,4443.3
1786466400,4445.4,4442.5,4444.3
1786466700,4445.2,4441.4,4442.1
1786467000,4442.6,4440.5,4442
1786467300,4445,4441.5,4443.1
1786467600,4445.2,4442.1,4443.4
1786467900,4445.8,4441.3,4444.3
1786468200,4444.4,4440.7,4440.7
1786468500,4443.3,4439.3,4442.7
1786468800,4443.9,4438.7,4440.4
1786469100,4442.9,4438.1,4440.8
1786469400,4441.4,4435.3,4436
1786469700,4436.9,4433.7,4436.4
1786470000,4437.8,4435.6,4435.7
1786470300,4437.1,4434.5,4436
1786470600,4436.4,4432.3,4432.4
1786470900,4433,4428.1,4428.4
1786471200,4428.8,4422.9,4424.7
1786471500,4426.6,4420.4,4420.7
1786471800,4423.7,4419.7,4423.3
1786472100,4426.7,4422.8,4426
1786472400,4426.2,4421.2,4423.7
1786472700,4424.8,4419.6,4420.3
1786473000,4427.2,4420.2,4426.7
1786473300,4430.3,4426.4,4429.6
1786473600,4431.3,4427.8,4430.3
1786473900,4432,4429.9,4430.7
1786474200,4431.7,4430.5,4430.8
1786474500,4431.2,4429.1,4430.5
1786474800,4431.1,4425.5,4425.9
1786475100,4426,4422.4,4424.1
1786475400,4426.6,4422.2,4422.7
1786475700,4423.5,4420,4421.8
1786476000,4428.4,4420.7,4427.8
1786476300,4430.3,4426.3,4429.6
1786476600,4434.5,4429.6,4430.6
1786476900,4431,4427.7,4429.9
1786477200,4429.7,4425.7,4427
1786477500,4429.7,4425.8,4429
1786477800,4430.3,4425.6,4428.5
1786478100,4432.1,4428.3,4429.6
1786478400,4430,4427.1,4428.4
1786478700,4429.8,4427.6,4429.5
1786479000,4430,4428.9,4429.1
1786479300,4429.1,4426.5,4427.3
1786479600,4429,4426.7,4429
1786479900,4430.2,4428.3,4429.2
1786480200,4429.6,4428.6,4428.7
1786480500,4429.1,4427.9,4428.6
1786480800,4428.6,4426.6,4426.8
1786481100,4427.1,4426.2,4426.4
1786481400,4426.9,4426.2,4426.6
1786481700,4428.2,4426.7,4428.1
1786485600,4431.5,4428.1,4431.5
1786485900,4433,4430.8,4432.7
1786486200,4433.7,4432,4432.2
1786486500,4433.5,4431.5,4432.9
1786486800,4434.7,4433,4434.1
1786487100,4435.6,4433.7,4434.9
1786487400,4436.4,4434.4,4435.1
1786487700,4435.8,4434.3,4434.9
1786488000,4435,4433.4,4434.9
1786488300,4437.5,4432.7,4433.5
1786488600,4434.3,4429.6,4432.8
1786488900,4433.7,4426.2,4428
1786489200,4428.8,4422.3,4423.7
1786489500,4428.7,4421.3,4423.5
1786489800,4428.4,4423.3,4425
1786490100,4430.9,4423.8,4429.7
1786490400,4433,4429.4,4431.2
1786490700,4432.7,4426.7,4431.6
1786491000,4431.7,4425.1,4427.5
1786491300,4427.9,4426.4,4426.6
1786491600,4427.4,4426.2,4426.8
1786491900,4429.4,4426.7,4428.1
1786492200,4428.8,4427.2,4428.8
1786492500,4431.1,4428.8,4430.5
1786492800,4430.8,4425.6,4427.9
1786493100,4430.4,4427.1,4430.4
1786493400,4438.7,4429.6,4437.3
1786493700,4439.5,4433.3,4439
1786494000,4439.9,4436.7,4438.1
1786494300,4440.5,4437.1,4440.2
1786494600,4443,4438.7,4440.7
1786494900,4443.2,4440.4,4440.7
1786495200,4442.7,4440.4,4442.4
1786495500,4442.7,4440.2,4440.6
1786495800,4441.4,4437.4,4437.7
1786496100,4441.4,4437.1,4440.2
1786496400,4445.1,4437.9,4444.4
1786496700,4447.4,4441.7,4446.9
1786497000,4450.3,4446.5,4449.8
1786497300,4451.7,4446.3,4450.9
1786497600,4453.9,4448.8,4450.3
1786497900,4451.6,4449.1,4450.1
1786498200,4451,4445.5,4446.7
1786498500,4450.9,4444.6,4446.9
1786498800,4453,4446.8,4452.7
1786499100,4455.9,4450.6,4454.4
1786499400,4456.8,4454.1,4454.8
1786499700,4457.2,4452.9,4456.3
1786500000,4456.9,4453.6,4456.3
1786500300,4457.9,4455,4457
1786500600,4464.4,4457.1,4461
1786500900,4461.9,4458.3,4460.7
1786501200,4462.7,4460,4461.6
1786501500,4462.1,4459.8,4461.5
1786501800,4462.7,4457.3,4457.9
1786502100,4459.8,4456.6,4458.7
1786502400,4467.6,4458.7,4465
1786502700,4470.6,4464.6,4469.2
1786503000,4474.1,4468.8,4473.4
1786503300,4473.4,4470.6,4471.1
1786503600,4474.2,4468.3,4469.3
1786503900,4475.7,4468.2,4473.1
1786504200,4474.5,4470,4470.5
1786504500,4470.8,4466.3,4467.5
1786504800,4467.7,4464.4,4466.5
1786505100,4468.1,4465.9,4467.3
1786505400,4468.8,4464.9,4465.5
1786505700,4466.6,4463.6,4463.9
1786506000,4464.4,4461.3,4461.6
1786506300,4463.4,4461.3,4462.8
1786506600,4463.8,4460.7,4461.9
1786506900,4462.8,4461,4462.1
1786507200,4463.1,4461.3,4462.9
1786507500,4463.1,4459.4,4460
1786507800,4460.1,4456.2,4457.3
1786508100,4457.5,4455.3,4456.2
1786508400,4458.4,4456,4457.8
1786508700,4459.5,4457.4,4458.9
1786509000,4459.7,4457.2,4459.1
1786509300,4460,4458,4458.9
1786509600,4460.4,4455.1,4460.2
1786509900,4462.5,4459.5,4461.4
1786510200,4461.8,4459.8,4459.8
1786510500,4461.2,4459.2,4461.2
1786510800,4462.2,4459.8,4461.4
1786511100,4464.8,4460.5,4464.7
1786511400,4465,4460.8,4461
1786511700,4460.9,4456.4,4458.1
1786512000,4458.9,4452,4453.7
1786512300,4455.6,4452.3,4452.5
1786512600,4457,4448.8,4452.2
1786512900,4455,4450.4,4453.7
1786513200,4454.2,4447.6,4448
1786513500,4449.4,4445,4445.4
1786513800,4449.3,4443.9,4448.9
1786514100,4454.1,4448.5,4451.1
1786514400,4453,4447.1,4447.9
1786514700,4448.5,4445.3,4446.5
1786515000,4448.4,4445.2,4447.1
1786515300,4450.8,4445.7,4449.2
1786515600,4450.8,4448,4449.1
1786515900,4450.1,4447,4449.7
1786516200,4450.5,4448.4,4449.4
1786516500,4455.1,4448.7,4453.8
1786516800,4457.6,4453.5,4454.4
1786517100,4460.7,4454.5,4459.9
1786517400,4463,4459.4,4460.8
1786517700,4466.2,4460.9,4463.2
1786518000,4465.7,4460.6,4460.9
1786518300,4462.8,4460.3,4461.5
1786518600,4465.4,4460.6,4460.9
1786518900,4461,4457.8,4458.7
1786519200,4460.3,4457.4,4459.6
1786519500,4462.1,4459,4461.7
1786519800,4464.9,4460.6,4463.3
1786520100,4467.2,4462.6,4466.7
1786520400,4467.8,4465.1,4467.4
1786520700,4469.3,4465.2,4468.2
1786521000,4469.5,4467,4468
1786521300,4468.3,4464.1,4465.8
1786521600,4469.9,4465.3,4468.4
1786521900,4470.3,4466.9,4467
1786522200,4469,4467,4468
1786522500,4468.2,4465.8,4466.8
1786522800,4469.1,4466.8,4467.7
1786523100,4468.1,4465,4466.5
1786523400,4467,4464.1,4464.9
1786523700,4465.7,4463.6,4465
1786524000,4465.5,4463.5,4465.2
1786524300,4464.6,4461.5,4463.2
1786524600,4464.1,4462.4,4462.8
1786524900,4462.6,4460.3,4460.9
1786525200,4467.1,4460.9,4466.4
1786525500,4468.5,4466,4468.2
1786525800,4472.6,4467.4,4472.3
1786526100,4477.3,4471.9,4475.1
1786526400,4484.1,4472.8,4483.5
1786526700,4483.4,4472.4,4472.8
1786527000,4475.6,4471.6,4474.1
1786527300,4476,4472.4,4475.9
1786527600,4476.8,4472.7,4473.2
1786527900,4474,4472,4472.5
1786528200,4475.9,4470,4471.4
1786528500,4475.8,4470.9,4475.3
1786528800,4475.7,4474,4474.7
1786529100,4480,4474.7,4477.9
1786529400,4479.1,4476.7,4477.3
1786529700,4479.4,4477,4479.1
1786530000,4480.1,4478.3,4478.5
1786530300,4480.4,4477.6,4478.9
1786530600,4479.4,4476.1,4476.4
1786530900,4476.1,4471.9,4473.2
1786531200,4474.6,4472.6,4474
1786531500,4475.1,4465.8,4468.8
1786531800,4470.5,4467.4,4469.8
1786532100,4472.5,4469.1,4472.1
1786532400,4474.6,4470.5,4470.8
1786532700,4472.1,4469,4470.4
1786533000,4471,4467.3,4467.4
1786533300,4469.9,4467.1,4469.7
1786533600,4471.1,4469.4,4470.4
1786533900,4477.7,4469.9,4474.8
1786534200,4475.7,4472.7,4473
1786534500,4473.8,4469.7,4471.5
1786534800,4473.9,4471.4,4473.2
1786535100,4474.4,4472.3,4473.1
1786535400,4474.2,4472.6,4474.1
1786535700,4475.2,4472,4472.3
1786536000,4472.8,4467,4467.8
1786536300,4468.8,4466.1,4466.9
1786536600,4468.8,4465.5,4468.1
1786536900,4468.4,4465.9,4467.7
1786537200,4469.2,4464.2,4466.2
1786537500,4488,4463.8,4486.6
1786537800,4492.4,4447.3,4484.7
1786538100,4490.2,4475.1,4489
1786538400,4498.1,4483.7,4488.7
1786538700,4488.5,4476,4481.4
1786539000,4488.6,4481,4487.4
1786539300,4499,4486.4,4497.8
1786539600,4502.4,4486.8,4492.4
1786539900,4494.6,4487.4,4490.3
1786540200,4490.9,4480.4,4482
1786540500,4489,4480.8,4484.1
1786540800,4487.6,4476.9,4477
1786541100,4479.5,4474,4478.2
1786541400,4480.8,4471.5,4473.3
1786541700,4479.4,4469.7,4471.6
1786542000,4480,4468,4476.6
1786542300,4488.4,4475.4,4487.9
1786542600,4494,4486,4492.4
1786542900,4492.6,4486.6,4487.4
1786543200,4488.9,4480,4486.8
1786543500,4490.2,4486,4489.4
1786543800,4495.2,4489.1,4491.9
1786544100,4497.7,4489.7,4496.3
1786544400,4499.7,4493.8,4496.5
1786544700,4497.4,4490.1,4491.4
1786545000,4496.2,4478.4,4480.4
1786545300,4483.3,4476,4478
1786545600,4485.3,4476.8,4484.8
1786545900,4492.3,4479.8,4481.8
1786546200,4483.8,4475.5,4481.8
1786546500,4483,4478.1,4481.2
1786546800,4482.9,4474.2,4475.3
1786547100,4482.7,4473.5,4480.9
1786547400,4489.6,4480.9,4486.4
1786547700,4487,4481.8,4484
1786548000,4488.1,4483.9,4486.2
1786548300,4486.3,4479.4,4481.4
1786548600,4485.2,4478.1,4478.4
1786548900,4480.7,4476.1,4480.5
1786549200,4481.5,4476.5,4477.8
1786549500,4478,4473.6,4475.2
1786549800,4476.2,4470,4476
1786550100,4481.8,4475.7,4480.3
1786550400,4485.3,4477.6,4480
1786550700,4481.7,4477.5,4478.9
1786551000,4483.6,4476.4,4482.9
1786551300,4485.9,4482.2,4484.9
1786551600,4486.2,4483.1,4486
1786551900,4486,4482,4483.1
1786552200,4483.7,4472.9,4473
1786552500,4476.1,4471.2,4474.1
1786552800,4475.6,4469.1,4470.7
1786553100,4471.2,4462,4462.5
1786553400,4466.5,4461.6,4465.2
1786553700,4465.1,4456,4462
1786554000,4465.7,4459.9,4463.1
1786554300,4468,4462.3,4466.9
1786554600,4467.1,4463.4,4463.8
1786554900,4464.7,4462.1,4463.7
1786555200,4470.2,4463.1,4467.8
1786555500,4469.1,4465.4,4466.5
1786555800,4470.9,4466.1,4470.5
1786556100,4471.8,4465,4465.6
1786556400,4466,4461.4,4462.2
1786556700,4464.2,4461.8,4463.3
1786557000,4465.9,4459.8,4460.2
1786557300,4462.1,4459,4459.6
1786557600,4459.5,4455.9,4458.8
1786557900,4463.9,4458.3,4463.9
1786558200,4466.5,4463.9,4465.7
1786558500,4468.5,4464.4,4468.1
1786558800,4470.9,4467.3,4470.9
1786559100,4471.4,4467.2,4468.4
1786559400,4473.1,4468,4472.5
1786559700,4473.1,4470.4,4470.9
1786560000,4473.8,4470.3,4473.6
1786560300,4478.1,4473.3,4477.5
1786560600,4477.4,4473.7,4474.3
1786560900,4474.4,4472.8,4473.2
1786561200,4477.2,4472.8,4476.6
1786561500,4478.4,4475.1,4475.9
1786561800,4476.8,4475.6,4476.1
1786562100,4477.8,4476,4477.1
1786562400,4477.5,4476,4476.1
1786562700,4477.1,4475.5,4476.5
1786563000,4476.6,4473.2,4473.7
1786563300,4474.2,4471.2,4471.6
1786563600,4473.3,4471,4473
1786563900,4473.6,4468.4,4469.9
1786564200,4473.2,4469.8,4471.4
1786564500,4474,4471.3,4473.7
1786564800,4474.6,4471.1,4471.5
1786565100,4472.3,4470.4,4470.6
1786565400,4471.1,4468.9,4469.1
1786565700,4470.3,4466.8,4466.9
1786566000,4468.3,4466.3,4467.7
1786566300,4468.9,4467.1,4467.9
1786566600,4467.9,4466.8,4467
1786566900,4469.1,4466.8,4468.1
1786567200,4468.6,4467.3,4468
1786567500,4468.9,4467.1,4468.4
1786567800,4469,4466.6,4467.6
1786568100,4469.4,4467.4,4469.4
1786572000,4472.4,4463.9,4464
1786572300,4464.6,4461,4462.6
1786572600,4463,4461.1,4461.8
1786572900,4462,4460.1,4460.7
1786573200,4461.5,4460.2,4460.7
1786573500,4461.5,4456.5,4457.8
1786573800,4460.3,4457.2,4458.4
1786574100,4459.4,4456.8,4457.9
1786574400,4459,4457.6,4458.6
1786574700,4459.8,4458.1,4458.9
1786575000,4460.8,4458.9,4460.3
1786575300,4461.5,4459.9,4460
1786575600,4463,4460,4462
1786575900,4463.9,4461.2,4463.8
1786576200,4464.7,4463.2,4464.4
1786576500,4466.6,4464.2,4466
1786576800,4467,4465.8,4466.8
1786577100,4468.5,4466,4466.8
1786577400,4469,4466.6,4467.1
1786577700,4468,4466,4466.4
1786578000,4467.7,4465.3,4467
1786578300,4468.5,4466.5,4467.1
1786578600,4470,4466.3,4469.8
1786578900,4473.3,4469.2,4473.2
1786579200,4478.8,4471.6,4475.3
1786579500,4481.3,4474.3,4480
1786579800,4480.2,4477.4,4478.1
1786580100,4488.5,4478.3,4487.6
1786580400,4496.6,4487.3,4493.4
1786580700,4493.7,4486,4487.4
1786581000,4509.2,4483.4,4503.3
1786581300,4504.7,4496.2,4496.7
1786581600,4500,4496.4,4499.2
1786581900,4499.5,4488.2,4488.7
1786582200,4491.8,4487.4,4490.7
1786582500,4490.7,4482.7,4486.6
1786582800,4493.1,4481.3,4492.5
1786583100,4494.2,4489.5,4493.9
1786583400,4494,4487.4,4488.9
1786583700,4494.3,4485.3,4486
1786584000,4486.3,4477.3,4479.9
1786584300,4482.4,4477.3,4478
1786584600,4487.9,4477.6,4487.1
1786584900,4489.2,4483.1,4483.1
1786585200,4483.1,4476.3,4477.8
1786585500,4478.1,4469.2,4471.7
1786585800,4474.3,4468,4474.2
1786586100,4474.8,4464.8,4467.4
1786586400,4468.6,4464.1,4466.7
1786586700,4472.1,4463.9,4471.9
1786587000,4472.8,4468.5,4469.2
1786587300,4470.6,4468.5,4470
1786587600,4471,4464.4,4465
1786587900,4467.3,4464.5,4464.8
1786588200,4464.7,4458.5,4460.7
1786588500,4467.4,4457.3,4466.9
1786588800,4469,4464.6,4469
1786589100,4469.2,4465.8,4468.8
1786589400,4469.4,4464,4464.1
1786589700,4467.1,4464.1,4465.6
1786590000,4470.4,4465.5,4469.4
1786590300,4470.9,4466.3,4466.5
1786590600,4467.9,4462.4,4465.6
1786590900,4468.6,4463.9,4467.3
1786591200,4467.8,4465.4,4467.6
1786591500,4468.4,4466,4467.4
1786591800,4468.7,4467.1,4468
1786592100,4468.8,4466.9,4467.3
1786592400,4467.5,4463.9,4464.2
1786592700,4466.2,4463.5,4463.9
1786593000,4464.6,4461,4462.1
1786593300,4461.9,4456.6,4458.9
1786593600,4458.7,4452.2,4453.9
1786593900,4455.5,4452.9,4454
1786594200,4453.9,4449.5,4452.1
1786594500,4453.8,4451.1,4452.4
1786594800,4455.9,4450.2,4455.4
1786595100,4457.4,4455,4456.2
1786595400,4457.6,4455.3,4456.5
1786595700,4457.8,4455,4455.5
1786596000,4457,4452.7,4453.4
1786596300,4456.6,4453.3,4453.3
1786596600,4455.4,4453,4454.1
1786596900,4456.4,4453.8,4455.5
1786597200,4455.7,4450.6,4452.6
1786597500,4455.7,4452.1,4454.3
1786597800,4462.3,4452.7,4462.2
1786598100,4463.4,4458.5,4459.5
1786598400,4461.7,4458.9,4460.7
1786598700,4465.2,4460.5,4464.3
1786599000,4465.2,4451.2,4455.1
1786599300,4457.6,4454.6,4457.6
1786599600,4458.7,4443.5,4445.2
1786599900,4447.1,4440.5,4444.7
1786600200,4447,4441.7,4442
1786600500,4443.7,4437.6,4440.4
1786600800,4443,4433.4,4435.6
1786601100,4437.5,4432.9,4436.6
1786601400,4438.3,4432.4,4433.3
1786601700,4436,4432.5,4432.7
1786602000,4435.9,4431.5,4435.9
1786602300,4436.2,4431.5,4433.1
1786602600,4435.8,4427.2,4429.4
1786602900,4429.9,4425.9,4428.6
1786603200,4431.9,4428.4,4431.1
1786603500,4436.4,4431,4435.1
1786603800,4437.2,4435.2,4436.8
1786604100,4438.3,4436.3,4437.8
1786604400,4438.7,4435,4436.1
1786604700,4437.5,4434.1,4435.1
1786605000,4435.5,4431.4,4433.3
1786605300,4434.5,4430.5,4430.8
1786605600,4433.6,4430.5,4433
1786605900,4434,4431.1,4433.1
1786606200,4434.2,4428.6,4429.9
1786606500,4433.4,4429.4,4431.2
1786606800,4435.8,4430.5,4435.4
1786607100,4435.9,4427.6,4428.4
1786607400,4430.1,4426.5,4429.5
1786607700,4429.7,4425.7,4426.4
1786608000,4427.3,4422,4423.6
1786608300,4426.3,4422.4,4422.5
1786608600,4424.5,4420.2,4422.5
1786608900,4424.4,4421.9,4422
1786609200,4427.3,4421.1,4426.3
1786609500,4429.9,4426,4429.1
1786609800,4432.3,4428.2,4431
1786610100,4432,4429.9,4430
1786610400,4431.7,4429.6,4429.8
1786610700,4435.5,4429.7,4435
1786611000,4435.7,4431,4432.2
1786611300,4433.4,4431.3,4432.2
1786611600,4433.2,4429.5,4430.4
1786611900,4434.4,4428.7,4433.2
1786612200,4434.7,4432.6,4433.4
1786612500,4437.4,4432.4,4436.9
1786612800,4438.4,4434.4,4434.9
1786613100,4440,4435,4436.3
1786613400,4438.1,4436.1,4437.4
1786613700,4438.5,4436.7,4437.6
1786614000,4438.4,4435.2,4436.9
1786614300,4437.8,4435.3,4436.5
1786614600,4438.6,4436,4437.6
1786614900,4441.8,4437.1,4441.7
1786615200,4442.6,4440.6,4441.7
1786615500,4442.6,4441.2,4441.5
1786615800,4442.2,4438.9,4438.9
1786616100,4443.6,4439.1,4442.7
1786616400,4444,4441.3,4442.1
1786616700,4445.3,4442.1,4444.8
1786617000,4445.6,4442.3,4443.3
1786617300,4447,4443,4446.7
1786617600,4448.3,4445.8,4448
1786617900,4448.4,4445.9,4448
1786618200,4451.4,4447.9,4450.3
1786618500,4450.3,4448.5,4449.9
1786618800,4450.6,4446.1,4446.9
1786619100,4449.5,4446.8,4448.5
1786619400,4451.9,4447.8,4451.8
1786619700,4454.1,4450.2,4451
1786620000,4452,4448.8,4449.9
1786620300,4450.6,4445.2,4445.5
1786620600,4446.9,4443.8,4445.8
1786620900,4447.2,4445.1,4446.1
1786621200,4446.2,4440.4,4441
1786621500,4443,4440.1,4441.4
1786621800,4442.6,4439.6,4441.4
1786622100,4445.4,4440,4444.7
1786622400,4445,4442.3,4443.8
1786622700,4448.8,4442.7,4448.2
1786623000,4448,4444.8,4445.9
1786623300,4446.5,4441.4,4443.1
1786623600,4446.8,4441.2,4442.7
1786623900,4450.3,4440.8,4448.3
1786624200,4459,4437.1,4448.5
1786624500,4449.3,4442.8,4446.8
1786624800,4450.8,4441.9,4448.5
1786625100,4454.3,4448.2,4451.6
1786625400,4453.7,4449.4,4451.4
1786625700,4459.1,4449.2,4458.9
1786626000,4459.1,4448.2,4450.6
1786626300,4454.9,4448.6,4450.2
1786626600,4451.4,4447.5,4450.4
1786626900,4452.3,4446.9,4448.7
1786627200,4452,4444.4,4444.4
1786627500,4446.7,4440.3,4441.6
1786627800,4446.5,4433.5,4435.1
1786628100,4439.3,4431.3,4439.2
1786628400,4440.6,4432.6,4435.9
1786628700,4439.8,4432.1,4434.5
1786629000,4435.3,4427,4432.6
1786629300,4434.7,4428.1,4429.2
1786629600,4435.6,4426.5,4430.1
1786629900,4435.8,4424.9,4426.6
1786630200,4429.4,4424,4428.1
1786630500,4436,4426.3,4433.2
1786630800,4435.7,4428.3,4431.7
1786631100,4433.9,4424.6,4425
1786631400,4433.4,4410.6,4431.6
1786631700,4435.5,4429,4434.9
1786632000,4439.2,4433.7,4438.1
1786632300,4444.6,4438.3,4442
1786632600,4444.4,4439.6,4441.4
1786632900,4444.6,4440.6,4440.8
1786633200,4443.1,4435.2,4435.3
1786633500,4435.8,4425.9,4428.1
1786633800,4429.4,4424.6,4426.2
1786634100,4427.3,4420,4424.8
1786634400,4429,4423.1,4428.1
1786634700,4430.7,4420.3,4421.9
1786635000,4422.1,4412.3,4416.9
1786635300,4428,4416.5,4425.8
1786635600,4428.5,4424.6,4425
1786635900,4427.8,4424.9,4426
1786636200,4427.2,4422.3,4423
1786636500,4425.3,4420.5,4422.4
1786636800,4424.9,4419.8,4420.6
1786637100,4420.8,4415.6,4415.8
1786637400,4417.5,4410.8,4412.5
1786637700,4413,4408,4408.3
1786638000,4415.2,4407.7,4414.9
1786638300,4419.5,4413.3,4419.2
1786638600,4423.4,4419.1,4423.4
1786638900,4423.7,4419.4,4420.6
1786639200,4424.1,4420.2,4422.5
1786639500,4424.4,4422.5,4423
1786639800,4423.5,4420.6,4422.5
1786640100,4425.6,4422.3,4424.2
1786640400,4426.7,4422.4,4423.5
1786640700,4430.2,4423.6,4429.6
1786641000,4430.6,4428.2,4428.6
1786641300,4429.1,4423.2,4424.7
1786641600,4426.7,4424.3,4425.4
1786641900,4426.1,4419.2,4420
1786642200,4421.5,4416.4,4417.9
1786642500,4418.9,4416.4,4418
1786642800,4418.8,4412.1,4413.7
1786643100,4416.4,4413.5,4415.6
1786643400,4416.6,4413.7,4414.4
1786643700,4414.6,4412.1,4412.6
1786644000,4416.6,4412.4,4415
1786644300,4416.9,4413.8,4416.2
1786644600,4419.6,4415,4418.7
1786644900,4420.5,4417.6,4420.2
1786645200,4420.2,4413.1,4414.1
1786645500,4415.1,4411.6,4414.3
1786645800,4416.4,4413,4415.5
1786646100,4417,4414.5,4416.4
1786646400,4417.4,4414.2,4414.8
1786646700,4415.1,4413.2,4414.1
1786647000,4414.5,4411.1,4413.7
1786647300,4414.7,4413.2,4413.7
1786647600,4415.7,4412.8,4414.9
1786647900,4415.2,4409.4,4410
1786648200,4410.2,4402.5,4403.3
1786648500,4405.1,4400,4404.4
1786648800,4406.4,4403.1,4405.5
1786649100,4408.1,4405.2,4408
1786649400,4408.5,4405.9,4407.3
1786649700,4410.7,4406.9,4409.5
1786650000,4409.9,4406.9,4407.6
1786650300,4408,4403.7,4405.6
1786650600,4406.8,4404.9,4406.3
1786650900,4406.7,4404.2,4406
1786651200,4406.7,4402.5,4404
1786651500,4406.4,4403.9,4406.1
1786651800,4406.6,4405.3,4406.6
1786652100,4407.5,4405.9,4406.7
1786652400,4406.6,4405.4,4405.6
1786652700,4408.6,4405.5,4407.9
1786653000,4408,4404.3,4405.4
1786653300,4406.1,4404.9,4405.4
1786653600,4406.7,4404.5,4405.7
1786653900,4406.5,4405.3,4406.2
1786654200,4406.9,4404.6,4404.9
1786654500,4407.8,4404.8,4407
1786658400,4410.1,4407.1,4408.8
1786658700,4412.7,4408.5,4412.7
1786659000,4412.7,4409.3,4409.6
1786659300,4410.2,4408.3,4409
1786659600,4412.1,4408.8,4411.7
1786659900,4414,4411.4,4412.8
1786660200,4413.4,4411,4412.9
1786660500,4417.8,4412.5,4417.1
1786660800,4418.7,4415.3,4416.1
1786661100,4417,4410.8,4411.3
1786661400,4413.6,4410.2,4412.1
1786661700,4412.6,4409,4411
1786662000,4411.6,4404.9,4405.2
1786662300,4415.7,4405.2,4415.2
1786662600,4416.4,4409.9,4416.4
1786662900,4416.9,4412.3,4413.8
1786663200,4416.2,4412.4,4415.3
1786663500,4418.8,4414.6,4418.4
1786663800,4418.8,4415.8,4416.8
1786664100,4417.2,4415.2,4417.1
1786664400,4417.8,4413.6,4415.7
1786664700,4419.6,4414.6,4416.9
1786665000,4416.8,4412.2,4413
1786665300,4415.2,4411.5,4411.5
1786665600,4417.5,4410.7,4415.5
1786665900,4415.7,4409.2,4413.2
1786666200,4413.5,4405.9,4407.3
1786666500,4408.2,4403.1,4405.1
1786666800,4405.5,4401.1,4402.4
1786667100,4402.7,4395.2,4395.4
1786667400,4403.1,4392.8,4401.9
1786667700,4402.6,4390.5,4392.2
1786668000,4396.4,4390.7,4395.5
1786668300,4398.9,4384.9,4389.7
1786668600,4395.8,4389.2,4395.3
1786668900,4398,4393.6,4396.7
1786669200,4397.3,4384.3,4385.1
1786669500,4389.6,4383.5,4384.7
1786669800,4384.6,4378,4380.2
1786670100,4382.2,4373.4,4378.4
1786670400,4382,4371.5,4372.7
1786670700,4377.8,4370.7,4375.6
1786671000,4375.5,4369.1,4369.3
1786671300,4376,4368.5,4375.3
1786671600,4377.5,4374.5,4375.6
1786671900,4379.3,4369.6,4371.4
1786672200,4374.9,4366.8,4372.9
1786672500,4376.7,4371.6,4373.5
1786672800,4378.1,4370.7,4371.9
1786673100,4374.6,4371.1,4372.5
1786673400,4372.6,4365.2,4367.3
1786673700,4372.5,4367.3,4370.5
1786674000,4372.5,4369.5,4371.3
1786674300,4373.3,4367.6,4368
1786674600,4376.9,4367.1,4376
1786674900,4378.2,4373.6,4376.5
1786675200,4377.5,4373.3,4376.7
1786675500,4377.6,4368.8,4372.1
1786675800,4373.6,4370,4371.1
1786676100,4371.5,4367.4,4370.7
1786676400,4374.1,4368.6,4373.7
1786676700,4378.4,4373.5,4374.9
1786677000,4378.8,4373.6,4375.3
1786677300,4378.1,4375,4378
1786677600,4381.3,4377.5,4380.2
1786677900,4381.3,4379.5,4380.7
1786678200,4383.3,4379.9,4382.7
1786678500,4383.7,4380.7,4382.1
1786678800,4382.1,4380.7,4381.2
1786679100,4382.3,4380.9,4381.7
1786679400,4382.4,4379.5,4379.6
1786679700,4380.8,4378.9,4378.9
1786680000,4380.4,4378.2,4378.6
1786680300,4380.7,4378.2,4379.5
1786680600,4382.8,4378.9,4381.5
1786680900,4383.1,4380.9,4382
1786681200,4384.4,4381.4,4382.5
1786681500,4382.7,4379.9,4380.2
1786681800,4381,4377.8,4379.6
1786682100,4380.7,4379,4380.2
1786682400,4381.4,4379.6,4380.4
1786682700,4380.3,4378.8,4379.5
1786683000,4380.3,4378.5,4379.7
1786683300,4382,4379.3,4381.9
1786683600,4382.3,4378.3,4379.9
1786683900,4380.5,4374.4,4374.7
1786684200,4377,4374.1,4374.8
1786684500,4375.1,4372.2,4373.4
1786684800,4374.1,4371.7,4373.3
1786685100,4374.3,4372.2,4373.3
1786685400,4373.2,4365.7,4371.4
1786685700,4379.7,4371.4,4377.1
1786686000,4379.5,4372,4372.3
1786686300,4379.4,4372.5,4379
1786686600,4385.7,4378.3,4385.4
1786686900,4389.5,4384.8,4389.5
1786687200,4392,4387.8,4391.8
1786687500,4392.6,4385.7,4386.5
1786687800,4390,4385.4,4388.5
1786688100,4389.5,4387.1,4387.4
1786688400,4388.2,4384.2,4387.3
1786688700,4388.3,4384.9,4385.1
1786689000,4386.4,4384,4385.2
1786689300,4386.4,4384,4385.4
1786689600,4389.2,4383.7,4389.2
1786689900,4391.8,4388.2,4390.8
1786690200,4391.1,4389.2,4390.1
1786690500,4392,4389.2,4391.5
1786690800,4393.3,4388.7,4391.1
1786691100,4391.3,4389.3,4389.9
1786691400,4390.9,4386.9,4387.1
1786691700,4389.7,4387.1,4388.2
1786692000,4392.3,4385.4,4392
1786692300,4392.3,4387.4,4387.9
1786692600,4390.1,4387.4,4389.3
1786692900,4392.9,4389.4,4392.6
1786693200,4396.6,4392.2,4395.8
1786693500,4399.7,4395.5,4398.5
1786693800,4400,4397.7,4399.5
1786694100,4401.9,4397.9,4400.1
1786694400,4404.4,4398.4,4398.7
1786694700,4402.4,4398.1,4401.2
1786695000,4404.3,4400.2,4403.8
1786695300,4405.3,4402,4402.5
1786695600,4403.1,4399.2,4400.1
1786695900,4401.9,4399.6,4401.9
1786696200,4402.9,4400,4400.2
1786696500,4405.3,4400.3,4404.4
1786696800,4405.3,4399.5,4399.7
1786697100,4400.9,4398.5,4400.5
1786697400,4403.6,4400,4402.7
1786697700,4405.9,4402.9,4404.6
1786698000,4405.8,4403.3,4403.6
1786698300,4405.2,4402,4404.9
1786698600,4406.9,4403.9,4406.7
1786698900,4407.9,4405.1,4405.4
1786699200,4408.6,4404.4,4408.2
1786699500,4410,4405.7,4407.6
1786699800,4410.5,4406,4408.9
1786700100,4410.8,4408.5,4409
1786700400,4409.9,4408.1,4409.8
1786700700,4411.2,4408.7,4409.9
1786701000,4411.9,4409.3,4411
1786701300,4413.7,4410,4413.5
1786701600,4413.8,4411.9,4413.2
1786701900,4415.1,4411.7,4412.5
1786702200,4413.1,4409.9,4410.3
1786702500,4411.4,4408,4409.5
1786702800,4410.4,4408.2,4410.1
1786703100,4410.3,4406.1,4407.4
1786703400,4407.7,4404.3,4405.8
1786703700,4406.7,4404.8,4405.3
1786704000,4408.3,4405,4408.1
1786704300,4408.8,4407.4,4407.6
1786704600,4410.2,4407,4407.1
1786704900,4407.3,4403.5,4405.6
1786705200,4407.5,4404.7,4405.5
1786705500,4407.8,4405.2,4407.2
1786705800,4408,4406.2,4406.9
1786706100,4411.7,4407,4411.5
1786706400,4413.1,4409.6,4410.5
1786706700,4413.4,4409.3,4413
1786707000,4418.2,4412.8,4417.9
1786707300,4420,4416.4,4417.9
1786707600,4420.2,4417.7,4418.9
1786707900,4419.4,4417,4417.8
1786708200,4424.6,4417.7,4423.6
1786708500,4425.9,4421.7,4425.5
1786708800,4431.7,4425.4,4430
1786709100,4433.4,4427.8,4428.4
1786709400,4428.5,4421.8,4427.9
1786709700,4429.2,4425.8,4428.8
1786710000,4437.1,4428.7,4435.6
1786710300,4438.4,4433.9,4436.7
1786710600,4443.8,4432.2,4438.5
1786710900,4438.7,4432.9,4434.7
1786711200,4434.6,4429.1,4429.5
1786711500,4434,4427.4,4431.8
1786711800,4435,4429.7,4432.5
1786712100,4432.8,4429.2,4431
1786712400,4436.1,4427.2,4435.3
1786712700,4437.7,4433.2,4437
1786713000,4438.2,4431.7,4432.3
1786713300,4438.5,4432.2,4438.1
1786713600,4442.7,4436.3,4442.5
1786713900,4444,4440.7,4441.5
1786714200,4448.9,4440.8,4448.7
1786714500,4454.6,4448.4,4452.9
1786714800,4453.9,4448,4451
1786715100,4452.1,4443.6,4444.1
1786715400,4446.1,4439.4,4441.5
1786715700,4443.3,4439.6,4442
1786716000,4450.1,4441.6,4448.5
1786716300,4449.3,4446.1,4446.4
1786716600,4450.6,4444.4,4447.9
1786716900,4449.8,4442.3,4443.7
1786717200,4449.6,4442.4,4449.4
1786717500,4452.2,4447.8,4448
1786717800,4449.2,4441.4,4441.7
1786718100,4444.7,4441,4443.5
1786718400,4443.9,4438.3,4441.7
1786718700,4441.7,4435.8,4437.7
1786719000,4440.5,4436.7,4438.8
1786719300,4440.1,4437,4438.6
1786719600,4448.4,4438.2,4444.4
1786719900,4446.7,4442.9,4444.2
1786720200,4452,4443.4,4449.6
1786720500,4451.6,4443.3,4443.7
1786720800,4444.6,4440.5,4440.7
1786721100,4442.5,4435.6,4441.8
1786721400,4446.7,4441.2,4444.9
1786721700,4447.6,4444.1,4445
1786722000,4447.3,4444.1,4446.8
1786722300,4452.5,4446.8,4449.6
1786722600,4450.5,4447.3,4447.8
1786722900,4450.7,4447.8,4448.8
1786723200,4454.4,4448,4448.2
1786723500,4450.4,4446.4,4447.3
1786723800,4447.6,4446,4447
1786724100,4449.4,4446.4,4449
1786724400,4450.3,4446.4,4447
1786724700,4446.9,4443.8,4444.5
1786725000,4444.6,4437,4440.6
1786725300,4446.1,4440.2,4445.1
1786725600,4445.6,4442.5,4442.6
1786725900,4444.2,4442.2,4443.9
1786726200,4444.6,4442.3,4443.3
1786726500,4443.7,4441.7,4442.7
1786726800,4443.5,4440.1,4440.5
1786727100,4441.3,4438.4,4439.3
1786727400,4439.7,4437.4,4439.7
1786727700,4442.2,4438.7,4438.9
1786728000,4439.9,4437.2,4439
1786728300,4439.9,4436.4,4436.6
1786728600,4440.7,4436.7,4440.3
1786728900,4440.2,4436.5,4436.7
1786729200,4438,4433.7,4435
1786729500,4435.2,4433.4,4433.9
1786729800,4436.4,4433.5,4435.5
1786730100,4435.7,4434.3,4435.7
1786730400,4438.8,4433.5,4438.4
1786730700,4438.9,4436.2,4437
1786731000,4438,4433.7,4434.3
1786731300,4436.1,4433.8,4435.6
1786731600,4437.6,4435,4436.8
1786731900,4437.7,4434.7,4436.2
1786732200,4436.5,4434.1,4435.1
1786732500,4439.8,4435.1,4439.6
1786732800,4439.7,4432.8,4433.2
1786733100,4434,4427.6,4431
1786733400,4432.5,4429.6,4430.2
1786733700,4431.2,4429.6,4430.2
1786734000,4430.4,4428.8,4429.2
1786734300,4433.4,4428.5,4433
1786734600,4433.8,4432.2,4432.4
1786734900,4433.2,4430.4,4431.7
1786735200,4433.7,4431.7,4432.9
1786735500,4434.4,4432.8,4433.6
1786735800,4434.3,4432.6,4433.5
1786736100,4434.3,4432.1,4432.6
1786736400,4433.7,4431.5,4431.5
1786736700,4432.1,4431,4431.4
1786737000,4435.9,4431.7,4433.9
1786737300,4433.9,4428.9,4431.7
1786737600,4431.6,4429,4429.7
1786737900,4429.9,4427.3,4427.7
1786738200,4428.6,4426.3,4428.3
1786738500,4429.3,4428.2,4428.8
1786738800,4429.6,4427.8,4429.5
1786739100,4430.4,4429.1,4430
1786739400,4430.3,4429,4429.5
1786739700,4431.8,4429.1,4431.2
1786740000,4432.6,4430.1,4431.1
1786740300,4431.6,4430.7,4430.8
1786740600,4431.6,4430.4,4431.3
1786740900,4432.5,4430.5,4432.3
1786917600,4453.4,4428.7,4431
1786917900,4434.3,4429.3,4434
1786918200,4435.9,4431.3,4432.9
1786918500,4433.1,4429.5,4430.7
1786918800,4431.7,4429.6,4429.6
1786919100,4431.4,4429.1,4430.8
1786919400,4434.1,4430.5,4433.2
1786919700,4435,4432.5,4434.3
1786920000,4434.7,4432.1,4433.5
1786920300,4437.2,4433.3,4436.7
1786920600,4440.3,4436.3,4439.3
1786920900,4442.7,4438.7,4441.9
1786921200,4442.2,4436.2,4438
1786921500,4438.8,4436.7,4438.8
1786921800,4439.2,4435.1,4435.2
1786922100,4437.1,4433.4,4435.4
1786922400,4436.5,4430.7,4431.6
1786922700,4432.1,4427.2,4430.3
1786923000,4430.9,4422.7,4426.7
1786923300,4427.4,4422.3,4425.7
1786923600,4425.7,4423,4423.7
1786923900,4429.1,4423.5,4427.1
1786924200,4428.2,4425.4,4427.6
1786924500,4427.8,4424.8,4425.5
1786924800,4431.7,4423.4,4430.3
1786925100,4431.6,4427.5,4427.9
1786925400,4435.1,4427.8,4434.5
1786925700,4443.1,4433.8,4440
1786926000,4444.6,4439.4,4442.4
1786926300,4447.1,4441.9,4445.5
1786926600,4450.2,4445,4448.4
1786926900,4448.9,4444.3,4445.2
1786927200,4453.5,4443.1,4451.6
1786927500,4452.6,4450,4450.7
1786927800,4455,4449.6,4453.9
1786928100,4459.4,4452.9,4457.4
1786928400,4465.8,4455.4,4464.1
1786928700,4468.5,4461.6,4463
1786929000,4468.4,4460.5,4465.9
1786929300,4467.3,4462.6,4464.9
1786929600,4473.2,4464.4,4469.3
1786929900,4471.6,4463,4463.5
1786930200,4464.7,4458,4458.7
1786930500,4459.9,4455.5,4457.2
1786930800,4460.7,4454,4460.2
1786931100,4460.5,4450.7,4451.7
1786931400,4455.5,4448.6,4453.9
1786931700,4453.9,4449.6,4451.9
1786932000,4454.9,4451.1,4452.2
1786932300,4453.8,4448.9,4452
1786932600,4451.9,4449.1,4450.7
1786932900,4452.4,4448.8,4450.5
1786933200,4451.8,4446.3,4451.6
1786933500,4454.3,4451.3,4452.2
1786933800,4454.8,4448.9,4449.9
1786934100,4452.1,4448.2,4449
1786934400,4452,4446,4449.6
1786934700,4450.2,4447,4448.4
1786935000,4449.6,4446.8,4447
1786935300,4450.2,4444.8,4450.1
1786935600,4451.8,4449.1,4449.4
1786935900,4450.8,4445.9,4446.4
1786936200,4448.3,4445.2,4447
1786936500,4447.6,4444.1,4447
1786936800,4448.2,4446.2,4446.9
1786937100,4449.9,4445,4449.3
1786937400,4451.9,4447.2,4451
1786937700,4451.8,4448.9,4450.3
1786938000,4454,4450.3,4452
1786938300,4452.5,4449.4,4451.5
1786938600,4452.2,4450.9,4451.8
1786938900,4454.5,4450.6,4453.6
1786939200,4456.3,4452.8,4454.1
1786939500,4455.2,4452.6,4454.7
1786939800,4456.2,4453.5,4455
1786940100,4455.4,4453.3,4453.7
1786940400,4453.8,4449.2,4450.4
1786940700,4450.6,4446.2,4447.6
1786941000,4448.7,4445.2,4448.6
1786941300,4450.9,4446.5,4449.3
1786941600,4453.4,4448,4452.4
1786941900,4454.6,4451.9,4452.5
1786942200,4453.4,4451.1,4451.7
1786942500,4452.2,4446.3,4447.2
1786942800,4449.6,4446.4,4449.5
1786943100,4450,4446.4,4448.7
1786943400,4448.5,4443,4444.2
1786943700,4450.3,4443.4,4449.5
1786944000,4453.6,4447,4452.2
1786944300,4456.3,4451.2,4456.3
1786944600,4457.9,4452.2,4452.9
1786944900,4453.3,4448.7,4452.4
1786945200,4453.5,4450.5,4452.4
1786945500,4454.1,4449.1,4453.8
1786945800,4454.2,4449.1,4449.7
1786946100,4452.7,4449,4451.4
1786946400,4454.9,4451.3,4452.2
1786946700,4454.7,4450.4,4452
1786947000,4454.3,4449.4,4453.2
1786947300,4453.2,4448.9,4450
1786947600,4453.2,4449.8,4451.5
1786947900,4456.6,4451,4454.7
1786948200,4454.9,4451,4451.8
1786948500,4452,4449.7,4451.1
1786948800,4452.5,4449.5,4452.4
1786949100,4457.1,4452.4,4456.5
1786949400,4460.8,4456.6,4458.1
1786949700,4459.9,4457.1,4459.3
1786950000,4460.2,4457.3,4457.8
1786950300,4459.1,4455.3,4456.6
1786950600,4457.5,4452.2,4452.5
1786950900,4455.6,4452.5,4453.8
1786951200,4453.9,4452.3,4453.4
1786951500,4461.7,4452.9,4461.2
1786951800,4464.9,4461,4463.2
1786952100,4467.8,4463.1,4464.1
1786952400,4467.4,4463.6,4465.6
1786952700,4466.4,4463.7,4464.1
1786953000,4464.7,4460,4460.8
1786953300,4462.5,4460.6,4461.6
1786953600,4461.7,4455.7,4456.8
1786953900,4456.9,4453.8,4456
1786954200,4459.7,4454.8,4459.4
1786954500,4460.2,4456.9,4457.8
1786954800,4459.6,4456.5,4458.6
1786955100,4459.5,4457.1,4458.2
1786955400,4458.4,4455.7,4456.1
1786955700,4458.7,4455.2,4457.6
1786956000,4457.8,4452.1,4452.3
1786956300,4453.1,4450.9,4451.7
1786956600,4452.3,4449.2,4449.9
1786956900,4452.3,4448.6,4451.1
1786957200,4452.8,4449.4,4452.5
1786957500,4456,4451.4,4455.6
1786957800,4456.9,4454.9,4455.4
1786958100,4456.7,4453.2,4454.7
1786958400,4455.2,4452.5,4453
1786958700,4454.3,4451.7,4452.9
1786959000,4453.5,4450.4,4453
1786959300,4453.7,4450.5,4451
1786959600,4453.1,4450,4450.8
1786959900,4452.1,4449.2,4452.1
1786960200,4452.7,4449.7,4450.1
1786960500,4452.3,4450,4452.2
1786960800,4452.8,4449.8,4450.5
1786961100,4453.1,4450.5,4450.8
1786961400,4453.3,4450.4,4452.7
1786961700,4457.1,4451.4,4452.6
1786962000,4454.2,4451.8,4453.4
1786962300,4462.4,4446.7,4461.7
1786962600,4462.6,4453.5,4453.7
1786962900,4455.1,4452.1,4452.9
1786963200,4455.9,4452,4455.2
1786963500,4456.1,4452.9,4453.5
1786963800,4455.3,4453.2,4454.7
1786964100,4456.4,4453.7,4455.5
1786964400,4459,4454.6,4456.8
1786964700,4460.4,4456.7,4458.7
1786965000,4459.4,4456.1,4456.1
1786965300,4456.8,4453.7,4454.8
1786965600,4460.7,4455.1,4460.3
1786965900,4461.4,4459.4,4460.3
1786966200,4461.8,4459,4460.8
1786966500,4461.6,4459.4,4459.7
1786966800,4459.8,4455.8,4456.2
1786967100,4457.6,4452.8,4453.4
1786967400,4455.5,4451.3,4453.5
1786967700,4454.3,4452.3,4453.3
1786968000,4454,4450,4451.1
1786968300,4451.7,4448.3,4448.9
1786968600,4451.7,4447.6,4450.5
1786968900,4452.4,4449.4,4451.1
1786969200,4455.2,4448,4449.2
1786969500,4449.9,4437,4441.9
1786969800,4446.7,4440.3,4445.3
1786970100,4445.8,4437.2,4437.6
1786970400,4439.8,4434.5,4434.5
1786970700,4437,4433.4,4434.3
1786971000,4441.5,4434.2,4440.8
1786971300,4443.1,4440,4441.6
1786971600,4445.1,4438.1,4441.1
1786971900,4443.5,4438.5,4441.8
1786972200,4446,4441.7,4442.9
1786972500,4443.5,4438.4,4442
1786972800,4445.4,4441,4442.7
1786973100,4445,4441.9,4442.9
1786973400,4446.7,4442.2,4445.2
1786973700,4448.3,4442.1,4444.9
1786974000,4445.8,4440.6,4442.1
1786974300,4451.9,4440.7,4451.1
1786974600,4464,4450.7,4457.8
1786974900,4472.9,4457.9,4465.5
1786975200,4467,4460.9,4464.6
1786975500,4465.5,4461.4,4462.2
1786975800,4469.6,4460.3,4469.2
1786976100,4478.1,4468.4,4475.6
1786976400,4484.9,4474.4,4481.5
1786976700,4483.6,4472.8,4475.5
1786977000,4482,4475.3,4479.3
1786977300,4481.2,4473.6,4475
1786977600,4479,4474.6,4474.6
1786977900,4477,4471.1,4474.6
1786978200,4478.5,4472.9,4473.5
1786978500,4475.7,4471.6,4474.7
1786978800,4476.7,4472.1,4475.2
1786979100,4477.3,4473.2,4474.1
1786979400,4479.7,4473.2,4478.6
1786979700,4480.7,4476.6,4479.6
1786980000,4481.2,4478.6,4480.3
1786980300,4483.4,4478,4482.7
1786980600,4483.6,4478.3,4480
1786980900,4481.2,4476.9,4479.2
1786981200,4480.8,4474.7,4476.3
1786981500,4482,4474.4,4481.1
1786981800,4484.3,4480.3,4484
1786982100,4485.3,4483,4484.9
1786982400,4485.7,4481.3,4482.9
1786982700,4486,4481.7,4484.9
1786983000,4486.6,4483,4483.1
1786983300,4485,4482.1,4482.9
1786983600,4484.9,4481.8,4482.4
1786983900,4482.6,4480.1,4482.3
1786984200,4482.6,4480,4481.2
1786984500,4484.6,4480.9,4484.1
1786984800,4484.2,4481.5,4482
1786985100,4482.2,4480,4481.8
1786985400,4483,4480.2,4480.6
1786985700,4483.2,4480.8,4481.5
1786986000,4483.7,4481,4482
1786986300,4482.1,4478.3,4479.6
1786986600,4480.8,4478.9,4480.1
1786986900,4480.5,4476.1,4476.7
1786987200,4477.7,4473.2,4474.2
1786987500,4474.9,4470.6,4474
1786987800,4476.4,4471,4474.8
1786988100,4475.3,4469.1,4469.4
1786988400,4474.9,4468.4,4474.9
1786988700,4477.9,4474.3,4476.6
1786989000,4478.2,4474.5,4474.8
1786989300,4475.6,4470.6,4471.2
1786989600,4472.3,4467.7,4468.4
1786989900,4470.6,4467.5,4468.7
1786990200,4471.4,4467.3,4471.2
1786990500,4474.1,4471,4472.6
1786990800,4473,4466,4466.7
1786991100,4467.2,4461.6,4463.3
1786991400,4463.9,4454.4,4456.4
1786991700,4459.2,4455.8,4458.5
1786992000,4461.4,4458,4458
1786992300,4462.7,4456.7,4462.3
1786992600,4463.8,4461.5,4463.2
1786992900,4463.3,4462.2,4463.1
1786993200,4463.6,4458.4,4459.3
1786993500,4460,4456.5,4460
1786993800,4465.2,4459.9,4464.5
1786994100,4472.4,4464.7,4471.4
1786994400,4473,4470.4,4472.1
1786994700,4473.7,4470.5,4470.7
1786995000,4472.9,4470.3,4472.7
1786995300,4473.6,4471.3,4472.5
1786995600,4476.7,4471.7,4475.4
1786995900,4476.8,4474.5,4475.9
1786996200,4476.4,4472.2,4473.9
1786996500,4476.9,4473.3,4475.9
1786996800,4477.9,4474.2,4475.2
1786997100,4475,4472.7,4473.1
1786997400,4474.3,4473,4474.1
1786997700,4474.4,4473.7,4474.4
1786998000,4474.4,4473.3,4473.3
1786998300,4473.5,4471.1,4471.5
1786998600,4472.4,4471,4471.6
1786998900,4472.3,4470.9,4471.5
1786999200,4472.5,4471.4,4472.2
1786999500,4473.2,4471.6,4472.1
1786999800,4472.5,4471.6,4472.1
1787000100,4474.1,4472.1,4473.2
1787004000,4475.7,4471.9,4472.4
1787004300,4473.2,4471.7,4472.4
1787004600,4473.5,4471.7,4472.8
1787004900,4473.7,4471.9,4471.9
1787005200,4472.7,4471.3,4471.9
1787005500,4471.9,4467.8,4468.7
1787005800,4469.8,4467.8,4468.5
1787006100,4470.8,4468.4,4469.2
1787006400,4472.1,4469.1,4470.8
1787006700,4472.5,4470.2,4471.4
1787007000,4471.9,4468.1,4468.2
1787007300,4469.5,4466.3,4468
1787007600,4470.2,4465.8,4469.8
1787007900,4470.7,4469.1,4470
1787008200,4471.4,4469.4,4470.9
1787008500,4474.8,4471,4473.8
1787008800,4474.5,4472.5,4474
1787009100,4478.2,4473.8,4476.5
1787009400,4478.5,4476,4478.2
1787009700,4478.6,4476.6,4477.5
1787010000,4479.3,4476.4,4479
1787010300,4480.4,4477.9,4480.2
1787010600,4480.9,4478.7,4479.9
1787010900,4482.2,4479.6,4482
1787011200,4486.2,4475,4481.7
1787011500,4482.4,4476.2,4476.4
1787011800,4478.6,4475.1,4477.8
1787012100,4484.5,4477.1,4483.4
1787012400,4488.5,4478.1,4484.4
1787012700,4488.2,4481.4,4487.5
1787013000,4488.5,4484.4,4487.9
1787013300,4490.3,4486.7,4489.7
1787013600,4489.8,4485.1,4486.1
1787013900,4487.1,4484.8,4485.7
1787014200,4487.2,4485,4485.7
1787014500,4491.8,4485.3,4491.4
1787014800,4493.1,4485.7,4488.2
1787015100,4493.6,4485.1,4486.9
1787015400,4488.5,4485,4486.1
1787015700,4487.4,4479,4481.8
1787016000,4483.5,4478.4,4480.1
1787016300,4482.8,4476.6,4481.6
1787016600,4482.8,4477.6,4478.9
1787016900,4480.2,4476.7,4476.8
1787017200,4478.4,4468.2,4468.4
1787017500,4469,4460.9,4464.3
1787017800,4465.4,4460.9,4464.8
1787018100,4466.4,4464.1,4464.7
1787018400,4465.1,4457.4,4458.6
1787018700,4460.7,4456.3,4456.5
1787019000,4459.3,4454.7,4457.3
1787019300,4461.9,4456.4,4460.3
1787019600,4461.1,4458,4460.6
1787019900,4461.6,4458.5,4458.7
1787020200,4459,4452.2,4453.2
1787020500,4456.4,4451.8,4452.8
1787020800,4453.4,4450.3,4451.4
1787021100,4454.6,4450,4453.3
1787021400,4454.8,4451.7,4454.3
1787021700,4457,4453.3,4456.3
1787022000,4460.8,4456.1,4459.6
1787022300,4459.8,4455.7,4457.7
1787022600,4458.9,4455.1,4458.3
1787022900,4458.7,4451.9,4452.9
1787023200,4453.6,4450,4451.3
1787023500,4454,4451.1,4453.1
1787023800,4453.3,4451.5,4452.4
1787024100,4453.1,4450.8,4451.1
1787024400,4452,4450.1,4450.7
1787024700,4451.5,4447.8,4449.5
1787025000,4449.7,4447.3,4447.9
1787025300,4448.6,4446.3,4447.6
1787025600,4448.2,4445.5,4446.4
1787025900,4447.8,4445.5,4446.9
1787026200,4449,4446.4,4447.9
1787026500,4449.6,4446.4,4447.1
1787026800,4448.2,4446.1,4448
1787027100,4448.7,4447.2,4448.1
1787027400,4450.4,4447,4447.7
1787027700,4448.8,4444,4446.7
1787028000,4449.8,4445.6,4448.9
1787028300,4450.5,4447.4,4450.1
1787028600,4451,4449.1,4451
1787028900,4451,4448.2,4448.9
1787029200,4449.1,4446.4,4446.8
1787029500,4449.7,4446.7,4449.3
1787029800,4449.3,4446.1,4446.5
1787030100,4450.3,4446.2,4449.9
1787030400,4451.8,4449.8,4451.2
1787030700,4451.8,4446.9,4446.9
1787031000,4447.2,4440.8,4442.6
1787031300,4446.8,4442.4,4445.6
1787031600,4450,4444.3,4449.2
1787031900,4451.5,4448.5,4451.5
1787032200,4453.4,4449.4,4451.2
1787032500,4452.5,4449,4450
1787032800,4449.8,4444.1,4446.3
1787033100,4449.5,4442.8,4448.5
1787033400,4451.1,4447.8,4450.9
1787033700,4452,4448.9,4450.8
1787034000,4453.5,4449.8,4453.2
1787034300,4455.2,4452,4454.7
1787034600,4455.5,4450.5,4450.9
1787034900,4453,4450.6,4452.5
1787035200,4454.5,4452.2,4452.5
1787035500,4454.9,4452.4,4453.2
1787035800,4454.4,4452.8,4453.6
1787036100,4454.4,4452.8,4454.4
1787036400,4455.9,4452.3,4455.3
1787036700,4456.5,4452.6,4453
1787037000,4455.1,4452.2,4453.3
1787037300,4456.4,4453.1,4455.3
1787037600,4457.3,4455.1,4457.3
1787037900,4459.3,4456.7,4459.2
1787038200,4459.5,4451.8,4452.8
1787038500,4458.5,4452.4,4457.9
1787038800,4459.5,4456,4457.3
1787039100,4458.5,4455.3,4455.9
1787039400,4456.3,4453.8,4454.3
1787039700,4454.5,4451.2,4451.4
1787040000,4451.9,4449.6,4450.1
1787040300,4450.1,4445.6,4446.4
1787040600,4450.6,4443.5,4448.5
1787040900,4449.2,4447.3,4447.9
1787041200,4448.1,4442.2,4444.1
1787041500,4445.1,4442.7,4445
1787041800,4449.7,4444.6,4449.1
1787042100,4454.1,4449,4453.9
1787042400,4454.2,4452.1,4452.1
1787042700,4452.4,4447.1,4448.8
1787043000,4449.2,4447.2,4449.2
1787043300,4450.2,4448,4448.8
1787043600,4449.5,4447.6,4448
1787043900,4448.5,4446.6,4447.5
1787044200,4449,4447.1,4448.4
1787044500,4448.2,4446.2,4446.7
1787044800,4447.1,4444.2,4445.5
1787045100,4447.2,4444.4,4445
1787045400,4450,4444.6,4450
1787045700,4451.3,4446.1,4447.2
1787046000,4447.8,4443.3,4444.2
1787046300,4448.5,4443.1,4448.4
1787046600,4450.6,4448.1,4450.1
1787046900,4451.3,4449,4449.6
1787047200,4452.4,4448.4,4450.1
1787047500,4451,4448.7,4449.6
1787047800,4451,4449.1,4450.7
1787048100,4452.5,4450.3,4451.8
1787048400,4451.5,4447.6,4447.8
1787048700,4448.8,4446,4448.5
1787049000,4450.7,4448.2,4450.2
1787049300,4454.2,4449.8,4454.1
1787049600,4455.2,4453.5,4455.2
1787049900,4456.2,4454.6,4455.4
1787050200,4456.3,4452.9,4453.5
1787050500,4454.8,4453,4454.8
1787050800,4455.8,4450,4450.5
1787051100,4451.3,4448.9,4450
1787051400,4450.6,4448.5,4450.2
1787051700,4451.2,4448.5,4449.5
1787052000,4450.1,4446.5,4446.6
1787052300,4448.2,4445.6,4446.4
1787052600,4448.3,4445.6,4445.6
1787052900,4447.9,4444.7,4446.8
1787053200,4449.1,4445.7,4447.4
1787053500,4450.2,4446.9,4448.6
1787053800,4449.5,4446,4447.1
1787054100,4453.3,4446.9,4452.2
1787054400,4453.5,4448,4452.9
1787054700,4453.5,4446.5,4447.5
1787055000,4449.8,4445.8,4449.6
1787055300,4450.1,4447.7,4448.6
1787055600,4457.4,4449,4451.9
1787055900,4452.6,4448.2,4451.7
1787056200,4454.7,4448.8,4453.2
1787056500,4454.3,4449.1,4450.7
1787056800,4450.5,4447.3,4448.4
1787057100,4453.1,4448.4,4452.7
1787057400,4453.5,4448.8,4449.7
1787057700,4452.2,4447,4450.7
1787058000,4453.9,4446.3,4452.2
1787058300,4452.9,4444.8,4445.3
1787058600,4452.3,4443.9,4452
1787058900,4452.5,4444.5,4447.4
1787059200,4449.7,4444.2,4446
1787059500,4448.7,4444.2,4445.3
1787059800,4454.6,4430.6,4452.5
1787060100,4459.3,4451.1,4458.7
1787060400,4463,4455.4,4457
1787060700,4458.2,4447.5,4451.1
1787061000,4454.6,4444.9,4446.8
1787061300,4451.3,4445.7,4450.9
1787061600,4463.3,4449.5,4460.6
1787061900,4461,4454.2,4454.5
1787062200,4455.6,4447.4,4449.6
1787062500,4461.7,4449.2,4458
1787062800,4459.4,4452,4454
1787063100,4455.4,4448.5,4450.4
1787063400,4452.5,4441.5,4446
1787063700,4446.2,4438.4,4439.4
1787064000,4441.2,4434,4436
1787064300,4445,4434.3,4443.1
1787064600,4445.2,4426.6,4434.9
1787064900,4439.2,4419.1,4422
1787065200,4432.8,4421.6,4431.6
1787065500,4434,4420.9,4421.5
1787065800,4424,4412.2,4415.7
1787066100,4420.8,4410.6,4410.7
1787066400,4413,4406.5,4409.6
1787066700,4416.5,4407.2,4410.5
1787067000,4418.2,4409.5,4415.2
1787067300,4417.9,4412.1,4416.5
1787067600,4417.3,4412,4413.9
1787067900,4420.4,4413.8,4419.4
1787068200,4421.9,4416.3,4419.9
1787068500,4421.3,4418.4,4420.2
1787068800,4424.6,4420.3,4423.3
1787069100,4427.4,4421.8,4426.6
1787069400,4427.1,4422.6,4423.1
1787069700,4423.7,4419.7,4422.8
1787070000,4425.2,4421.8,4423.5
1787070300,4424.5,4418.7,4419.4
1787070600,4422.2,4418.3,4421
1787070900,4422.5,4418,4420.7
1787071200,4424,4420.4,4422.8
1787071500,4423,4418.3,4418.6
1787071800,4424.2,4418,4423.6
1787072100,4423.8,4418.4,4419
1787072400,4421.1,4418.2,4419.6
1787072700,4421.5,4419.6,4421
1787073000,4422.7,4420.1,4422.4
1787073300,4423.7,4418.7,4419.9
1787073600,4423,4419.7,4423
1787073900,4423.9,4419.3,4420.9
1787074200,4422,4416.6,4420
1787074500,4420.8,4416.6,4418.3
1787074800,4420.7,4414.3,4414.3
1787075100,4416.1,4412.7,4413.7
1787075400,4415.5,4413.5,4414.4
1787075700,4414.9,4412.4,4413.5
1787076000,4413.4,4408.1,4409
1787076300,4411.3,4408.1,4411
1787076600,4413.5,4408,4413.2
1787076900,4414.6,4412,4414.3
1787077200,4415,4410.8,4412.3
1787077500,4416.5,4411.6,4415.5
1787077800,4415.9,4413.1,4414.9
1787078100,4415.7,4413.4,4415.1
1787078400,4414.7,4408.5,4409.3
1787078700,4410.8,4407.7,4409
1787079000,4410.4,4408.8,4409.9
1787079300,4411.2,4408.8,4409.3
1787079600,4413.2,4409.1,4410.5
1787079900,4412.1,4409.8,4410.3
1787080200,4413.5,4409.7,4412.1
1787080500,4413.9,4408.9,4409.4
1787080800,4411.5,4407.5,4408.9
1787081100,4410.8,4407.2,4409.7
1787081400,4411.6,4408.2,4408.6
1787081700,4410.1,4408,4409.5
1787082000,4412.3,4403.3,4404.4
1787082300,4408.2,4398.7,4400.7
1787082600,4401.7,4396.7,4400.1
1787082900,4401.3,4392.6,4400
1787083200,4401,4397.1,4398.6
1787083500,4398.9,4397.2,4397.4
1787083800,4398.3,4395.1,4396.6
1787084100,4397.2,4394.7,4396.7
1787084400,4396.5,4388.5,4393
1787084700,4393.6,4391.6,4392.7
1787085000,4394.6,4391.4,4394.5
1787085300,4394.9,4392.4,4393
1787085600,4393.6,4386.4,4387.4
1787085900,4388.4,4383.5,4387.8
1787086200,4389.4,4385,4389.4
1787086500,4390.3,4387.4,4389.8
1787090400,4395.8,4386.8,4394.2
1787090700,4395.4,4393,4394.8
1787091000,4395.5,4393.1,4393.4
1787091300,4394.3,4391.4,4391.5
1787091600,4392,4386.6,4388.4
1787091900,4391.8,4387.7,4389.5
1787092200,4389.7,4388.2,4389
1787092500,4389.8,4386.2,4386.8
1787092800,4387.8,4385.6,4386.8
1787093100,4388,4386,4388
1787093400,4388.6,4386.9,4388.1
1787093700,4388.3,4386,4387.2
1787094000,4389.5,4385.9,4389
1787094300,4391.5,4387.3,4388
1787094600,4388.4,4384.3,4387
1787094900,4388.1,4384.8,4385.2
1787095200,4390.3,4382.7,4385.5
1787095500,4386.6,4382.4,4383.2
1787095800,4385.4,4379.4,4383.5
1787096100,4384.7,4379.6,4381.4
1787096400,4383.3,4380.6,4382.5
1787096700,4384.8,4382.2,4383.8
1787097000,4387.3,4382.4,4386.6
1787097300,4387,4384.3,4385.8
1787097600,4393.6,4384.4,4389.6
1787097900,4394.2,4388.9,4392.7
1787098200,4397.8,4390.9,4395.7
1787098500,4399.3,4395.6,4396.5
1787098800,4399.6,4394.5,4396.2
1787099100,4397,4392.5,4396
1787099400,4399.4,4393,4394.2
1787099700,4400.5,4394.1,4398.3
1787100000,4401.2,4396.6,4397.2
1787100300,4398.3,4395.7,4396.3
1787100600,4398.4,4394.7,4394.9
1787100900,4396.1,4390.5,4391.6
1787101200,4393.7,4376.5,4385.9
1787101500,4396.5,4385,4394.1
1787101800,4397.8,4390.7,4397.2
1787102100,4400.1,4388.1,4391.2
1787102400,4393.6,4386.5,4391.2
1787102700,4396.3,4389.2,4395.9
1787103000,4405.2,4396,4404.1
1787103300,4410,4403.7,4409.1
1787103600,4411.2,4407.7,4409.1
1787103900,4410.4,4404.2,4404.8
1787104200,4409.5,4403.9,4406.8
1787104500,4410.3,4406.3,4409.9
1787104800,4410.9,4405.2,4407.9
1787105100,4410.8,4406.3,4409.4
1787105400,4409.7,4405.9,4407.1
1787105700,4414.8,4405.8,4412.3
1787106000,4415.7,4411.4,4413.5
1787106300,4414.8,4412.4,4413.2
1787106600,4414,4409.1,4410.3
1787106900,4411.8,4407.5,4408.6
1787107200,4411.7,4408.2,4408.7
1787107500,4410.6,4407.4,4409
1787107800,4410,4406.3,4407.7
1787108100,4408.6,4405,4408.4
1787108400,4409.8,4406.2,4409.3
1787108700,4409.2,4405.4,4407.3
1787109000,4408.8,4407.1,4408.1
1787109300,4410.2,4405.4,4406.3
1787109600,4409.4,4405.3,4409.3
1787109900,4411.8,4409.6,4411.1
1787110200,4412.3,4409.7,4410.9
1787110500,4414.5,4410.7,4412.1
1787110800,4412.9,4410.9,4412.5
1787111100,4412.9,4410,4411.6
1787111400,4412.4,4409.1,4409.3
1787111700,4410.3,4408.3,4408.6
1787112000,4409.9,4407,4407.5
1787112300,4408.5,4406.2,4408
1787112600,4408.5,4407.1,4407.9
1787112900,4408.2,4402.5,4405.6
1787113200,4406.2,4403.9,4405.2
1787113500,4405,4403.3,4404.4
1787113800,4405.3,4402.5,4402.8
1787114100,4404.1,4399.5,4399.8
1787114400,4400.8,4398.2,4399.7
1787114700,4400.4,4399,4399.8
1787115000,4399.8,4396.6,4398
1787115300,4402.1,4397.8,4402.1
1787115600,4404.3,4400,4401
1787115900,4401.5,4395.6,4396
1787116200,4396.1,4391.6,4392.3
1787116500,4393,4390,4391.1
1787116800,4396.4,4390.8,4395.3
1787117100,4399.2,4393.9,4399.1
1787117400,4399.2,4390.3,4392.1
1787117700,4396.5,4390.4,4396.5
1787118000,4396.9,4393.1,4395.5
1787118300,4394.5,4388.5,4390.4
1787118600,4391.4,4388.2,4388.9
1787118900,4392,4388.3,4388.9
1787119200,4394.7,4388.6,4390.9
1787119500,4393.8,4388.6,4392.5
1787119800,4395.1,4390.5,4390.9
1787120100,4399.8,4390.2,4398.7
1787120400,4401.9,4398.2,4399.6
1787120700,4400.1,4394,4396.7
1787121000,4396.9,4390.6,4392.6
1787121300,4399.7,4392.2,4397.4
1787121600,4398.1,4394.9,4395.6
1787121900,4397.7,4394.4,4397.4
1787122200,4401.8,4397.4,4401.6
1787122500,4403.7,4401,4402.8
1787122800,4405.2,4401.1,4401.7
1787123100,4407.2,4401.6,4406.9
1787123400,4407.5,4403.5,4404.3
1787123700,4405.3,4401.1,4404.3
1787124000,4408.9,4402.5,4408.2
1787124300,4410.8,4407.7,4410.4
1787124600,4414.9,4409.9,4413.2
1787124900,4417.1,4410.4,4411.3
1787125200,4411.7,4406.3,4408.1
1787125500,4410.8,4407.9,4410.2
1787125800,4411.6,4408.4,4409.1
1787126100,4410.1,4408.2,4408.4
1787126400,4411.7,4404.8,4410.9
1787126700,4415.1,4409.8,4414.9
1787127000,4416.4,4413.7,4415.3
1787127300,4416.2,4413.5,4413.6
1787127600,4413.8,4411,4413.7
1787127900,4415.1,4411.8,4414.7
1787128200,4414.9,4410.4,4410.8
1787128500,4414.7,4410.1,4414
1787128800,4417.1,4413.1,4416.5
1787129100,4417.3,4414.7,4415.5
1787129400,4415.8,4411.9,4412.2
1787129700,4412.5,4408,4409.6
1787130000,4413.2,4409,4413.2
1787130300,4413.9,4409.5,4410
1787130600,4411.8,4409.4,4410.3
1787130900,4410.7,4407.3,4409.2
1787131200,4411.3,4407.5,4410.2
1787131500,4411.6,4408,4410.7
1787131800,4412.1,4409.7,4410.8
1787132100,4411.6,4410.4,4411.1
1787132400,4415.5,4410.9,4413.2
1787132700,4415.5,4412.7,4415.4
1787133000,4415.4,4412.3,4414.3
1787133300,4416.6,4413.5,4416.6
1787133600,4417.9,4414,4414.5
1787133900,4417.2,4413.5,4415.9
1787134200,4418.9,4415,4418.5
1787134500,4423.5,4418.1,4423
1787134800,4423.7,4421.2,4423
1787135100,4423.7,4421.2,4423.4
1787135400,4424.2,4420.5,4421.5
1787135700,4422.4,4421.2,4421.5
1787136000,4423.3,4421,4422.3
1787136300,4424.5,4422,4423.2
1787136600,4423.5,4421.7,4422.1
1787136900,4422.7,4420.7,4422.2
1787137200,4425.8,4422.1,4425.5
1787137500,4428.5,4425.4,4425.9
1787137800,4428.8,4425.4,4428.1
1787138100,4429,4424.5,4425.4
1787138400,4426.2,4423.3,4425.8
1787138700,4428.2,4425.3,4425.7
1787139000,4426.6,4423,4424.1
1787139300,4424.8,4421.6,4423
1787139600,4422.9,4417.7,4418.3
1787139900,4422.4,4418,4422.2
1787140200,4422,4418.3,4420.4
1787140500,4421.1,4418.8,4419.3
1787140800,4420.2,4416.3,4418.9
1787141100,4423.3,4418.2,4422.6
1787141400,4425.6,4421.5,4423.2
1787141700,4425.1,4420.5,4422.6
1787142000,4428.5,4422.5,4425.1
1787142300,4426.1,4422.3,4424.1
1787142600,4439.9,4423.3,4439.3
1787142900,4472.4,4437.8,4468.2
1787143200,4476.9,4463.4,4475
1787143500,4479.9,4468.3,4474.5
1787143800,4486.4,4468,4486
1787144100,4499.7,4483.4,4496.2
1787144400,4499.1,4483.9,4484.9
1787144700,4498.6,4481.2,4498.3
1787145000,4518.7,4498.3,4513.3
1787145300,4522.1,4513.1,4517.7
1787145600,4520.6,4512.6,4517.4
1787145900,4519.8,4513.1,4516.4
1787146200,4524.3,4513.1,4519.1
1787146500,4519.8,4500.8,4513.5
1787146800,4522.9,4507.7,4519
1787147100,4520.2,4507.3,4507.9
1787147400,4514.3,4502.3,4511.5
1787147700,4521.5,4509.8,4517.9
1787148000,4521,4513.6,4518.4
1787148300,4530.6,4518.6,4530
1787148600,4533.8,4526.9,4531.8
1787148900,4536.7,4529.4,4529.5
1787149200,4538.8,4528.3,4536.5
1787149500,4546.4,4535.8,4544.1
1787149800,4550,4542,4546.1
1787150100,4550.9,4545.3,4547.9
1787150400,4557.8,4546,4548.3
1787150700,4548.6,4536.8,4537.9
1787151000,4545.5,4537.2,4544.5
1787151300,4548.6,4543.7,4546.9
1787151600,4547,4539.7,4543.7
1787151900,4546,4540.3,4540.6
1787152200,4546.9,4538.4,4544.3
1787152500,4546,4541.9,4544.4
1787152800,4546.2,4539.1,4539.6
1787153100,4543.1,4536.3,4542.3
1787153400,4544.8,4538.4,4543.1
1787153700,4546.9,4543,4545.6
1787154000,4551.3,4542.8,4548.4
1787154300,4552.8,4547.9,4549
1787154600,4551.4,4547,4549.5
1787154900,4552.4,4549.2,4552.2
1787155200,4555.8,4551.5,4551.8
1787155500,4556,4549.3,4555.8
1787155800,4557.4,4554.8,4555.9
1787156100,4557.5,4552.6,4553.1
1787156400,4554.5,4551.4,4552.8
1787156700,4553.5,4548.5,4548.8
1787157000,4553.8,4548.4,4553.6
1787157300,4554.3,4549.7,4553.2
1787157600,4554.5,4551.9,4552.7
1787157900,4554.6,4551.2,4552.4
1787158200,4555.8,4551.8,4552.3
1787158500,4553.1,4550.8,4551
1787158800,4557.1,4551,4554.6
1787159100,4555.1,4548.9,4550.6
1787159400,4551.4,4546.2,4549.9
1787159700,4550.2,4544.6,4546.9
1787160000,4548.5,4545.5,4547.1
1787160300,4547.5,4544,4545.8
1787160600,4546.9,4542,4545.8
1787160900,4547.7,4544.4,4546.1
1787161200,4549.3,4544.5,4546.4
1787161500,4547.4,4545.4,4546.3
1787161800,4547,4543.4,4543.9
1787162100,4545.5,4542.1,4545
1787162400,4554.4,4543.3,4554
1787162700,4554.9,4544.3,4547.1
1787163000,4548.5,4544,4546
1787163300,4546.1,4540.2,4543.2
1787163600,4543.4,4539.2,4539.8
1787163900,4540.2,4530.7,4533.4
1787164200,4539.5,4530.2,4538.6
1787164500,4542.8,4536.6,4542.5
1787164800,4550.2,4541.8,4548.7
1787165100,4550.3,4547.5,4549.6
1787165400,4556,4549.1,4552.7
1787165700,4554.2,4552.4,4552.8
1787166000,4556.7,4552.2,4554.3
1787166300,4564.2,4553.2,4563.6
1787166600,4563.9,4560.2,4561.6
1787166900,4564.7,4561.3,4562.8
1787167200,4563.5,4560.6,4563.3
1787167500,4566,4561.4,4565.1
1787167800,4568.8,4564,4567.5
1787168100,4568,4561.3,4563.6
1787168400,4565.6,4559.7,4564.5
1787168700,4569,4562.5,4568.2
1787169000,4569.4,4565.4,4568.6
1787169300,4569.7,4565.6,4568.4
1787169600,4568.9,4566,4566.7
1787169900,4568,4565.1,4567.6
1787170200,4569.9,4562.8,4564.4
1787170500,4569.3,4564.1,4568.2
1787170800,4577.2,4568,4576.3
1787171100,4580.4,4575.7,4577
1787171400,4582.2,4576.5,4579.7
1787171700,4579.9,4577.1,4578
1787172000,4579.4,4577.2,4577.7
1787172300,4580.7,4577.9,4579.1
1787172600,4582.5,4579.2,4582.4
1787172900,4583.1,4580.5,4581
1787176800,4584,4576.5,4578.3
1787177100,4581.1,4578,4578.4
1787177400,4579.3,4576.4,4577.5
1787177700,4578.2,4576.4,4577.2
1787178000,4578.6,4576,4578.6
1787178300,4578.8,4576.5,4577.9
1787178600,4579.2,4575,4576.1
1787178900,4577.2,4574.4,4575
1787179200,4576.7,4574.9,4575.8
1787179500,4578.6,4575,4577
1787179800,4579.2,4576.2,4577
1787180100,4577.4,4573.4,4576
1787180400,4581.5,4574.6,4578.9
1787180700,4581.3,4578.5,4579
1787181000,4579.1,4576.4,4576.4
1787181300,4577.6,4575.3,4577.2
1787181600,4577.4,4572.4,4576.3
1787181900,4576.4,4572.9,4575
1787182200,4575.5,4571.1,4571.4
1787182500,4573.6,4570.8,4571.2
1787182800,4572.8,4570.7,4571.9
1787183100,4574.7,4571,4571.9
1787183400,4572.5,4569.2,4570.1
1787183700,4570.5,4568.5,4569.3
1787184000,4576.4,4567.6,4572.3
1787184300,4575.7,4571.3,4572.3
1787184600,4573.9,4569.8,4573.9
1787184900,4578.8,4571.8,4575.4
1787185200,4575.6,4567.3,4569.1
1787185500,4570,4565.8,4567.7
1787185800,4570.6,4566.6,4568.7
1787186100,4569.1,4566.2,4566.5
1787186400,4566.9,4560.8,4563.6
1787186700,4565.6,4561.9,4565
1787187000,4567.8,4562.1,4563.7
1787187300,4568.2,4561.3,4562.1
1787187600,4567.8,4550.2,4551.2
1787187900,4557.6,4549.5,4556.4
1787188200,4556.4,4550.1,4550.9
1787188500,4557.3,4550.9,4556.5
1787188800,4561,4556.4,4559.8
1787189100,4560.7,4555.2,4558.3
1787189400,4558.9,4553.2,4556
1787189700,4557.1,4551.1,4552.7
1787190000,4556.8,4550.9,4551.4
1787190300,4553.4,4546.6,4547.3
1787190600,4548.7,4542.1,4543
1787190900,4548.7,4542.7,4547.6
1787191200,4556.5,4546.3,4555.5
1787191500,4556.8,4551.8,4553.1
1787191800,4557.7,4553.1,4555.3
1787192100,4555.5,4547,4549.1
1787192400,4552.1,4547.2,4551.5
1787192700,4552.7,4548.7,4550.4
1787193000,4552.3,4548.4,4549.5
1787193300,4551.7,4547.9,4549.7
1787193600,4551.7,4547.7,4548.1
1787193900,4549.5,4546.6,4546.7
1787194200,4552.1,4546.2,4550.8
1787194500,4551.1,4547.8,4548
1787194800,4554,4548,4553.2
1787195100,4554.6,4548.8,4549.4
1787195400,4550.2,4545.3,4550
1787195700,4551.2,4547.8,4550.2
1787196000,4553.5,4548.6,4552.7
1787196300,4554.3,4550.8,4551.3
1787196600,4555.9,4549.9,4555.5
1787196900,4555.7,4552.4,4555.3
1787197200,4556.6,4553.7,4555.6
1787197500,4556.4,4554.8,4556.4
1787197800,4558.2,4554.7,4557.7
1787198100,4558.8,4555.7,4556.5
1787198400,4556.7,4552.2,4552.9
1787198700,4555,4552.8,4554.2
1787199000,4554.9,4553.4,4553.9
1787199300,4554.5,4552.2,4553.8
1787199600,4554.3,4551.2,4552.4
1787199900,4552.5,4547.2,4547.5
1787200200,4548.3,4544.1,4545.7
1787200500,4546,4543.6,4544.5
1787200800,4546.3,4544.1,4544.4
1787201100,4548,4544.3,4547.7
1787201400,4549.1,4546.8,4547.4
1787201700,4549,4545.4,4546.1
1787202000,4549.3,4545.7,4549.2
1787202300,4551.4,4548.3,4548.3
1787202600,4549,4541.4,4543.2
1787202900,4544.5,4541.8,4542.3
1787203200,4544.5,4541.4,4543.9
1787203500,4543.7,4540,4540.5
1787203800,4543.4,4536.5,4537.7
1787204100,4539.1,4535.1,4537.5
1787204400,4539.5,4536.3,4537.9
1787204700,4539,4536.3,4538.5
1787205000,4539.1,4535.5,4535.6
1787205300,4540.4,4535,4538.4
1787205600,4546.2,4537,4545.9
1787205900,4548.7,4545.2,4547.6
1787206200,4550.7,4547.2,4550.1
1787206500,4553.6,4549.2,4551.1
1787206800,4551.9,4549.6,4550.2
1787207100,4553.1,4550.4,4551.4
1787207400,4552.7,4549.4,4552.7
1787207700,4553.1,4550.8,4551.3
1787208000,4552.1,4549.4,4550.1
1787208300,4553.2,4550,4550.7
1787208600,4550.8,4548.6,4549.2
1787208900,4551.5,4548.3,4550.8
1787209200,4551.1,4544.7,4545.7
1787209500,4547.5,4544.6,4545.9
1787209800,4547,4543.8,4544.4
1787210100,4547.2,4543.5,4544
1787210400,4544.9,4542.4,4542.4
1787210700,4543,4540.3,4540.6
1787211000,4546.5,4540,4546.3
1787211300,4548.2,4545.5,4546.2
1787211600,4550.2,4545.9,4547.8
1787211900,4552.4,4546.3,4546.3
1787212200,4548,4545.3,4548
1787212500,4549.4,4546,4547.8
1787212800,4552.3,4547.5,4549.4
1787213100,4551.4,4548.1,4551.1
1787213400,4552.3,4548.5,4551.4
1787213700,4556,4550.9,4553.5
1787214000,4555.2,4552.1,4552.6
1787214300,4553.3,4546.8,4548.3
1787214600,4550.1,4543.9,4550.1
1787214900,4552.4,4547,4548.8
1787215200,4549.9,4547.1,4547.4
1787215500,4548.3,4544.7,4544.8
1787215800,4548.8,4544.4,4548.5
1787216100,4548.9,4544.3,4546.1
1787216400,4547.9,4545.3,4547.7
1787216700,4550,4545.4,4548.4
1787217000,4551,4547.9,4549
1787217300,4550.4,4545.7,4545.7
1787217600,4549.5,4544.8,4546.6
1787217900,4547.2,4544.7,4547.1
1787218200,4547.5,4543.5,4544.4
1787218500,4545.1,4541,4542.8
1787218800,4547.1,4542.4,4545.7
1787219100,4545.6,4541.7,4542.1
1787219400,4543,4538.4,4540.6
1787219700,4541.2,4538.4,4539.1
1787220000,4542.8,4536.8,4541.8
1787220300,4546.4,4541.8,4546.4
1787220600,4547.9,4544.6,4547.1
1787220900,4548.3,4546.4,4547
1787221200,4547.3,4542.7,4545.3
1787221500,4550.6,4544.8,4550.3
1787221800,4552.6,4548.9,4549.7
1787222100,4551.3,4546.6,4546.8
1787222400,4547.7,4546.4,4547.5
1787222700,4547.8,4545.1,4546.9
1787223000,4547.3,4543.9,4544.3
1787223300,4547.2,4544,4546.7
1787223600,4548.1,4544.2,4544.8
1787223900,4544.8,4542,4543.8
1787224200,4544,4539.2,4541.7
1787224500,4542.5,4537.6,4538.7
1787224800,4544.3,4538,4544.3
1787225100,4546.6,4540.7,4540.7
1787225400,4542.4,4538.9,4541.1
1787225700,4543.3,4536,4537.8
1787226000,4538.7,4530.2,4530.9
1787226300,4532,4522,4527.5
1787226600,4529.5,4522.1,4523.4
1787226900,4527.4,4521.4,4522.8
1787227200,4523.5,4512.6,4513.5
1787227500,4514.6,4506.1,4512.4
1787227800,4521.8,4512.1,4517.9
1787228100,4522.8,4517.5,4522.4
1787228400,4523.4,4517.1,4519.3
1787228700,4519.2,4512.2,4514.6
1787229000,4516.5,4506.2,4508.6
1787229300,4518.3,4506.7,4518
1787229600,4522.1,4514.8,4521.7
1787229900,4526.6,4519.1,4526.4
1787230200,4530.5,4524.9,4527
1787230500,4532.1,4526.6,4529.6
1787230800,4539.6,4528.6,4533.5
1787231100,4535.5,4527.8,4528.5
1787231400,4530.9,4526.7,4528
1787231700,4531.9,4525.6,4529.5
1787232000,4531.8,4526.5,4529.4
1787232300,4529.5,4524.9,4526.6
1787232600,4532.7,4523.5,4530.6
1787232900,4542.9,4529.4,4538.8
1787233200,4543.2,4532.7,4541.6
1787233500,4544.3,4534.8,4537.1
1787233800,4541.7,4535.8,4540.8
1787234100,4542,4534.3,4537.1
1787234400,4546.8,4536.8,4538.2
1787234700,4542,4535.8,4540.7
1787235000,4545,4538.4,4541.1
1787235300,4545.4,4537.5,4537.7
1787235600,4549.9,4537.3,4546.8
1787235900,4549,4542.6,4547.7
1787236200,4553.2,4547.6,4550.1
1787236500,4556.8,4548.6,4551.4
1787236800,4557,4549.1,4554.8
1787237100,4564.4,4554.4,4563.4
1787237400,4566.3,4560,4565.7
1787237700,4572,4565,4571.6
1787238000,4592.7,4570.3,4591.6
1787238300,4592.8,4578.8,4581.2
1787238600,4593.8,4577.8,4591.4
1787238900,4597.1,4586.3,4596
1787239200,4597.3,4579.3,4583
1787239500,4590.2,4581.6,4588.7
1787239800,4590,4578.3,4580.2
1787240100,4583,4573.2,4574.8
1787240400,4576.2,4564.5,4567.4
1787240700,4577.4,4566.9,4576
1787241000,4577.7,4571.3,4574.8
1787241300,4580,4573,4577.4
1787241600,4580.7,4575.1,4575.6
1787241900,4578,4574.6,4575.7
1787242200,4576.3,4566.4,4567.3
1787242500,4569.5,4564.3,4568.3
1787242800,4569.3,4565.1,4568.1
1787243100,4567.9,4561.5,4565.9
1787243400,4566.6,4559.1,4565.7
1787243700,4569.3,4563.5,4563.6
1787244000,4567,4563.4,4565.7
1787244300,4569.1,4564,4568.4
1787244600,4570.6,4565.2,4566
1787244900,4567.9,4564.3,4566.5
1787245200,4570.6,4566.4,4567.9
1787245500,4568.3,4564.1,4566.3
1787245800,4567,4564.2,4565.9
1787246100,4567.8,4564.4,4565.4
1787246400,4571,4564.8,4567.7
1787246700,4573.4,4565.8,4569.6
1787247000,4575.4,4567.3,4574.8
1787247300,4575.3,4572.6,4573.6
1787247600,4574.9,4572.8,4574.7
1787247900,4576.9,4573.7,4575.6
1787248200,4576.7,4573.6,4575.1
1787248500,4577,4574.4,4576
1787248800,4578.7,4574.7,4577.8
1787249100,4579,4571.1,4573
1787249400,4573.1,4565.5,4566.9
1787249700,4572.7,4564.2,4572.1
1787250000,4574.5,4571.1,4572.5
1787250300,4576.7,4572.6,4575.5
1787250600,4577.9,4574.8,4575.7
1787250900,4579.8,4575,4577.4
1787251200,4578.2,4576.1,4576.6
1787251500,4577.8,4574.2,4577.8
1787251800,4581.9,4577.3,4581.2
1787252100,4581.4,4577.6,4578.6
1787252400,4579.1,4574.6,4578.2
1787252700,4583,4577.8,4582.9
1787253000,4584.7,4580.8,4584.2
1787253300,4586,4582,4582.3
1787253600,4584.7,4580.2,4583.5
1787253900,4584.1,4578.8,4579.3
1787254200,4580.8,4578.1,4580.1
1787254500,4585.8,4579.3,4585.1
1787254800,4585,4582.3,4582.4
1787255100,4586,4580.9,4584.7
1787255400,4588,4584,4586.9
1787255700,4587.3,4582.7,4584.9
1787256000,4585.3,4582,4583.2
1787256300,4584,4578.6,4578.8
1787256600,4581.2,4578.5,4579
1787256900,4579,4576.8,4578.3
1787257200,4578.6,4576.9,4577.7
1787257500,4578.2,4576.6,4576.9
1787257800,4577.5,4573.1,4574.2
1787258100,4574.9,4573.4,4573.9
1787258400,4575.1,4573.8,4574.3
1787258700,4575.2,4574.1,4574.7
1787259000,4577.2,4574,4575.7
1787259300,4576.3,4574.7,4575.3
1787263200,4577.7,4569.7,4576.1
1787263500,4577.2,4574.2,4574.2
1787263800,4575.6,4572.8,4574.4
1787264100,4576.2,4574.6,4575.9
1787264400,4576.2,4573.9,4574.5
1787264700,4577,4574.7,4575.6
1787265000,4576.3,4574.3,4576.1
1787265300,4578.7,4575.8,4577.5
1787265600,4579.8,4577.4,4578.9
1787265900,4580,4575.3,4578.2
1787266200,4580.2,4577.7,4579.8
1787266500,4580.5,4579.2,4579.9
1787266800,4586,4579,4585
1787267100,4586.5,4580.7,4583.2
1787267400,4588.7,4583.1,4587.7
1787267700,4588.5,4585.4,4587.6
1787268000,4587.6,4584,4584.6
1787268300,4586.8,4578.3,4583.2
1787268600,4585.1,4577.8,4579.5
1787268900,4580.7,4577.1,4579.6
1787269200,4581.4,4579.5,4581
1787269500,4583.7,4579.1,4583.4
1787269800,4584.4,4582.1,4583.8
1787270100,4584.2,4582,4582.4
1787270400,4583.9,4578.4,4579
1787270700,4579.4,4576,4576.3
1787271000,4579.6,4573.4,4575.3
1787271300,4576,4571.2,4574.4
1787271600,4575.8,4572.9,4574.1
1787271900,4577.4,4570.4,4571.4
1787272200,4573.8,4569.8,4571
1787272500,4572.5,4567.8,4569.5
1787272800,4571.5,4567.5,4570.7
1787273100,4570.9,4566.5,4568.7
1787273400,4569.6,4566.7,4568
1787273700,4568.3,4566,4567
1787274000,4574.2,4565.2,4569.6
1787274300,4573,4568.7,4570.5
1787274600,4578,4568.7,4577.3
1787274900,4584.1,4577.1,4580.9
1787275200,4586.9,4578.8,4583.3
1787275500,4587.7,4581.9,4586.3
1787275800,4596.2,4585.1,4594.2
1787276100,4600.4,4582.4,4585.4
1787276400,4585.5,4579.9,4582.3
1787276700,4589.8,4582,4587.6
1787277000,4588.7,4581.6,4582
1787277300,4587.3,4582,4587
1787277600,4587.5,4577.2,4578.6
1787277900,4581.4,4576.8,4578.8
1787278200,4579.5,4573.7,4577.4
1787278500,4578.5,4575.9,4578.5
1787278800,4583.6,4578.1,4583.3
1787279100,4585.5,4582,4583.5
1787279400,4586.9,4581.1,4582.5
1787279700,4587.9,4582.3,4587.4
1787280000,4594.3,4587.1,4594.1
1787280300,4595.7,4591,4595.2
1787280600,4599.1,4591,4597.1
1787280900,4597.5,4588.7,4589.8
1787281200,4594.8,4589.1,4589.6
1787281500,4592.4,4588.3,4591.1
1787281800,4592.9,4588.6,4588.9
1787282100,4591.1,4588.1,4589.1
1787282400,4591.2,4588.8,4589.7
1787282700,4591,4585.6,4585.8
1787283000,4592,4585.3,4591.5
1787283300,4591.7,4585,4585.3
1787283600,4585.7,4582.6,4585.2
1787283900,4589.8,4584.2,4587.5
1787284200,4589.3,4587.2,4589.1
1787284500,4591.9,4588.4,4591.4
1787284800,4595.5,4591.2,4594.8
1787285100,4595.8,4592,4594.4
1787285400,4598.3,4593.4,4596.6
1787285700,4597.8,4593.9,4597.5
1787286000,4602.8,4597.2,4599.7
1787286300,4604.1,4598.9,4603.4
1787286600,4604.5,4599.5,4600.5
1787286900,4601.2,4597,4598
1787287200,4599.7,4596.9,4597.9
1787287500,4598.6,4596.3,4597.3
1787287800,4598.8,4597.1,4597.7
1787288100,4598.5,4596.4,4596.5
1787288400,4597,4593.1,4594.2
1787288700,4596.2,4591.3,4593.3
1787289000,4594.1,4590.9,4593.7
1787289300,4595.2,4587,4590
1787289600,4590.9,4588.9,4590.3
1787289900,4590.8,4586.4,4587
1787290200,4594.4,4585.2,4594.2
1787290500,4597,4591.3,4592.4
1787290800,4600,4592,4599.4
1787291100,4602.7,4597.7,4602.5
1787291400,4605.5,4599.2,4604.1
1787291700,4612.4,4604,4609.9
1787292000,4611.5,4603.8,4605.5
1787292300,4608,4603.2,4604.8
1787292600,4607,4601.7,4605.2
1787292900,4613,4605.4,4612.2
1787293200,4613.4,4606.4,4606.9
1787293500,4615.5,4606.5,4612.1
1787293800,4620.5,4611.3,4618
1787294100,4622.8,4618.1,4621.9
1787294400,4622,4617.4,4619.4
1787294700,4624.8,4619.6,4624.6
1787295000,4624.6,4621.3,4621.5
1787295300,4624.6,4617.8,4617.9
1787295600,4623.3,4616.5,4623.1
1787295900,4623.2,4615.8,4615.8
1787296200,4618.7,4615.3,4618.7
1787296500,4624,4616.9,4623.2
1787296800,4625,4619.9,4620.4
1787297100,4621.5,4617.7,4618.5
1787297400,4621.9,4617.2,4619.3
1787297700,4622,4617,4621.4
1787298000,4623.3,4619.5,4621.1
1787298300,4625,4619.5,4623
1787298600,4624,4617.8,4618.7
1787298900,4622.1,4618,4621.2
1787299200,4623.7,4618,4618.3
1787299500,4619.9,4615.7,4618.3
1787299800,4625,4618.2,4622.5
1787300100,4630.6,4620.8,4629.9
1787300400,4636.4,4628.8,4634.4
1787300700,4639,4634.4,4636.5
1787301000,4638.9,4634.7,4637.8
1787301300,4639.8,4633.4,4636.6
1787301600,4641.2,4635.9,4639.5
1787301900,4640.5,4637.2,4637.9
1787302200,4640.2,4636.9,4638.4
1787302500,4641.9,4637.1,4640.8
1787302800,4642.9,4638.9,4642.7
1787303100,4653.6,4641.5,4652.6
1787303400,4658.4,4652.4,4656.9
1787303700,4659.4,4650.3,4650.5
1787304000,4650.5,4641.9,4644.1
1787304300,4645,4638.5,4639.4
1787304600,4642,4639.2,4640.1
1787304900,4643.5,4637.8,4642.9
1787305200,4644.3,4638.9,4640.4
1787305500,4641.1,4638.1,4638.5
1787305800,4641.4,4637.5,4641.1
1787306100,4642.7,4638.1,4639.6
1787306400,4646,4638.8,4642
1787306700,4642.4,4638.3,4640.3
1787307000,4641.1,4634.7,4635.9
1787307300,4644.2,4635.3,4641.3
1787307600,4643.9,4640.2,4643.2
1787307900,4646.8,4642.6,4645.9
1787308200,4648.3,4642.7,4647.8
1787308500,4650.8,4646.6,4650.6
1787308800,4651.4,4648,4650.3
1787309100,4650.8,4647.2,4647.8
1787309400,4650,4645.5,4647.4
1787309700,4648.2,4645,4645.4
1787310000,4652.4,4644.1,4651.2
1787310300,4652.8,4648.1,4649.3
1787310600,4650.6,4645.5,4647.7
1787310900,4655,4647.9,4653.1
1787311200,4659.1,4653.1,4655.4
1787311500,4657.4,4652.9,4655.8
1787311800,4656.1,4650.5,4652
1787312100,4662,4652.4,4654.5
1787312400,4655.1,4650.7,4654.4
1787312700,4657.8,4653.7,4657
1787313000,4657.6,4653,4655.3
1787313300,4656.2,4653.2,4654.4
1787313600,4659.3,4651.3,4652.9
1787313900,4657.6,4649.2,4650.8
1787314200,4651.2,4646.3,4650.3
1787314500,4653.3,4642.9,4645
1787314800,4646.5,4638.1,4642.8
1787315100,4643.9,4640.6,4642
1787315400,4642.1,4633,4634.7
1787315700,4635.6,4620.9,4621.5
1787316000,4632.8,4620.2,4630.4
1787316300,4636.6,4630.1,4636.3
1787316600,4638,4633.6,4636.8
1787316900,4637.9,4631.6,4634.8
1787317200,4641.5,4632.5,4637.8
1787317500,4640.8,4636.1,4637.7
1787317800,4644.5,4637,4642
1787318100,4644.8,4636.3,4637.6
1787318400,4643.7,4635.9,4640
1787318700,4642.3,4638.1,4641
1787319000,4643.8,4630.6,4630.6
1787319300,4648.1,4630.2,4644.4
1787319600,4647.6,4641.3,4644.2
1787319900,4650.3,4638.5,4646.6
1787320200,4648.4,4633.4,4638.1
1787320500,4643.2,4637.1,4638.1
1787320800,4646.3,4637,4645.9
1787321100,4647.9,4640.1,4644.3
1787321400,4647,4642,4646.3
1787321700,4647.5,4642.8,4646.9
1787322000,4654.6,4646.3,4653.8
1787322300,4659.6,4654,4659.6
1787322600,4660.3,4646.4,4646.5
1787322900,4649.4,4637.5,4638.4
1787323200,4646.2,4636.2,4639
1787323500,4648.3,4637,4647.9
1787323800,4652.8,4645,4646.4
1787324100,4649.3,4640.6,4648.4
1787324400,4651.2,4644,4650.2
1787324700,4655.2,4648.8,4651
1787325000,4654.8,4650.8,4652.2
1787325300,4656.3,4652.1,4654.8
1787325600,4660.1,4652.6,4659.6
1787325900,4665.1,4657.2,4660.2
1787326200,4663.9,4656.7,4663.5
1787326500,4665.8,4662.5,4664.5
1787326800,4668.2,4663.1,4666.9
1787327100,4668.8,4664.4,4664.9
1787327400,4672.7,4664.8,4671.3
1787327700,4672.7,4668.3,4671.9
1787328000,4675,4670.4,4674.3
1787328300,4674.4,4666.3,4667.6
1787328600,4673.4,4667.5,4671.9
1787328900,4673.5,4671.1,4671.4
1787329200,4678.6,4668.7,4670.3
1787329500,4672.1,4667.8,4671.6
1787329800,4673.8,4669.8,4673.2
1787330100,4678.5,4671.8,4676.5
1787330400,4679.6,4674.6,4678.8
1787330700,4682.2,4678.5,4681.4
1787331000,4685,4681.1,4684.8
1787331300,4687.1,4683.1,4686.7
1787331600,4689,4684.6,4685.5
1787331900,4690.2,4684,4688.9
1787332200,4689.7,4679.2,4681.2
1787332500,4684.3,4679.9,4681.5
1787332800,4682.8,4673.4,4676.4
1787333100,4683.4,4673.2,4680.3
1787333400,4680.6,4677.6,4678.6
1787333700,4683.1,4678.7,4681.1
1787334000,4682.8,4676.8,4677.9
1787334300,4678.3,4675,4676.7
1787334600,4680.9,4676.1,4677.8
1787334900,4679.7,4677.5,4678.6
1787335200,4684.5,4678.6,4684.3
1787335500,4686,4682.3,4684
1787335800,4684.4,4681.2,4682.2
1787336100,4685.2,4682.1,4684.7
1787336400,4686,4683.6,4684.6
1787336700,4686.2,4682.6,4683.5
1787337000,4683.4,4677.4,4680.4
1787337300,4681.1,4677.6,4677.8
1787337600,4679.4,4677.7,4678.5
1787337900,4683.9,4678.7,4682.7
1787338200,4682.7,4680.5,4682.5
1787338500,4682.1,4680.6,4681.8
1787338800,4683.1,4678.8,4679.4
1787339100,4679.8,4675.8,4678.5
1787339400,4680.9,4677.6,4680.1
1787339700,4680.1,4677.5,4679.4
1787340000,4680.5,4679.2,4679.5
1787340300,4680.3,4675.1,4675.4
1787340600,4677.1,4673.6,4674.4
1787340900,4675.5,4672.6,4675
1787341200,4676.8,4675,4675.3
1787341500,4680.2,4674.6,4680.1
1787341800,4680.9,4678.2,4679.8
1787342100,4679.7,4673,4674.7
1787342400,4675.1,4672.4,4674.8
1787342700,4675.7,4673.1,4673.9
1787343000,4675.3,4673.2,4674.2
1787343300,4675.1,4668.9,4670.5
1787343600,4671.3,4667.6,4668.8
1787343900,4669.6,4667.7,4668.3
1787344200,4669.6,4667,4668.4
1787344500,4669.6,4665.3,4666.3
1787344800,4667.8,4665.5,4665.9
1787345100,4666.5,4660.8,4664.1
1787345400,4665.7,4661.5,4662.8
1787345700,4663.3,4660.8,4662.2
1787522400,4683.7,4666,4668.9
1787522700,4676,4667.1,4675.6
1787523000,4679.2,4673.6,4675.4
1787523300,4676,4670.4,4676
1787523600,4678.6,4672.8,4674.9
1787523900,4674.9,4670,4671.5
1787524200,4674.8,4670.9,4671.9
1787524500,4673.9,4668.6,4668.7
1787524800,4669.5,4664.1,4667.7
1787525100,4668,4664.3,4665.7
1787525400,4666.2,4663.6,4665
1787525700,4665.1,4662.7,4663.1
1787526000,4666.4,4662,4664.4
1787526300,4665.1,4661.3,4664.9
1787526600,4666.8,4664.5,4664.7
1787526900,4665.5,4663.6,4664.7
1787527200,4670.6,4664.7,4669.9
1787527500,4673.8,4668.9,4672.2
1787527800,4675.9,4671,4675.2
1787528100,4676.6,4670.5,4670.7
1787528400,4671.8,4664.7,4665.4
1787528700,4672.4,4665.4,4672.1
1787529000,4679.7,4672.3,4679.7
1787529300,4682.1,4679.3,4681.3
1787529600,4685.6,4677.7,4684.9
1787529900,4696.9,4684.9,4692.3
1787530200,4698.6,4690.8,4695
1787530500,4698.6,4685.9,4687
1787530800,4687.7,4669.2,4670
1787531100,4671.2,4651.6,4662.2
1787531400,4666.1,4659.7,4660
1787531700,4666,4658.2,4658.3
1787532000,4664.8,4658.1,4663.9
1787532300,4672.5,4660.6,4671
1787532600,4674.4,4668.5,4674
1787532900,4680.2,4672.8,4678.9
1787533200,4692,4675.4,4679
1787533500,4686.8,4676.7,4679.5
1787533800,4685.4,4678.8,4679
1787534100,4682.6,4673.4,4678.4
1787534400,4678.8,4667.8,4671.5
1787534700,4674.9,4668.6,4671
1787535000,4671.5,4664.5,4671.3
1787535300,4677.7,4669.1,4670.7
1787535600,4675.1,4664.7,4674.7
1787535900,4675.9,4671.5,4675.5
1787536200,4686.8,4675.7,4685.2
1787536500,4694.2,4683,4688.7
1787536800,4695.4,4684.5,4693.4
1787537100,4700,4690.6,4699.4
1787537400,4709.3,4698.6,4707.3
1787537700,4712.3,4706.1,4711.1
1787538000,4712.2,4705.9,4711.2
1787538300,4712.3,4706.5,4712.3
1787538600,4713.8,4706.5,4708.7
1787538900,4710.9,4702,4702.3
1787539200,4703.2,4694.6,4694.7
1787539500,4695.1,4684.4,4685.3
1787539800,4695.3,4684.6,4694.8
1787540100,4701.7,4694.1,4700.3
1787540400,4700.7,4694.4,4696.9
1787540700,4696.9,4691.6,4694.6
1787541000,4696.5,4690.1,4693.8
1787541300,4698.1,4693.7,4695
1787541600,4700.6,4691.8,4698.8
1787541900,4705.1,4698.8,4700.6
1787542200,4704.9,4700.2,4704.6
1787542500,4707.1,4703.3,4704.1
1787542800,4705,4699.5,4699.7
1787543100,4701.6,4699,4699.3
1787543400,4701.8,4697.8,4698
1787543700,4700.3,4696.7,4698.2
1787544000,4699.4,4694.1,4696.2
1787544300,4695.8,4688.9,4690
1787544600,4695.3,4689.1,4694.9
1787544900,4697.4,4690.7,4696.5
1787545200,4696.5,4693.4,4693.8
1787545500,4698.1,4693.9,4696.7
1787545800,4697,4689.1,4692.1
1787546100,4693.8,4691,4693
1787546400,4694.8,4691.2,4694.4
1787546700,4695.3,4692,4692.6
1787547000,4696.5,4692,4695.8
1787547300,4696.3,4693.1,4695.1
1787547600,4697.9,4694.7,4695.8
1787547900,4699,4695.5,4696
1787548200,4699.6,4695,4699.5
1787548500,4702.8,4697.4,4699
1787548800,4699.2,4693.8,4694.6
1787549100,4698.3,4691.8,4691.9
1787549400,4695.9,4685.5,4688.7
1787549700,4695.2,4686.3,4689.2
1787550000,4692,4687.4,4689.5
1787550300,4694.9,4686.3,4694.7
1787550600,4699.7,4692.6,4694.9
1787550900,4697.7,4693.8,4697.3
1787551200,4702.4,4695.6,4701.2
1787551500,4708.2,4699.4,4705.2
1787551800,4708.9,4703.2,4708.2
1787552100,4716.7,4708.3,4712.8
1787552400,4715.2,4702.9,4706.6
1787552700,4706.5,4697,4699
1787553000,4708.9,4698.5,4706.9
1787553300,4710.1,4706.6,4707.5
1787553600,4708.3,4698.3,4699.4
1787553900,4706.5,4699,4706.2
1787554200,4710.4,4702,4707.4
1787554500,4707.7,4705,4706.4
1787554800,4711.2,4703.8,4705
1787555100,4706.5,4700.5,4702.7
1787555400,4705.7,4700.7,4704
1787555700,4706.4,4698.4,4702
1787556000,4704.4,4698,4699.2
1787556300,4703.3,4698,4699.1
1787556600,4702.8,4697.2,4702.3
1787556900,4703.9,4699,4700.3
1787557200,4700.9,4690,4690.7
1787557500,4691.6,4686.2,4687.2
1787557800,4693,4685.7,4691.6
1787558100,4700,4691.4,4697.2
1787558400,4699.6,4692.3,4696.5
1787558700,4702,4692.3,4694
1787559000,4696.2,4691.2,4692.9
1787559300,4693.3,4687.1,4691.4
1787559600,4694.5,4690.3,4691.4
1787559900,4696.3,4685,4685
1787560200,4690.3,4683.8,4690.1
1787560500,4693.2,4689.3,4692.9
1787560800,4701.9,4691.9,4701
1787561100,4702.1,4697.9,4699.4
1787561400,4700.4,4695.8,4697.5
1787561700,4698.1,4691.4,4693.5
1787562000,4698.7,4693,4697.9
1787562300,4700.3,4695.7,4697.7
1787562600,4699.2,4694.7,4697.1
1787562900,4697.2,4690.2,4692
1787563200,4694.7,4691.6,4692.3
1787563500,4694,4690.8,4691.5
1787563800,4696.7,4690,4691.2
1787564100,4693,4688.7,4693
1787564400,4696,4692.5,4695.3
1787564700,4701.4,4695.2,4700.4
1787565000,4701.8,4698,4700.7
1787565300,4702.7,4699.8,4702.5
1787565600,4706.7,4702.4,4705.7
1787565900,4707.2,4702.8,4704
1787566200,4707.3,4702.5,4704.9
1787566500,4705.6,4703.1,4703.7
1787566800,4704.5,4699.8,4701.9
1787567100,4703.1,4699.2,4700.5
1787567400,4702.7,4699.9,4702.5
1787567700,4706.4,4700.1,4705.5
1787568000,4705.5,4701.1,4701.4
1787568300,4703.1,4698.5,4703
1787568600,4704.3,4701.5,4702.7
1787568900,4703.8,4699.4,4700.5
1787569200,4703.9,4696.9,4702.8
1787569500,4703.6,4697,4697.6
1787569800,4701.9,4696.1,4699.3
1787570100,4702.6,4698.5,4702.2
1787570400,4703.3,4697.8,4698.6
1787570700,4705.2,4698.1,4703.9
1787571000,4709.7,4700.7,4709.2
1787571300,4728.3,4708,4718.6
1787571600,4724.5,4711.6,4716.5
1787571900,4719.5,4705.6,4706.7
1787572200,4717.6,4705.9,4717.2
1787572500,4717.6,4713,4715.4
1787572800,4716.2,4707.5,4709.7
1787573100,4714.1,4707.4,4712.4
1787573400,4717.9,4711.3,4715
1787573700,4714.9,4709.4,4710.8
1787574000,4717.5,4709.1,4715
1787574300,4720.6,4712.5,4719.4
1787574600,4719.5,4701.8,4712.2
1787574900,4722,4711.8,4720.5
1787575200,4726.6,4712.8,4715.4
1787575500,4719.9,4711.9,4719.8
1787575800,4725,4718.9,4724.9
1787576100,4725.2,4719.2,4720.6
1787576400,4729.1,4719.3,4724.8
1787576700,4732,4724.9,4731.4
1787577000,4735.6,4730.8,4734.8
1787577300,4735.9,4729.2,4730
1787577600,4730.3,4725.1,4728.1
1787577900,4732.3,4725.5,4729.9
1787578200,4737.9,4727.3,4737.3
1787578500,4738.5,4723.6,4724.4
1787578800,4731.7,4715.6,4716
1787579100,4735.8,4713.1,4731.1
1787579400,4733.6,4715,4723.9
1787579700,4726.4,4716.2,4721.7
1787580000,4725.5,4716.8,4720.1
1787580300,4727.8,4719.3,4727.6
1787580600,4729.3,4718.2,4722.6
1787580900,4723.1,4711.3,4722.4
1787581200,4727.1,4721.6,4723.3
1787581500,4732.3,4723.1,4728.9
1787581800,4734.8,4727.8,4733.9
1787582100,4736.2,4731.5,4732.9
1787582400,4735.2,4726.2,4729.3
1787582700,4730.8,4721.7,4723
1787583000,4725.8,4714,4725.5
1787583300,4733.3,4724.1,4727.6
1787583600,4734.3,4722.7,4732.5
1787583900,4733.6,4730.2,4730.5
1787584200,4732.4,4728.2,4730.2
1787584500,4731.1,4726.6,4730.6
1787584800,4730.7,4725,4727.5
1787585100,4737.1,4726.5,4733.2
1787585400,4735.1,4727.1,4730
1787585700,4732,4724.5,4725.5
1787586000,4725.6,4716.6,4718
1787586300,4720.5,4701.4,4703.7
1787586600,4712.5,4703.3,4710.1
1787586900,4710,4696.3,4706
1787587200,4719.3,4703.1,4715.8
1787587500,4719.2,4711,4711.4
1787587800,4715.3,4710.7,4714.6
1787588100,4717.8,4713.4,4716.2
1787588400,4716.7,4713.3,4713.6
1787588700,4716.6,4713.3,4716.1
1787589000,4719.2,4715.9,4717.9
1787589300,4720,4716.6,4717
1787589600,4718.9,4715.6,4717.1
1787589900,4717.5,4712.4,4714.9
1787590200,4715.4,4708.5,4709.8
1787590500,4710,4698,4701.8
1787590800,4705.1,4698.6,4702.9
1787591100,4712.7,4701,4709.6
1787591400,4712,4706.6,4708.8
1787591700,4711.3,4704.7,4705.4
1787592000,4705.4,4686.6,4693
1787592300,4701.9,4689.5,4695.2
1787592600,4697.9,4692.1,4694.7
1787592900,4699.7,4693.4,4697.8
1787593200,4699,4695,4695.3
1787593500,4695.9,4690.3,4690.4
1787593800,4695.5,4688.8,4690.8
1787594100,4694.1,4689.3,4693.2
1787594400,4697.4,4691.6,4696.8
1787594700,4697,4681.3,4688.8
1787595000,4691.5,4686.5,4688.7
1787595300,4691.1,4684.2,4684.9
1787595600,4693.5,4683.6,4692.9
1787595900,4698.9,4692.8,4697.3
1787596200,4698.7,4687.9,4688.6
1787596500,4689.6,4681.4,4686.5
1787596800,4692,4686.4,4691.1
1787597100,4691.8,4687.8,4689.5
1787597400,4691.7,4689.1,4689.6
1787597700,4693.9,4689.9,4692.8
1787598000,4697.2,4692.4,4695.3
1787598300,4697,4692.4,4694.8
1787598600,4695.2,4692.2,4692.6
1787598900,4699.3,4692,4699.1
1787599200,4701.3,4697.7,4698.7
1787599500,4699.3,4696.1,4697.5
1787599800,4698.6,4696.1,4697
1787600100,4702.5,4696.6,4700.6
1787600400,4706.8,4700.2,4705.8
1787600700,4711.2,4705.4,4710.9
1787601000,4712.2,4707.3,4709.1
1787601300,4710.3,4706.1,4707.3
1787601600,4711.2,4706.7,4710.4
1787601900,4711,4709.6,4710
1787602200,4711.5,4706.2,4706.7
1787602500,4710,4706.6,4707.9
1787602800,4709,4706.5,4706.6
1787603100,4706.9,4704.7,4705.3
1787603400,4706.3,4704.6,4704.8
1787603700,4705.7,4704.1,4705
1787604000,4705.1,4703.3,4704.1
1787604300,4707.6,4703.5,4706.7
1787604600,4708.3,4705.5,4707.6
1787604900,4710,4706,4710
1787608800,4714.1,4708.8,4713.3
1787609100,4718.3,4712.7,4716
1787609400,4717,4714.8,4715.5
1787609700,4716.6,4714.9,4714.9
1787610000,4715.9,4714.3,4715.4
1787610300,4715.3,4713.4,4714.6
1787610600,4716.1,4714,4716
1787610900,4718.1,4715.6,4717.3
1787611200,4718.5,4717.1,4718.5
1787611500,4719.6,4717.7,4719.2
1787611800,4722.1,4719.2,4721.5
1787612100,4725.4,4720.9,4724.5
1787612400,4726.8,4724.2,4725.3
1787612700,4726.4,4723.3,4726.3
1787613000,4729.3,4725.6,4729.2
1787613300,4733.9,4729.2,4731.8
1787613600,4732.5,4730.3,4731.5
1787613900,4731.8,4726,4726
1787614200,4730.1,4724.1,4729.5
1787614500,4734.2,4728.4,4732.1
1787614800,4734.2,4732,4733.6
1787615100,4734.9,4731.8,4734.4
1787615400,4740.2,4734.1,4736.6
1787615700,4738.4,4734.9,4737.3
1787616000,4746.4,4733.9,4734.7
1787616300,4744.7,4732.6,4738.9
1787616600,4749.2,4736.7,4747.6
1787616900,4748.9,4738.2,4738.4
1787617200,4740.2,4736,4736.9
1787617500,4741.3,4733.8,4739.9
1787617800,4750.8,4739.1,4745.3
1787618100,4753.2,4745,4752.4
1787618400,4755,4749.2,4751.2
1787618700,4752.4,4745.5,4749.6
1787619000,4751.2,4744.7,4745.3
1787619300,4746.9,4740.5,4741
1787619600,4743.1,4727.4,4733.9
1787619900,4737.6,4728,4735.4
1787620200,4737,4731.7,4735.1
1787620500,4737.2,4730,4735
1787620800,4734.7,4722.7,4723.3
1787621100,4729.4,4720.5,4726.1
1787621400,4731.3,4723.4,4725
1787621700,4731.4,4723.2,4724.9
1787622000,4730,4724,4727.1
1787622300,4732.8,4721.5,4731.3
1787622600,4731.6,4720,4721.4
1787622900,4722.1,4713.1,4714.6
1787623200,4718.3,4707,4708.1
1787623500,4708.2,4695.6,4701.2
1787623800,4702.4,4694,4698
1787624100,4706.3,4697.1,4705.6
1787624400,4712,4705.6,4710.7
1787624700,4713,4708.2,4712.3
1787625000,4712.9,4698.9,4702.7
1787625300,4703.8,4695.8,4699.8
1787625600,4704,4686.7,4686.7
1787625900,4693.8,4686.2,4688.8
1787626200,4692.9,4671,4682.8
1787626500,4685.9,4676.7,4685.5
1787626800,4687.7,4678.2,4679.6
1787627100,4694.1,4678.7,4691
1787627400,4693.8,4687.7,4689.6
1787627700,4692.8,4687.8,4691.3
1787628000,4692.9,4688.1,4690.5
1787628300,4694.4,4690.5,4693.4
1787628600,4697.3,4691.6,4695.9
1787628900,4697.1,4690.2,4691.3
1787629200,4693.1,4689.5,4690.2
1787629500,4691.5,4687,4689.3
1787629800,4691,4687.3,4688.9
1787630100,4691.9,4687.8,4689.1
1787630400,4691.7,4686.1,4690.7
1787630700,4692.4,4690,4692
1787631000,4693.7,4690.9,4693
1787631300,4693.1,4688.9,4690.1
1787631600,4691.2,4686.7,4688.5
1787631900,4688.8,4684.5,4686.8
1787632200,4688.6,4681.8,4685.7
1787632500,4687.4,4682.2,4683
1787632800,4683.2,4679.5,4681.6
1787633100,4682.6,4680,4682.3
1787633400,4684.6,4679.9,4682.8
1787633700,4683.3,4680.8,4681.3
1787634000,4684.8,4679.1,4684.8
1787634300,4694.6,4684.6,4691.2
1787634600,4694.8,4691.1,4693.7
1787634900,4700,4693.3,4700
1787635200,4702.1,4698.6,4700.2
1787635500,4703.9,4698.5,4702.8
1787635800,4703.5,4695,4698.7
1787636100,4702.3,4697.7,4698.5
1787636400,4699,4693.6,4694.8
1787636700,4698.4,4691.4,4695.4
1787637000,4699.5,4692.4,4699.3
1787637300,4701.7,4696.9,4698.8
1787637600,4702,4697.1,4700
1787637900,4704.7,4699.7,4703.9
1787638200,4706.6,4703.9,4705.8
1787638500,4705.7,4702.5,4703.7
1787638800,4708.3,4701.4,4707.6
1787639100,4709.5,4705.8,4706.4
1787639400,4709.7,4705,4707.8
1787639700,4708.6,4704.2,4706.1
1787640000,4709,4703.9,4704
1787640300,4705.9,4702.8,4704
1787640600,4704.7,4696.8,4697.7
1787640900,4698.5,4693.2,4694.7
1787641200,4697.4,4693.4,4696.1
1787641500,4698.4,4692.4,4697.4
1787641800,4698.3,4694,4696.2
1787642100,4699.4,4694.1,4697.5
1787642400,4700.3,4695.8,4697
1787642700,4697.5,4689.8,4691
1787643000,4695.3,4690.1,4691.3
1787643300,4693.3,4690.1,4693.1
1787643600,4696.7,4691.7,4696.1
1787643900,4697.2,4690.6,4692.1
1787644200,4693.5,4687.1,4688
1787644500,4687.9,4685.8,4686.4
1787644800,4687.5,4681.5,4682
1787645100,4685.3,4676.4,4679.5
1787645400,4683.1,4679.2,4683
1787645700,4686.6,4682,4684.8
1787646000,4701.9,4683,4699.8
1787646300,4699.8,4688.2,4689.1
1787646600,4691.6,4687.8,4690.6
1787646900,4691,4685.1,4686.2
1787647200,4688.1,4681.6,4688.1
1787647500,4689.7,4683.3,4683.9
1787647800,4684.4,4680.9,4682.4
1787648100,4686.4,4682.1,4686
1787648400,4685.9,4680.3,4682.2
1787648700,4689.1,4680.3,4688.6
1787649000,4688.7,4684.8,4686
1787649300,4689.2,4685.7,4687.2
1787649600,4688,4684.9,4685.5
1787649900,4685.4,4681.2,4681.4
1787650200,4695.2,4679.6,4692.7
1787650500,4692.4,4685,4685.8
1787650800,4694.7,4685,4692.8
1787651100,4696.6,4691.9,4696.1
1787651400,4698,4693.5,4693.6
1787651700,4697.1,4691.3,4691.6
1787652000,4692.7,4688.5,4689.8
1787652300,4692.3,4688.7,4690.8
1787652600,4694.1,4688.8,4691
1787652900,4694.6,4690.2,4692.5
1787653200,4693.9,4690.8,4690.9
1787653500,4693,4688.5,4689.2
1787653800,4692.5,4688.2,4690.8
1787654100,4693.8,4689,4693.1
1787654400,4696.7,4692.7,4693.5
1787654700,4696.9,4693,4693.8
1787655000,4698,4692.5,4697
1787655300,4698.1,4694.9,4694.9
1787655600,4696.4,4693.3,4695.8
1787655900,4698.9,4691.6,4695.8
1787656200,4698.5,4694.8,4698.3
1787656500,4700.6,4696.9,4699.2
1787656800,4700.3,4696.1,4697.8
1787657100,4698.5,4694.4,4697
1787657400,4700.6,4696.2,4698.7
1787657700,4700.7,4697.8,4700.5
1787658000,4701.1,4696,4696.6
1787658300,4702.2,4696.2,4700.8
1787658600,4703.7,4697.6,4699.7
1787658900,4701.1,4697.4,4698.5
1787659200,4699,4690.4,4692.6
1787659500,4694.6,4691.3,4692.8
1787659800,4697.8,4691.9,4695.2
1787660100,4695.2,4688.6,4691.2
1787660400,4695.1,4687.3,4689.2
1787660700,4693.2,4688.3,4692.8
1787661000,4693.1,4688.1,4688.2
1787661300,4690.3,4685.6,4685.7
1787661600,4696.1,4685.1,4693.5
1787661900,4698.3,4692.3,4695.6
1787662200,4699.8,4694.9,4696.6
1787662500,4696.9,4693.7,4696
1787662800,4696.7,4685,4689.6
1787663100,4692,4683.1,4686.4
1787663400,4689.3,4678,4678.4
1787663700,4683.4,4675.4,4681.1
1787664000,4681.3,4667.8,4669.8
1787664300,4673.6,4663.4,4664.8
1787664600,4678.7,4664.4,4677
1787664900,4677,4664.2,4670.7
1787665200,4676.9,4665.9,4667.8
1787665500,4670.4,4658.7,4661.8
1787665800,4667.4,4660.3,4662.2
1787666100,4672.9,4660.3,4672.3
1787666400,4676.9,4668.7,4674.1
1787666700,4681,4673.4,4678.7
1787667000,4682.8,4677.4,4678.5
1787667300,4680.9,4674.7,4674.9
1787667600,4681.9,4673.9,4681.4
1787667900,4684.4,4679.1,4679.8
1787668200,4687.6,4666.9,4685.4
1787668500,4693.7,4685.1,4692.9
1787668800,4694.3,4686.8,4693.1
1787669100,4696.1,4691.2,4692.5
1787669400,4694.2,4688.6,4690.9
1787669700,4693.4,4688.9,4691.7
1787670000,4693.3,4686.2,4687.9
1787670300,4690.2,4686.3,4688.4
1787670600,4691.5,4686.9,4689.2
1787670900,4695.6,4685,4695
1787671200,4700.9,4694.7,4696.5
1787671500,4699.4,4693,4695.7
1787671800,4707.6,4695.9,4705.3
1787672100,4715.4,4704.7,4712.8
1787672400,4716.4,4711.3,4713
1787672700,4714.5,4707.7,4708.7
1787673000,4709.4,4705.8,4707.4
1787673300,4711,4705.4,4709.6
1787673600,4710.4,4704.1,4704.8
1787673900,4706.1,4701.4,4701.4
1787674200,4703,4699.2,4701.3
1787674500,4704,4697.9,4699.9
1787674800,4700.2,4694.7,4696.7
1787675100,4699.9,4695.9,4697.7
1787675400,4699.6,4695,4695.6
1787675700,4702.8,4693.8,4701.8
1787676000,4702.5,4700,4701.2
1787676300,4703.4,4699.2,4702.2
1787676600,4703.8,4700.8,4701.1
1787676900,4702.9,4697.4,4700.7
1787677200,4701,4695.3,4697.7
1787677500,4697.6,4691.7,4693.4
1787677800,4697.1,4691,4694.9
1787678100,4700.2,4691.8,4700.1
1787678400,4702.5,4695.1,4696.6
1787678700,4698.6,4693.3,4694.5
1787679000,4697.2,4693.5,4695.4
1787679300,4700.3,4695.4,4699.9
1787679600,4701.7,4698.3,4700.2
1787679900,4704.7,4699.9,4703.2
1787680200,4703.5,4699.8,4702.2
1787680500,4705.9,4702,4705.7
1787680800,4705.9,4701.7,4702.1
1787681100,4705.1,4701.1,4703.3
1787681400,4707.4,4703,4704.3
1787681700,4706.1,4703.1,4705.9
1787682000,4706.8,4705,4705.8
1787682300,4707.4,4705.7,4706.8
1787682600,4707,4703.2,4704.4
1787682900,4705.7,4702.1,4705
1787683200,4707.4,4704.5,4706
1787683500,4709.1,4705.9,4708.1
1787683800,4708.3,4706.5,4707.7
1787684100,4711.8,4707.6,4711.5
1787684400,4714.8,4710.2,4711.1
1787684700,4717.3,4710.4,4716.2
1787685000,4720,4715.7,4719.4
1787685300,4725.6,4718.9,4723.6
1787685600,4724.4,4720.2,4721.6
1787685900,4721.4,4716.9,4717.8
1787686200,4718.7,4715.3,4715.8
1787686500,4717.2,4714.6,4716.3
1787686800,4722.2,4716,4719
1787687100,4721.3,4717.1,4721
1787687400,4724.3,4718.7,4722.1
1787687700,4724.2,4717.6,4723.5
1787688000,4724.4,4720.7,4722
1787688300,4726.6,4719.6,4725.6
1787688600,4726.3,4722.7,4723
1787688900,4723.7,4722.4,4723.2
1787689200,4725,4722.9,4723.3
1787689500,4723.3,4718.8,4719.6
1787689800,4721.4,4718.3,4718.7
1787690100,4719.7,4718.3,4718.6
1787690400,4719.1,4717.2,4718.8
1787690700,4719.5,4717.8,4718.3
1787691000,4718.8,4716.3,4716.7
1787691300,4717.4,4714.1,4716
1787695200,4718.8,4712,4718.8
1787695500,4719.2,4717.1,4718.5
1787695800,4722.2,4718.1,4721.7
1787696100,4724.1,4721.6,4723.3
1787696400,4724,4722,4723.8
1787696700,4724,4722.6,4723.7
1787697000,4726.4,4723.8,4726.2
1787697300,4728,4724.2,4727.1
1787697600,4727.6,4725.6,4726.9
1787697900,4730,4726.7,4729.2
1787698200,4730.9,4729,4729.7
1787698500,4730.6,4729.4,4730.2
1787698800,4730.8,4727.3,4729.2
1787699100,4729.9,4726.1,4726.2
1787699400,4727.1,4724.1,4725.1
1787699700,4725.6,4723.5,4724.3
1787700000,4724.5,4718.8,4719.1
1787700300,4719.2,4717.1,4718.4
1787700600,4719,4715.9,4717.4
1787700900,4718.2,4716.5,4716.5
1787701200,4717.2,4712.8,4713.5
1787701500,4716,4712.1,4713
1787701800,4714.3,4710.9,4711.9
1787702100,4712.7,4710.3,4712
1787702400,4715.8,4708.3,4709.6
1787702700,4711.5,4708.7,4710.9
1787703000,4711.9,4707.1,4708.5
1787703300,4712.1,4707.3,4708.6
1787703600,4708.7,4702.2,4702.5
1787703900,4705,4700,4704.1
1787704200,4707.5,4701.2,4702.3
1787704500,4702.7,4695.6,4697
1787704800,4697.3,4693.4,4694.1
1787705100,4695.6,4692.9,4693.3
1787705400,4695.9,4690.9,4692.7
1787705700,4695.7,4692.4,4694.1
1787706000,4703.3,4686.2,4703
1787706300,4704.8,4697.6,4701.5
1787706600,4703.5,4697.4,4700.9
1787706900,4707.2,4700.7,4702.1
1787707200,4705.8,4700.5,4700.6
1787707500,4704.6,4699.8,4700.2
1787707800,4702,4695.2,4695.6
1787708100,4703.7,4695.8,4701.9
1787708400,4703.9,4696.5,4701.6
1787708700,4708.1,4699.5,4707.7
1787709000,4710.6,4707.1,4708.3
1787709300,4717.7,4708.3,4713.9
1787709600,4717.2,4711.7,4716.6
1787709900,4718.7,4715.3,4717.3
1787710200,4718.4,4714.4,4716.8
1787710500,4718.4,4715.9,4718
1787710800,4718.7,4715.6,4716.2
1787711100,4716.8,4712.6,4715.9
1787711400,4720.8,4714.2,4720.5
1787711700,4722.7,4716.3,4720.3
1787712000,4728,4718.9,4724.2
1787712300,4726.3,4722.3,4722.7
1787712600,4723.7,4717.4,4718.1
1787712900,4718.2,4714.9,4715.8
1787713200,4715.9,4709.8,4713.8
1787713500,4714.3,4706.4,4707.3
1787713800,4707.2,4704,4705.2
1787714100,4705.8,4702.7,4704.3
1787714400,4708,4704.1,4706
1787714700,4707.6,4704.6,4707.3
1787715000,4708.7,4706.6,4707
1787715300,4708.4,4703.4,4705.6
1787715600,4706.2,4702,4702.1
1787715900,4702.4,4699.4,4702
1787716200,4702.5,4700.1,4701.3
1787716500,4701.6,4699.6,4699.7
1787716800,4701.4,4699.4,4700
1787717100,4701,4698.2,4700.7
1787717400,4701.1,4699.4,4699.6
1787717700,4700.5,4698.4,4698.8
1787718000,4700.1,4698.3,4699.6
1787718300,4699.8,4697.8,4699.2
1787718600,4700.4,4698,4698.8
1787718900,4699.2,4697.1,4697.4
1787719200,4699.3,4696.6,4697.9
1787719500,4698.2,4695.7,4697.1
1787719800,4698.9,4696.6,4698
1787720100,4698.7,4696.3,4697.5
1787720400,4701.1,4697.1,4699.1
1787720700,4702.9,4698.6,4702.7
1787721000,4702.7,4698.1,4700.4
1787721300,4701.8,4698.3,4700.2
1787721600,4701.4,4698.6,4700.8
1787721900,4702.1,4699.5,4700.2
1787722200,4706.5,4697.9,4702.6
1787722500,4702.8,4695.2,4698.3
1787722800,4701.4,4694.6,4695
1787723100,4697.6,4692,4694.4
1787723400,4697.2,4693.6,4695.5
1787723700,4696.3,4693.7,4696.1
1787724000,4698.1,4692.6,4697.7
1787724300,4697.6,4694,4695.7
1787724600,4695.9,4692.7,4694.3
1787724900,4694.4,4687.4,4690.9
1787725200,4691.5,4682.5,4683.8
1787725500,4685.5,4681,4683.4
1787725800,4688,4682.2,4687.7
1787726100,4687.9,4683.6,4687.4
1787726400,4691,4686.6,4690.1
1787726700,4693.5,4690,4691.4
1787727000,4692.1,4688.9,4689.7
1787727300,4691,4686.9,4690.5
1787727600,4695.8,4690.8,4695.6
1787727900,4695.8,4689.4,4691.8
1787728200,4693.3,4689.7,4693
1787728500,4694.5,4690,4690.3
1787728800,4691.8,4688.5,4690.5
1787729100,4692.5,4687.1,4687.5
1787729400,4693.1,4687.6,4689.7
1787729700,4690.6,4686.3,4686.7
1787730000,4688.3,4685.3,4688
1787730300,4691.4,4686.9,4688.1
1787730600,4688.2,4683.7,4684.6
1787730900,4686.1,4682.4,4685.1
1787731200,4686.5,4683.5,4684.5
1787731500,4685.4,4681.5,4683.6
1787731800,4684.3,4681.4,4681.5
1787732100,4684.3,4678.1,4680.5
1787732400,4682.1,4677.7,4682
1787732700,4685.4,4681.2,4685.4
1787733000,4686.5,4680.5,4684.1
1787733300,4686.3,4683.5,4684.9
1787733600,4685.4,4683.6,4685.1
1787733900,4685.4,4682.5,4684.3
1787734200,4684.4,4682.8,4682.9
1787734500,4684.1,4681.3,4683.8
1787734800,4687.6,4681.4,4681.4
1787735100,4683,4679.4,4679.5
1787735400,4683.2,4679.3,4680.5
1787735700,4680.6,4676.5,4676.6
1787736000,4677.2,4673.8,4674.4
1787736300,4675.2,4671.2,4672.1
1787736600,4678,4672.1,4676.5
1787736900,4677,4675.5,4676.1
1787737200,4678.3,4675.4,4677.8
1787737500,4681.7,4677.6,4680.3
1787737800,4681.4,4679,4680.3
1787738100,4681.3,4679.5,4679.5
1787738400,4680.3,4676.3,4679.3
1787738700,4679.1,4676,4678
1787739000,4678,4673.6,4675
1787739300,4676.7,4673.3,4673.5
1787739600,4676.1,4672.3,4674.5
1787739900,4674.5,4668.8,4671
1787740200,4675.6,4670.4,4675.2
1787740500,4680.1,4674.3,4679.9
1787740800,4680,4677,4678.4
1787741100,4679.9,4678.2,4679.6
1787741400,4680,4677.4,4678.5
1787741700,4678.3,4674.6,4676.1
1787742000,4677.8,4675.3,4676.8
1787742300,4676.8,4672.4,4673.7
1787742600,4674.9,4672.4,4674.2
1787742900,4678.7,4674,4677.9
1787743200,4678.7,4672,4672.8
1787743500,4677.6,4672.5,4676.3
1787743800,4678.7,4674.2,4674.7
1787744100,4675.6,4672.8,4673.8
1787744400,4675.2,4673,4674.4
1787744700,4674.8,4672.3,4673.9
1787745000,4675.9,4672.9,4674.9
1787745300,4680.9,4674.9,4680.5
1787745600,4685.1,4679.3,4683.2
1787745900,4685.8,4682.5,4683
1787746200,4683.9,4680.9,4681.2
1787746500,4686.1,4680.2,4684.8
1787746800,4685.5,4680.7,4681.8
1787747100,4686.6,4681.3,4685
1787747400,4690,4665.2,4678.9
1787747700,4681.3,4673.2,4677.3
1787748000,4680.6,4669.5,4677.6
1787748300,4680.3,4673.6,4679.1
1787748600,4681.8,4666.1,4671.5
1787748900,4674,4668.2,4669.7
1787749200,4676.8,4663.7,4667.6
1787749500,4672.7,4663.3,4664.3
1787749800,4668.1,4663,4666
1787750100,4669.2,4652.8,4666.9
1787750400,4669.9,4659.4,4664.5
1787750700,4668.1,4660.2,4666.6
1787751000,4674.4,4665.4,4670.9
1787751300,4672.5,4667.6,4668.6
1787751600,4678.4,4666.9,4674.8
1787751900,4680.9,4673.4,4680.6
1787752200,4684,4677.4,4678.9
1787752500,4687.1,4679,4686.6
1787752800,4688.5,4677.4,4679.7
1787753100,4681.9,4676.2,4678.4
1787753400,4682.7,4675,4676
1787753700,4680.3,4675.2,4678.9
1787754000,4683,4675.1,4676.8
1787754300,4677.2,4672,4672.5
1787754600,4675.6,4670.5,4674.1
1787754900,4674.6,4668.6,4672.6
1787755200,4679.2,4672.7,4677.9
1787755500,4678.9,4667.5,4668.4
1787755800,4670.3,4661.5,4663.3
1787756100,4668.2,4658.1,4658.3
1787756400,4660.8,4648.2,4653.6
1787756700,4654,4642.9,4653.1
1787757000,4655.2,4643.1,4644.2
1787757300,4649.4,4637.9,4646.5
1787757600,4650.3,4644.5,4647.3
1787757900,4653.9,4645.8,4650.3
1787758200,4653.7,4649.7,4653.6
1787758500,4657.1,4652.5,4657
1787758800,4660.6,4655.4,4660.6
1787759100,4664.7,4659.8,4663.5
1787759400,4663.8,4653.5,4656
1787759700,4659.8,4651.3,4651.3
1787760000,4654.6,4645.8,4652.7
1787760300,4657.1,4652.3,4654.7
1787760600,4655.6,4652.1,4655.2
1787760900,4655.9,4651.8,4654.1
1787761200,4654.7,4648.8,4650.9
1787761500,4652.2,4649.1,4650.2
1787761800,4651.5,4648.1,4649.5
1787762100,4650.9,4641.9,4642.4
1787762400,4646.8,4640.8,4643.4
1787762700,4650.3,4643.3,4650.3
1787763000,4652.2,4644.4,4644.9
1787763300,4647.5,4643.7,4646.8
1787763600,4649.2,4646.6,4648.5
1787763900,4651.5,4645.9,4649.7
1787764200,4650.7,4648.6,4650.2
1787764500,4651.6,4648.4,4651.5
1787764800,4654.4,4650.5,4652.1
1787765100,4654,4649.5,4653.3
1787765400,4657.8,4652.2,4656.3
1787765700,4656.8,4651.3,4651.7
1787766000,4654.6,4650.9,4652.7
1787766300,4654.4,4651.5,4653.8
1787766600,4654.8,4652.3,4652.7
1787766900,4653.2,4649.3,4653.2
1787767200,4658.9,4652.1,4658.4
1787767500,4660.3,4656.2,4657.9
1787767800,4659.6,4655.5,4656
1787768100,4656.2,4650.3,4651.2
1787768400,4651.3,4647.9,4649.4
1787768700,4650.8,4648.3,4650.1
1787769000,4651.1,4648.6,4648.9
1787769300,4651.7,4647.5,4649.6
1787769600,4652.6,4649,4652
1787769900,4653,4650.9,4652.1
1787770200,4652.9,4651.2,4651.2
1787770500,4651.3,4648.1,4648.7
1787770800,4650,4645.8,4647.1
1787771100,4648.2,4645.8,4647.7
1787771400,4650.5,4647.6,4649.1
1787771700,4650.5,4646.2,4646.2
1787772000,4649,4645.6,4649
1787772300,4653.9,4648.8,4653
1787772600,4656.4,4651.4,4652.3
1787772900,4653.1,4651,4651.6
1787773200,4651.7,4648.6,4650.5
1787773500,4651.3,4649.6,4649.7
1787773800,4650,4647.1,4648.3
1787774100,4649.4,4646.9,4649
1787774400,4649.5,4647.3,4648.6
1787774700,4651.4,4648.6,4649.3
1787775000,4649.8,4646.2,4646.2
1787775300,4646.5,4643.6,4644.2
1787775600,4644.4,4638.6,4644.4
1787775900,4646.8,4643.9,4646
1787776200,4646.8,4644.9,4646.5
1787776500,4648.4,4646.5,4648
1787776800,4648.2,4646.2,4646.6
1787777100,4648.4,4646.2,4648.4
1787777400,4648.8,4647.3,4647.8
1787777700,4649.7,4647.5,4647.9
1787781600,4659.5,4647.5,4656.9
1787781900,4659.2,4656.7,4658
1787782200,4660,4655.5,4657.1
1787782500,4666.9,4656.5,4665.3
1787782800,4667.6,4659.8,4661
1787783100,4665.9,4659.6,4665.3
1787783400,4666.2,4663.8,4663.8
1787783700,4665.7,4663,4664.4
1787784000,4666.2,4663.2,4665.1
1787784300,4666.3,4662,4663.1
1787784600,4663.6,4660.8,4661.5
1787784900,4663.9,4660.7,4663.4
1787785200,4666.1,4660.8,4662.1
1787785500,4666.4,4662.1,4665.4
1787785800,4669.5,4665,4669.5
1787786100,4674.7,4668,4674.2
1787786400,4676,4673.9,4675.1
1787786700,4676.4,4673,4673.6
1787787000,4674.8,4671.7,4674.8
1787787300,4679,4672.7,4678.4
1787787600,4678.5,4676,4676.9
1787787900,4679,4674.7,4677.4
1787788200,4678.6,4674.2,4675
1787788500,4678.4,4674.3,4677.5
1787788800,4681,4676.4,4678.5
1787789100,4678.4,4672,4672.9
1787789400,4673.7,4670,4672
1787789700,4673.6,4666.8,4673.4
1787790000,4675.4,4672.3,4674.2
1787790300,4675.6,4671.3,4673.3
1787790600,4673.2,4667,4667.3
1787790900,4669.2,4663.9,4666.6
1787791200,4667.5,4659.4,4660.4
1787791500,4665.4,4660,4663.7
1787791800,4664,4654.6,4656.7
1787792100,4659.4,4655.8,4658.7
1787792400,4669.1,4656.2,4668.5
1787792700,4674.2,4665.9,4670.7
1787793000,4679.2,4670.8,4678.9
1787793300,4679.2,4671.1,4676.4
1787793600,4679.4,4672.9,4679.2
1787793900,4679.4,4672.9,4672.9
1787794200,4677.2,4672.3,4675.9
1787794500,4685,4674.1,4682.9
1787794800,4686,4676.2,4678.1
1787795100,4686.3,4678.1,4684.2
1787795400,4689.9,4683.4,4689.3
1787795700,4695.4,4689,4694.4
1787796000,4697.7,4692.5,4693.2
1787796300,4697.1,4692.6,4696.8
1787796600,4696.9,4693.3,4695.2
1787796900,4695.4,4692,4693.4
1787797200,4695.1,4691.4,4691.8
1787797500,4692.3,4687.2,4687.7
1787797800,4688.7,4682.9,4684.1
1787798100,4685.6,4679.1,4683
1787798400,4683.3,4678.1,4681.8
1787798700,4685.2,4678.6,4683.6
1787799000,4686.2,4682.2,4683.8
1787799300,4685.5,4682.6,4684.2
1787799600,4689.2,4682.7,4689.1
1787799900,4689.8,4684.3,4684.6
1787800200,4689.4,4683.7,4688.7
1787800500,4690,4687.4,4687.9
1787800800,4693.3,4688,4692.7
1787801100,4692.4,4689.2,4690
1787801400,4690.3,4687.5,4688.3
1787801700,4688.8,4686.4,4686.8
1787802000,4687.2,4683.5,4683.9
1787802300,4684.5,4681.2,4682.3
1787802600,4682.4,4680,4681.4
1787802900,4681.7,4678,4680
1787803200,4682,4679,4681.2
1787803500,4681.7,4679,4679.9
1787803800,4680.7,4678.8,4680
1787804100,4681.6,4678.3,4678.6
1787804400,4679.2,4677.1,4677.5
1787804700,4678.8,4675,4675.3
1787805000,4675.3,4672.6,4673
1787805300,4674.7,4671.3,4672.3
1787805600,4674.6,4671.4,4673.4
1787805900,4675,4671.8,4674.8
1787806200,4675.3,4673.4,4674
1787806500,4674.7,4672.1,4673.1
1787806800,4674.6,4670.4,4674.6
1787807100,4676,4673,4674.5
1787807400,4675.9,4673.5,4674.2
1787807700,4676,4672.4,4673.8
1787808000,4675.6,4672.2,4674.8
1787808300,4675.8,4671,4671.1
1787808600,4674,4663.1,4665.3
1787808900,4667,4662.1,4665.5
1787809200,4665.2,4658.9,4659.5
1787809500,4664,4658.5,4660.5
1787809800,4662.9,4654.8,4657.2
1787810100,4662,4655.5,4660.8
1787810400,4661.7,4653.5,4657.4
1787810700,4659.3,4654.8,4659
1787811000,4660.9,4654,4659.7
1787811300,4661.8,4657.5,4660.3
1787811600,4663.9,4660,4663.4
1787811900,4664.5,4660.8,4664.3
1787812200,4665.8,4659.3,4661.6
1787812500,4662.3,4658.4,4661.2
1787812800,4663,4660.7,4661.4
1787813100,4663.7,4656.8,4658.4
1787813400,4660.1,4655.2,4655.6
1787813700,4656.4,4651.7,4654.2
1787814000,4657.8,4652.5,4657.6
1787814300,4659.8,4656,4656.5
1787814600,4657.7,4654.9,4657.7
1787814900,4657.6,4649.2,4651.2
1787815200,4653.2,4649.7,4650.7
1787815500,4653.7,4647.1,4653.2
1787815800,4655.4,4648.8,4650
1787816100,4652.4,4648.7,4650.5
1787816400,4652,4649.5,4651.5
1787816700,4653,4649.9,4651.4
1787817000,4653.6,4649.3,4651.8
1787817300,4656.3,4651.6,4653.6
1787817600,4660.1,4653.3,4659.3
1787817900,4660.6,4656.2,4656.8
1787818200,4658.7,4656.4,4656.9
1787818500,4660,4656.3,4657.4
1787818800,4657.2,4653.6,4656.9
1787819100,4657.6,4654.4,4654.7
1787819400,4655.2,4652,4652.5
1787819700,4653.2,4650.6,4651.7
1787820000,4652.3,4647.7,4649.1
1787820300,4652,4648.8,4651.4
1787820600,4653.3,4651,4652.7
1787820900,4655.9,4651.5,4652.2
1787821200,4653.8,4646.4,4647.7
1787821500,4650.5,4647.1,4649.5
1787821800,4652.1,4648.3,4649.1
1787822100,4650.2,4647.8,4648.6
1787822400,4650.2,4647.9,4649.8
1787822700,4652.6,4646.4,4650.8
1787823000,4652.3,4646,4647.1
1787823300,4647.2,4631,4637.7
1787823600,4637.7,4634.1,4635.4
1787823900,4637.5,4633.7,4635.7
1787824200,4638.9,4634.2,4635.5
1787824500,4635.5,4631.8,4633.2
1787824800,4633.8,4621.4,4625.1
1787825100,4629.4,4622.1,4629.4
1787825400,4634.7,4629.4,4634.2
1787825700,4636.3,4629.8,4633.4
1787826000,4635.6,4632.6,4635
1787826300,4635.3,4632.8,4633.3
1787826600,4633.7,4631.1,4631.6
1787826900,4632,4629.1,4629.4
1787827200,4639.1,4628.9,4638.4
1787827500,4640.8,4638.2,4639.6
1787827800,4642.2,4638.9,4642
1787828100,4643.7,4641.1,4643.2
1787828400,4644.8,4640.1,4641.9
1787828700,4644.3,4641.7,4643.6
1787829000,4646,4642.4,4645.6
1787829300,4646,4643.6,4645.5
1787829600,4649.8,4645.3,4649.5
1787829900,4650.4,4645.9,4647.5
1787830200,4652.3,4647,4648.9
1787830500,4650.6,4647.1,4650.5
1787830800,4653.1,4649.8,4650.9
1787831100,4651.2,4648,4648.5
1787831400,4653.5,4647.8,4653.3
1787831700,4654.2,4650.6,4652.1
1787832000,4654.8,4651.4,4652.1
1787832300,4652.2,4647.4,4648.6
1787832600,4649,4645.6,4646
1787832900,4649.8,4644.7,4648.2
1787833200,4654.2,4648.1,4649.1
1787833500,4650.2,4646,4649.4
1787833800,4650.2,4646.5,4647.1
1787834100,4649.7,4641.2,4642.5
1787834400,4644,4640.3,4640.9
1787834700,4641.4,4636.6,4637.1
1787835000,4639.2,4633.3,4638.4
1787835300,4641.7,4636.5,4639.2
1787835600,4643.5,4632.8,4641.7
1787835900,4644.3,4638.8,4639.9
1787836200,4643.7,4637,4638.7
1787836500,4642.3,4635.8,4639.4
1787836800,4641.7,4638.1,4640.7
1787837100,4646.4,4640.1,4643.6
1787837400,4646.2,4628,4628.5
1787837700,4634.2,4626.6,4628.1
1787838000,4636.6,4624.5,4631.3
1787838300,4632.6,4616.4,4629.9
1787838600,4635.9,4623.2,4625.2
1787838900,4629.3,4624.4,4625.6
1787839200,4629.5,4621.6,4629.2
1787839500,4632.8,4625,4628.3
1787839800,4631.4,4625.4,4627
1787840100,4636.1,4627.1,4632.8
1787840400,4637.8,4628.1,4631.3
1787840700,4635.1,4626.9,4634.8
1787841000,4639.6,4634.4,4639.2
1787841300,4644.6,4638.9,4642.8
1787841600,4651.4,4640.1,4648.5
1787841900,4652.2,4646,4647.1
1787842200,4648.1,4644.7,4645.1
1787842500,4647.2,4641.8,4645.3
1787842800,4649.5,4645.2,4648
1787843100,4649.1,4644.5,4645.8
1787843400,4649.2,4645.6,4646.4
1787843700,4651.9,4646.5,4651
1787844000,4651.1,4643.1,4644.2
1787844300,4649.8,4642.5,4646.8
1787844600,4653.3,4646,4651
1787844900,4653.8,4649.9,4653.6
1787845200,4660,4653.3,4655.7
1787845500,4658.8,4654.3,4658.7
1787845800,4664.3,4657.1,4663.5
1787846100,4665.4,4662.1,4664.4
1787846400,4667.2,4663,4665.7
1787846700,4665.6,4660,4661.4
1787847000,4662,4658.6,4658.8
1787847300,4659.8,4655.9,4657.2
1787847600,4662.2,4657.1,4660.4
1787847900,4662.8,4659.7,4661.5
1787848200,4663.3,4659.9,4663
1787848500,4667.2,4661.8,4666
1787848800,4666.2,4664.2,4665.6
1787849100,4669.4,4664.4,4665
1787849400,4671,4664.2,4670.2
1787849700,4670.3,4666.6,4669.1
1787850000,4670.8,4666,4668
1787850300,4668.3,4663.8,4664.1
1787850600,4665.7,4662.5,4664.4
1787850900,4664.7,4662.4,4663.2
1787851200,4666.3,4663.3,4666.1
1787851500,4666.4,4662.9,4664.4
1787851800,4665.8,4663.1,4663.9
1787852100,4665.6,4662,4665.6
1787852400,4668.6,4664,4665.6
1787852700,4665.9,4658.3,4663.7
1787853000,4664.4,4660.5,4661.9
1787853300,4663.1,4659.1,4660.3
1787853600,4661.4,4656.1,4657.2
1787853900,4662.2,4656.9,4658.7
1787854200,4660.6,4657.6,4659.6
1787854500,4661.7,4658.9,4661.5
1787854800,4662.1,4657,4657.3
1787855100,4657.5,4655.2,4655.4
1787855400,4657.7,4654.4,4655.9
1787855700,4659.2,4655.7,4658.3
1787856000,4658.7,4657.5,4658.3
1787856300,4660.8,4658,4659.6
1787856600,4665.2,4658.6,4663.4
1787856900,4664.8,4662.7,4664.3
1787857200,4670.9,4664.3,4667.6
1787857500,4672.4,4666.8,4671.3
1787857800,4671.3,4669,4669.9
1787858100,4670.7,4663.5,4665.7
1787858400,4666.1,4660.5,4661.4
1787858700,4662.6,4658.3,4660
1787859000,4662.2,4658.8,4661
1787859300,4662.3,4660.2,4661.4
1787859600,4664.1,4661.4,4663.5
1787859900,4666.7,4662.1,4664
1787860200,4664,4660.3,4661.8
1787860500,4663.4,4658.9,4662.9
1787860800,4663.4,4658.3,4659.2
1787861100,4658.9,4657.3,4657.8
1787861400,4660,4657.3,4658.8
1787861700,4659.1,4658.2,4658.8
1787862000,4659.4,4658.3,4658.6
1787862300,4658.4,4656.4,4657.6
1787862600,4658,4656.9,4657.2
1787862900,4657.5,4655.4,4657.1
1787863200,4658.3,4656.8,4657.7
1787863500,4658.4,4655.8,4658.4
1787863800,4658.5,4654.2,4654.6
1787864100,4656.1,4653.6,4654.8
1787868000,4660.9,4654.5,4655.1
1787868300,4658.9,4654.1,4658.5
1787868600,4658.6,4657,4658
1787868900,4659.8,4657.7,4659.3
1787869200,4661.7,4659.2,4661.7
1787869500,4661.7,4659.6,4661.1
1787869800,4662.5,4659.9,4662.1
1787870100,4662.7,4661,4662.6
1787870400,4663.5,4660.3,4661
1787870700,4661.3,4660,4660.7
1787871000,4663.3,4660,4662.3
1787871300,4664.1,4662.1,4664
1787871600,4664.9,4662.1,4662.6
1787871900,4662.9,4658.2,4658.6
1787872200,4659,4655.8,4656.2
1787872500,4656.8,4655.2,4655.9
1787872800,4656.6,4651.8,4655.4
1787873100,4656,4653,4654.2
1787873400,4654.6,4652.2,4652.5
1787873700,4655.2,4651.4,4654.1
1787874000,4654.8,4652.3,4652.9
1787874300,4652.9,4648,4649.6
1787874600,4649.7,4647.6,4648
1787874900,4648.6,4646.9,4647.7
1787875200,4653.5,4646.3,4650.1
1787875500,4653.6,4649.4,4652.9
1787875800,4656.2,4652.7,4653.8
1787876100,4654.1,4646.4,4646.7
1787876400,4649.4,4644.4,4647.1
1787876700,4647.2,4643.7,4647.1
1787877000,4647.4,4640.7,4642.5
1787877300,4643.7,4641.2,4642.7
1787877600,4644.6,4641.6,4643.8
1787877900,4644.2,4639,4640.4
1787878200,4642.5,4639.6,4640.5
1787878500,4641.9,4638.5,4641.9
1787878800,4649.1,4639.3,4647.9
1787879100,4653.4,4644.6,4653.2
1787879400,4655.6,4645.1,4647.1
1787879700,4651.4,4644.4,4649.1
1787880000,4650.4,4643.7,4645.4
1787880300,4646.6,4636.7,4638.9
1787880600,4642.2,4636.5,4640.4
1787880900,4642,4633.1,4634
1787881200,4635.9,4630.9,4635
1787881500,4635.4,4630.3,4635.4
1787881800,4636.1,4628.3,4629.6
1787882100,4631.9,4628.1,4628.7
1787882400,4630.9,4627.7,4629.9
1787882700,4634.5,4629.9,4633.6
1787883000,4635.6,4631.2,4634.3
1787883300,4634.2,4631.4,4634.1
1787883600,4637.5,4633.1,4636.6
1787883900,4637.8,4635.5,4636
1787884200,4639.9,4636,4637.8
1787884500,4642.5,4637.9,4640.8
1787884800,4641.1,4636.6,4637.6
1787885100,4639.2,4634.8,4638.9
1787885400,4639.9,4637.3,4638.6
1787885700,4639.2,4635.4,4638.8
1787886000,4640.6,4636.9,4640
1787886300,4641,4637.5,4638.7
1787886600,4640.5,4634.8,4636.6
1787886900,4641.6,4636.6,4639.7
1787887200,4642.3,4638.1,4641.8
1787887500,4642.6,4639,4640.4
1787887800,4640.5,4635.2,4636.5
1787888100,4636.4,4634.2,4634.8
1787888400,4635.8,4633,4634.1
1787888700,4634.3,4631.6,4632.8
1787889000,4633.2,4630.7,4631.4
1787889300,4632.3,4631,4632.3
1787889600,4632.8,4631,4631.6
1787889900,4631.8,4630.2,4631.6
1787890200,4632.8,4631.1,4631.5
1787890500,4635.8,4630.9,4635.5
1787890800,4636.9,4634.7,4636.6
1787891100,4637.7,4635.1,4636.8
1787891400,4636.6,4633.6,4633.7
1787891700,4634,4630,4630.2
1787892000,4632.4,4630,4632.1
1787892300,4634.4,4630.3,4632.8
1787892600,4634.8,4632.7,4634.1
1787892900,4637.5,4633.4,4636.3
1787893200,4637.5,4634.1,4634.5
1787893500,4634.9,4631.1,4631.1
1787893800,4633,4630.3,4632.2
1787894100,4634.1,4631.2,4634
1787894400,4636.9,4632.8,4636.5
1787894700,4638.7,4634.6,4636.5
1787895000,4636.4,4629.4,4630.9
1787895300,4631.8,4626.4,4627
1787895600,4628.7,4623.7,4625
1787895900,4628.2,4623.9,4626.3
1787896200,4629.4,4625.7,4629.1
1787896500,4629.7,4624.7,4625.5
1787896800,4630,4624.5,4629.1
1787897100,4633,4626.4,4633
1787897400,4635.9,4632.9,4634.3
1787897700,4637.6,4633,4635.3
1787898000,4638.2,4634.5,4635.9
1787898300,4638.1,4635.5,4637.3
1787898600,4639.2,4635.3,4636.2
1787898900,4640.5,4636.2,4638.7
1787899200,4641,4636.7,4640.8
1787899500,4652.7,4640.7,4652.3
1787899800,4659.8,4649.3,4657.2
1787900100,4666.1,4656.9,4665.5
1787900400,4666.4,4658.5,4659.9
1787900700,4660.4,4651.7,4653.5
1787901000,4656.3,4649.2,4653.5
1787901300,4659.3,4651.5,4658.7
1787901600,4662.9,4658.4,4660.5
1787901900,4662.6,4659.5,4660.2
1787902200,4665,4660,4664.5
1787902500,4668,4662.6,4663.4
1787902800,4663.8,4661.2,4662.3
1787903100,4664.7,4660.5,4663.2
1787903400,4666.2,4663,4664.7
1787903700,4666.9,4662.7,4665.1
1787904000,4668,4663.8,4665.7
1787904300,4666.4,4663.1,4665.1
1787904600,4666.3,4664.1,4664.9
1787904900,4665.6,4662,4662.6
1787905200,4664.9,4661.2,4664.4
1787905500,4664.8,4662.2,4662.3
1787905800,4665.1,4661.6,4663.3
1787906100,4665.5,4660,4660.9
1787906400,4661.5,4656.6,4657.2
1787906700,4657.2,4654.3,4655.5
1787907000,4659.9,4655.5,4658.1
1787907300,4658.9,4654.7,4656.3
1787907600,4658,4655.7,4657.7
1787907900,4657.8,4654.7,4655.3
1787908200,4656.6,4654,4655.3
1787908500,4656.2,4653.5,4655.5
1787908800,4657.8,4654.2,4656.5
1787909100,4656.9,4654,4655.4
1787909400,4658,4655.3,4656.2
1787909700,4658.8,4654.7,4657.5
1787910000,4658.6,4655.7,4657.7
1787910300,4659.3,4656.8,4658.1
1787910600,4660.8,4657.9,4660.5
1787910900,4661.4,4658.6,4658.7
1787911200,4660,4656.8,4659.3
1787911500,4661.2,4659.2,4661
1787911800,4662.7,4660.5,4662.4
1787912100,4663.6,4657.9,4657.9
1787912400,4658.1,4655.9,4657.3
1787912700,4658.7,4654.8,4658.6
1787913000,4661.2,4658.4,4660.6
1787913300,4660.7,4656.2,4657.2
1787913600,4657.6,4655.1,4656
1787913900,4656.4,4652.7,4654.4
1787914200,4654.3,4650.4,4651.2
1787914500,4653.4,4650.7,4653.1
1787914800,4654.4,4650,4651.7
1787915100,4651.7,4647.6,4648.4
1787915400,4651.6,4647.9,4651.6
1787915700,4654,4650.9,4652.7
1787916000,4653.2,4650.6,4652.9
1787916300,4653.8,4650.1,4651.6
1787916600,4653.3,4650.4,4651.1
1787916900,4651.3,4645.9,4646.1
1787917200,4647.7,4643.6,4647.2
1787917500,4648.7,4645.8,4647
1787917800,4648.7,4646.1,4647.5
1787918100,4646.9,4644,4645.7
1787918400,4648.3,4643.1,4647
1787918700,4648.1,4644.4,4646.8
1787919000,4649.5,4644.7,4646.8
1787919300,4648.4,4644.6,4646.8
1787919600,4654.3,4646.5,4654
1787919900,4656.6,4652.7,4654.3
1787920200,4655.1,4643.7,4645.8
1787920500,4646.2,4641.3,4642
1787920800,4645.1,4641.7,4644.3
1787921100,4647.9,4642.6,4646.6
1787921400,4649.7,4644.3,4648.8
1787921700,4655.3,4648.9,4654.2
1787922000,4656,4648.3,4652
1787922300,4657.8,4651,4652.5
1787922600,4653.6,4650,4651.3
1787922900,4652.3,4645.9,4651.1
1787923200,4653.5,4648.3,4653.3
1787923500,4656.8,4651.7,4656.3
1787923800,4658.5,4651,4657.5
1787924100,4659.5,4653,4658.2
1787924400,4660.4,4654,4657
1787924700,4665,4657.2,4662.4
1787925000,4664.9,4659.7,4662.5
1787925300,4680.6,4644.8,4644.8
1787925600,4686.1,4626.6,4630.4
1787925900,4634,4600.3,4626.1
1787926200,4626.8,4594.5,4597.7
1787926500,4618.5,4596.1,4605.4
1787926800,4620.5,4599.8,4609.6
1787927100,4611.4,4580.1,4603.2
1787927400,4622.1,4602.9,4621.7
1787927700,4629.2,4617.1,4617.1
1787928000,4621.3,4609.5,4613.1
1787928300,4615,4603,4604.2
1787928600,4622.8,4601.6,4622.6
1787928900,4633.7,4621.4,4629.1
1787929200,4636,4624.7,4633.3
1787929500,4634.8,4625,4625.7
1787929800,4626.5,4609.4,4611.7
1787930100,4617.1,4606,4607.4
1787930400,4618,4603.3,4616.9
1787930700,4620.8,4610.7,4618.8
1787931000,4619.7,4607.2,4610.3
1787931300,4615.4,4599.4,4600.1
1787931600,4600.9,4586.1,4591.3
1787931900,4598.2,4583.4,4588.2
1787932200,4598,4586.4,4591.8
1787932500,4593,4574.8,4575.8
1787932800,4581.1,4571.3,4572.4
1787933100,4571.8,4559.1,4559.7
1787933400,4566.6,4548,4549.4
1787933700,4555.2,4531.6,4532.8
1787934000,4535.2,4515,4519.9
1787934300,4533,4515.9,4531.7
1787934600,4538.1,4521.5,4524.6
1787934900,4536.7,4523.9,4535.2
1787935200,4537.1,4516.2,4519.7
1787935500,4532.5,4520,4532.3
1787935800,4536,4530.2,4531.5
1787936100,4533.4,4525.9,4530
1787936400,4531.5,4523.8,4526.2
1787936700,4533.6,4525.3,4531
1787937000,4531.5,4521.8,4531.2
1787937300,4532.8,4525.4,4531.2
1787937600,4537.4,4530.2,4535.4
1787937900,4536.8,4526.2,4528.4
1787938200,4531.6,4523.6,4529.1
1787938500,4532.1,4521.1,4522
1787938800,4525.4,4510.6,4517.3
1787939100,4526.1,4516.8,4524.3
1787939400,4525.9,4521.9,4522.8
1787939700,4522.8,4516.7,4519.6
1787940000,4522,4509.1,4511
1787940300,4516.9,4509.5,4512.3
1787940600,4515.4,4509.6,4511.5
1787940900,4513,4503.3,4508.6
1787941200,4513.9,4502.6,4503.6
1787941500,4513,4501,4506
1787941800,4508.8,4501.7,4506.9
1787942100,4506.8,4501.1,4502.6
1787942400,4505.1,4494.9,4500.7
1787942700,4504.7,4498,4503.3
1787943000,4506.4,4501.1,4503.5
1787943300,4508.1,4502,4506.4
1787943600,4511.9,4502.4,4507.7
1787943900,4512.6,4506.4,4511.6
1787944200,4511.7,4503.8,4506.5
1787944500,4510.4,4504.6,4509.8
1787944800,4511.7,4507,4509
1787945100,4513.3,4509.2,4511.8
1787945400,4515,4510.6,4512.9
1787945700,4516.9,4511.5,4516.1
1787946000,4516.6,4513.7,4514.8
1787946300,4514.8,4504.1,4507.1
1787946600,4509,4502.3,4506.4
1787946900,4510.5,4505.3,4507.3
1787947200,4512.4,4504.9,4510
1787947500,4511.3,4509.3,4510.1
1787947800,4511.2,4506.9,4507.4
1787948100,4510.3,4507.3,4507.9
1787948400,4507.7,4503.2,4504.1
1787948700,4507.8,4503.1,4507.2
1787949000,4507.8,4505,4506
1787949300,4507.2,4504.6,4505.2
1787949600,4506.8,4503.1,4506.6
1787949900,4509.7,4505.3,4508.6
1787950200,4509.5,4502.9,4503.8
1787950500,4505.9,4502.5,4503.9
1788127200,4498.1,4470.1,4495.9
1788127500,4506.8,4495.9,4505.9
1788127800,4510.9,4504.8,4509.2
1788128100,4513.4,4506,4511.8
1788128400,4516,4510.3,4512.2
1788128700,4515.6,4507.4,4509.1
1788129000,4509.3,4502,4502
1788129300,4511.4,4502.3,4510
1788129600,4512,4505.8,4507.2
1788129900,4510.1,4506.3,4509.1
1788130200,4509.5,4507.8,4508.4
1788130500,4511.9,4508,4511
1788130800,4512.4,4508.9,4511.8
1788131100,4516.3,4511.2,4514.6
1788131400,4514.9,4508.6,4509.8
1788131700,4513.2,4509,4512.6
1788132000,4514.6,4508.1,4508.6
1788132300,4508.9,4504,4506.8
1788132600,4507.1,4500.1,4503.6
1788132900,4503.9,4499,4499.1
1788133200,4500.4,4495.5,4496.5
1788133500,4496.4,4485.1,4488.7
1788133800,4497.6,4488.8,4497.1
1788134100,4509.6,4496.9,4507.5
