timestamp,high,low,close
1779660000,29775.5,29672,29746.5
1779660300,29780,29743.75,29768
1779660600,29777.75,29753.5,29772.25
1779660900,29787,29757.25,29778.75
1779661200,29782.5,29764.75,29772.5
1779661500,29783.25,29770.75,29775
1779661800,29808.25,29774.75,29794.5
1779662100,29803.5,29788.75,29795.25
1779662400,29815.25,29784.75,29803.25
1779662700,29823,29802.5,29818.75
1779663000,29825,29809.25,29813.5
1779663300,29814.5,29804,29808.25
1779663600,29826,29807.75,29818.5
1779663900,29831.75,29816.25,29821.5
1779664200,29827,29816.25,29823
1779664500,29825,29814.5,29817.25
1779664800,29821.25,29810.5,29812.25
1779665100,29818.5,29805.25,29811.25
1779665400,29865.25,29811.5,29850
1779665700,29882.5,29847,29866.25
1779666000,29867,29854,29857.75
1779666300,29866.25,29847.75,29847.75
1779666600,29849.75,29837.25,29845
1779666900,29846,29838.5,29844
1779667200,29858,29826.5,29843.5
1779667500,29872.5,29843.25,29866
1779667800,29872.75,29861,29870
1779668100,29875.5,29860,29869.25
1779668400,29890,29862.25,29886.75
1779668700,29892.5,29873.75,29885.75
1779669000,29900.25,29883.75,29891.25
1779669300,29918,29889.75,29910.25
1779669600,29922,29900,29913.25
1779669900,29935.5,29908,29928.5
1779670200,29931,29910.5,29916
1779670500,29917,29904.5,29915.25
1779670800,29930,29912,29917.75
1779671100,29920,29906.25,29913.25
1779671400,29924.25,29908.75,29923.25
1779671700,29926.5,29914.75,29918.75
1779672000,29930,29915.75,29925.25
1779672300,29928.25,29920,29927.25
1779672600,29946.5,29920.5,29940.25
1779672900,29948.75,29928.75,29933.25
1779673200,29936.5,29925.75,29932.75
1779673500,29935.25,29922.25,29925.25
1779673800,29930,29923.75,29926.5
1779674100,29932.75,29920.75,29924.25
1779674400,29926.75,29921,29921.75
1779674700,29935.25,29917,29926.75
1779675000,29932.75,29924.5,29924.75
1779675300,29925.25,29907.5,29918
1779675600,29922,29910.25,29917.5
1779675900,29918,29906.5,29914.25
1779676200,29917.25,29907.75,29908.75
1779676500,29913,29905.75,29908
1779676800,29915.75,29902.75,29915.5
1779677100,29945.75,29914.5,29937
1779677400,29945,29936,29938.25
1779677700,29961.5,29937.25,29957
1779678000,29983.75,29956.75,29971.75
1779678300,29989,29964.75,29975.25
1779678600,29979,29961,29965.5
1779678900,29969.75,29959,29963.25
1779679200,29982.5,29958,29958.75
1779679500,29967,29953.25,29966.25
1779679800,29972,29962.75,29964.75
1779680100,29975.25,29964.5,29968.5
1779680400,29974.5,29965.75,29966.5
1779680700,29966.5,29955.5,29960.75
1779681000,29965.5,29957,29962
1779681300,29971,29957.75,29962.75
1779681600,29977,29962,29972
1779681900,29976.5,29969.25,29970.75
1779682200,29973.75,29964,29966.5
1779682500,29968.75,29961.75,29966
1779682800,29973.25,29965.5,29968
1779683100,29972.5,29967.5,29970.5
1779683400,29970.25,29959,29965.5
1779683700,29969.25,29961.75,29964.25
1779684000,29972.5,29963.75,29971.5
1779684300,29976.5,29970.75,29975
1779684600,29986.75,29974.5,29978
1779684900,29981.75,29972.75,29974.75
1779685200,29988,29973.75,29985
1779685500,29990.75,29980.75,29983.75
1779685800,29988.5,29980.25,29986.25
1779686100,29995,29983.5,29991.25
1779686400,29992.5,29977,29979.25
1779686700,29984.5,29978.25,29983
1779687000,29984.5,29978.25,29982.25
1779687300,29991.5,29982.25,29986.5
1779687600,29994,29984.75,29991.5
1779687900,29992.5,29982.25,29986.5
1779688200,29986.5,29973.75,29980.75
1779688500,29982.25,29967.75,29969.5
1779688800,29981,29963.5,29965
1779689100,29973.5,29963.25,29968.25
1779689400,29975.5,29965.5,29970.25
1779689700,29971.25,29954.5,29957
1779690000,29961.25,29948,29959.75
1779690300,29970,29957.25,29968.25
1779690600,29973.5,29959.25,29970.5
1779690900,29979.75,29968.5,29974.25
1779691200,29975.75,29966.5,29967.75
1779691500,29978.25,29963.5,29975.75
1779691800,29980.25,29973,29976.25
1779692100,29985.5,29967,29967
1779692400,29973.5,29960.25,29965.75
1779692700,29972.25,29960.5,29968
1779693000,29967,29940.5,29941
1779693300,29950.25,29895.25,29898.75
1779693600,29933.75,29888.75,29929.5
1779693900,29931.25,29921.75,29929.5
1779694200,29987.25,29927,29967.25
1779694500,29971.5,29952.25,29957.75
1779694800,29971,29951,29965.5
1779695100,29970.75,29955.25,29964.25
1779695400,29968.25,29959.25,29968.25
1779695700,29976.5,29965.5,29972
1779696000,29974.75,29942.25,29948.25
1779696300,29956.75,29942,29954.75
1779696600,29958,29938.5,29940.5
1779696900,29941.5,29929.5,29939.75
1779697200,29942,29933.25,29939
1779697500,29945.5,29926,29933
1779697800,29951.25,29927.5,29946.5
1779698100,29950.25,29941.5,29949.25
1779698400,29957,29949,29953.25
1779698700,29962,29953.25,29960.5
1779699000,29963.5,29957.75,29961
1779699300,29964.25,29957.5,29962.75
1779699600,29976.5,29962,29973
1779699900,29977,29969.5,29970
1779700200,29976.25,29965.25,29965.5
1779700500,29970.25,29962.5,29969.5
1779700800,29969.5,29957.75,29959.25
1779701100,29965.75,29956.75,29961.75
1779701400,29973,29958.25,29966.75
1779701700,29967.25,29955.75,29962
1779702000,29969.25,29961.5,29962.25
1779702300,29963,29953.75,29960.5
1779702600,29962.75,29956.25,29956.5
1779702900,29960.25,29955.25,29956.25
1779703200,29959,29946.75,29950
1779703500,29960,29948.5,29959.25
1779703800,29964.25,29956.25,29962
1779704100,29971.25,29962,29967.5
1779704400,29967.75,29956.75,29962
1779704700,29964.5,29957,29962.25
1779705000,29966,29957.75,29963.5
1779705300,29964,29958.75,29962
1779705600,29972.25,29962,29971.75
1779705900,29973.75,29966,29968
1779706200,29974.5,29966.25,29972.75
1779706500,29975,29969,29972
1779706800,29973.25,29965.5,29972
1779707100,29978,29965.25,29975.25
1779707400,29980.75,29974,29977
1779707700,29981,29976.25,29979.25
1779708000,29983,29975,29978.75
1779708300,29980.25,29974,29977.25
1779708600,29989,29976,29979.25
1779708900,29982.5,29975.25,29980.75
1779709200,29982.25,29978.5,29980.25
1779709500,29990,29972.75,29974.5
1779709800,29980.75,29973.75,29975.75
1779710100,29977,29970,29972.25
1779710400,29980.25,29968.75,29977.75
1779710700,29984.75,29969,29969.25
1779711000,29972.5,29961.5,29965
1779711300,29966.5,29960,29964.75
1779711600,29990,29959.5,29976.75
1779711900,29982.75,29960.5,29965
1779712200,29968.25,29953.5,29957.5
1779712500,29957.5,29950.75,29953
1779712800,29956.75,29950.75,29953.25
1779713100,29955.5,29938,29951.5
1779713400,29957.75,29950.5,29955.75
1779713700,29956.25,29941,29941.25
1779714000,29951.5,29940,29950.25
1779714300,29955.25,29946.75,29950
1779714600,29950.5,29942.5,29946.25
1779714900,29947.25,29938.5,29945.75
1779715200,29946.75,29938.5,29939
1779715500,29945,29936,29941
1779715800,29958.75,29940,29955
1779716100,29972,29954,29971.25
1779716400,29976,29967.5,29975.25
1779716700,29983.75,29970,29980.75
1779717000,29992,29975.25,29990.75
1779717300,29994.75,29985.25,29993
1779717600,29994.25,29984.5,29984.75
1779717900,29989,29962.75,29965.5
1779718200,29970,29951.5,29953.75
1779718500,29958.25,29946.75,29953.5
1779718800,29958,29943.75,29949.25
1779719100,29952.25,29939.25,29942.5
1779719400,29946.75,29922.75,29931.5
1779719700,29933,29920,29928.75
1779720000,29929.75,29910,29913.5
1779720300,29934,29908.75,29931
1779720600,29941,29923.25,29926.75
1779720900,29932.75,29923,29929
1779721200,29937.5,29925,29930
1779721500,29934,29926.75,29932.75
1779721800,29990.75,29932,29967.75
1779722100,29977.25,29958.25,29966
1779722400,29969,29940.25,29941.5
1779722700,29958.25,29932.25,29934.25
1779723000,29940.75,29925.75,29938.5
1779723300,29941.5,29926.25,29927.5
1779723600,29933,29920,29925.75
1779723900,29929.75,29922,29928.5
1779724200,29931.75,29916.5,29918.75
1779724500,29927,29913.75,29923.25
1779724800,29925.75,29913,29922.5
1779725100,29929.75,29920.5,29922.75
1779725400,29936.5,29919.5,29932.75
1779725700,29936,29921.5,29921.75
1779726000,29923.5,29913,29921.25
1779726300,29928.75,29918.75,29924.25
1779726600,29930.75,29920.75,29927.25
1779726900,29932,29923.5,29928.25
1779727200,29936,29925.75,29935.25
1779727500,29946.75,29927.25,29945.75
1779727800,29959.5,29940,29947.25
1779728100,29967.75,29946.5,29963
1779746400,29990,29910,29932
1779746700,29947.75,29914.75,29917.25
1779747000,29934.75,29915,29925.25
1779747300,29926,29919,29923.5
1779747600,29947.5,29921.25,29944
1779747900,29951,29931.5,29937.75
1779748200,29937.75,29910.25,29921.5
1779748500,29920.25,29893.5,29899.75
1779748800,29917.5,29884.25,29906.25
1779749100,29909.25,29896.5,29905
1779749400,29909.25,29898,29904.25
1779749700,29904,29881,29890.75
1779750000,29901.75,29877,29895.5
1779750300,29899.5,29882.5,29884.5
1779750600,29885.25,29872.75,29880.25
1779750900,29886.5,29858.5,29865.75
1779751200,29870,29837.25,29853.5
1779751500,29855.25,29829.75,29840.75
1779751800,29854,29835,29854
1779752100,29869.5,29849.75,29867.5
1779752400,29882.75,29861.5,29880.75
1779752700,29900,29879.5,29888
1779753000,29890.25,29871.25,29884.25
1779753300,29892.25,29874,29878.5
1779753600,29882,29834.5,29847.75
1779753900,29858,29800.5,29808.5
1779754200,29832.5,29802.25,29827.75
1779754500,29836,29811,29823.25
1779754800,29837.25,29818.5,29826.5
1779755100,29849.75,29821.5,29843.5
1779755400,29856.25,29841.5,29852.5
1779755700,29853,29824,29828.5
1779756000,29830,29817.5,29824.25
1779756300,29823.75,29808,29814.25
1779756600,29828.25,29810.5,29825
1779756900,29834,29821,29821.75
1779757200,29829,29805.25,29808
1779757500,29820.5,29796,29804
1779757800,29825,29795.75,29823
1779758100,29835,29810.25,29822.5
1779758400,29828,29799.5,29805
1779758700,29810,29793.75,29801.75
1779759000,29804,29787.5,29792.5
1779759300,29794.75,29775.5,29781.75
1779759600,29790.75,29770.5,29789.5
1779759900,29809.5,29788,29800.5
1779760200,29817,29799.5,29813
1779760500,29815.25,29801.75,29811.75
1779760800,29825.5,29804.5,29817.75
1779761100,29826,29813.5,29820.5
1779761400,29827.75,29816.5,29819.5
1779761700,29828.75,29817.5,29822.5
1779762000,29823.25,29799,29801.5
1779762300,29815,29796.75,29812.75
1779762600,29821.25,29809.5,29816.25
1779762900,29821.25,29803,29819
1779763200,29825,29799.5,29808.5
1779763500,29816.5,29803.25,29809
1779763800,29819,29804.75,29815
1779764100,29819.75,29807,29817.25
1779764400,29820.75,29811.5,29812.25
1779764700,29823.5,29812,29819.25
1779765000,29823.25,29803,29803.75
1779765300,29816.75,29802.25,29811
1779765600,29824.75,29811,29818.5
1779765900,29827,29817.75,29825.25
1779766200,29831,29817.75,29819.5
1779766500,29823,29814.75,29817.5
1779766800,29822.75,29811,29811.5
1779767100,29818,29805.25,29817
1779767400,29822,29809.75,29819.5
1779767700,29825.25,29817.25,29819.75
1779768000,29823.5,29808.75,29811
1779768300,29819.25,29805.25,29818.25
1779768600,29827,29815.5,29826.5
1779768900,29829,29820,29822.25
1779769200,29828.75,29822.25,29824.25
1779769500,29824.5,29812.5,29812.5
1779769800,29821.75,29809,29818
1779770100,29823.25,29808,29811.5
1779770400,29814.25,29807.75,29811.25
1779770700,29811.75,29792.25,29802.75
1779771000,29806.25,29797.25,29799.25
1779771300,29810,29796.75,29800.5
1779771600,29801.75,29783.25,29789.5
1779771900,29810,29785,29804.75
1779772200,29809.25,29799.75,29805.25
1779772500,29812.25,29800.75,29805.75
1779772800,29809.25,29802.5,29809
1779773100,29810.25,29802.25,29807.5
1779773400,29816.5,29803.75,29812
1779773700,29816,29809.75,29812
1779774000,29811.5,29798.5,29806
1779774300,29814,29796.5,29802.25
1779774600,29803.25,29793.5,29799.25
1779774900,29807.75,29799.25,29806
1779775200,29819.75,29798.25,29816.25
1779775500,29824.5,29811.5,29823.5
1779775800,29840.5,29819.5,29836.75
1779776100,29838.75,29828.5,29832.75
1779776400,29837.25,29823.75,29837.25
1779776700,29846,29802.5,29816.5
1779777000,29827,29809.25,29822.25
1779777300,29842.25,29821,29841
1779777600,29842.25,29828,29835.5
1779777900,29835.25,29820,29823.5
1779778200,29829.5,29821,29829.25
1779778500,29830,29822,29825.25
1779778800,29830,29796.75,29798.75
1779779100,29806.5,29780,29783.75
1779779400,29795.5,29762.75,29780.75
1779779700,29784,29760.25,29776.25
1779780000,29789,29763.25,29785.5
1779780300,29787,29763.75,29772.5
1779780600,29775,29743,29759.5
1779780900,29769.25,29748.75,29764
1779781200,29784.75,29763.75,29782.5
1779781500,29793,29775.5,29788.5
1779781800,29796.25,29765,29766.25
1779782100,29780,29754.75,29774
1779782400,29782.75,29758.5,29762
1779782700,29780.75,29761.5,29769.5
1779783000,29786.5,29767.5,29772
1779783300,29784.75,29765.25,29782.75
1779783600,29790.75,29776.5,29782.5
1779783900,29793,29777.5,29790
1779784200,29793,29776,29780.5
1779784500,29795.25,29772.5,29794
1779784800,29804.75,29789.25,29800.5
1779785100,29803.25,29788.25,29791.5
1779785400,29811.5,29783.5,29804
1779785700,29809.5,29800.25,29808.25
1779786000,29819.5,29807.75,29819
1779786300,29823.5,29807.75,29809
1779786600,29815.75,29806.75,29809
1779786900,29829.75,29804.25,29824
1779787200,29829.75,29808.25,29817.75
1779787500,29844,29815,29838.75
1779787800,29844,29835,29838
1779788100,29844,29835.25,29836.75
1779788400,29839,29830.25,29837.75
1779788700,29848.5,29836.5,29844.75
1779789000,29847,29837.5,29845.5
1779789300,29851,29845.5,29846.75
1779789600,29858,29843.5,29854.5
1779789900,29859.5,29846.75,29856
1779790200,29871.5,29854.25,29869.25
1779790500,29879,29862,29876.25
1779790800,29882.5,29874.25,29880.75
1779791100,29905.75,29876.5,29897.75
1779791400,29915,29896.5,29900.75
1779791700,29906.5,29893.5,29894.75
1779792000,29902.25,29869,29872.75
1779792300,29879.5,29860.75,29873.5
1779792600,29880.5,29862.75,29863.75
1779792900,29869.75,29853.75,29854.5
1779793200,29868.5,29845,29849
1779793500,29860,29847.25,29858.75
1779793800,29863,29840.25,29841.5
1779794100,29854,29839.75,29850.75
1779794400,29866.75,29851.75,29865.75
1779794700,29866.75,29858.25,29859.5
1779795000,29875,29823.75,29843
1779795300,29851.75,29818,29847.25
1779795600,29859,29842.5,29857.75
1779795900,29862,29851.25,29852.25
1779796200,29871.75,29852,29869.5
1779796500,29872.5,29862.25,29865.75
1779796800,29878.5,29863.75,29872
1779797100,29884,29850,29871.5
1779797400,29876.25,29861.75,29870.25
1779797700,29882,29864.5,29880.5
1779798000,29886.75,29876.5,29886
1779798300,29900.5,29886,29898.25
1779798600,29909.75,29890.75,29907.5
1779798900,29910.25,29898,29909
1779799200,29930.5,29908.5,29918
1779799500,29923.5,29913.25,29916
1779799800,29923.75,29911,29915.75
1779800100,29926,29911.25,29920.5
1779800400,29925,29903.5,29910.75
1779800700,29912,29901.5,29905.25
1779801000,29922.5,29902.75,29921.25
1779801300,29925,29918.25,29920.25
1779801600,29927.75,29915.25,29925.25
1779801900,29929,29888.5,29902.5
1779802200,29935.75,29840,29853
1779802500,29864.5,29826.5,29860.25
1779802800,29939,29851.75,29933.5
1779803100,29986,29929.5,29973.5
1779803400,29981.25,29913.5,29959.25
1779803700,30006.25,29948,30006.25
1779804000,30020,29975,29991.75
1779804300,30010.5,29976.75,30003.75
1779804600,30030.25,29986,30028.5
1779804900,30049,30007.75,30047
1779805200,30065.5,30033.75,30062.5
1779805500,30084,30052.75,30067
1779805800,30086.25,30060.5,30078.5
1779806100,30119,30077,30100
1779806400,30118,30093.75,30105
1779806700,30115,30075.75,30080
1779807000,30095.5,30065.25,30073.75
1779807300,30078,30053.25,30055
1779807600,30067,30033.75,30042.5
1779807900,30052,30003.75,30045
1779808200,30045.25,30011.5,30038.25
1779808500,30038.5,29996.25,30022.75
1779808800,30026.75,29992.5,30010.75
1779809100,30029.25,29993.5,29999
1779809400,30006.25,29974,29998
1779809700,30007.5,29960.5,29988.25
1779810000,29993.25,29965,29971.75
1779810300,29981.5,29940,29946.5
1779810600,29953.5,29900.25,29909.75
1779810900,29931,29885.5,29927.5
1779811200,29970.25,29920.75,29962.25
1779811500,29979.5,29936.25,29943.75
1779811800,29958,29926,29939.5
1779812100,29956.75,29927.25,29953.75
1779812400,29970.75,29936.75,29970.5
1779812700,29992.5,29966.25,29992.5
1779813000,30011.25,29989.25,30009
1779813300,30015.5,29994,29995.25
1779813600,29997.75,29961,29964.25
1779813900,29983.25,29947.25,29948.75
1779814200,29977.25,29948.25,29973.75
1779814500,29985.5,29969,29975
1779814800,30002.25,29966.5,29992.5
1779815100,29997.75,29968.75,29976.25
1779815400,29992.25,29969.75,29987.25
1779815700,29990.75,29962.25,29968
1779816000,29987.75,29956.5,29962.75
1779816300,29972.5,29954.25,29969.75
1779816600,29993,29958.75,29992.5
1779816900,30002.75,29980.25,29981.25
1779817200,29992,29968.25,29985.25
1779817500,30013.25,29985,30008.75
1779817800,30013,30000.5,30001.25
1779818100,30005,29986.25,29996.5
1779818400,30013.75,29982.25,30010.25
1779818700,30017.5,30001.5,30014.5
1779819000,30031.5,30011.5,30025
1779819300,30043.75,30022.5,30043.75
1779819600,30054.5,30033.25,30046
1779819900,30055,30039.75,30046.25
1779820200,30060.75,30044.5,30058.25
1779820500,30061,30040.25,30045.75
1779820800,30049,30029.75,30031
1779821100,30040.5,30025,30025.75
1779821400,30045.75,30020.5,30037
1779821700,30041.25,30008.25,30014
1779822000,30025.25,30005.75,30024.5
1779822300,30050.25,30015.75,30048
1779822600,30058,30042,30052.25
1779822900,30062.5,30049.25,30054.5
1779823200,30060.75,30046,30055.25
1779823500,30058.75,30044.5,30052.75
1779823800,30073.5,30051.5,30070.5
1779824100,30087.5,30066.5,30084.75
1779824400,30095.25,30080.5,30091.75
1779824700,30099.5,30081.25,30096
1779825000,30112,30083.5,30098.25
1779825300,30099.75,30068,30079.25
1779825600,30083.75,30061.5,30068.75
1779825900,30074.75,30060.75,30065
1779826200,30067.25,30055.25,30057.75
1779826500,30074,30055.75,30065.75
1779826800,30071,30061.75,30062
1779827100,30064.25,30058.25,30061.25
1779827400,30069.25,30059.75,30065.75
1779827700,30071,30065.75,30069.25
1779828000,30069.75,30060.5,30061.75
1779828300,30063,30040.25,30040.5
1779828600,30048.5,30033.25,30042
1779828900,30047.25,30039,30043.5
1779832800,30078.25,30048.25,30059.5
1779833100,30067,30034.5,30041
1779833400,30048.5,30030.75,30046
1779833700,30062.5,30035,30058
1779834000,30058.5,30039.5,30044.75
1779834300,30049,30039.75,30043
1779834600,30054.75,30043.5,30051.75
1779834900,30057.25,30047.25,30056.5
1779835200,30063.75,30044.25,30045.5
1779835500,30048.5,30027,30036.25
1779835800,30045,30031.75,30036.5
1779836100,30045,30030,30038.5
1779836400,30052.5,30038.5,30047.25
1779836700,30053.75,30040,30051.5
1779837000,30058.25,30044,30045.25
1779837300,30054.75,30041.5,30051.75
1779837600,30069.5,30051.5,30064.5
1779837900,30076.75,30062.25,30075.75
1779838200,30085,30063.75,30071.75
1779838500,30074.25,30064.75,30070.25
1779838800,30093.5,30069.25,30092.5
1779839100,30104.75,30089.5,30096.75
1779839400,30100.25,30089.5,30098.75
1779839700,30099.75,30090.25,30099.25
1779840000,30106.5,30090.75,30099.75
1779840300,30114.75,30097.5,30110.25
1779840600,30112.75,30100.5,30106.25
1779840900,30107.25,30080,30087.25
1779841200,30089.5,30071.25,30072
1779841500,30103.5,30071,30097.75
1779841800,30125.5,30096.5,30120.75
1779842100,30123.25,30089.5,30095.5
1779842400,30121.75,30094,30114.75
1779842700,30137.5,30113.75,30124.75
1779843000,30127.75,30107.25,30108.75
1779843300,30129.75,30107.25,30129.5
1779843600,30132,30114.75,30130.75
1779843900,30142,30119.5,30136.25
1779844200,30154.75,30136,30147
1779844500,30159,30138,30146.75
1779844800,30157.75,30144.75,30156.25
1779845100,30157.75,30142.25,30150
1779845400,30152,30137.5,30139.25
1779845700,30153.75,30138.5,30143.75
1779846000,30152.75,30138.25,30139.25
1779846300,30141.25,30126.25,30137
1779846600,30141,30124.75,30130.5
1779846900,30131,30116.5,30122.75
1779847200,30134.25,30120.5,30131
1779847500,30142.5,30126.5,30140
1779847800,30142,30131,30140.75
1779848100,30153,30139.25,30146.75
1779848400,30152,30140.25,30150.5
1779848700,30153,30144.5,30145.75
1779849000,30154,30144.25,30152.75
1779849300,30156,30140.5,30141.75
1779849600,30150.5,30141,30149.25
1779849900,30158,30147.75,30154.75
1779850200,30162.5,30150.75,30152
1779850500,30152.5,30135.75,30137.25
1779850800,30153.75,30134.5,30149.75
1779851100,30155.5,30141,30144.25
1779851400,30144.5,30130.25,30132.25
1779851700,30138.75,30131,30133.25
1779852000,30137,30123.75,30125.25
1779852300,30129.75,30120,30127.5
1779852600,30132.25,30109,30116.75
1779852900,30125.25,30111.5,30122.25
1779853200,30129.75,30118,30122.5
1779853500,30122.5,30105.25,30108
1779853800,30115,30105,30107.5
1779854100,30107.5,30093.5,30097.25
1779854400,30104.25,30093.75,30102.75
1779854700,30121,30100.5,30118.5
1779855000,30124.5,30107.5,30109
1779855300,30111.5,30087.75,30088.5
1779855600,30104,30086.5,30096.25
1779855900,30097.25,30076.75,30078.75
1779856200,30092.5,30075,30089.5
1779856500,30102.25,30089,30099.25
1779856800,30108,30096.25,30105.25
1779857100,30114.75,30104,30114.25
1779857400,30121,30109.5,30115.25
1779857700,30117.75,30105.25,30106
1779858000,30120.75,30094,30115.25
1779858300,30116.5,30100.25,30112.75
1779858600,30112,30096.75,30102.75
1779858900,30103.75,30077.25,30080.5
1779859200,30102,30076,30101.25
1779859500,30102.5,30091,30101.25
1779859800,30104,30067,30073
1779860100,30103.25,30072.5,30088.25
1779860400,30102.25,30088,30101.5
1779860700,30107,30090,30090.75
1779861000,30106.75,30086.25,30099
1779861300,30109.25,30098.25,30103.25
1779861600,30111.5,30094.25,30097.25
1779861900,30110.75,30091.5,30105.5
1779862200,30109.5,30087.5,30099
1779862500,30104.25,30090.5,30100
1779862800,30103,30081.75,30086.75
1779863100,30087.5,30076,30082.25
1779863400,30088.25,30063,30071.5
1779863700,30075,30055.5,30067
1779864000,30078,30065.75,30073.25
1779864300,30085,30067.5,30078.75
1779864600,30086.25,30078.5,30081.25
1779864900,30081.75,30066,30076
1779865200,30105.75,30075.25,30101.5
1779865500,30115,30096.75,30110
1779865800,30115,30102.25,30114.75
1779866100,30118.75,30105.25,30117.5
1779866400,30129.75,30115.5,30125.5
1779866700,30130.25,30119.25,30124.75
1779867000,30137.5,30116.75,30134.25
1779867300,30138,30119.25,30119.25
1779867600,30134.25,30115.25,30131
1779867900,30133.25,30114.25,30115.25
1779868200,30129.5,30112.75,30129
1779868500,30144.25,30127,30140
1779868800,30149.75,30131.5,30144
1779869100,30163,30142,30153.5
1779869400,30168,30150.5,30166.5
1779869700,30194.75,30166,30192.5
1779870000,30216.75,30183,30208.25
1779870300,30218,30206.75,30208.75
1779870600,30217.5,30198.5,30203.75
1779870900,30208.25,30190.5,30203.25
1779871200,30212,30200,30211
1779871500,30211.75,30201,30203
1779871800,30207,30195,30198
1779872100,30201.5,30191.5,30196.5
1779872400,30200,30178.75,30189.75
1779872700,30190,30173,30176.75
1779873000,30190,30176.25,30186.5
1779873300,30193,30180.75,30182.25
1779873600,30193.75,30182.25,30184.5
1779873900,30197.25,30179.5,30188.5
1779874200,30195,30178.75,30190.75
1779874500,30209.75,30187.75,30206.25
1779874800,30207.75,30193,30196.5
1779875100,30198.75,30186,30196.25
1779875400,30213.5,30197,30206.25
1779875700,30214,30205.25,30213
1779876000,30237.25,30212,30234
1779876300,30244.75,30230.75,30240.75
1779876600,30247.25,30235,30246.5
1779876900,30248.25,30234,30234.5
1779877200,30240.5,30227.75,30240.5
1779877500,30240.25,30230,30231.5
1779877800,30232.5,30214.5,30215
1779878100,30225.5,30213.5,30218.75
1779878400,30227.75,30215,30224.75
1779878700,30230.25,30221.25,30224.75
1779879000,30230.75,30223,30229.5
1779879300,30241.25,30227.5,30235.25
1779879600,30273.5,30235.75,30268
1779879900,30270.5,30256.5,30260.25
1779880200,30272.25,30253,30268.75
1779880500,30276.25,30251.5,30267
1779880800,30292,30266,30284.25
1779881100,30284.5,30268,30270.5
1779881400,30289.25,30268.75,30286
1779881700,30297.25,30282.75,30284.5
1779882000,30286.5,30270.5,30278
1779882300,30293.75,30270.75,30272.75
1779882600,30284.25,30268.75,30280.25
1779882900,30280.75,30262.5,30265.25
1779883200,30268.25,30253.5,30260
1779883500,30278.75,30260,30271.25
1779883800,30277.5,30265.25,30266.5
1779884100,30315.25,30243,30308.75
1779884400,30380,30291.75,30322
1779884700,30358,30314.75,30353.75
1779885000,30357.25,30317.75,30319.25
1779885300,30345.5,30308,30333.25
1779885600,30334.75,30314.75,30315
1779885900,30316,30273.25,30275.25
1779886200,30284.75,30264.25,30267.25
1779886500,30270,30255.5,30261.25
1779886800,30271,30251,30255
1779887100,30258.5,30210.5,30220.25
1779887400,30227.75,30201,30215.5
1779887700,30225,30205.5,30214
1779888000,30219.75,30202.25,30217
1779888300,30224,30181,30187.75
1779888600,30192.25,30126.5,30140.5
1779888900,30153.75,30054,30065.5
1779889200,30068.75,29963.75,29981.5
1779889500,30031.25,29937.5,29997.25
1779889800,30077,29986.75,30027
1779890100,30063.25,29990,30060.25
1779890400,30099.25,30033.75,30083
1779890700,30091,30000,30022.75
1779891000,30031,29982,30016
1779891300,30057.25,30000.5,30034.75
1779891600,30043.25,29962,29965.5
1779891900,29966.25,29888.5,29916.5
1779892200,29949,29876,29948.25
1779892500,30003.25,29930.75,29998.25
1779892800,30024,29972.5,29993.75
1779893100,30024,29975.75,29975.75
1779893400,30014,29974.25,30003.5
1779893700,30004.25,29922.75,29940.75
1779894000,29955.5,29914.5,29930.5
1779894300,29963.75,29911,29960.5
1779894600,29978,29947.75,29950.25
1779894900,29951.75,29899,29902.75
1779895200,29927,29883,29923.5
1779895500,29951.5,29918.5,29951.5
1779895800,29981,29947,29967.5
1779896100,29971.5,29905.75,29909.25
1779896400,29928.75,29884.25,29890.75
1779896700,29923.5,29877.25,29901
1779897000,29939.5,29888.25,29923.25
1779897300,29943.25,29903.75,29935
1779897600,29958,29917.5,29927.5
1779897900,29972.5,29926.75,29972.5
1779898200,30002,29965.5,29996.25
1779898500,30009.5,29977,29988.75
1779898800,30016.75,29986,30012.25
1779899100,30013.75,29981.5,29991.25
1779899400,30004.5,29971.75,29990.75
1779899700,30018,29987,30015.25
1779900000,30039.25,30013.75,30030.25
1779900300,30047.25,30025.25,30046
1779900600,30048.5,30002,30008.75
1779900900,30009.5,29975,29988
1779901200,29997.5,29955.25,29975.75
1779901500,29983,29895,29898.25
1779901800,29932.25,29896.75,29920.5
1779902100,29948,29913,29944.25
1779902400,29969,29938.75,29967.75
1779902700,29976,29954,29957.5
1779903000,29978.75,29954.75,29970.5
1779903300,29991,29967.75,29972.75
1779903600,29978.25,29944,29947.75
1779903900,29966.75,29942,29966.25
1779904200,29986.75,29963.75,29985
1779904500,29993,29971.25,29973.25
1779904800,29987.25,29962.75,29982.75
1779905100,30003.5,29966,29994
1779905400,30002.25,29978.75,29996.75
1779905700,30015.5,29991.25,30010.5
1779906000,30036,30006.5,30035.25
1779906300,30054.5,30034,30053.75
1779906600,30060.5,30043.75,30053.5
1779906900,30056.75,30023.75,30043.25
1779907200,30056.25,30037.5,30047.5
1779907500,30055,30037.75,30037.75
1779907800,30055.25,30032.5,30039.5
1779908100,30054.75,30034,30039.25
1779908400,30054.75,30024.75,30052.5
1779908700,30065,30035.25,30044.5
1779909000,30051.5,30035.75,30041.75
1779909300,30053.5,30038.5,30041.25
1779909600,30051.5,30040,30045.25
1779909900,30046.5,30009.5,30026.75
1779910200,30050,30025.25,30040.5
1779910500,30071,30040.5,30063
1779910800,30066.75,30047,30065.75
1779911100,30066.75,30041,30047.5
1779911400,30061,30032.5,30038.75
1779911700,30055.25,30034.75,30047.5
1779912000,30058.25,30038.5,30055.75
1779912300,30071.5,30034.5,30061
1779912600,30062.75,30049.25,30058
1779912900,30112,30058.25,30106.5
1779913200,30114.25,30087,30097.75
1779913500,30107.25,30091.75,30093.25
1779913800,30110.5,30092,30100.5
1779914100,30116.75,30098.25,30111.25
1779914400,30112,30103.25,30109.75
1779914700,30119,30108.75,30112.5
1779915000,30117.25,30109,30116
1779915300,30130,30114.75,30125
1779919200,30137.5,30101,30124
1779919500,30129.75,30079.25,30084
1779919800,30090,30064.5,30076.5
1779920100,30096,30072.75,30086
1779920400,30093.75,30076,30076.75
1779920700,30078.25,30047.75,30048.25
1779921000,30048.5,30026.25,30042.75
1779921300,30064.5,30040.5,30047.5
1779921600,30064.25,30042,30045
1779921900,30055.25,30043.75,30051.25
1779922200,30068.5,30051,30057.25
1779922500,30067,30052,30061
1779922800,30077,30060,30070.25
1779923100,30073,30046.5,30056.75
1779923400,30058.75,30046,30056.5
1779923700,30081.5,30037.75,30071
1779924000,30071.25,30028,30042.5
1779924300,30043.5,30029.25,30043
1779924600,30042.5,30017.5,30017.5
1779924900,30026.25,30001.5,30015
1779925200,30021.5,30001.75,30004.75
1779925500,30007.25,29980.5,29991.75
1779925800,29992.5,29966.75,29978.5
1779926100,30001.5,29976,29979.75
1779926400,30018.75,29962.5,30006.5
1779926700,30009,29977.75,30000.75
1779927000,30002,29969.25,29972.5
1779927300,30011.25,29970.25,29999
1779927600,30017,29988.25,30000.5
1779927900,30011.5,29988.5,30008.25
1779928200,30009.5,29980,29994.75
1779928500,30002,29987.5,30002
1779928800,30026,30000.5,30024.75
1779929100,30040,30023,30035.5
1779929400,30040.5,30030.5,30033.5
1779929700,30090,30027.25,30071.25
1779930000,30080.75,30053.25,30057
1779930300,30058.5,30037.25,30049.75
1779930600,30065.75,30044.5,30064.75
1779930900,30072.25,30052.5,30060.25
1779931200,30071.25,30044.75,30067.25
1779931500,30067,30045.25,30059.25
1779931800,30076.5,30052,30060.75
1779932100,30069,30054.5,30059.25
1779932400,30061.5,30043.75,30047.75
1779932700,30050.5,30032.75,30050
1779933000,30062.5,30044.75,30058.5
1779933300,30077,30056.5,30071.25
1779933600,30080,30029.25,30042
1779933900,30054.25,30033.5,30037.25
1779934200,30044.75,30028,30029.25
1779934500,30034.75,30008,30014.75
1779934800,30024.75,30008.5,30022.5
1779935100,30024,30001.5,30002.5
1779935400,30015.25,29994.25,30012
1779935700,30013,29986.25,29995.25
1779936000,29997.75,29979.5,29983.5
1779936300,29998.75,29974.5,29996.75
1779936600,30000.75,29981,29993.25
1779936900,29996.25,29970.5,29974
1779937200,29986.25,29966.5,29970.5
1779937500,29982.25,29941.75,29946.5
1779937800,29963.5,29930.5,29939.5
1779938100,29957.5,29933,29938
1779938400,29943.75,29921.75,29925.75
1779938700,29929.75,29910.5,29911
1779939000,29911.75,29866.25,29869.5
1779939300,29872.5,29820,29838.25
1779939600,29851,29800.5,29802.5
1779939900,29837,29796.5,29828.75
1779940200,29831.5,29806.75,29824
1779940500,29826.5,29801.5,29812
1779940800,29816,29776,29793.25
1779941100,29825.25,29784,29820.25
1779941400,29824.75,29793,29800.5
1779941700,29807.5,29786.5,29792.5
1779942000,29796,29763.25,29783.75
1779942300,29793.75,29773,29786.25
1779942600,29802.75,29777.5,29801
1779942900,29822.5,29798.75,29810.5
1779943200,29821.75,29801.5,29805.5
1779943500,29805.5,29781,29789.25
1779943800,29809.25,29783,29793
1779944100,29806,29781.75,29788.75
1779944400,29798.25,29769.25,29780.5
1779944700,29796.75,29769.75,29790.75
1779945000,29817,29783.75,29811.5
1779945300,29813.5,29802.75,29809.5
1779945600,29830.75,29804.5,29827.25
1779945900,29841.75,29820.5,29841.5
1779946200,29882,29833.5,29879
1779946500,29880.25,29862.25,29878.75
1779946800,29886.25,29871,29872.25
1779947100,29894,29872.75,29891.25
1779947400,29911.75,29888.25,29909.75
1779947700,29911.25,29899,29904.5
1779948000,29922.25,29902.5,29914.25
1779948300,29927,29909.25,29921.25
1779948600,29933,29918.25,29928.25
1779948900,29933.75,29923.75,29932.5
1779949200,29938.5,29917,29919
1779949500,29932.25,29914.25,29917.75
1779949800,29923.5,29902.25,29908
1779950100,29911.5,29899,29903.25
1779950400,29914.25,29891.5,29911.5
1779950700,29913,29897.5,29901.75
1779951000,29902,29880.25,29893.25
1779951300,29913.75,29892.5,29908.75
1779951600,29936.75,29908.5,29927.75
1779951900,29964.75,29923.75,29953.5
1779952200,29956.5,29933.25,29947.25
1779952500,29957.75,29938.5,29954.75
1779952800,29959.75,29939.75,29951.25
1779953100,29957.5,29940.5,29947
1779953400,29958,29943.75,29947.25
1779953700,29958.5,29943.5,29944
1779954000,29959.25,29936,29951.75
1779954300,29953.25,29923.75,29932.75
1779954600,29964,29926.25,29958
1779954900,29962.25,29946.75,29956
1779955200,29975,29946.25,29971.25
1779955500,29990.25,29958.5,29964
1779955800,29979.75,29957.25,29965.75
1779956100,29974.25,29954,29972.25
1779956400,29995,29968.25,29987.5
1779956700,29988.5,29950.25,29964
1779957000,29978,29958.25,29978
1779957300,29988.25,29965.25,29970
1779957600,29979.75,29966.75,29970.5
1779957900,29975,29962,29966
1779958200,29985.5,29961.25,29980
1779958500,29985.25,29976.5,29983.75
1779958800,29998.75,29980.75,29982.25
1779959100,29993,29968.25,29971.5
1779959400,29976.5,29962.75,29970
1779959700,29979.75,29969.75,29978.5
1779960000,29985.5,29970.25,29978.5
1779960300,29989.25,29967.5,29970.25
1779960600,29971.5,29957.25,29963
1779960900,29968.75,29941.5,29943.25
1779961200,29957.5,29942.25,29950.25
1779961500,29967.5,29946,29963.75
1779961800,29980.75,29961,29971.5
1779962100,29978.75,29967.75,29975.75
1779962400,29976.5,29961.75,29965.5
1779962700,29965.75,29945.5,29950.25
1779963000,29958.5,29943,29946.25
1779963300,29956,29931.25,29932.25
1779963600,29938.25,29916,29918.75
1779963900,29938.75,29913.75,29935
1779964200,29940.75,29921.75,29925.75
1779964500,29926.75,29917,29918.5
1779964800,29923,29909.75,29913.75
1779965100,29928,29905,29922.25
1779965400,29925.25,29862.5,29908
1779965700,29909.25,29875.5,29885
1779966000,29906.75,29873.5,29895.5
1779966300,29897,29871,29886.75
1779966600,29892,29872.75,29878.75
1779966900,29905.75,29876.5,29902.5
1779967200,29913.5,29896.5,29906
1779967500,29912.75,29889.25,29895.25
1779967800,29904.75,29882.5,29901.75
1779968100,29921,29893.5,29917.5
1779968400,29940,29914.25,29938.25
1779968700,29939.5,29918.5,29920
1779969000,29930.25,29914.25,29921
1779969300,29933.75,29915.75,29924
1779969600,29936.25,29922,29925.5
1779969900,29962.5,29925,29947.25
1779970200,29961.25,29944.75,29955.25
1779970500,29959.25,29935.25,29936
1779970800,29944,29927,29933.25
1779971100,29956.25,29932.5,29950.5
1779971400,29997.25,29949,29985.5
1779971700,30022.25,29983.5,30012.5
1779972000,30029.25,30002.75,30027
1779972300,30053.75,30020,30048
1779972600,30067.5,30040.75,30058.5
1779972900,30067.25,30050.5,30056
1779973200,30092.25,30054.5,30068.5
1779973500,30075.5,30042.5,30044.25
1779973800,30048.5,30028.75,30036.75
1779974100,30056,30032.75,30055.75
1779974400,30058,30036,30042.5
1779974700,30067.25,30036.5,30053.5
1779975000,30112.5,30005,30010
1779975300,30025.75,29981,29981
1779975600,29994,29943,29955.25
1779975900,29975.25,29929,29931.75
1779976200,29999,29920.25,29954
1779976500,29998,29949,29992.75
1779976800,30019.5,29963,29993
1779977100,30046.5,29975.75,30046.5
1779977400,30185.25,30006.25,30161.25
1779977700,30173.25,30104.5,30143.5
1779978000,30153.75,30063.25,30091
1779978300,30149.25,30086.25,30147.25
1779978600,30166.5,30110.25,30111.5
1779978900,30147.5,30107.25,30127.25
1779979200,30171,30122.25,30167.25
1779979500,30180,30120.75,30142.25
1779979800,30181.25,30141,30168.25
1779980100,30192.5,30161.25,30187.75
1779980400,30235.75,30180.5,30232.5
1779980700,30243.75,30216,30233.75
1779981000,30240.5,30219.5,30220.75
1779981300,30240.5,30209,30231.75
1779981600,30250,30229,30242.75
1779981900,30275,30239.5,30262.25
1779982200,30284,30256.75,30279
1779982500,30293.75,30270.75,30282.25
1779982800,30283,30261,30261.5
1779983100,30271.75,30251,30255.25
1779983400,30281,30255.5,30256.75
1779983700,30273.25,30252,30264.5
1779984000,30268,30238.75,30255.5
1779984300,30277.75,30254,30273.5
1779984600,30283.25,30269.5,30273.75
1779984900,30304.25,30267.75,30301
1779985200,30318.5,30284.5,30312.75
1779985500,30315,30300,30301.75
1779985800,30303.25,30283.75,30288.25
1779986100,30298.25,30277.25,30294
1779986400,30310,30293.25,30307
1779986700,30318.25,30302.75,30306
1779987000,30314,30298.5,30300.75
1779987300,30329.5,30300.75,30326.75
1779987600,30335.5,30322,30329.25
1779987900,30334.75,30320,30321.75
1779988200,30325.25,30314.5,30317.75
1779988500,30321.5,30294,30303.25
1779988800,30320,30302.25,30316.75
1779989100,30319.75,30295.5,30299
1779989400,30309.75,30286.25,30287
1779989700,30315.5,30282.25,30315.5
1779990000,30324.75,30309,30321.75
1779990300,30338,30319.75,30334
1779990600,30342,30329,30333.25
1779990900,30335,30312.25,30319.75
1779991200,30336.25,30308.75,30335
1779991500,30337.75,30320.75,30321.5
1779991800,30322.75,30300.75,30304
1779992100,30323.75,30297.75,30305
1779992400,30322.5,30298.5,30321.25
1779992700,30325.75,30311,30315.25
1779993000,30316,30303.5,30305.5
1779993300,30307.25,30288.5,30295.25
1779993600,30308.75,30290.5,30300.5
1779993900,30303.75,30280,30286.25
1779994200,30314,30281,30313.5
1779994500,30318,30292,30292.75
1779994800,30303.5,30278.25,30301.75
1779995100,30311.5,30301,30302.5
1779995400,30313,30286.75,30288
1779995700,30289.5,30274.5,30286.25
1779996000,30294,30279.5,30293.25
1779996300,30309,30290.75,30306
1779996600,30320.25,30303.25,30312
1779996900,30331.25,30310.5,30331
1779997200,30331.75,30309,30310
1779997500,30330.75,30303,30317.25
1779997800,30317.25,30284.75,30301
1779998100,30319,30290.5,30306
1779998400,30318.5,30291.5,30315
1779998700,30328,30312.5,30323.25
1779999000,30336,30321.25,30334.25
1779999300,30339,30319,30325.75
1779999600,30329,30315,30317.5
1779999900,30326.75,30316,30322
1780000200,30328.25,30317.75,30323.25
1780000500,30324.5,30316,30321
1780000800,30322.25,30318,30321.25
1780001100,30334.5,30318.5,30321.75
1780001400,30326,30318.75,30320.5
1780001700,30323,30311.75,30313.5
1780005600,30357,30323,30351.75
1780005900,30364.75,30318.25,30322.25
1780006200,30323.25,30276,30311.5
1780006500,30313.5,30296.5,30304.75
1780006800,30317.75,30285,30290
1780007100,30303.25,30289,30301.25
1780007400,30308,30291.25,30294.25
1780007700,30305,30293,30302
1780008000,30312.75,30300,30307.75
1780008300,30317,30306.75,30308.75
1780008600,30310.25,30302.75,30308.25
1780008900,30309,30296,30297.25
1780009200,30324,30297,30316.75
1780009500,30316.25,30307.25,30308.75
1780009800,30316.5,30306.75,30315.75
1780010100,30327,30313.25,30326
1780010400,30327,30318,30318
1780010700,30321.25,30314.25,30319.25
1780011000,30318.5,30307.5,30310.5
1780011300,30315.25,30308,30310.25
1780011600,30318.75,30309.5,30311.25
1780011900,30311.25,30295.25,30303.25
1780012200,30305.25,30297,30299
1780012500,30306,30296,30301.25
1780012800,30301.5,30270.5,30278.75
1780013100,30288.75,30273,30280
1780013400,30293.25,30275,30282.5
1780013700,30292.5,30278.25,30288.75
1780014000,30299.75,30279.5,30285.25
1780014300,30303.5,30280.5,30281.25
1780014600,30282,30250.75,30256.25
1780014900,30265.75,30255,30259
1780015200,30260.25,30244,30248.75
1780015500,30254.25,30239,30249
1780015800,30255.25,30234.5,30241
1780016100,30252,30240,30247.5
1780016400,30262.25,30216.25,30225.5
1780016700,30250.75,30224.75,30245.25
1780017000,30251.5,30227.25,30233
1780017300,30254,30226.75,30246
1780017600,30246.25,30233.75,30240
1780017900,30242.75,30225.75,30232
1780018200,30238.5,30222.5,30231.75
1780018500,30240.75,30226.25,30238.5
1780018800,30258.5,30237,30254
1780019100,30263.5,30232,30235
1780019400,30246.5,30233.75,30245.75
1780019700,30254.75,30241.75,30248
1780020000,30256.5,30244.5,30249.75
1780020300,30261,30239,30259.5
1780020600,30272,30251.75,30264.5
1780020900,30267.75,30254.75,30260.75
1780021200,30261.75,30243,30244.75
1780021500,30250.25,30227,30234.25
1780021800,30249.25,30228.5,30245.5
1780022100,30249.75,30238,30246.25
1780022400,30255,30243,30248
1780022700,30252.75,30239,30243.75
1780023000,30244.25,30236,30237.75
1780023300,30247.25,30232.25,30238.25
1780023600,30253,30235.75,30250.75
1780023900,30263.25,30247.5,30258.25
1780024200,30265,30253.25,30258
1780024500,30262,30252.75,30257.5
1780024800,30266.75,30256.75,30261.75
1780025100,30261.25,30252.75,30260
1780025400,30261.75,30251.25,30256.75
1780025700,30261,30250,30259
1780026000,30264,30255.75,30260
1780026300,30276.5,30257.5,30272
1780026600,30274.5,30246,30264.25
1780026900,30269,30254,30260.5
1780027200,30269,30259.25,30263.75
1780027500,30275,30260,30273.25
1780027800,30276,30270,30272.25
1780028100,30284.5,30272,30279.25
1780028400,30286.5,30278.25,30281
1780028700,30286.5,30280,30282.75
1780029000,30294.75,30279,30289.75
1780029300,30300,30286.25,30298.75
1780029600,30305.25,30296.25,30304.5
1780029900,30308.25,30295,30303.5
1780030200,30304.25,30292.25,30298.5
1780030500,30299.5,30291.25,30298.25
1780030800,30317,30295.5,30310.5
1780031100,30312,30303.5,30308
1780031400,30318.5,30301.25,30312.75
1780031700,30313.75,30304,30305.25
1780032000,30312.25,30305,30307.5
1780032300,30317.75,30305.25,30312
1780032600,30314.25,30297.25,30312.5
1780032900,30315.5,30292,30295
1780033200,30306.75,30294,30304.5
1780033500,30315.25,30303.75,30311.25
1780033800,30311.75,30302.75,30305.5
1780034100,30306,30294,30300
1780034400,30317,30299.5,30311.5
1780034700,30324.5,30309.75,30323
1780035000,30328.75,30315.75,30322.25
1780035300,30330,30319.5,30329.75
1780035600,30342.75,30328,30333
1780035900,30338.75,30313,30316.25
1780036200,30332.5,30312,30322.5
1780036500,30336,30321,30326.75
1780036800,30333.5,30322.5,30327.75
1780037100,30338.5,30326,30336.5
1780037400,30347.75,30335.25,30346
1780037700,30350.75,30342.75,30349
1780038000,30349.25,30334.5,30335
1780038300,30343.5,30326.75,30340
1780038600,30344,30319.5,30325.75
1780038900,30326.5,30314,30316.25
1780039200,30320,30301.5,30302.5
1780039500,30305.25,30294.5,30300
1780039800,30303.25,30282.25,30293.75
1780040100,30294,30266.5,30279.25
1780040400,30285,30273.25,30277.25
1780040700,30294.5,30275.75,30289.75
1780041000,30299.75,30288.75,30290.5
1780041300,30302.25,30290.25,30301
1780041600,30318.25,30295,30296.5
1780041900,30306.75,30287,30298
1780042200,30314,30294.75,30312
1780042500,30317,30305.5,30308.25
1780042800,30319,30300.5,30303.5
1780043100,30314,30290.5,30312.5
1780043400,30323.75,30310.25,30317.5
1780043700,30323,30305.75,30322.75
1780044000,30326,30307.5,30308.25
1780044300,30309.75,30289,30292.5
1780044600,30307.75,30292.25,30306.75
1780044900,30319.5,30305,30315.75
1780045200,30339,30309.25,30330
1780045500,30343.75,30326,30340
1780045800,30361.75,30338.25,30360.25
1780046100,30367,30349.25,30364.25
1780046400,30369.5,30343.25,30345.5
1780046700,30359,30331.25,30352.75
1780047000,30355,30341.25,30347
1780047300,30347.25,30334.5,30338.75
1780047600,30344.75,30329,30330.5
1780047900,30350,30329.75,30342.25
1780048200,30344.25,30327.5,30332.25
1780048500,30338.75,30328.25,30331.75
1780048800,30333.5,30303.75,30306.25
1780049100,30313,30300.25,30304
1780049400,30320,30303,30315.75
1780049700,30320.75,30302.75,30307.5
1780050000,30325.5,30307.5,30325.5
1780050300,30333.5,30318.75,30328.75
1780050600,30334.25,30321.5,30332
1780050900,30347.5,30329.25,30340.25
1780051200,30342.75,30331.25,30339.25
1780051500,30350,30336.25,30343.75
1780051800,30348.25,30336.25,30337.5
1780052100,30343,30334,30340.25
1780052400,30358.25,30338,30352.25
1780052700,30362.5,30351.75,30355
1780053000,30364,30349.75,30362.5
1780053300,30372.25,30359,30363.5
1780053600,30369.25,30354,30360
1780053900,30366.75,30332,30333
1780054200,30339.5,30312.25,30314.75
1780054500,30330.75,30309.25,30327.75
1780054800,30353,30326.25,30343
1780055100,30354.75,30334.75,30337.75
1780055400,30342.5,30299,30331
1780055700,30351.25,30328,30349.5
1780056000,30351,30326.5,30329.75
1780056300,30330.25,30314.5,30321
1780056600,30331.5,30314.75,30320.75
1780056900,30333.75,30313,30331
1780057200,30331.75,30312.25,30317.75
1780057500,30327.5,30312,30327
1780057800,30333.75,30294.25,30313.25
1780058100,30313.25,30299.75,30307.5
1780058400,30323.75,30305.5,30322.25
1780058700,30328,30309.5,30327.5
1780059000,30349,30326.25,30344.75
1780059300,30350,30338.25,30349.25
1780059600,30363.25,30341.5,30359.25
1780059900,30363.5,30351.75,30351.75
1780060200,30357.25,30342.75,30344.5
1780060500,30348.5,30335.5,30339.25
1780060800,30349.5,30337.75,30347.25
1780061100,30384.25,30347.75,30382.75
1780061400,30426,30365.5,30375
1780061700,30438.5,30369.5,30429
1780062000,30461.5,30423,30460.25
1780062300,30492,30452.25,30486.5
1780062600,30513.25,30475.25,30497
1780062900,30520.5,30490.5,30518.5
1780063200,30535.75,30498.5,30515
1780063500,30520.25,30474.5,30476.5
1780063800,30502.75,30444.25,30459.25
1780064100,30462.75,30392,30414.5
1780064400,30443.25,30386.5,30387.25
1780064700,30408,30346,30406.25
1780065000,30437.5,30387.25,30437
1780065300,30437.5,30348,30348.25
1780065600,30365.75,30289.25,30293.75
1780065900,30323,30269.75,30301.5
1780066200,30395.5,30294.5,30340.25
1780066500,30388.5,30339.25,30360
1780066800,30378,30340.75,30367
1780067100,30395,30333.5,30390.25
1780067400,30429.5,30387.5,30426.25
1780067700,30439.25,30394.25,30397.25
1780068000,30405.5,30360,30398
1780068300,30421.75,30373.75,30397.5
1780068600,30418.5,30393,30401.5
1780068900,30420,30384.25,30410.75
1780069200,30415.75,30364.25,30377.5
1780069500,30386,30355.5,30381.5
1780069800,30397.5,30365.5,30380.5
1780070100,30385.75,30355.75,30362.75
1780070400,30410,30357.75,30405.75
1780070700,30438,30396.5,30436.5
1780071000,30448,30425.75,30435
1780071300,30447.75,30410.75,30413.5
1780071600,30441.75,30408.75,30427
1780071900,30426.5,30400.25,30403.5
1780072200,30430,30385.75,30422
1780072500,30444.5,30415.75,30440.75
1780072800,30447.5,30418.75,30422
1780073100,30427,30408.5,30414.5
1780073400,30416,30387.5,30398.25
1780073700,30401.75,30375,30398
1780074000,30410.75,30388.5,30392
1780074300,30402,30382,30394
1780074600,30404,30380.25,30392.5
1780074900,30399.25,30381.75,30387.5
1780075200,30391.25,30356,30378.5
1780075500,30383.5,30351.75,30367.25
1780075800,30372.5,30345.5,30367.25
1780076100,30376.75,30356.75,30365.5
1780076400,30370.5,30338.5,30348.25
1780076700,30355.5,30337.75,30346
1780077000,30360.75,30326,30330
1780077300,30330.5,30295.75,30302.5
1780077600,30331.25,30291,30330.5
1780077900,30353,30330,30352.25
1780078200,30366.5,30335.5,30342.5
1780078500,30352.75,30328.5,30351.25
1780078800,30365.25,30345,30364.5
1780079100,30386.75,30359,30379.5
1780079400,30402.25,30379.25,30395.25
1780079700,30396.75,30367,30377
1780080000,30388.5,30374.5,30384.75
1780080300,30385.25,30333.25,30347.5
1780080600,30356.25,30321.25,30343.25
1780080900,30346.25,30315.75,30324.5
1780081200,30352.5,30313.5,30343.75
1780081500,30369,30343.75,30363.5
1780081800,30369,30357.75,30365
1780082100,30370,30342.25,30359.25
1780082400,30374,30353.75,30367.75
1780082700,30384.25,30354.5,30382
1780083000,30404,30381.75,30402.75
1780083300,30432.5,30401.25,30428.75
1780083600,30440,30421.5,30429.75
1780083900,30439.5,30412.25,30435.5
1780084200,30445.5,30398.75,30409
1780084500,30425.5,30393,30397.25
1780084800,30410.5,30389,30406.5
1780085100,30410.25,30393.5,30400.25
1780085400,30404,30390,30396
1780085700,30397.25,30381,30384.5
1780086000,30396.5,30381.25,30393.75
1780086300,30394.75,30378.25,30386.5
1780086600,30390.25,30383.25,30390
1780086900,30392.5,30386,30386.75
1780087200,30387,30376.25,30382
1780087500,30388.75,30381.75,30387.25
1780087800,30397.75,30381.75,30384.5
1780088100,30392.5,30380.75,30386.75
1780264800,30441,30360.5,30371.25
1780265100,30393,30366,30378.5
1780265400,30420.5,30373.25,30419.25
1780265700,30420.5,30407.5,30412.25
1780266000,30433.5,30395.75,30427.25
1780266300,30437.5,30421,30423.75
1780266600,30446.25,30423.25,30437.25
1780266900,30442.25,30427,30433.5
1780267200,30454.5,30433,30454.5
1780267500,30473.5,30453,30465.5
1780267800,30472.5,30462.75,30465.5
1780268100,30469,30451.5,30456
1780268400,30479.5,30450.5,30473.5
1780268700,30480,30462.5,30467.25
1780269000,30472.75,30459.25,30464.75
1780269300,30470.75,30462.5,30466.5
1780269600,30471,30451,30455.75
1780269900,30472.5,30455.75,30468
1780270200,30478.5,30460,30465.75
1780270500,30469.5,30459.75,30466.75
1780270800,30469.5,30460.75,30466
1780271100,30475,30461,30467.75
1780271400,30486,30463,30479.25
1780271700,30483.5,30476,30477.5
1780272000,30512.5,30470.25,30508.5
1780272300,30520,30504.75,30512.25
1780272600,30524,30501.75,30513
1780272900,30521,30494.5,30500.75
1780273200,30530,30501,30527.5
1780273500,30546,30522.25,30543.75
1780273800,30552,30526,30534.25
1780274100,30542.25,30525.25,30537
1780274400,30549.5,30532.5,30544.5
1780274700,30551.75,30541,30545.25
1780275000,30560,30536.5,30547
1780275300,30554.75,30534.25,30540
1780275600,30550,30517.25,30529.25
1780275900,30536.25,30522,30527.75
1780276200,30540,30523,30530.5
1780276500,30543,30529,30535.25
1780276800,30551.75,30531.75,30537.75
1780277100,30541.75,30531.5,30532.5
1780277400,30544.75,30526.75,30544
1780277700,30548.75,30535.25,30536
1780278000,30540.75,30531.25,30539.5
1780278300,30545.25,30533.25,30540.25
1780278600,30554.5,30536.75,30549.25
1780278900,30550.75,30544,30548.25
1780279200,30572.75,30546,30550.75
1780279500,30560.75,30549.75,30559
1780279800,30567,30555.25,30563.75
1780280100,30564.75,30557.5,30560.5
1780280400,30568.75,30559,30563.5
1780280700,30566.25,30555,30562.25
1780281000,30562.5,30550.75,30557
1780281300,30564.25,30556.75,30559.5
1780281600,30559.5,30546.75,30549
1780281900,30552,30545.75,30549.25
1780282200,30550.5,30543,30547.75
1780282500,30551.75,30543.75,30549.5
1780282800,30561.75,30549,30558.5
1780283100,30565.5,30554.5,30562.25
1780283400,30566,30559.5,30561
1780283700,30568,30537.5,30562
1780284000,30577,30553.5,30573.25
1780284300,30578.5,30570.5,30574
1780284600,30595,30573.5,30585.75
1780284900,30586,30567.25,30568.5
1780285200,30569.25,30553,30554.75
1780285500,30564.75,30543.75,30558.25
1780285800,30560.25,30536.25,30541.75
1780286100,30547.25,30536.25,30545.25
1780286400,30559.5,30543.5,30558
1780286700,30563,30552.25,30558.25
1780287000,30564.75,30554,30557.75
1780287300,30560,30550.75,30555.5
1780287600,30563.75,30549.5,30563.75
1780287900,30567.25,30555,30561.75
1780288200,30566.5,30550.5,30551.25
1780288500,30565,30551.25,30564.75
1780288800,30581,30562.75,30579.25
1780289100,30580.75,30568.75,30572.25
1780289400,30578.75,30572,30574
1780289700,30577,30570.25,30573
1780290000,30576,30568.25,30575.25
1780290300,30581,30563.75,30566.5
1780290600,30574.25,30556.5,30571
1780290900,30571.5,30561.25,30566.25
1780291200,30577.75,30566.5,30568.5
1780291500,30568.75,30550.5,30552.5
1780291800,30565.25,30553.25,30559.75
1780292100,30573,30559.25,30565.25
1780292400,30576.5,30564.75,30575
1780292700,30590,30570.5,30587.5
1780293000,30591.5,30582,30583.25
1780293300,30586.5,30576,30579.5
1780293600,30589.75,30579.5,30581.25
1780293900,30585.75,30577,30583.75
1780294200,30585.5,30570.25,30576.25
1780294500,30578,30568,30577
1780294800,30577.5,30569.75,30570
1780295100,30571.75,30554.25,30558.5
1780295400,30580,30556,30578
1780295700,30580.25,30562.5,30565.25
1780296000,30571.25,30560.75,30569
1780296300,30589.25,30567.5,30586.75
1780296600,30588.25,30578.5,30580.5
1780296900,30586.25,30575.75,30578.75
1780297200,30589,30571.5,30586
1780297500,30592,30576.5,30580
1780297800,30586.75,30565.5,30571
1780298100,30573.75,30545.5,30554
1780298400,30554.5,30536.75,30539.25
1780298700,30539.25,30511.25,30521.75
1780299000,30531.75,30518.75,30526.75
1780299300,30530.25,30503.25,30506.75
1780299600,30508,30486.5,30501.5
1780299900,30505.75,30491,30501
1780300200,30512.25,30491.5,30503.25
1780300500,30515,30503,30511.75
1780300800,30516.5,30490,30494
1780301100,30499.75,30477,30477.5
1780301400,30486.25,30472,30475.25
1780301700,30478.25,30466,30472.25
1780302000,30480.75,30467.25,30468.25
1780302300,30469.75,30454.25,30454.25
1780302600,30468.25,30444,30468.25
1780302900,30471.25,30455.5,30469.75
1780303200,30479.75,30461.25,30478.75
1780303500,30483.25,30458.25,30481.5
1780303800,30494,30473.5,30492
1780304100,30504,30488.25,30499.25
1780304400,30512,30499,30511.75
1780304700,30512.5,30489,30498.25
1780305000,30502.75,30480.25,30483.75
1780305300,30496.75,30478.75,30493.75
1780305600,30494.5,30482.25,30485.25
1780305900,30487.25,30469.25,30472.5
1780306200,30480,30467.25,30474.5
1780306500,30478.25,30462.75,30471.25
1780306800,30475.75,30466,30473.25
1780307100,30475,30456,30457
1780307400,30465.5,30453.75,30460.25
1780307700,30468.25,30455.25,30462.25
1780308000,30472.25,30462,30464.25
1780308300,30470.5,30454.25,30468.75
1780308600,30485,30466,30483.75
1780308900,30489,30476,30480
1780309200,30482.25,30466,30477
1780309500,30489.25,30473.25,30486.75
1780309800,30503.5,30486.5,30498.75
1780310100,30503,30493.75,30497.25
1780310400,30504.75,30493.5,30501.5
1780310700,30504.5,30492.75,30503.75
1780311000,30505,30493.25,30495
1780311300,30499,30490.25,30494.25
1780311600,30497.5,30471.75,30473
1780311900,30481.75,30468,30479.5
1780312200,30480,30461.5,30470.75
1780312500,30471.75,30455,30470.25
1780312800,30471.5,30457.5,30459.75
1780313100,30465.25,30450,30461.5
1780313400,30478.5,30451.5,30475.5
1780313700,30498.75,30474.5,30498.75
1780314000,30501.5,30476.75,30484.5
1780314300,30491.25,30477.5,30485
1780314600,30486,30462.75,30469
1780314900,30472.5,30460.5,30462.75
1780315200,30464.75,30445,30456
1780315500,30463.25,30433.5,30434
1780315800,30448,30418.75,30423.25
1780316100,30436.25,30415,30432.5
1780316400,30449.75,30430.25,30446.5
1780316700,30459,30445,30450.5
1780317000,30456,30433.25,30444.5
1780317300,30480.5,30443.25,30475.5
1780317600,30489.25,30466.25,30485.25
1780317900,30496.5,30473.25,30475
1780318200,30476.5,30451.25,30457
1780318500,30460,30445.75,30449.25
1780318800,30454.5,30430.25,30436.75
1780319100,30456.25,30429.5,30450
1780319400,30456.25,30315.25,30347.25
1780319700,30380.75,30338.25,30349.75
1780320000,30356,30295.25,30295.75
1780320300,30348.75,30291,30342.5
1780320600,30422,30305,30379.75
1780320900,30462,30371.5,30436
1780321200,30449.5,30402.75,30413
1780321500,30467.25,30410.75,30427.25
1780321800,30451,30377,30377.5
1780322100,30383.5,30305.25,30316
1780322400,30343.25,30295,30308
1780322700,30384,30303,30374.25
1780323000,30379.25,30336,30352.25
1780323300,30403.5,30338.5,30365.5
1780323600,30421.5,30359,30405.25
1780323900,30410.75,30374,30381.5
1780324200,30431.75,30368.25,30415.75
1780324500,30431.25,30390.25,30404.5
1780324800,30430.5,30397.5,30419.75
1780325100,30444.75,30406.25,30430
1780325400,30447,30411.5,30431
1780325700,30440.25,30414.5,30437.25
1780326000,30449.75,30420,30432.25
1780326300,30457.75,30412.5,30439.25
1780326600,30454,30415.75,30445
1780326900,30472,30445,30462.75
1780327200,30489.25,30462.75,30477.25
1780327500,30487.5,30462,30479.25
1780327800,30548,30477.75,30534.25
1780328100,30554,30531,30537
1780328400,30548.25,30520.25,30538
1780328700,30541,30507,30508.5
1780329000,30529.5,30500,30526.75
1780329300,30528,30496.25,30501.75
1780329600,30535,30501,30512.5
1780329900,30514.25,30496.25,30503
1780330200,30505.75,30470.5,30482.5
1780330500,30489.25,30450,30473.75
1780330800,30502,30471,30499.5
1780331100,30514.25,30492,30510
1780331400,30538.75,30510.25,30530.25
1780331700,30540.75,30517.25,30535.25
1780332000,30539,30522,30523.25
1780332300,30527.25,30507,30525.25
1780332600,30575,30522.5,30572.5
1780332900,30584.25,30565.75,30581
1780333200,30585,30547.75,30548
1780333500,30559.5,30535,30539.5
1780333800,30557.5,30538.75,30550.25
1780334100,30559.25,30538.25,30543
1780334400,30561.75,30538,30557
1780334700,30602.75,30547.25,30601.5
1780335000,30618.5,30568.5,30576
1780335300,30603.75,30569,30597
1780335600,30667,30592.5,30651
1780335900,30683,30651.25,30673.25
1780336200,30692,30669.25,30690.25
1780336500,30691.25,30663.25,30670.5
1780336800,30675,30663.75,30667.25
1780337100,30671.75,30653,30660.75
1780337400,30665.5,30629.75,30635
1780337700,30649.25,30626.5,30647.25
1780338000,30655.75,30641.75,30647
1780338300,30651.25,30637.25,30646.75
1780338600,30653,30632.25,30650.5
1780338900,30654.75,30633.5,30636.75
1780339200,30644.25,30631.25,30642.25
1780339500,30643.25,30620.75,30623.5
1780339800,30629.75,30613.5,30626.5
1780340100,30645,30621.75,30623.25
1780340400,30638.75,30611,30638.5
1780340700,30641,30618.75,30636.25
1780341000,30647.75,30628,30630.5
1780341300,30633,30618,30623
1780341600,30627.75,30614,30623.75
1780341900,30631.75,30617.75,30624.75
1780342200,30624.75,30594,30595.75
1780342500,30601.5,30583.5,30598
1780342800,30598,30584.5,30588.25
1780343100,30595.5,30570.25,30573.25
1780343400,30587,30560,30570.25
1780343700,30574,30556,30571.25
1780344000,30575,30555.25,30567
1780344300,30569,30546.75,30551.5
1780344600,30561,30548.75,30556.25
1780344900,30556.25,30539.25,30549.25
1780345200,30554,30544.75,30548.75
1780345500,30550.25,30540.5,30545.75
1780345800,30555.25,30539.75,30554
1780346100,30560,30544.25,30544.75
1780346400,30573.25,30539.5,30554.75
1780346700,30555.75,30527,30542.75
1780347000,30544.5,30523.75,30527
1780347300,30531.75,30505,30523.75
1780351200,30550,30484,30486
1780351500,30496.5,30455,30480.75
1780351800,30485.5,30475,30476.25
1780352100,30489,30469.5,30476
1780352400,30479,30453,30471.75
1780352700,30476.5,30451.25,30455
1780353000,30463.75,30451.25,30458.25
1780353300,30463,30441,30450.75
1780353600,30454.25,30435,30445.25
1780353900,30455.5,30442.5,30446.25
1780354200,30453.75,30436.5,30440.25
1780354500,30461.75,30431,30458.75
1780354800,30466.25,30454,30461.5
1780355100,30465.5,30446.25,30463.25
1780355400,30464,30453.75,30455
1780355700,30466,30450.25,30462.75
1780356000,30464.75,30459.25,30464.5
1780356300,30464.25,30454.75,30457.25
1780356600,30464.5,30444,30462.25
1780356900,30481.25,30454.25,30467.25
1780357200,30473.75,30454.25,30459.5
1780357500,30464.75,30440.75,30449.25
1780357800,30461,30447.75,30460.25
1780358100,30470.5,30455.75,30469.25
1780358400,30470.25,30452.75,30456.25
1780358700,30464.5,30417.75,30423
1780359000,30431.75,30406.5,30414
1780359300,30436,30389,30399.5
1780359600,30409.5,30385.5,30391.25
1780359900,30404.25,30377.5,30402.5
1780360200,30419.75,30401,30412.25
1780360500,30422.75,30392,30399.75
1780360800,30402.5,30379.75,30396.5
1780361100,30397.25,30382,30388.5
1780361400,30390.5,30375,30378.25
1780361700,30382.5,30363,30373
1780362000,30384.25,30357,30368.5
1780362300,30383.25,30364,30367.25
1780362600,30402,30366,30397
1780362900,30398.75,30384.5,30391.75
1780363200,30396.5,30373.25,30382.5
1780363500,30385.25,30344.5,30376.25
1780363800,30388.5,30372,30386.25
1780364100,30390.5,30360.25,30365.25
1780364400,30389,30355.25,30369.75
1780364700,30369.75,30345.25,30347.25
1780365000,30353.75,30338,30348.5
1780365300,30354.25,30332.75,30333.5
1780365600,30348,30327.5,30332.5
1780365900,30340.75,30323,30323.75
1780366200,30345,30321,30338.25
1780366500,30359.75,30331,30358.25
1780366800,30368.5,30348.75,30355.25
1780367100,30361.5,30344,30356.75
1780367400,30372.5,30356,30370.25
1780367700,30382.25,30367,30379.5
1780368000,30385,30366.25,30375
1780368300,30378.5,30362,30368.25
1780368600,30375.75,30364.5,30365.75
1780368900,30381.5,30365.5,30373.5
1780369200,30383.5,30364,30366.25
1780369500,30372.25,30349.25,30353
1780369800,30355.5,30338,30346
1780370100,30355.5,30326.25,30329.5
1780370400,30334.5,30317.75,30331.25
1780370700,30341.25,30319.5,30325
1780371000,30337.5,30318,30321.5
1780371300,30348.5,30320.25,30340.25
1780371600,30346.5,30326,30344.25
1780371900,30359.5,30342.25,30358.75
1780372200,30363.75,30354.75,30359
1780372500,30366,30354,30363.25
1780372800,30372.5,30358.5,30369.25
1780373100,30391.5,30369.25,30386.75
1780373400,30389,30374.25,30376
1780373700,30384.25,30369.75,30373.25
1780374000,30392,30373.25,30386.25
1780374300,30412.75,30383,30405
1780374600,30407,30397,30401.25
1780374900,30406.75,30393,30406.25
1780375200,30414.5,30401.75,30411
1780375500,30432.75,30409,30427.25
1780375800,30438,30424.75,30432.25
1780376100,30444.75,30430,30443.75
1780376400,30450,30430.5,30434.5
1780376700,30454.25,30430,30452.5
1780377000,30468.75,30448.25,30467.5
1780377300,30468.5,30456.5,30463.75
1780377600,30470,30462,30469
1780377900,30475.25,30460.75,30471.25
1780378200,30487.75,30470.75,30486.25
1780378500,30493.5,30471.75,30475
1780378800,30483.25,30472.5,30482.5
1780379100,30484.5,30466.5,30471
1780379400,30473.5,30459,30463
1780379700,30479,30458.5,30476.5
1780380000,30487.5,30472.25,30481.5
1780380300,30493,30476,30478
1780380600,30485,30468.75,30482.75
1780380900,30497.75,30481.5,30490
1780381200,30502.75,30490.25,30496.75
1780381500,30497.25,30484,30487.5
1780381800,30489.25,30466.5,30486.25
1780382100,30509.5,30481,30501
1780382400,30506.75,30494.5,30496.25
1780382700,30513.75,30493.75,30509.75
1780383000,30509.75,30503,30507.25
1780383300,30516.25,30503.75,30514.5
1780383600,30528.25,30509,30525.25
1780383900,30542.25,30525,30539.5
1780384200,30544,30531,30535.75
1780384500,30537.5,30528.75,30532.75
1780384800,30547.5,30531.75,30542.25
1780385100,30543.75,30525,30531.5
1780385400,30535.25,30520.75,30526.25
1780385700,30540,30520.75,30525
1780386000,30534.5,30522,30529.75
1780386300,30530.5,30510.5,30515.75
1780386600,30532.75,30511.5,30528
1780386900,30531,30520.75,30529.5
1780387200,30568,30529.75,30565.25
1780387500,30566,30548.25,30559.25
1780387800,30570,30542.75,30556.25
1780388100,30568,30550.25,30552
1780388400,30558.5,30532.75,30542.5
1780388700,30552,30536.75,30546.25
1780389000,30565.5,30543.5,30557
1780389300,30565.75,30552.25,30559
1780389600,30566.25,30547.25,30547.75
1780389900,30563,30546.25,30559
1780390200,30564.5,30544,30550
1780390500,30552.75,30540.75,30549
1780390800,30549.75,30525.5,30528
1780391100,30547.75,30528,30547.75
1780391400,30549.25,30535.75,30539.5
1780391700,30553,30537.75,30548.25
1780392000,30549.25,30527.75,30536.75
1780392300,30539.5,30526.75,30535.25
1780392600,30549.25,30533.25,30546
1780392900,30549.5,30537.75,30549.25
1780393200,30582.25,30537,30577
1780393500,30585.25,30567.5,30579.75
1780393800,30587.75,30564.25,30567.5
1780394100,30576.75,30565.25,30565.5
1780394400,30566.5,30553.25,30560
1780394700,30567.5,30557.5,30563
1780395000,30572,30559,30560
1780395300,30567.5,30556,30564.25
1780395600,30566.75,30551.5,30564.75
1780395900,30566.25,30546.5,30554.25
1780396200,30558,30538.75,30539.25
1780396500,30546,30532,30543.5
1780396800,30544.5,30533.75,30536
1780397100,30539.5,30527.75,30532.5
1780397400,30544.25,30532.5,30541.5
1780397700,30542,30528.75,30529.25
1780398000,30532.75,30502.5,30507.75
1780398300,30535.75,30506.75,30535.75
1780398600,30548.75,30530.5,30544
1780398900,30548.25,30535.5,30541
1780399200,30541.25,30525.25,30528.75
1780399500,30550.5,30526,30548
1780399800,30574.25,30547.25,30566.75
1780400100,30569.75,30558.25,30565.5
1780400400,30566.75,30548.75,30551.25
1780400700,30554.25,30541.25,30547.25
1780401000,30554.75,30542.5,30549
1780401300,30550.5,30529.75,30531.25
1780401600,30541,30528.25,30540
1780401900,30543.25,30526.75,30541.5
1780402200,30545.75,30528.5,30530.5
1780402500,30538.75,30519.25,30526.75
1780402800,30557,30524,30556.5
1780403100,30560,30543.25,30548.75
1780403400,30551.5,30526,30534
1780403700,30543.25,30531.75,30541.75
1780404000,30560.5,30542.25,30555
1780404300,30556,30541.5,30548.25
1780404600,30554.75,30530.75,30535.25
1780404900,30539.75,30526.25,30529.5
1780405200,30536.5,30520,30527.5
1780405500,30533.5,30481,30492.75
1780405800,30508.25,30487,30492.75
1780406100,30518,30489,30511.5
1780406400,30545.25,30510.25,30543.75
1780406700,30559.25,30536,30556.5
1780407000,30567.5,30466.75,30476.5
1780407300,30491,30451.25,30464.5
1780407600,30505.75,30423.75,30503
1780407900,30551,30495.75,30550.25
1780408200,30583.75,30540.25,30559
1780408500,30604,30534.5,30604
1780408800,30611,30526.75,30605
1780409100,30624.25,30593.5,30612
1780409400,30647.25,30596.5,30633.75
1780409700,30636.5,30602.25,30626
1780410000,30640,30572,30578
1780410300,30587.75,30537.25,30560
1780410600,30607,30554.75,30595.75
1780410900,30613.75,30586,30605.25
1780411200,30625,30575.75,30623.5
1780411500,30625,30601.25,30618
1780411800,30634.75,30609.5,30628.75
1780412100,30643.25,30621,30642.5
1780412400,30649.25,30617.5,30626.5
1780412700,30657.5,30612,30653.75
1780413000,30666.25,30639,30666.25
1780413300,30674,30660,30670.25
1780413600,30677,30661.25,30670
1780413900,30676.75,30652.25,30665.75
1780414200,30674,30649.5,30672.5
1780414500,30686,30668.75,30676.75
1780414800,30682.5,30664.25,30668
1780415100,30681,30657.5,30668
1780415400,30690,30660.25,30685.75
1780415700,30698,30680,30689.5
1780416000,30694.75,30668,30676
1780416300,30712.5,30676,30703.25
1780416600,30708.25,30693.75,30700
1780416900,30700.5,30668.25,30674
1780417200,30679.5,30651.5,30672
1780417500,30674,30654.75,30658.25
1780417800,30675.25,30654,30657.25
1780418100,30659.5,30640.75,30646.25
1780418400,30657.5,30645.75,30647.25
1780418700,30674.75,30642,30672.5
1780419000,30687.5,30672.5,30678.25
1780419300,30695,30673,30691.5
1780419600,30703,30677.5,30699
1780419900,30702,30684.75,30691.75
1780420200,30699.25,30685.25,30695.5
1780420500,30696.25,30652.25,30653.25
1780420800,30665.75,30635.75,30645.75
1780421100,30648.75,30632,30643
1780421400,30650,30625,30626.25
1780421700,30630,30609,30612.5
1780422000,30640,30611,30635.75
1780422300,30649,30630.25,30645.75
1780422600,30650.25,30633.25,30641
1780422900,30641,30624.75,30627.75
1780423200,30632.25,30614.5,30621
1780423500,30648.25,30620.75,30643.75
1780423800,30668.5,30642.75,30647.5
1780424100,30648.5,30632.5,30634
1780424400,30641.75,30629.5,30635.25
1780424700,30645.25,30631.75,30637.25
1780425000,30654.75,30637.5,30639.25
1780425300,30639.5,30608.5,30609
1780425600,30622.25,30597.75,30617.5
1780425900,30634,30613,30629.5
1780426200,30633.75,30615,30625.25
1780426500,30641.25,30618.75,30638.25
1780426800,30668.5,30637.5,30667.5
1780427100,30671.5,30655.75,30666.75
1780427400,30682.5,30666,30672.5
1780427700,30678,30662.25,30670.5
1780428000,30686.75,30668.25,30683
1780428300,30685.5,30661,30664
1780428600,30680,30662.5,30675.25
1780428900,30684,30670.5,30671.25
1780429200,30686,30667.5,30681.75
1780429500,30705.75,30678,30702.25
1780429800,30713,30690,30699.5
1780430100,30720.5,30693,30707.25
1780430400,30736,30697.75,30733.25
1780430700,30763.5,30732.75,30743
1780431000,30754.75,30733.75,30738.25
1780431300,30759,30737,30757.5
1780431600,30762.25,30744.75,30747.25
1780431900,30748,30736.75,30737.75
1780432200,30744.75,30737,30740.5
1780432500,30747.25,30738.5,30740.75
1780432800,30743,30738,30742.25
1780433100,30746,30738.25,30744.25
1780433400,30750,30736,30740.25
1780433700,30749.5,30739.75,30743
1780437600,30743,30717,30718.25
1780437900,30740.5,30717.75,30734.5
1780438200,30753.5,30720.75,30729.75
1780438500,30734.5,30722.25,30729.75
1780438800,30739.25,30728.75,30734
1780439100,30743,30726.25,30740.25
1780439400,30757.25,30738.5,30749.75
1780439700,30750.25,30736,30742
1780440000,30745.75,30736,30737
1780440300,30740.75,30718.25,30727.25
1780440600,30729,30703,30711
1780440900,30716.75,30697.75,30704.5
1780441200,30709.5,30675.5,30675.75
1780441500,30689.5,30671,30671.75
1780441800,30682.75,30666.5,30675.75
1780442100,30678.5,30625.75,30629
1780442400,30630.25,30588,30593.5
1780442700,30614,30566.25,30611
1780443000,30624,30595,30606.25
1780443300,30648.75,30604,30646.75
1780443600,30689.25,30639.25,30681.25
1780443900,30689.25,30671,30677.5
1780444200,30701.5,30667.5,30697.5
1780444500,30714.25,30687,30707.25
1780444800,30718,30703.25,30711
1780445100,30715.5,30692.25,30698.25
1780445400,30700.75,30677,30678.75
1780445700,30697.75,30670.75,30695
1780446000,30703.25,30677.5,30680.25
1780446300,30693.75,30676.5,30691.5
1780446600,30704.5,30686.75,30699.25
1780446900,30710,30693.25,30705.25
1780447200,30714.5,30703.25,30714.5
1780447500,30720,30709,30712.5
1780447800,30726.25,30711.5,30719
1780448100,30723,30714.75,30720.25
1780448400,30724,30686,30690.5
1780448700,30697,30675,30684.5
1780449000,30689.5,30675,30675.5
1780449300,30687.25,30671.25,30684.5
1780449600,30685.75,30675.25,30679.5
1780449900,30688.75,30678.25,30685
1780450200,30700,30677.25,30696.5
1780450500,30699.75,30656.75,30671.25
1780450800,30675.75,30657,30667
1780451100,30669,30652,30666.5
1780451400,30683.5,30658.25,30677.5
1780451700,30685.25,30674,30683
1780452000,30692.5,30671.75,30684.75
1780452300,30688.5,30676.5,30683
1780452600,30691.5,30681.25,30690.25
1780452900,30695,30684.5,30686.75
1780453200,30688.25,30666.75,30668.25
1780453500,30694,30664.25,30679
1780453800,30685,30673.25,30678.25
1780454100,30686,30670.75,30683.75
1780454400,30689,30677.75,30680.25
1780454700,30680.25,30669.75,30673
1780455000,30677.5,30669,30672
1780455300,30681.25,30668.25,30679.25
1780455600,30681.5,30673,30678.75
1780455900,30682.25,30670.75,30676.25
1780456200,30688,30675.5,30687.75
1780456500,30688.5,30683,30686.5
1780456800,30706,30686.5,30700.75
1780457100,30701.25,30681,30684
1780457400,30696.5,30684.5,30695.75
1780457700,30697,30688.25,30688.75
1780458000,30701.5,30688,30697.75
1780458300,30699,30692,30692.25
1780458600,30704.25,30690.75,30703.5
1780458900,30710,30700.75,30705.75
1780459200,30719,30705.5,30717.75
1780459500,30723.25,30715.75,30722
1780459800,30730.5,30717.25,30724.5
1780460100,30727.75,30712.5,30717
1780460400,30722.25,30716,30720.25
1780460700,30724.75,30718.5,30722
1780461000,30729.75,30720.25,30728
1780461300,30730.75,30715.25,30720
1780461600,30724.75,30719.25,30723.25
1780461900,30724,30701.75,30708.25
1780462200,30713.25,30705.5,30708.75
1780462500,30710,30700.25,30702.25
1780462800,30703.25,30678.25,30697
1780463100,30710.5,30694.5,30709
1780463400,30718.75,30708.25,30714
1780463700,30716.5,30710,30714.75
1780464000,30721.5,30713,30720
1780464300,30723.25,30704,30707.5
1780464600,30708,30684,30695
1780464900,30703.75,30693.5,30702.75
1780465200,30710.5,30694,30695
1780465500,30699.25,30687.75,30693.5
1780465800,30695,30681.75,30693.5
1780466100,30696.25,30685,30689.25
1780466400,30713.25,30687.25,30712.75
1780466700,30712.75,30693.75,30695.25
1780467000,30694.75,30672.5,30683
1780467300,30684.25,30674.25,30682
1780467600,30693.75,30680.75,30693
1780467900,30696.25,30684.5,30691
1780468200,30695.25,30679.5,30686.25
1780468500,30711,30685,30708.5
1780468800,30718.75,30692.75,30705.75
1780469100,30708.25,30689.25,30693.25
1780469400,30701,30689.25,30691
1780469700,30698.75,30688.25,30698.75
1780470000,30702,30687.25,30698.25
1780470300,30719.75,30697.75,30717.25
1780470600,30740,30713.5,30729.75
1780470900,30738,30721,30730.5
1780471200,30730.75,30708,30712
1780471500,30718.5,30704.25,30707
1780471800,30719.75,30694.75,30699.5
1780472100,30709.5,30691.75,30699
1780472400,30705,30686.25,30703
1780472700,30710.75,30697,30705.75
1780473000,30721.25,30699.5,30717
1780473300,30723,30711.5,30722.5
1780473600,30726.25,30701,30726.25
1780473900,30733,30710.5,30727.25
1780474200,30751.5,30725,30734.5
1780474500,30742.25,30726.25,30732.75
1780474800,30733.5,30701.25,30708.75
1780475100,30740,30706.25,30738.25
1780475400,30741.5,30723.75,30734.25
1780475700,30735,30711.25,30714.25
1780476000,30722.25,30709,30716.75
1780476300,30726.25,30710.25,30718
1780476600,30722.25,30706.75,30713.25
1780476900,30718.5,30709.75,30717
1780477200,30721.25,30711.5,30719.5
1780477500,30747.5,30717.25,30747.25
1780477800,30750.75,30737.75,30742
1780478100,30757,30735,30749
1780478400,30768,30739.25,30740
1780478700,30772.25,30739,30766.5
1780479000,30769.75,30754,30755
1780479300,30764.25,30748.25,30761.75
1780479600,30765,30749.25,30764
1780479900,30764.25,30737,30747
1780480200,30758.25,30742.75,30744.75
1780480500,30756.5,30731,30734
1780480800,30737,30715.75,30717.75
1780481100,30785.5,30716.5,30760.75
1780481400,30766,30748,30759.25
1780481700,30759.75,30741,30746
1780482000,30755.5,30738.5,30753.5
1780482300,30764.5,30747.25,30763.75
1780482600,30783.5,30758,30772.5
1780482900,30773,30758.25,30765.5
1780483200,30766.25,30743.5,30744.5
1780483500,30757.75,30744.25,30754.25
1780483800,30758,30746,30754.75
1780484100,30764.5,30752.25,30754
1780484400,30779.25,30753,30776.5
1780484700,30781.75,30762,30767
1780485000,30781.5,30766.75,30774.25
1780485300,30776.75,30765.75,30775
1780485600,30778,30765,30772
1780485900,30785.75,30766.75,30776
1780486200,30794,30775.5,30780.75
1780486500,30785.5,30770.5,30781
1780486800,30781.75,30768.75,30773
1780487100,30776.25,30766.5,30772
1780487400,30782.25,30767,30778
1780487700,30790,30777,30780
1780488000,30797,30772.5,30793.5
1780488300,30797.5,30783.75,30790
1780488600,30797,30788,30791.25
1780488900,30791.75,30758.25,30765
1780489200,30775,30763.25,30767.75
1780489500,30769.25,30754,30754
1780489800,30755.5,30726,30731
1780490100,30736.5,30703.75,30708.25
1780490400,30729,30705.5,30726.75
1780490700,30733.75,30718.75,30728.25
1780491000,30734.75,30711.5,30714
1780491300,30720.75,30699.25,30717.5
1780491600,30732.5,30713,30730.5
1780491900,30738,30715.5,30736.25
1780492200,30742.25,30724.75,30730.5
1780492500,30745,30728.5,30743.5
1780492800,30756.5,30737.75,30753.75
1780493100,30769,30737.75,30754.25
1780493400,30807.75,30714,30714.25
1780493700,30735.5,30666.5,30734.5
1780494000,30737.25,30622.75,30625.5
1780494300,30649.25,30506.25,30523.75
1780494600,30625,30495.5,30572.5
1780494900,30601,30544.25,30558.5
1780495200,30644.25,30531.75,30621
1780495500,30650,30597.5,30635.75
1780495800,30688.25,30632,30687.25
1780496100,30706.25,30667,30678
1780496400,30712,30661,30676
1780496700,30724.75,30665,30722.75
1780497000,30728,30691.25,30705.75
1780497300,30718,30666.75,30711.25
1780497600,30739.5,30697,30701.25
1780497900,30722.75,30673.5,30680.75
1780498200,30699.25,30655.5,30684.5
1780498500,30687,30645,30667
1780498800,30708,30664.25,30694
1780499100,30698.5,30672,30684.25
1780499400,30715.75,30681,30692.75
1780499700,30698.75,30668.25,30681
1780500000,30693.75,30624,30635.5
1780500300,30672.5,30615,30668.75
1780500600,30692,30631.5,30639.5
1780500900,30665.5,30616,30622.5
1780501200,30628.5,30599.25,30602
1780501500,30614.5,30568,30604.5
1780501800,30631.75,30591.25,30610.25
1780502100,30624.5,30595.5,30604.5
1780502400,30622,30579.25,30604
1780502700,30613.5,30578.75,30592.25
1780503000,30623.25,30588.75,30611.75
1780503300,30612,30565.25,30590
1780503600,30598.75,30547.25,30549
1780503900,30557.75,30530.75,30552.75
1780504200,30578.75,30546,30564
1780504500,30563.75,30527.75,30535.25
1780504800,30548,30505.5,30530.5
1780505100,30578.25,30530,30571.25
1780505400,30592.5,30562.75,30571.5
1780505700,30607.5,30562,30607
1780506000,30609.25,30568.5,30569.75
1780506300,30597,30545.75,30579.75
1780506600,30584.75,30533.75,30543.75
1780506900,30551.75,30518.5,30530.25
1780507200,30562.5,30521.75,30560.5
1780507500,30575.5,30552.5,30573
1780507800,30592.25,30544,30590.5
1780508100,30603.5,30580.75,30591.25
1780508400,30615.75,30582,30613.25
1780508700,30624,30604.25,30619
1780509000,30637.5,30614.25,30637
1780509300,30647.25,30632.75,30642.75
1780509600,30654,30634,30651.25
1780509900,30652,30633,30639.25
1780510200,30645,30612.75,30625.75
1780510500,30639.5,30608,30639
1780510800,30660.25,30617,30660
1780511100,30680,30655.5,30677
1780511400,30682.5,30661.5,30662.5
1780511700,30664.5,30638,30646
1780512000,30655.75,30632,30651.5
1780512300,30668,30646.75,30650
1780512600,30662.5,30641,30652.75
1780512900,30657.25,30636.25,30651.75
1780513200,30652.25,30618,30635
1780513500,30659.5,30633.75,30639.5
1780513800,30645.5,30615.5,30636.25
1780514100,30660,30623,30640.25
1780514400,30644.5,30613.5,30621
1780514700,30638.5,30610.75,30635
1780515000,30650.5,30627,30648.75
1780515300,30683.5,30643.75,30676
1780515600,30692,30670,30683.75
1780515900,30694.75,30673,30686.5
1780516200,30693.5,30645.5,30647.75
1780516500,30660,30625,30635.75
1780516800,30639.5,30601,30617.5
1780517100,30618.25,30594.5,30609.25
1780517400,30625.75,30603.5,30607.25
1780517700,30612.75,30542,30574
1780518000,30601.25,30570.25,30583.75
1780518300,30587.25,30559.75,30564.25
1780518600,30566.75,30535,30545.25
1780518900,30559.5,30520,30534
1780519200,30533.25,30498,30501.25
1780519500,30525,30490.75,30492.75
1780519800,30497,30478.25,30490.75
1780520100,30505.75,30477.75,30494.25
1780524000,30500,30433.25,30472.5
1780524300,30479,30442.75,30477.5
1780524600,30480,30439.5,30456.25
1780524900,30459.5,30422.25,30425
1780525200,30447.25,30405.75,30428
1780525500,30462.25,30428.25,30437.75
1780525800,30470,30433.5,30461
1780526100,30463.25,30430.75,30441.5
1780526400,30450.75,30424,30439
1780526700,30445.25,30400.25,30416.5
1780527000,30420.5,30370,30401.5
1780527300,30471,30397,30458
1780527600,30463.75,30426,30438.25
1780527900,30438.25,30413.25,30415.25
1780528200,30432.5,30404.5,30426.75
1780528500,30431.5,30400,30408.75
1780528800,30418,30388,30395
1780529100,30416.75,30392.25,30405.5
1780529400,30423.25,30385.25,30390
1780529700,30397,30378,30386.75
1780530000,30403.75,30379.5,30387.5
1780530300,30396.5,30367.75,30385.25
1780530600,30421.75,30380.75,30420.75
1780530900,30421.25,30389.5,30394.75
1780531200,30450,30376.75,30438.25
1780531500,30454.75,30431.25,30440
1780531800,30451.5,30428.75,30434.75
1780532100,30462.75,30410.5,30444.5
1780532400,30454.25,30425.5,30438.5
1780532700,30458.25,30435.25,30455.5
1780533000,30497,30454,30492
1780533300,30501.75,30465.25,30476.25
1780533600,30496.5,30470.5,30496.5
1780533900,30497.75,30480.5,30487.75
1780534200,30503,30472.75,30501.25
1780534500,30502.75,30484.25,30499.25
1780534800,30510.25,30495.25,30504.75
1780535100,30519,30501.5,30518
1780535400,30531,30511.75,30516
1780535700,30516.5,30483,30487.5
1780536000,30501.75,30481.25,30483
1780536300,30496.5,30472,30490
1780536600,30525,30491.25,30514.5
1780536900,30523.25,30500,30503
1780537200,30504.5,30475,30483.5
1780537500,30488.5,30463.25,30481
1780537800,30483.25,30438.5,30443
1780538100,30456.75,30438,30453.75
1780538400,30456.75,30424,30427
1780538700,30447.25,30422,30422
1780539000,30424.5,30391.5,30394.25
1780539300,30395.75,30352.5,30379
1780539600,30406,30375.5,30396.5
1780539900,30424.5,30396.5,30414.75
1780540200,30417.25,30388,30398.75
1780540500,30411.25,30388,30403
1780540800,30418.25,30401.25,30410.25
1780541100,30439.25,30409.5,30434.75
1780541400,30442,30415.25,30420.5
1780541700,30423,30408.5,30412.75
1780542000,30435,30409.75,30433
1780542300,30443.75,30430,30440.75
1780542600,30453.25,30433.5,30439.25
1780542900,30460,30438,30457.25
1780543200,30458,30447.75,30453.25
1780543500,30470.5,30451,30469.75
1780543800,30487,30469.25,30483
1780544100,30484,30465.75,30476.5
1780544400,30477.75,30450.75,30454.75
1780544700,30460,30446.25,30455.5
1780545000,30471,30453.25,30460
1780545300,30484.75,30459.25,30480.25
1780545600,30484.25,30465.5,30475.25
1780545900,30481.5,30470.25,30472
1780546200,30497.25,30472,30497
1780546500,30500,30485,30493.25
1780546800,30502.5,30488.75,30498.5
1780547100,30500.25,30486.75,30489.5
1780547400,30507.75,30483,30499.75
1780547700,30506.75,30492,30498.5
1780548000,30505.25,30492.5,30504.5
1780548300,30508.5,30490.5,30495.5
1780548600,30502,30489.5,30498.75
1780548900,30502,30492.5,30497.75
1780549200,30500.5,30478,30482.75
1780549500,30493.25,30461.5,30461.75
1780549800,30475,30450,30474.25
1780550100,30483.75,30460.75,30473.5
1780550400,30473.75,30455,30458.5
1780550700,30466.5,30451.75,30461.5
1780551000,30483.25,30454,30477.75
1780551300,30486.75,30463.5,30476
1780551600,30493.25,30472.75,30492.25
1780551900,30492.75,30470.5,30472
1780552200,30478.75,30462.5,30467.75
1780552500,30487.5,30457.75,30483.75
1780552800,30498.25,30477.25,30489.75
1780553100,30497.5,30482.25,30493
1780553400,30501,30480.75,30484.5
1780553700,30489.25,30475.25,30476.5
1780554000,30482.75,30465,30466.75
1780554300,30490.25,30465.75,30489
1780554600,30494.5,30469.75,30485
1780554900,30503.5,30484.25,30501.75
1780555200,30520,30501,30519.25
1780555500,30519,30502.5,30510
1780555800,30534.25,30509.5,30528.25
1780556100,30533.75,30524,30530
1780556400,30544,30512.75,30540.5
1780556700,30546,30522.75,30526
1780557000,30543,30525,30532.75
1780557300,30535,30507.75,30513.5
1780557600,30518.25,30489.25,30512.75
1780557900,30520,30495.5,30518.25
1780558200,30533,30514.5,30524.5
1780558500,30529.5,30513.25,30515.5
1780558800,30519,30502.75,30504.25
1780559100,30515.5,30499.5,30511.25
1780559400,30512.75,30493.75,30503.75
1780559700,30503.5,30490,30499.5
1780560000,30501.5,30468.25,30471.25
1780560300,30479.25,30430.5,30443.5
1780560600,30448,30405,30405.25
1780560900,30424.5,30397.5,30399.25
1780561200,30401.75,30358,30383.25
1780561500,30385.75,30339.5,30372.5
1780561800,30402.5,30363.25,30385.25
1780562100,30400.75,30377.75,30391
1780562400,30395.75,30366,30367
1780562700,30377.5,30330.25,30334.75
1780563000,30344.75,30327,30331.25
1780563300,30359,30326.5,30343.75
1780563600,30346.5,30298.75,30308
1780563900,30322,30289.25,30313.5
1780564200,30318.75,30257.5,30259.25
1780564500,30274.75,30245.5,30264.75
1780564800,30304.5,30264,30290.25
1780565100,30312.25,30287.5,30304
1780565400,30328,30291.5,30324.75
1780565700,30332.25,30304.5,30307.25
1780566000,30312.25,30294,30298
1780566300,30333.75,30294.5,30329.25
1780566600,30346.5,30314,30345.5
1780566900,30349,30328.5,30336.5
1780567200,30338.5,30311.25,30323.25
1780567500,30324.25,30307.25,30312.25
1780567800,30318.75,30298,30307.25
1780568100,30310.25,30278.25,30280.5
1780568400,30304.25,30277.25,30304
1780568700,30306.75,30268.5,30272
1780569000,30291.5,30267.5,30271
1780569300,30277.25,30259.25,30264.75
1780569600,30273.5,30247,30254.5
1780569900,30275.5,30247,30255.5
1780570200,30256.75,30212.25,30240.75
1780570500,30245,30204,30244.5
1780570800,30265,30235,30261
1780571100,30262.75,30231.75,30243.5
1780571400,30259.75,30233,30246
1780571700,30276.75,30242.25,30260
1780572000,30270,30227.5,30258.25
1780572300,30279.75,30247,30270.75
1780572600,30288.5,30234.25,30238.25
1780572900,30238,30163,30208.25
1780573200,30209.5,30177.75,30196.5
1780573500,30234.75,30191.5,30233.5
1780573800,30266.5,30230,30262.25
1780574100,30282.5,30249,30279.25
1780574400,30285,30245.5,30250
1780574700,30286.25,30241.75,30264.5
1780575000,30274,30224.5,30237.5
1780575300,30253.75,30227,30234.25
1780575600,30251.25,30223.25,30237.5
1780575900,30250.5,30226,30246.25
1780576200,30282.25,30244.25,30266
1780576500,30300.75,30256.75,30281.75
1780576800,30312.75,30274,30309
1780577100,30327.75,30289.25,30324.25
1780577400,30330,30305.5,30315.25
1780577700,30321.75,30297,30310.25
1780578000,30317,30288,30295.25
1780578300,30314.5,30291,30305.5
1780578600,30311.25,30295.25,30301.5
1780578900,30329.25,30298.5,30325
1780579200,30331,30312,30322.25
1780579500,30323,30265,30268.25
1780579800,30353.75,30210,30343.25
1780580100,30364.5,30305,30332
1780580400,30341.5,30220.5,30226.5
1780580700,30284.25,30187.5,30248.5
1780581000,30316.5,30220,30245.75
1780581300,30305.5,30232.25,30248
1780581600,30273.75,30194,30198
1780581900,30209,30152.25,30185.75
1780582200,30282.75,30181.25,30279.25
1780582500,30306.5,30262.5,30263.25
1780582800,30324.5,30251.25,30323.75
1780583100,30348.25,30308.75,30341.25
1780583400,30348,30300,30326.5
1780583700,30335.25,30293.75,30311.75
1780584000,30339.25,30299.25,30300.25
1780584300,30334.25,30286.75,30315.5
1780584600,30330,30297.75,30320.25
1780584900,30359.5,30317.25,30356.75
1780585200,30382,30354,30369.75
1780585500,30437.75,30368.75,30429.75
1780585800,30453,30418,30450.5
1780586100,30469,30442.5,30462.5
1780586400,30467.75,30431.75,30461.25
1780586700,30461.75,30437.75,30441.75
1780587000,30448,30426.25,30440.25
1780587300,30448.5,30425.25,30443.25
1780587600,30447.75,30411.25,30419
1780587900,30423.25,30366.5,30373.5
1780588200,30408.25,30362,30399
1780588500,30422,30384.75,30413
1780588800,30429.5,30393.5,30422
1780589100,30449.5,30412.25,30440.25
1780589400,30452,30431.25,30440.25
1780589700,30462.75,30439.75,30458
1780590000,30486.25,30451.5,30481.5
1780590300,30484.75,30466.25,30480
1780590600,30480.25,30436.25,30449.75
1780590900,30476.25,30443.25,30471.25
1780591200,30489.5,30462,30482.75
1780591500,30486,30465.5,30474.25
1780591800,30493.75,30472.25,30484.5
1780592100,30490.75,30477,30478.75
1780592400,30486.25,30466.5,30474.75
1780592700,30496.5,30463.75,30495.5
1780593000,30502.25,30484,30494
1780593300,30497.25,30474.25,30488.75
1780593600,30496.25,30476,30492.5
1780593900,30518.25,30491.5,30514.5
1780594200,30539.75,30511,30531.75
1780594500,30536.25,30514,30515
1780594800,30541.25,30511.25,30539.75
1780595100,30544.5,30525.75,30543.5
1780595400,30555.5,30539.75,30548.75
1780595700,30563.75,30543,30559.5
1780596000,30580.75,30555.25,30578.25
1780596300,30594.75,30578.25,30587.25
1780596600,30598.5,30579.25,30592
1780596900,30595.75,30573.75,30591
1780597200,30594.5,30576.25,30580
1780597500,30595.75,30578.5,30586.25
1780597800,30591,30562,30579
1780598100,30581,30562.5,30570.75
1780598400,30575.5,30557.5,30572.75
1780598700,30588.75,30564.75,30588.25
1780599000,30594.5,30579,30580.5
1780599300,30582.5,30550,30557.5
1780599600,30574,30554.5,30571.25
1780599900,30589,30569.25,30571
1780600200,30574.5,30546,30555.5
1780600500,30556.75,30530.75,30535.25
1780600800,30571.5,30534.75,30569
1780601100,30596,30565.75,30594.75
1780601400,30603.25,30578.25,30588.25
1780601700,30597.75,30577,30586.5
1780602000,30589,30546.25,30548.25
1780602300,30551.5,30525.5,30538.25
1780602600,30547.5,30510,30518.5
1780602900,30518.75,30481,30485.25
1780603200,30495.5,30460,30464
1780603500,30470.75,30444.5,30462.75
1780603800,30464.5,30439,30451.75
1780604100,30463.25,30435.5,30438.25
1780604400,30441,30425,30434.75
1780604700,30436,30401.75,30413.5
1780605000,30424,30407.5,30413.5
1780605300,30420.5,30402.25,30413.75
1780605600,30423.75,30407.25,30411.25
1780605900,30416.75,30397,30400.25
1780606200,30419,30398.25,30409.75
1780606500,30420.25,30399,30400.25
1780610400,30423,30385.5,30387.5
1780610700,30398.75,30379.25,30394.25
1780611000,30395.5,30366.75,30370.5
1780611300,30375.25,30359.75,30372.25
1780611600,30383.25,30333.75,30342
1780611900,30348,30316.25,30342.25
1780612200,30357.75,30334,30335.25
1780612500,30356.5,30329.25,30345
1780612800,30355.75,30336,30336.75
1780613100,30360.25,30333.5,30351.5
1780613400,30360.75,30350,30360.5
1780613700,30369,30356.5,30366.25
1780614000,30371.5,30349.75,30358.75
1780614300,30364.75,30341.5,30345.75
1780614600,30350.75,30320.5,30328
1780614900,30331.25,30306.75,30309
1780615200,30311.75,30289,30299.25
1780615500,30320.75,30295.25,30309.5
1780615800,30312.25,30291.75,30300
1780616100,30307.75,30281.75,30293.75
1780616400,30295.75,30277.5,30281.5
1780616700,30283.25,30254.5,30267
1780617000,30285.75,30265,30279.75
1780617300,30281.75,30261,30264.25
1780617600,30264.5,30229.25,30240.75
1780617900,30251,30217,30227.25
1780618200,30234,30198.75,30199.5
1780618500,30221.25,30191.25,30199.25
1780618800,30217.25,30176.75,30183.5
1780619100,30197.5,30170,30193.75
1780619400,30213,30177.75,30196.5
1780619700,30208,30161,30171
1780620000,30188.75,30166,30167.25
1780620300,30185,30145.25,30162.25
1780620600,30167.25,30131.25,30153.5
1780620900,30158.5,30135.5,30143
1780621200,30153,30120.5,30140.5
1780621500,30154,30122.25,30126.25
1780621800,30134.25,30111,30124.75
1780622100,30130.25,30106,30127
1780622400,30128.75,30085,30094.5
1780622700,30097.25,30052.25,30085.25
1780623000,30121,30084,30116
1780623300,30138.25,30113.25,30126.5
1780623600,30152.25,30121,30147
1780623900,30158.25,30140.5,30140.5
1780624200,30174.25,30118.75,30169.75
1780624500,30196.75,30169.25,30195.5
1780624800,30209.5,30171.25,30201.75
1780625100,30203.25,30187.25,30196.75
1780625400,30219,30194,30211.5
1780625700,30230,30198.5,30206
1780626000,30232.25,30205,30229.75
1780626300,30242,30225.5,30234
1780626600,30242.5,30221.75,30234
1780626900,30249,30231,30233
1780627200,30235,30207,30221.25
1780627500,30226,30207.75,30212
1780627800,30236.75,30208.75,30216.25
1780628100,30227.5,30210,30213.5
1780628400,30219.25,30201.5,30209.25
1780628700,30210.25,30183.25,30202
1780629000,30223.75,30199.25,30210.5
1780629300,30229.25,30206,30212.25
1780629600,30215.5,30197,30214.5
1780629900,30221.75,30186.5,30188.25
1780630200,30207.75,30178,30192
1780630500,30193.25,30177,30187.25
1780630800,30197,30178.75,30182.25
1780631100,30186.25,30162.75,30165.25
1780631400,30173.75,30144.25,30153.25
1780631700,30180.75,30154,30163
1780632000,30174.75,30156.75,30167
1780632300,30189.75,30165.5,30184.5
1780632600,30186.75,30168.5,30184.5
1780632900,30198,30175,30175.5
1780633200,30190.25,30174,30184.25
1780633500,30204.5,30175.25,30177.25
1780633800,30182.25,30167.75,30176.25
1780634100,30199,30172.75,30197
1780634400,30211.75,30186,30201.25
1780634700,30217.75,30195.75,30215.25
1780635000,30237.75,30215.25,30235
1780635300,30242.75,30229,30229.5
1780635600,30233.25,30211,30214
1780635900,30221,30198,30204.75
1780636200,30211.25,30194.25,30197.5
1780636500,30213.25,30189.75,30210
1780636800,30228,30204.75,30225.25
1780637100,30225.75,30196.5,30200.25
1780637400,30222.25,30197.5,30210.75
1780637700,30224.25,30209.5,30213.25
1780638000,30220.25,30193.5,30195.25
1780638300,30196.5,30181.5,30186.5
1780638600,30189.75,30162.25,30166.25
1780638900,30180.5,30165.25,30170
1780639200,30194.25,30167.25,30191.75
1780639500,30214,30190.5,30200.75
1780639800,30202.5,30170.25,30170.75
1780640100,30175,30147.75,30153
1780640400,30154.25,30131.25,30138.5
1780640700,30159.5,30134,30143
1780641000,30154.5,30139.25,30143.25
1780641300,30157.25,30122.75,30128.5
1780641600,30136.75,30114.5,30118.75
1780641900,30135.75,30112.5,30125.75
1780642200,30145,30121.75,30138.75
1780642500,30140,30117,30123.5
1780642800,30127.5,30094,30106.5
1780643100,30110.25,30089.75,30092.25
1780643400,30105.75,30075,30080.75
1780643700,30095.75,30075,30083.75
1780644000,30108,30062,30096.75
1780644300,30112.25,30093.5,30106.75
1780644600,30138.25,30101.5,30138.25
1780644900,30159.25,30130.25,30132
1780645200,30141.75,30121,30125.75
1780645500,30139.25,30124.25,30137.5
1780645800,30156.75,30129.25,30137.5
1780646100,30153.25,30133,30150.75
1780646400,30164,30120,30121.75
1780646700,30146,30118.5,30143.5
1780647000,30155,30134,30141.75
1780647300,30157,30126.5,30154.25
1780647600,30196,30146.5,30184.75
1780647900,30218.25,30179.75,30217.75
1780648200,30222.75,30199.75,30203.75
1780648500,30212,30187.75,30189.5
1780648800,30193.75,30167,30168.5
1780649100,30183.25,30165.5,30180.25
1780649400,30182.5,30155,30168.5
1780649700,30168.5,30147.5,30159.75
1780650000,30171.25,30154,30164.25
1780650300,30178.25,30151,30155
1780650600,30260,30153.25,30220.5
1780650900,30236.5,30204.75,30210
1780651200,30211.75,30193.25,30194.25
1780651500,30203.5,30175.75,30182.5
1780651800,30196.75,30176.25,30181.25
1780652100,30190.5,30173,30181.75
1780652400,30188.25,30174.5,30181
1780652700,30202.75,30181,30195.75
1780653000,30213.25,30193.75,30205.75
1780653300,30207.5,30191.75,30198.5
1780653600,30206.5,30192,30203
1780653900,30209,30192.75,30206.5
1780654200,30210.5,30198,30208
1780654500,30210.25,30200.5,30209.75
1780654800,30230.5,30206.5,30224.25
1780655100,30236,30218.5,30231.75
1780655400,30236.5,30219.75,30234.25
1780655700,30234.75,30213,30220.25
1780656000,30228.25,30212.5,30226
1780656300,30227.5,30216.25,30217.25
1780656600,30219.5,30200.5,30202.75
1780656900,30206.5,30191,30194.75
1780657200,30197.25,30180,30190
1780657500,30195.5,30171.25,30180
1780657800,30195,30179.25,30183.75
1780658100,30186.25,30156.75,30166.25
1780658400,30179.5,30135,30144.25
1780658700,30185.5,30144,30184.75
1780659000,30194.75,30177.5,30189.25
1780659300,30191,30167.75,30170.25
1780659600,30184,30169.75,30178
1780659900,30180.25,30162.5,30168.25
1780660200,30169.75,30156.75,30162.75
1780660500,30164,30144.5,30147.75
1780660800,30149.5,30122.5,30124.5
1780661100,30135.5,30121,30127.25
1780661400,30130.5,30107,30112.25
1780661700,30157,30108.25,30152.75
1780662000,30156.75,30135.75,30146.5
1780662300,30148,30102.25,30130.75
1780662600,30168.5,30055.25,30061.5
1780662900,30094,30042.25,30085.75
1780663200,30127.75,30083.75,30121.75
1780663500,30135.75,30116.25,30125.25
1780663800,30126.75,30066.5,30070.25
1780664100,30078.25,30052.5,30054.5
1780664400,30072,30045.75,30062
1780664700,30064,30030.75,30058.25
1780665000,30067.25,30036,30039
1780665300,30051.75,30025.25,30035.5
1780665600,30043.5,30020.5,30031.75
1780665900,30045.5,30012.75,30036
1780666200,30100.75,29998.5,30044
1780666500,30046.5,29967.25,30003.75
1780666800,30009.5,29928.5,29931.75
1780667100,29955.5,29851.25,29858
1780667400,29903.25,29845.5,29893
1780667700,29897.5,29770.5,29773.75
1780668000,29830.5,29758,29785.75
1780668300,29858.75,29762,29852
1780668600,29871,29800.25,29870.75
1780668900,29941.5,29867.25,29940
1780669200,29942,29861.75,29872
1780669500,29874,29801,29825.5
1780669800,29901.25,29814.5,29901
1780670100,29928.25,29878.25,29884.5
1780670400,29890.5,29824.5,29843.25
1780670700,29871.25,29805.25,29827.25
1780671000,29855.75,29815,29834.75
1780671300,29873.75,29817.75,29853.25
1780671600,29869.75,29790.25,29814
1780671900,29823,29766.5,29777
1780672200,29797.5,29726.75,29728.25
1780672500,29761,29722.5,29755.5
1780672800,29765,29695.5,29711.25
1780673100,29730.5,29701.25,29717
1780673400,29739.5,29688,29690.25
1780673700,29707,29637.5,29646.25
1780674000,29670.5,29615.75,29645.5
1780674300,29682.25,29628.75,29649
1780674600,29675,29641.75,29669.75
1780674900,29675,29643,29658.75
1780675200,29660.25,29608.5,29618.5
1780675500,29618.25,29570,29577.5
1780675800,29620,29565,29593.75
1780676100,29593.5,29538.5,29545.5
1780676400,29581.75,29535,29569.25
1780676700,29589.75,29541.25,29544
1780677000,29549,29486.25,29508.25
1780677300,29519.25,29469,29490
1780677600,29500.25,29417.75,29434
1780677900,29447,29384,29445.5
1780678200,29507.75,29414,29504.25
1780678500,29506,29456.5,29489.75
1780678800,29492.5,29420.25,29449.5
1780679100,29451.75,29404,29423
1780679400,29430.75,29376.25,29409.5
1780679700,29414.25,29366.5,29398
1780680000,29449.25,29361,29441.25
1780680300,29444,29401.25,29440
1780680600,29459.5,29411.75,29459.25
1780680900,29491.5,29456.5,29487.75
1780681200,29505.25,29405,29417.5
1780681500,29447.5,29407.5,29426
1780681800,29449.5,29420.25,29446.75
1780682100,29474,29433.75,29471
1780682400,29477,29394.75,29396.5
1780682700,29415.5,29380,29381.25
1780683000,29395,29311,29317
1780683300,29319.75,29265,29271.5
1780683600,29295,29261.25,29271
1780683900,29272.25,29225,29244.5
1780684200,29256.5,29209.25,29225.75
1780684500,29230.5,29186,29207.75
1780684800,29212,29150.5,29182.25
1780685100,29183,29100.25,29158.5
1780685400,29175.25,29113,29151.75
1780685700,29215.75,29135.25,29191.25
1780686000,29211.25,29140.5,29201.25
1780686300,29203.75,29097.5,29123.5
1780686600,29130,29049.25,29071.5
1780686900,29071.5,28973.75,29014.5
1780687200,29061.5,28992.75,29061.25
1780687500,29156.25,29058.75,29154.5
1780687800,29158,29069.25,29113.5
1780688100,29157.5,29094.75,29148.75
1780688400,29153,29050.25,29095.75
1780688700,29165.75,29084.5,29147.25
1780689000,29194.75,29115.75,29129.25
1780689300,29129,29005.5,29016.25
1780689600,29042.25,28884.75,28903.25
1780689900,28925.5,28854.5,28906.25
1780690200,28906.5,28817.25,28831.75
1780690500,28861.5,28800,28813.5
1780690800,28852.75,28813,28844.25
1780691100,28876.25,28838.25,28866.25
1780691400,28866.5,28796.5,28810.5
1780691700,28831,28788.25,28824.25
1780692000,28824.75,28801,28818.25
1780692300,28823.5,28778.5,28812.5
1780692600,28860.5,28808.75,28850.5
1780692900,28852,28826.75,28828.25
1780869600,28953.75,28821,28929.5
1780869900,28939.5,28872,28901
1780870200,28997.75,28890.75,28995
1780870500,29011.5,28953.75,28991
1780870800,29025,28982.25,28985.5
1780871100,28995.5,28955.5,28968
1780871400,29000,28942,28993
1780871700,29018.5,28980.25,28998.75
1780872000,29009,28960.5,28974
1780872300,29001.5,28944.75,28970.5
1780872600,28994.5,28961,28969.5
1780872900,28972.25,28871.75,28893.5
1780873200,28979.75,28890.75,28977.75
1780873500,29002,28956.25,28986.5
1780873800,29001,28966.5,28993.75
1780874100,28995,28951.5,28972.75
1780874400,28987.25,28936.5,28951.5
1780874700,28990,28941.75,28978.25
1780875000,29008.25,28969.5,28989.25
1780875300,28995.25,28962.5,28973.75
1780875600,29029.75,28973,29025
1780875900,29093.5,29014.75,29073.75
1780876200,29087.75,29058.25,29061.75
1780876500,29103.75,29060.75,29085.5
1780876800,29141,29059.5,29139.25
1780877100,29142,29097.25,29137.5
1780877400,29147.5,29107.25,29146.5
1780877700,29192,29135,29174.5
1780878000,29201.25,29173.5,29188.5
1780878300,29226.75,29183.5,29223
1780878600,29244.75,29213.25,29218.25
1780878900,29283,29217.5,29278.5
1780879200,29288.25,29247.5,29253.25
1780879500,29254.75,29213.5,29239.5
1780879800,29242,29198.25,29200
1780880100,29220.5,29163,29217
1780880400,29235.75,29197.25,29216.75
1780880700,29236.5,29191.25,29214
1780881000,29219.5,29148.25,29150.25
1780881300,29162.75,29073,29112.75
1780881600,29157.25,29093.25,29121
1780881900,29129.5,29070.5,29075
1780882200,29170.5,29024.5,29110
1780882500,29114.25,29071.5,29096
1780882800,29163,29094.25,29159
1780883100,29182.5,29127.75,29144
1780883400,29170,29117.75,29139.5
1780883700,29170.25,29132,29158.25
1780884000,29181.75,29140.5,29154.5
1780884300,29166.25,29111.75,29124.75
1780884600,29157.25,29111,29151.5
1780884900,29152.75,29103.5,29111.5
1780885200,29152,29102.25,29148.25
1780885500,29178.5,29139.25,29173.75
1780885800,29188.5,29129.5,29167.75
1780886100,29204,29146.75,29199.75
1780886400,29229.5,29186.5,29228.25
1780886700,29244.5,29217.75,29236.25
1780887000,29240,29203.75,29214.5
1780887300,29239.75,29206.75,29210.25
1780887600,29232.5,29197.75,29202
1780887900,29230.5,29194.25,29225
1780888200,29228.75,29198.25,29207
1780888500,29215,29175.25,29186
1780888800,29218.5,29176.5,29217.25
1780889100,29223,29205.5,29216.75
1780889400,29233,29212.5,29216.5
1780889700,29227,29209.5,29218.75
1780890000,29231,29206.5,29212.5
1780890300,29222,29203.5,29205
1780890600,29225.5,29198.25,29216
1780890900,29218.75,29200,29211.5
1780891200,29223.25,29176,29185.5
1780891500,29192.5,29160,29183
1780891800,29190.25,29166.25,29178
1780892100,29201,29158.5,29160
1780892400,29172.5,29146,29153.75
1780892700,29175.25,29151.25,29169.75
1780893000,29178.75,29141.5,29151.75
1780893300,29156,29126.25,29131.5
1780893600,29137.25,29097.75,29100.25
1780893900,29134.75,29098.25,29118
1780894200,29141,29115.25,29122
1780894500,29124.75,29088,29090.5
1780894800,29142.25,29089.25,29137.25
1780895100,29139.25,29101.25,29112.25
1780895400,29116,29062.5,29064.5
1780895700,29099,29060.75,29087
1780896000,29097.25,29075.75,29083.5
1780896300,29101.25,29063.5,29091.25
1780896600,29098.25,29042.75,29046
1780896900,29048.5,28998,29022
1780897200,29028.75,28979.5,28988.25
1780897500,28999.5,28972.5,28982.25
1780897800,29020,28980,29001.25
1780898100,29024.5,28990.25,29016.5
1780898400,29071.5,29000.5,29049.25
1780898700,29059.25,29026.5,29041
1780899000,29047.75,29025.75,29030
1780899300,29047,29010.75,29042.5
1780899600,29075.75,29041.5,29073
1780899900,29135.5,29051.5,29129.75
1780900200,29150.75,29101,29102.5
1780900500,29109.75,29072.75,29078.75
1780900800,29105.25,29067.5,29097.5
1780901100,29098.5,29057.25,29063.5
1780901400,29098.5,29048.5,29098
1780901700,29104,29080.75,29101
1780902000,29124.5,29082.25,29104.5
1780902300,29132.5,29089.25,29126.5
1780902600,29157,29121,29142.75
1780902900,29171,29115.5,29164
1780903200,29219.25,29162.5,29214.25
1780903500,29240,29205,29227.75
1780903800,29239.75,29211,29216
1780904100,29231.25,29182.75,29220
1780904400,29228,29207,29224.75
1780904700,29270.5,29215.75,29262.5
1780905000,29280.5,29252,29257.5
1780905300,29278.25,29254.75,29256.25
1780905600,29256.75,29200.75,29225.75
1780905900,29253.75,29212.25,29246
1780906200,29250,29210,29212.25
1780906500,29248.5,29205.75,29239.5
1780906800,29241.75,29202.25,29219.25
1780907100,29232.25,29207.5,29224.5
1780907400,29266.75,29217,29266.25
1780907700,29267.25,29210.5,29213
1780908000,29220,29188.25,29206.25
1780908300,29207.5,29158.5,29197
1780908600,29203,29159.25,29162.5
1780908900,29184.25,29157.25,29177
1780909200,29198.25,29176.75,29190
1780909500,29192.5,29147.5,29150.75
1780909800,29188.75,29143,29187.5
1780910100,29204.25,29181.25,29195.75
1780910400,29223.5,29195.25,29202.5
1780910700,29210.5,29189.25,29192.75
1780911000,29196.5,29171.75,29172.5
1780911300,29251.75,29163,29196.25
1780911600,29225.25,29185,29218.75
1780911900,29234.25,29213.25,29228
1780912200,29234,29211.5,29228.25
1780912500,29239.5,29223.25,29239.25
1780912800,29241.25,29183,29214.5
1780913100,29235,29210.5,29223
1780913400,29233,29214,29221.75
1780913700,29227.75,29192,29192.5
1780914000,29201.75,29174.75,29188.5
1780914300,29199.25,29175.75,29193
1780914600,29273.75,29188.75,29253.75
1780914900,29259,29233.25,29237.75
1780915200,29254.5,29233.25,29245.75
1780915500,29251.5,29227,29237
1780915800,29256,29222.75,29250.5
1780916100,29254.25,29228.5,29241.75
1780916400,29242.25,29213.5,29238.25
1780916700,29268.5,29224.75,29268.25
1780917000,29365,29265,29361.5
1780917300,29385,29340.25,29376
1780917600,29408.5,29366.25,29375.25
1780917900,29410.25,29370.75,29408.25
1780918200,29432.5,29407.75,29418.25
1780918500,29436.75,29412.5,29431.5
1780918800,29437.5,29408,29411
1780919100,29419.5,29376,29387.5
1780919400,29396.5,29375.25,29377.25
1780919700,29394.25,29369.25,29374.75
1780920000,29403.5,29363,29386.5
1780920300,29415.5,29377,29415
1780920600,29416.5,29387.25,29413.75
1780920900,29422.75,29401.5,29418
1780921200,29439.5,29412,29436.5
1780921500,29458,29436.5,29456.75
1780921800,29488,29456,29467
1780922100,29486.75,29461,29470.5
1780922400,29511.5,29465,29493.5
1780922700,29496,29474.5,29488.5
1780923000,29493,29460,29482.75
1780923300,29489.25,29470.75,29486
1780923600,29535.75,29483.75,29530
1780923900,29571.75,29521.25,29566
1780924200,29581.25,29552.5,29575
1780924500,29586.5,29551,29565.75
1780924800,29604.25,29559.75,29574.75
1780925100,29585.75,29523.25,29526.75
1780925400,29584.5,29415,29418.25
1780925700,29499.75,29397.25,29426.5
1780926000,29556.5,29424.25,29516.25
1780926300,29554.25,29444.25,29476
1780926600,29548.75,29434,29501.5
1780926900,29504.5,29341.5,29350
1780927200,29432.5,29331.25,29362.5
1780927500,29466.75,29348.5,29454.75
1780927800,29472.5,29413,29440.75
1780928100,29443.25,29374,29417.75
1780928400,29481,29386.25,29465.25
1780928700,29531.5,29455,29517.25
1780929000,29551,29504.75,29548.5
1780929300,29602.5,29536.5,29587.25
1780929600,29602.5,29527.5,29549.25
1780929900,29649.75,29549,29611.25
1780930200,29660.75,29600.5,29639.5
1780930500,29680.5,29612.5,29676
1780930800,29706.75,29664.5,29695.5
1780931100,29725.5,29690.25,29725.5
1780931400,29734.25,29710.25,29715.75
1780931700,29740.5,29702.75,29732
1780932000,29743,29689.5,29724.75
1780932300,29724.75,29622.5,29630
1780932600,29637.5,29558,29574.5
1780932900,29661.5,29568.5,29653.5
1780933200,29685.5,29635,29685.25
1780933500,29711,29643,29647.5
1780933800,29692.5,29644.25,29655.5
1780934100,29654.75,29594.25,29610.5
1780934400,29649.75,29580,29632.5
1780934700,29648.25,29604.75,29616.75
1780935000,29651.25,29595.5,29635.5
1780935300,29679.25,29633.5,29679.25
1780935600,29693,29625.5,29636
1780935900,29659,29581.75,29586.25
1780936200,29617,29573.75,29577.75
1780936500,29604.75,29555,29562.25
1780936800,29596.25,29553.25,29586.75
1780937100,29631,29578.25,29606.5
1780937400,29620.25,29591.25,29605
1780937700,29612,29578,29580.75
1780938000,29584.25,29492.75,29518.25
1780938300,29556.5,29508,29524.5
1780938600,29532.5,29486,29531.25
1780938900,29545.5,29492.25,29505.25
1780939200,29533.75,29493,29515.5
1780939500,29605.25,29509.25,29602
1780939800,29624.75,29546.75,29580.5
1780940100,29587.75,29529.75,29561.75
1780940400,29567.75,29509.25,29512
1780940700,29574,29511.25,29573
1780941000,29598.75,29556.75,29584
1780941300,29590.25,29545.5,29558.25
1780941600,29596,29558.5,29577.75
1780941900,29611.5,29575.75,29596
1780942200,29609.5,29555.25,29564.25
1780942500,29593,29562.25,29578.75
1780942800,29592.25,29557.75,29582.5
1780943100,29598.75,29571.25,29591
1780943400,29618,29588.75,29593.25
1780943700,29610,29545,29551
1780944000,29560.5,29527.75,29531.25
1780944300,29572,29530.5,29549
1780944600,29567.75,29541,29559.25
1780944900,29569.25,29537.75,29542
1780945200,29548.25,29512.75,29529.5
1780945500,29544.75,29480,29480
1780945800,29481.5,29427.5,29429
1780946100,29442.75,29411,29425
1780946400,29451.75,29386.5,29389
1780946700,29437.5,29377,29437.25
1780947000,29493.75,29430.5,29457.75
1780947300,29477,29430,29447
1780947600,29461.25,29420.75,29437
1780947900,29469.25,29425.5,29429.25
1780948200,29475,29419,29452.25
1780948500,29468,29436.25,29452.5
1780948800,29467.5,29427,29462.5
1780949100,29470.25,29440.75,29453.5
1780949400,29462,29438.5,29444
1780949700,29450.5,29421.5,29422.25
1780950000,29424,29400.25,29422
1780950300,29438.25,29403.5,29432
1780950600,29434.5,29419.5,29431
1780950900,29434.25,29420.5,29429.5
1780951200,29437.75,29425.25,29429.25
1780951500,29432,29416.75,29430
1780951800,29449,29424.5,29444
1780952100,29445,29432.5,29436.75
1780956000,29468.5,29403,29404.75
1780956300,29421,29359.5,29384.5
1780956600,29391,29348.5,29358.75
1780956900,29362.75,29320.25,29338.5
1780957200,29364.75,29338.5,29359.25
1780957500,29370.5,29323.25,29328.25
1780957800,29365.5,29327,29362
1780958100,29375.25,29355.75,29367
1780958400,29377.75,29362.5,29369
1780958700,29387.5,29357,29385.75
1780959000,29392,29377.5,29390.5
1780959300,29432.5,29389.25,29425.75
1780959600,29430.25,29404.25,29414.5
1780959900,29428.5,29403.75,29419.75
1780960200,29463.5,29414.5,29453.75
1780960500,29459.25,29422.75,29432.75
1780960800,29453.75,29428.5,29446
1780961100,29453.75,29429.25,29433.25
1780961400,29454,29377.25,29435.75
1780961700,29478.5,29435.5,29478
1780962000,29482.25,29442.25,29443
1780962300,29445.5,29406,29413
1780962600,29421.75,29391.75,29399
1780962900,29428.5,29384.5,29424.5
1780963200,29443,29368,29380.25
1780963500,29395,29341.5,29346.5
1780963800,29391,29346,29360.25
1780964100,29385.75,29346.75,29351.25
1780964400,29363.5,29329.25,29341.5
1780964700,29370.25,29332.25,29368.75
1780965000,29378.25,29308.25,29327.75
1780965300,29336,29307.5,29318.75
1780965600,29348.75,29317.25,29347
1780965900,29355.25,29324.5,29343
1780966200,29357.75,29310.25,29320.25
1780966500,29347.75,29302.5,29337.75
1780966800,29371.75,29337,29340.5
1780967100,29370.25,29329.5,29342
1780967400,29386,29336.5,29370.75
1780967700,29394.75,29363.75,29381.75
1780968000,29472.75,29381,29454.25
1780968300,29476.5,29440,29455.75
1780968600,29472.75,29447,29464.25
1780968900,29502.75,29455.25,29496.75
1780969200,29522.25,29483,29503.25
1780969500,29547.25,29501.75,29529
1780969800,29542.25,29512.25,29516
1780970100,29519.5,29482.5,29491.75
1780970400,29514.25,29490.5,29499.5
1780970700,29512.25,29482.5,29511.25
1780971000,29516.5,29494,29498.5
1780971300,29502.5,29478,29483.25
1780971600,29495.75,29470,29479.25
1780971900,29491.75,29458.5,29491
1780972200,29512.25,29488,29499.25
1780972500,29501.75,29472.25,29487.25
1780972800,29509.25,29485.75,29509.25
1780973100,29524.25,29501.25,29502.25
1780973400,29513.25,29488.25,29502.75
1780973700,29520.75,29499.5,29514
1780974000,29517.75,29503.5,29511.25
1780974300,29534,29500.5,29519.75
1780974600,29542,29513.75,29534
1780974900,29553.25,29531.75,29540.25
1780975200,29546,29516.75,29524.25
1780975500,29542.75,29523,29539.25
1780975800,29562,29533.75,29561
1780976100,29581.25,29558.25,29577.75
1780976400,29592.25,29574.75,29584.25
1780976700,29593.75,29572,29574.75
1780977000,29576.25,29564.5,29575.5
1780977300,29582,29567,29582
1780977600,29587.25,29570,29574.75
1780977900,29609.25,29568.75,29606
1780978200,29613.25,29599.25,29601.75
1780978500,29623.5,29596.75,29622.25
1780978800,29622.25,29605.5,29610.25
1780979100,29622.5,29601.5,29611.5
1780979400,29623,29598.5,29621.75
1780979700,29629.5,29614,29626.5
1780980000,29630.75,29615.25,29618.25
1780980300,29624.5,29613,29617.75
1780980600,29619.25,29604.25,29610.25
1780980900,29616.25,29600.25,29604.5
1780981200,29626.25,29592,29624.5
1780981500,29625,29594,29596.75
1780981800,29612,29596,29607.25
1780982100,29619.75,29599,29609.5
1780982400,29616.5,29593.75,29613.75
1780982700,29619.5,29589,29592.75
1780983000,29638.25,29591.75,29632
1780983300,29634,29613,29625.25
1780983600,29647.25,29619.25,29628.25
1780983900,29651.5,29627,29647.25
1780984200,29647.25,29628.25,29633
1780984500,29639.25,29616.5,29633.25
1780984800,29648.75,29625.5,29641.5
1780985100,29656.75,29640.5,29649
1780985400,29660.25,29644.5,29656.75
1780985700,29675,29653,29655.75
1780986000,29669.25,29652.5,29659.5
1780986300,29662.75,29633.75,29636.25
1780986600,29643.75,29623.75,29639
1780986900,29650.75,29633.5,29645
1780987200,29652.25,29629,29637.25
1780987500,29643.75,29624.75,29626.75
1780987800,29629.5,29601.25,29606
1780988100,29624.5,29603,29623
1780988400,29677.75,29615.75,29673.75
1780988700,29689.75,29668,29680
1780989000,29687.25,29646.5,29647.75
1780989300,29654,29633.5,29643
1780989600,29662,29630.5,29633.5
1780989900,29637.75,29600,29612.75
1780990200,29627.5,29609.75,29611.5
1780990500,29614.25,29588,29607.5
1780990800,29625.5,29598,29623.75
1780991100,29653.5,29621.25,29624.75
1780991400,29626.5,29592.75,29596
1780991700,29598.75,29583.25,29593.25
1780992000,29613.25,29566,29599
1780992300,29631.75,29578.25,29629
1780992600,29669,29622,29667.5
1780992900,29670.5,29645.5,29650.5
1780993200,29663.75,29638,29656
1780993500,29673.5,29651.25,29663
1780993800,29675,29659.25,29662.25
1780994100,29683,29644,29678.25
1780994400,29686,29666.5,29678.75
1780994700,29687,29663.75,29666.75
1780995000,29667.75,29642.25,29647
1780995300,29647.75,29636.75,29642.25
1780995600,29664.75,29636,29655.5
1780995900,29661.5,29642,29660
1780996200,29671.25,29658.5,29667.5
1780996500,29673.75,29661.5,29669
1780996800,29674,29662,29667.25
1780997100,29691.5,29660.5,29685.75
1780997400,29688.25,29656.5,29657
1780997700,29680.25,29656.5,29675.25
1780998000,29683.25,29672.25,29676.75
1780998300,29687,29675.5,29685.25
1780998600,29696.75,29685.5,29688.5
1780998900,29694.75,29678.25,29679.25
1780999200,29698.75,29678,29693.25
1780999500,29697.5,29615.25,29635.75
1780999800,29680.75,29628.5,29677
1781000100,29679.75,29652,29654
1781000400,29663,29651.75,29657.25
1781000700,29678.5,29656.75,29672.5
1781001000,29676.75,29655.5,29657.5
1781001300,29663,29650,29650.75
1781001600,29661,29646.75,29657.75
1781001900,29663.75,29652.25,29658.75
1781002200,29699.75,29658.25,29681.75
1781002500,29690.75,29675.25,29685.25
1781002800,29703.75,29680.75,29690.5
1781003100,29704.75,29680,29701.25
1781003400,29701.5,29688.75,29698.25
1781003700,29702.25,29678.5,29694.75
1781004000,29695.25,29671,29673.5
1781004300,29695,29671.25,29689.75
1781004600,29708,29684.5,29703.25
1781004900,29704.75,29682.75,29690.75
1781005200,29727.25,29689.25,29718.25
1781005500,29724.75,29693,29696
1781005800,29704.75,29690.5,29692.5
1781006100,29692.75,29679.25,29681.5
1781006400,29700.75,29675.5,29693.5
1781006700,29699.75,29676.5,29695.25
1781007000,29696.75,29672.75,29674.75
1781007300,29680.75,29663,29673.25
1781007600,29682.5,29653.75,29660.75
1781007900,29675.5,29651.75,29670
1781008200,29725.25,29668.75,29721
1781008500,29730.5,29706.75,29712
1781008800,29715.5,29690.25,29696
1781009100,29696,29668.25,29680.25
1781009400,29691.25,29673.75,29688.5
1781009700,29737.5,29686.5,29735.75
1781010000,29737.25,29711,29726.25
1781010300,29748,29724.25,29739.25
1781010600,29739.75,29707.25,29713.5
1781010900,29716,29692.25,29697.75
1781011200,29720.5,29698,29712.5
1781011500,29740.25,29699,29737.75
1781011800,29744,29633.25,29650.25
1781012100,29730.75,29647.25,29686.25
1781012400,29769.5,29659.25,29766.75
1781012700,29847,29759.75,29843.75
1781013000,29846,29726.5,29731.25
1781013300,29746.75,29665.25,29672
1781013600,29713.75,29621.75,29664
1781013900,29702.75,29624,29632
1781014200,29632.25,29483.5,29491.5
1781014500,29514.75,29366.75,29411.75
1781014800,29506.75,29360.25,29504
1781015100,29526,29425.75,29443.75
1781015400,29464.25,29381.75,29437
1781015700,29488.25,29396.75,29440
1781016000,29470,29271,29287
1781016300,29315,29096.75,29114.75
1781016600,29202.5,29083.75,29200.5
1781016900,29241.75,29133.5,29239.25
1781017200,29257,29176.5,29184
1781017500,29273,29143,29268.75
1781017800,29302,29203,29243.25
1781018100,29255.5,29159,29164.5
1781018400,29194.75,29016,29018.25
1781018700,29034.5,28848.5,28860.5
1781019000,28913,28828,28854.25
1781019300,28888,28811.5,28873.75
1781019600,28944.25,28861.5,28903.25
1781019900,28932.75,28887.75,28922.25
1781020200,28971.75,28847.75,28852
1781020500,28862.5,28681.25,28695.5
1781020800,28787.75,28692.5,28720.5
1781021100,28727.5,28573.75,28608.5
1781021400,28669,28580.25,28621.75
1781021700,28627.5,28430.25,28446.25
1781022000,28542,28402.5,28537.75
1781022300,28581.25,28490.25,28524.75
1781022600,28571.75,28445.25,28486
1781022900,28552.75,28241.25,28266.75
1781023200,28394,28227.25,28374.75
1781023500,28435.25,28316.5,28368.5
1781023800,28386.75,28281.75,28286.75
1781024100,28488,28277.75,28480.5
1781024400,28640.75,28467.75,28623.5
1781024700,28644.25,28556,28611.5
1781025000,28674.25,28549.25,28650
1781025300,28730.25,28605.75,28723.25
1781025600,28787.5,28672.75,28728.5
1781025900,28779.25,28689,28742.75
1781026200,28805.75,28706.75,28802.5
1781026500,28849,28758,28822.5
1781026800,28925,28807,28866.75
1781027100,28884.75,28711.75,28733
1781027400,28852.25,28731.5,28809.5
1781027700,28865.25,28802.5,28832.5
1781028000,28866,28784.75,28818.75
1781028300,28888,28803.25,28876.75
1781028600,28879.25,28818,28861.5
1781028900,28940.75,28822,28935.25
1781029200,28980,28898.75,28969.5
1781029500,28974.5,28896.25,28972.5
1781029800,29046.75,28966,29004.5
1781030100,29038,28983.75,29013.5
1781030400,29016.75,28913.5,28922.25
1781030700,28982.75,28917,28979.5
1781031000,29020.75,28950.25,28982.5
1781031300,29091.25,28979,29066.5
1781031600,29124.25,29020.5,29120.75
1781031900,29145.75,29045.75,29051.75
1781032200,29052.5,28955.75,28965.25
1781032500,28972.75,28852,28864.25
1781032800,28924.75,28839,28890.5
1781033100,28970,28872.25,28952.75
1781033400,28988.75,28929.25,28978.75
1781033700,28984.5,28918,28922
1781034000,28949.25,28853,28923
1781034300,28940.25,28850,28881
1781034600,29038.5,28877,29032.25
1781034900,29133.5,29028.5,29116
1781035200,29195.75,29089.5,29195.25
1781035500,29194.75,29108.75,29121.75
1781035800,29130,29085.75,29102.5
1781036100,29127,29088.75,29090
1781036400,29114.25,29082.25,29098.5
1781036700,29130,29095.75,29120
1781037000,29125.75,29101.75,29122.5
1781037300,29139.5,29116,29135
1781037600,29159.5,29131.25,29145
1781037900,29159,29137,29154.5
1781038200,29156.25,29124.75,29127
1781038500,29143.5,29120.25,29139.75
1781042400,29102,29028.25,29065
1781042700,29092,29051.5,29083.75
1781043000,29091.75,29066.25,29086.5
1781043300,29117,29069.75,29095.25
1781043600,29099.75,29071.5,29079.5
1781043900,29088.25,29053,29069.5
1781044200,29073.75,29043.75,29047.75
1781044500,29054.5,29000.5,29031.25
1781044800,29055.5,28995,29024.75
1781045100,29035,28991.5,29007
1781045400,29024.5,28985.75,29016.75
1781045700,29044,29004.5,29028.25
1781046000,29084,29019.75,29069
1781046300,29100,29055,29073
1781046600,29080.5,29026.5,29030.5
1781046900,29043.5,29003,29016.25
1781047200,29032.25,29004.25,29016.75
1781047500,29018.5,28998.5,29005.25
1781047800,29019,28984.25,29011.5
1781048100,29020.5,28980.25,29009.5
1781048400,29018.5,28995.75,29016.25
1781048700,29044,29010.5,29031.25
1781049000,29055.5,29021.5,29051.75
1781049300,29073.25,29041,29065
1781049600,29140.5,29065.25,29126.75
1781049900,29169,29117,29155.25
1781050200,29159.75,29089,29121
1781050500,29133,29070.25,29109
1781050800,29115,29081.5,29102.25
1781051100,29127.75,29081,29117.5
1781051400,29124,29027.5,29031.25
1781051700,29061.5,28997,29026.75
1781052000,29029.75,28965,28998
1781052300,29048.5,28991.25,29048.5
1781052600,29074.75,29005,29064.75
1781052900,29097,29033.25,29075.25
1781053200,29098,29051.75,29093.5
1781053500,29095.75,29054.75,29057.5
1781053800,29108,29041,29076.25
1781054100,29113,29063.25,29104
1781054400,29108.5,29064.75,29071
1781054700,29093,29050.25,29072.5
1781055000,29098,29023.25,29093
1781055300,29099.25,29049,29070.5
1781055600,29074.5,29026.75,29026.75
1781055900,29069.25,29019,29062.25
1781056200,29067.5,29010.75,29031.75
1781056500,29061.75,29023.75,29034.5
1781056800,29042.25,29007.25,29014.25
1781057100,29015.25,28982.5,28988
1781057400,29016.75,28978.5,28998.5
1781057700,29010.5,28987.25,29003
1781058000,29027,28984.25,28996
1781058300,29017,28973.75,29016.25
1781058600,29035.25,28997.25,29001.75
1781058900,29017.5,28983.75,28986.5
1781059200,29007,28982.25,29006.75
1781059500,29036.5,29003.25,29035.25
1781059800,29035.25,28961.75,28969.5
1781060100,28991,28957.25,28971
1781060400,29003.5,28965.5,28999.25
1781060700,29028.75,28999,29015
1781061000,29022.75,29002.75,29013
1781061300,29046,29008.5,29016.75
1781061600,29023.75,28995.5,29018.25
1781061900,29024.5,28998.25,29009.5
1781062200,29024.5,28998.75,29010
1781062500,29009.25,28980.25,28992
1781062800,28992.75,28975,28977.5
1781063100,28997.75,28974,28982.25
1781063400,28999,28973,28996.75
1781063700,29010,28983.25,28993
1781064000,29002.5,28971.25,28979.75
1781064300,28978.75,28949.75,28954.25
1781064600,28966,28938.5,28946
1781064900,28969.5,28927.5,28964.5
1781065200,28978.25,28943.5,28947.75
1781065500,28965.25,28933.5,28941
1781065800,28941.25,28903.75,28907.5
1781066100,28916.25,28888.25,28905
1781066400,28924,28876,28878.25
1781066700,28921.5,28870,28913.75
1781067000,28946,28901.75,28940.25
1781067300,28946,28891,28897.75
1781067600,28931.5,28885.25,28926
1781067900,28952.5,28906,28914
1781068200,28918.5,28897.75,28906.5
1781068500,28907.25,28857.75,28861.25
1781068800,28885.5,28853,28872.5
1781069100,28942,28862.25,28937.25
1781069400,28945.5,28880,28914.5
1781069700,28930,28903.5,28922.75
1781070000,28943.5,28906.75,28918.75
1781070300,28925.25,28892,28909.25
1781070600,28947.25,28907,28943.25
1781070900,28967.25,28934,28943.5
1781071200,28971.75,28935.5,28965.5
1781071500,28997.5,28960.75,28979.25
1781071800,28982.25,28961,28977
1781072100,29001.25,28971.75,28998.75
1781072400,29000.5,28952.5,28956.75
1781072700,28989.5,28951.25,28982.25
1781073000,28998.25,28967,28977
1781073300,29013.5,28958,28991.5
1781073600,28997.75,28975.5,28988
1781073900,28990.25,28976.25,28982
1781074200,28989.25,28965.75,28979
1781074500,28979.75,28958,28968.5
1781074800,28982,28955.5,28955.5
1781075100,28978.75,28942.25,28975
1781075400,29001.25,28961,28981.75
1781075700,28994.5,28952.25,28955.25
1781076000,28971.5,28937.5,28953
1781076300,28952,28929.5,28943.75
1781076600,28982,28929.5,28977.5
1781076900,28984,28951.25,28954.5
1781077200,28961.25,28935,28946.75
1781077500,28966.5,28926.5,28950.25
1781077800,28958.5,28935,28949.5
1781078100,28972.25,28945.75,28963
1781078400,28965.25,28872.75,28905.5
1781078700,28933,28889.75,28923.25
1781079000,28941.25,28875.5,28877.25
1781079300,28895,28866,28870
1781079600,28894,28855.75,28875
1781079900,28888.5,28842.25,28859.25
1781080200,28872,28845.75,28847.5
1781080500,28889.25,28844.25,28857.75
1781080800,28858.5,28771,28775
1781081100,28787.5,28742,28776.5
1781081400,28818.25,28772.5,28773.5
1781081700,28781,28747.25,28762.5
1781082000,28774,28746.25,28760.5
1781082300,28788.5,28755.5,28757.5
1781082600,28798,28708.5,28710.5
1781082900,28737.5,28684,28710
1781083200,28726,28689,28723.5
1781083500,28783.5,28718,28778.75
1781083800,28788.25,28763,28782
1781084100,28822.75,28773.5,28790
1781084400,28793.25,28741.75,28764
1781084700,28779.75,28739.25,28761.25
1781085000,28777.75,28736,28769.5
1781085300,28788.5,28765.5,28777.75
1781085600,28782.75,28748.5,28766.75
1781085900,28787,28740,28777.75
1781086200,28780.5,28752.75,28762.75
1781086500,28766.25,28709.25,28726
1781086800,28764,28700,28748.75
1781087100,28772.5,28739,28767
1781087400,28809.25,28759.75,28776.75
1781087700,28807.75,28766.75,28797
1781088000,28829,28788.75,28824.25
1781088300,28836.5,28804,28810.75
1781088600,28811,28779.5,28784
1781088900,28843.75,28778,28828
1781089200,28845.25,28700.25,28709
1781089500,28729,28637.75,28714
1781089800,28743.5,28691.75,28734.75
1781090100,28762,28698,28702.25
1781090400,28765,28688,28706.75
1781090700,28712,28622.75,28672
1781091000,28683.25,28622,28657.25
1781091300,28676.25,28610.5,28611
1781091600,28652.25,28610.25,28633.25
1781091900,28655.75,28611.25,28639
1781092200,28693,28638,28676.75
1781092500,28703,28660.75,28677.75
1781092800,28692.25,28666.25,28679
1781093100,28718.75,28678.75,28698.25
1781093400,28732,28677.25,28693.75
1781093700,28728.75,28658,28666
1781094000,28711.25,28665,28691
1781094300,28754.25,28691,28750
1781094600,28991.5,28738.5,28917.75
1781094900,28953.25,28851,28895.75
1781095200,28957.25,28878,28918.5
1781095500,28949,28891.5,28941
1781095800,28943.75,28867,28894.5
1781096100,28906.75,28828.75,28833
1781096400,28872.75,28824,28833.75
1781096700,28879,28822,28877.25
1781097000,28889,28850.5,28856.75
1781097300,28890,28851.5,28882.25
1781097600,28885.75,28848.5,28859
1781097900,28871.25,28837.25,28852.25
1781098200,28954.5,28778.25,28779.5
1781098500,29022.75,28771.75,28960.75
1781098800,29090.5,28850,29078.75
1781099100,29162.25,29019.25,29144
1781099400,29145.5,28983.75,29029
1781099700,29094,29002.75,29021.25
1781100000,29119.25,28969,29081.5
1781100300,29151.75,29029,29135.75
1781100600,29167,29070.75,29092.25
1781100900,29138.25,29046,29102.25
1781101200,29219,29071,29217.5
1781101500,29231.75,29122.75,29171.5
1781101800,29249.5,29091.25,29245.5
1781102100,29251,29126.75,29155.5
1781102400,29198.5,29081.25,29083
1781102700,29126.75,29007.5,29038.75
1781103000,29106,29003,29028.25
1781103300,29049,28855.5,28902.75
1781103600,28987,28831.25,28901.25
1781103900,28909,28818.25,28825.75
1781104200,28841.5,28746,28748.75
1781104500,28763,28666,28727.25
1781104800,28865.75,28715.5,28833.5
1781105100,28877.75,28788.5,28791.5
1781105400,28854.75,28741.5,28771.5
1781105700,28812,28720,28766.25
1781106000,28874.75,28742.5,28854
1781106300,28874.75,28665.75,28711.75
1781106600,28826,28627.5,28783.5
1781106900,28869.75,28735.5,28855
1781107200,28896.75,28797.5,28830
1781107500,28854.25,28759.25,28781.5
1781107800,28782.75,28712.25,28729
1781108100,28773.5,28709.5,28743.25
1781108400,28764.5,28702.25,28710.75
1781108700,28763.5,28707,28741.5
1781109000,28807,28703.75,28804.5
1781109300,28851.5,28768,28827.75
1781109600,28846,28733.75,28752.75
1781109900,28752.75,28663.75,28698.25
1781110200,28761.25,28673.25,28714.5
1781110500,28724,28670,28717.5
1781110800,28780.75,28695,28762.5
1781111100,28767.25,28670.25,28679.25
1781111400,28684.75,28628.25,28647.5
1781111700,28673.5,28625.75,28644.5
1781112000,28681.75,28628.25,28675
1781112300,28698.75,28648.75,28689
1781112600,28693.75,28625,28660.25
1781112900,28669.25,28626.5,28634.25
1781113200,28660,28617.5,28623
1781113500,28785.25,28616.25,28766.5
1781113800,28773.75,28687.25,28745.25
1781114100,28794,28735,28779.25
1781114400,28833,28760,28827
1781114700,28830.75,28751.25,28754
1781115000,28803,28753.5,28780.5
1781115300,28810,28705.5,28723.75
1781115600,28764,28696.75,28732.5
1781115900,28740.5,28704,28713.5
1781116200,28717,28673.5,28687.25
1781116500,28691.25,28632.5,28655
1781116800,28679.5,28633.5,28661.25
1781117100,28664,28627.75,28630.5
1781117400,28636.75,28578.5,28616.5
1781117700,28625.5,28575.25,28607.5
1781118000,28653,28569.5,28618.25
1781118300,28668.75,28598,28641.75
1781118600,28643.25,28578.25,28594.25
1781118900,28598,28526,28544.5
1781119200,28546.25,28501.75,28533.5
1781119500,28559,28493.5,28546.75
1781119800,28621.5,28525.25,28605
1781120100,28656.75,28589.5,28646.5
1781120400,28664,28591,28620
1781120700,28629,28553.5,28597
1781121000,28663.5,28547,28616
1781121300,28644,28524,28528.75
1781121600,28537.75,28470.75,28508.75
1781121900,28515,28431.75,28472.75
1781122200,28516.5,28471.25,28499.5
1781122500,28517,28473,28499.25
1781122800,28522.5,28483.75,28517.25
1781123100,28517.25,28480.25,28485.5
1781123400,28486.5,28453.75,28475.25
1781123700,28495.75,28465.5,28492.75
1781124000,28499,28446.75,28452
1781124300,28459,28412.75,28433.25
1781124600,28458.25,28410,28457.5
1781124900,28479.75,28450.25,28471.5
1781128800,28468,28377.25,28389.25
1781129100,28392.5,28364,28368.5
1781129400,28402.75,28358.25,28401
1781129700,28410.75,28385,28403.75
1781130000,28406,28384.75,28390
1781130300,28420.75,28377,28413.25
1781130600,28449.25,28411.5,28421.25
1781130900,28461.75,28415,28460
1781131200,28469.75,28385,28431.25
1781131500,28456.75,28404.75,28425
1781131800,28432,28373.75,28385
1781132100,28386.5,28328,28342
1781132400,28376.75,28313,28367.75
1781132700,28379,28334,28337.75
1781133000,28346,28278.75,28289.5
1781133300,28383.5,28264.25,28355
1781133600,28397.75,28306,28329
1781133900,28406,28328.5,28397.75
1781134200,28405.5,28350,28377.25
1781134500,28411.75,28377,28391
1781134800,28447.25,28382.5,28423.25
1781135100,28425.25,28375,28397.25
1781135400,28406,28380.25,28390
1781135700,28392.25,28351.5,28364.25
1781136000,28416.25,28336,28345.5
1781136300,28385.5,28335,28348.75
1781136600,28402.75,28335.5,28391
1781136900,28571.5,28391.5,28522.5
1781137200,28546.5,28489.25,28508.5
1781137500,28512.5,28467.25,28483.5
1781137800,28520.25,28467.75,28484
1781138100,28488.25,28425.75,28454.75
1781138400,28488,28439.25,28443.75
1781138700,28530,28443,28511.5
1781139000,28556,28499.5,28533.5
1781139300,28565.5,28532.75,28549.75
1781139600,28635,28549.25,28620.75
1781139900,28648.25,28603,28643.75
1781140200,28718,28639,28712.75
1781140500,28727.25,28688,28722
1781140800,28749.25,28688.5,28742.75
1781141100,28763.5,28729,28753.5
1781141400,28759,28707.5,28710.25
1781141700,28756.25,28696.25,28734.25
1781142000,28744.5,28700.25,28707.25
1781142300,28714.5,28687.25,28693
1781142600,28700,28663.75,28677.25
1781142900,28677.75,28632.75,28643.25
1781143200,28697.75,28634.75,28693
1781143500,28694.25,28648.75,28662.25
1781143800,28662.5,28622,28623.25
1781144100,28647,28616.25,28626
1781144400,28631,28570,28579.5
1781144700,28589.25,28550.5,28558.25
1781145000,28582.5,28533,28548.25
1781145300,28587,28543.75,28579.5
1781145600,28603.25,28568.5,28572
1781145900,28595.5,28563,28590.25
1781146200,28604.25,28572.5,28590
1781146500,28648.5,28589.5,28635.5
1781146800,28671.25,28635.25,28658.25
1781147100,28662.75,28623.5,28636.25
1781147400,28640.75,28588.75,28605.5
1781147700,28627.75,28591.5,28593
1781148000,28618.75,28581.25,28615.75
1781148300,28623,28594.25,28622
1781148600,28668.5,28617.75,28662.75
1781148900,28675.25,28643.75,28674.5
1781149200,28693.25,28670,28685.25
1781149500,28694,28671.5,28684.5
1781149800,28738,28683,28717.25
1781150100,28745.5,28713,28737.75
1781150400,28744.5,28717.75,28718.25
1781150700,28740,28714,28730.25
1781151000,28733.75,28716,28721
1781151300,28727.5,28704,28727
1781151600,28757.75,28719,28727.25
1781151900,28756,28726.5,28743.25
1781152200,28761.25,28734,28734
1781152500,28776.5,28731.25,28772.5
1781152800,28807.75,28763.5,28790.75
1781153100,28803.5,28777,28781
1781153400,28785,28760.25,28781
1781153700,28783.75,28764.5,28775.25
1781154000,28781.5,28735.25,28744.75
1781154300,28745.25,28717.25,28739.75
1781154600,28745.25,28720.5,28729
1781154900,28748.75,28719.25,28729.25
1781155200,28744.75,28726.5,28737.5
1781155500,28740.5,28714.5,28734.25
1781155800,28744.25,28712,28740.25
1781156100,28748.5,28724.75,28741
1781156400,28753,28732.5,28742.5
1781156700,28750.25,28729.75,28738.75
1781157000,28748.75,28729.75,28734.75
1781157300,28755.25,28726.25,28747
1781157600,28749.25,28719,28719.75
1781157900,28734,28688.25,28706.5
1781158200,28753,28704,28746.5
1781158500,28770.75,28745.75,28751.75
1781158800,28775.5,28742.75,28751.75
1781159100,28767,28744,28750
1781159400,28755.25,28727.25,28730
1781159700,28770.5,28727.75,28763.75
1781160000,28778.25,28758,28763.25
1781160300,28779.25,28754.5,28767.75
1781160600,28788,28763.75,28783.75
1781160900,28797,28777.5,28791.25
1781161200,28818,28786,28804.5
1781161500,28805.5,28766.75,28798.75
1781161800,28807.5,28763.5,28787.75
1781162100,28825.5,28780,28816.75
1781162400,28868.5,28815.5,28866.5
1781162700,28866.5,28826,28848.75
1781163000,28862.5,28840.25,28848.25
1781163300,28867,28846.5,28848.25
1781163600,28864.75,28835.5,28859.75
1781163900,28866.25,28838,28840.25
1781164200,28853,28831.75,28840.75
1781164500,28848.25,28834.5,28844.5
1781164800,28907.5,28839.25,28870
1781165100,28917,28865,28914
1781165400,28928,28901.75,28915.75
1781165700,28917.5,28889.25,28915
1781166000,28923.25,28892,28917.75
1781166300,28933,28898.25,28905.5
1781166600,28919.75,28895.5,28914.25
1781166900,28935,28909.75,28920.5
1781167200,28924,28905,28912.5
1781167500,28920.5,28897,28897.75
1781167800,28914.5,28888.75,28900.5
1781168100,28914.75,28897.5,28910
1781168400,28922.25,28907,28913.25
1781168700,28920,28884,28887.25
1781169000,28893.5,28872.25,28882.75
1781169300,28892,28869.5,28883
1781169600,28886.75,28860,28873.5
1781169900,28886.75,28861.5,28873.25
1781170200,28876.5,28857,28871.75
1781170500,28882,28864,28881
1781170800,28894,28875.5,28884.25
1781171100,28907.75,28876.25,28887
1781171400,28895.25,28875.25,28884
1781171700,28896.5,28876,28877.5
1781172000,28908,28875.75,28896.25
1781172300,28916.75,28896.5,28900.25
1781172600,28912,28883.5,28896.25
1781172900,28904,28877.5,28881.25
1781173200,28902,28880.5,28897
1781173500,28898.5,28873.75,28877
1781173800,28914,28877,28912.5
1781174100,28912.75,28890.5,28894.25
1781174400,28901.75,28885.25,28891.5
1781174700,28894.25,28882.5,28892.5
1781175000,28906.25,28888.5,28895.75
1781175300,28899,28875.5,28878.75
1781175600,28879.5,28847.75,28849
1781175900,28862,28811.5,28814
1781176200,28845.25,28814,28840
1781176500,28848.5,28834.75,28841.75
1781176800,28846.5,28828.75,28833
1781177100,28869.5,28819.25,28853
1781177400,28897.75,28848.25,28879.25
1781177700,28904.25,28866.25,28876.75
1781178000,28894.25,28862.25,28885.75
1781178300,28899.25,28882.75,28892.25
1781178600,28905.5,28879.25,28899.75
1781178900,28909.25,28890.75,28900
1781179200,28914.75,28897.5,28908.5
1781179500,28910,28887.25,28902.25
1781179800,28902.25,28885.5,28898.75
1781180100,28900,28870.5,28873.25
1781180400,28878.5,28713.75,28775
1781180700,28806.75,28733,28750.5
1781181000,28805,28638.25,28687.5
1781181300,28735,28672.25,28728.5
1781181600,28781.5,28708.25,28751.5
1781181900,28803.75,28732.75,28787.25
1781182200,28818.5,28774.75,28799.5
1781182500,28826.75,28778,28813.5
1781182800,28815.5,28772.5,28796.75
1781183100,28796.5,28756,28762.5
1781183400,28796.25,28757.25,28777
1781183700,28786.75,28763.25,28771.25
1781184000,28795.75,28767.75,28788.5
1781184300,28788,28744.25,28752.75
1781184600,28783,28671,28686.5
1781184900,28783.5,28663.75,28700.75
1781185200,28766.75,28651,28739
1781185500,28891,28706.5,28815.75
1781185800,29014.75,28816.25,28968.75
1781186100,29009.5,28877.5,28900.75
1781186400,29048.75,28893.25,29039.25
1781186700,29039.5,28950.5,28968.25
1781187000,28978.75,28827.75,28843
1781187300,28882.25,28751.5,28760.75
1781187600,28921,28753.75,28884.25
1781187900,28931.5,28791.25,28870.5
1781188200,28901.75,28799,28835.25
1781188500,28942,28824,28871
1781188800,28917.25,28816.5,28818.75
1781189100,28844.25,28766.25,28790.5
1781189400,28815.75,28741.5,28760.25
1781189700,28760.75,28606.25,28649.25
1781190000,28699,28577.5,28678
1781190300,28762.75,28639.75,28720
1781190600,28795.5,28710.25,28766
1781190900,28838.75,28747.75,28781
1781191200,28861.5,28771,28830.5
1781191500,28854.25,28752.5,28757.75
1781191800,28814.5,28740.75,28804
1781192100,28885.5,28796.25,28855.25
1781192400,28907.75,28791.75,28816.75
1781192700,28869.75,28789.75,28827.25
1781193000,28837.75,28781.5,28805.25
1781193300,28876.25,28773.25,28858
1781193600,28916.25,28826.25,28855.25
1781193900,28914.75,28835,28897.5
1781194200,28968.5,28886.25,28951.75
1781194500,28975.5,28914.25,28942.25
1781194800,28957,28874,28877.25
1781195100,28892,28840.75,28845.5
1781195400,28960.5,28822.25,28922.5
1781195700,28968,28884.5,28895.75
1781196000,28906,28864.25,28885
1781196300,28903,28855.25,28871.5
1781196600,28877,28798.75,28804.5
1781196900,28814.75,28765,28769.25
1781197200,28810.5,28712.25,28731.5
1781197500,28796.25,28725,28785.75
1781197800,28808.75,28735,28744
1781198100,28763,28683.75,28702.5
1781198400,28737,28678.5,28729.25
1781198700,29093.25,28721.75,29087
1781199000,29264.25,29085.25,29208
1781199300,29223,29128,29180
1781199600,29302,29159.75,29280.75
1781199900,29300,29181.25,29199.5
1781200200,29207.5,29117.25,29183.5
1781200500,29221.25,29139,29214.75
1781200800,29254.75,29097,29114
1781201100,29147.5,29068.75,29110.25
1781201400,29183.75,29103.75,29182.25
1781201700,29265.75,29172.5,29255
1781202000,29255.75,29150.75,29193
1781202300,29208.25,29171.5,29187.75
1781202600,29240,29177.75,29187.5
1781202900,29214.25,29172.5,29184.5
1781203200,29228.25,29176,29224.25
1781203500,29282,29216.25,29276.25
1781203800,29309.5,29265,29267.25
1781204100,29284.5,29233.75,29268.75
1781204400,29320,29265,29297.25
1781204700,29308.25,29229.25,29304.25
1781205000,29370.75,29299.5,29360.25
1781205300,29393,29346.75,29388
1781205600,29399.75,29372.25,29386
1781205900,29444.75,29377.75,29424
1781206200,29537.5,29421.25,29527.75
1781206500,29542.25,29456,29467.75
1781206800,29530,29457.75,29498.5
1781207100,29498.25,29426.5,29432.25
1781207400,29492.25,29404,29477.5
1781207700,29498,29450.5,29457
1781208000,29488.25,29416.25,29456.75
1781208300,29509.25,29457,29490.75
1781208600,29518.25,29476,29513.5
1781208900,29522.75,29487.25,29488
1781209200,29494.25,29467,29483.75
1781209500,29500.25,29459,29474.5
1781209800,29487.5,29457.25,29460.5
1781210100,29461.75,29431.25,29431.75
1781210400,29435.25,29414.25,29415.25
1781210700,29433,29411.75,29425.25
1781211000,29440.25,29422.25,29431.5
1781211300,29444.5,29430.5,29432.25
1781215200,29506.25,29445,29482
1781215500,29511.5,29469,29495
1781215800,29527.5,29491,29523.25
1781216100,29547.25,29510,29516
1781216400,29542.25,29515.25,29518.25
1781216700,29534.75,29514.25,29530.25
1781217000,29547.5,29516.75,29525.5
1781217300,29532.5,29517,29526.75
1781217600,29558,29524.5,29550.5
1781217900,29582.5,29549.5,29570
1781218200,29587.5,29566.25,29577.75
1781218500,29580,29552.5,29559.75
1781218800,29565.5,29534.25,29543.5
1781219100,29549.75,29525.25,29532.25
1781219400,29545.5,29522,29543.75
1781219700,29562.75,29538.5,29546.75
1781220000,29548.75,29505.5,29512.25
1781220300,29525.5,29494.5,29520.5
1781220600,29542.75,29520.5,29534
1781220900,29555,29533,29542.25
1781221200,29570,29543.25,29564.75
1781221500,29592,29563.75,29586.75
1781221800,29593,29558,29575.5
1781222100,29583.75,29562.75,29578
1781222400,29583.25,29533.75,29567.75
1781222700,29604.5,29566.5,29581.5
1781223000,29593.25,29557,29579.75
1781223300,29579.5,29542,29563.5
1781223600,29596,29557.25,29590
1781223900,29619,29577.5,29609.25
1781224200,29639,29606.75,29638.25
1781224500,29647.5,29621.25,29622.5
1781224800,29631.75,29567.25,29591.5
1781225100,29617,29588.5,29597.25
1781225400,29619.75,29595.25,29597.5
1781225700,29606.25,29565,29588.75
1781226000,29590.25,29546.25,29555
1781226300,29570,29532.25,29568
1781226600,29569.25,29535.75,29562.5
1781226900,29577.75,29526.5,29532.5
1781227200,29537,29504,29510
1781227500,29512.25,29471.5,29482
1781227800,29517,29481.75,29512.5
1781228100,29522.75,29466.25,29486.75
1781228400,29515.75,29467.25,29493.5
1781228700,29533.25,29490,29532
1781229000,29539,29519,29528
1781229300,29557,29523.75,29552.25
1781229600,29588,29551.5,29567
1781229900,29582,29553,29580.5
1781230200,29586.75,29560,29567.5
1781230500,29576.25,29543.75,29555.25
1781230800,29565,29540.25,29544.25
1781231100,29546,29511.25,29513.5
1781231400,29530,29501.75,29513.25
1781231700,29545.25,29503.5,29542.25
1781232000,29550,29531.25,29545.5
1781232300,29571.5,29544.5,29561.5
1781232600,29574.5,29544.75,29556.75
1781232900,29565.25,29544.5,29562.5
1781233200,29564.75,29529,29546.25
1781233500,29546.75,29523.75,29542
1781233800,29545,29510.5,29521.75
1781234100,29531,29510,29513.25
1781234400,29517.25,29492,29497
1781234700,29527.5,29492,29521.25
1781235000,29541,29516.5,29525
1781235300,29536.75,29519.5,29535
1781235600,29554,29527.25,29532.25
1781235900,29532.25,29500.75,29522.5
1781236200,29533,29514.25,29529.25
1781236500,29541,29523.25,29530.5
1781236800,29531.5,29505.5,29515.25
1781237100,29514.5,29492.75,29503.25
1781237400,29519.75,29496,29516.75
1781237700,29523.5,29492.75,29499.25
1781238000,29523.75,29488.5,29517.25
1781238300,29539.25,29514.75,29534.75
1781238600,29545.75,29524,29534.5
1781238900,29534,29521.25,29525
1781239200,29544.25,29520.75,29537.75
1781239500,29547.25,29530.25,29535
1781239800,29550,29532.5,29539.25
1781240100,29546.25,29536.25,29544.75
1781240400,29556.75,29528,29529
1781240700,29531.75,29506,29519.75
1781241000,29528.25,29503,29525.25
1781241300,29540,29512.75,29534.25
1781241600,29542.25,29522.25,29523.75
1781241900,29537,29516.25,29534.25
1781242200,29533.75,29500.75,29515
1781242500,29522,29456,29472.5
1781242800,29511,29470.5,29480.25
1781243100,29485.25,29424,29429.75
1781243400,29440,29374.25,29429
1781243700,29432.75,29392.25,29402.25
1781244000,29458.5,29390.5,29440.75
1781244300,29460,29419,29442
1781244600,29474.75,29434.25,29460.75
1781244900,29462.25,29431.25,29431.5
1781245200,29442,29416.25,29434.75
1781245500,29442.25,29420.75,29424.5
1781245800,29425.75,29402,29406.75
1781246100,29411.25,29390.75,29394.75
1781246400,29397.5,29373,29382.5
1781246700,29394,29366.75,29379.25
1781247000,29385,29339.25,29342
1781247300,29364.5,29334.75,29360.5
1781247600,29370.75,29312.25,29314.75
1781247900,29326.75,29300.25,29321.75
1781248200,29329,29271,29274.25
1781248500,29291,29261,29289.25
1781248800,29322.75,29283.5,29317.25
1781249100,29317.75,29287.75,29298
1781249400,29314.5,29284,29311.25
1781249700,29352,29311.25,29349.25
1781250000,29385,29341.75,29378.5
1781250300,29392.25,29363.25,29375.75
1781250600,29394.25,29375.75,29385
1781250900,29460.75,29382.5,29431.5
1781251200,29480,29416.25,29456.75
1781251500,29488,29443.5,29464.25
1781251800,29482.5,29458.5,29467.25
1781252100,29549.75,29443,29537.5
1781252400,29570,29512.25,29542.5
1781252700,29544.25,29519.5,29530.5
1781253000,29537.25,29501.25,29501.5
1781253300,29503.25,29475.75,29481.75
1781253600,29484.5,29453.75,29468.25
1781253900,29499.75,29448,29495.5
1781254200,29516,29478.5,29507.5
1781254500,29509.25,29478.5,29480.25
1781254800,29519.25,29476.25,29515.75
1781255100,29518,29498,29513.75
1781255400,29548.5,29505.5,29547.25
1781255700,29583.5,29537.25,29575
1781256000,29588,29558.75,29571.75
1781256300,29616.75,29563.5,29611.5
1781256600,29648.25,29588.75,29647.5
1781256900,29668,29629.75,29631.5
1781257200,29646.5,29612.25,29640.25
1781257500,29646.25,29618.75,29623.25
1781257800,29633.5,29610,29632.75
1781258100,29661,29618.25,29622
1781258400,29649,29615.25,29643.5
1781258700,29656.75,29630.5,29652.5
1781259000,29658,29602.5,29625.75
1781259300,29629.75,29583,29605
1781259600,29605.5,29567.75,29587.25
1781259900,29590.75,29517.5,29531.5
1781260200,29571.5,29526.75,29542.5
1781260500,29568.25,29539.5,29544.25
1781260800,29569.5,29544.25,29560.75
1781261100,29572.25,29549.5,29558.5
1781261400,29559.25,29541.25,29548
1781261700,29562,29530.75,29550
1781262000,29590.75,29551.25,29587.75
1781262300,29587.25,29549,29558.75
1781262600,29596,29557.25,29589.5
1781262900,29609.5,29588.75,29606.75
1781263200,29643.75,29603.25,29642.5
1781263500,29646.5,29626.75,29630.25
1781263800,29642.5,29601,29609
1781264100,29624.5,29597,29597.25
1781264400,29648,29591.75,29644.25
1781264700,29652.75,29614.25,29617.25
1781265000,29659.5,29615.5,29658.5
1781265300,29659.75,29633.25,29638.5
1781265600,29645.75,29584.75,29595.25
1781265900,29614.25,29580,29608.25
1781266200,29614.5,29584.5,29592
1781266500,29601.75,29570,29584
1781266800,29588.25,29545.5,29548.25
1781267100,29551.5,29529,29534.25
1781267400,29549,29515,29533
1781267700,29545,29476,29479.25
1781268000,29513,29463.75,29473.75
1781268300,29489.25,29450.25,29478
1781268600,29486.5,29409,29420.5
1781268900,29435.5,29386.25,29412.75
1781269200,29418.75,29354.5,29418.75
1781269500,29449,29408.75,29443
1781269800,29458.75,29423.5,29456
1781270100,29470.5,29444.5,29460.75
1781270400,29473.75,29431,29444.5
1781270700,29500.5,29445.5,29496
1781271000,29502.5,29306.75,29341
1781271300,29454.5,29333,29447
1781271600,29473,29264.5,29280
1781271900,29341,29231.25,29299
1781272200,29362.75,29270.5,29312
1781272500,29407.75,29297.25,29351
1781272800,29507.5,29336.25,29480.5
1781273100,29580,29440.5,29577.75
1781273400,29598,29512.5,29544.75
1781273700,29627.5,29533,29585.5
1781274000,29620,29486.25,29497.75
1781274300,29558.5,29497.25,29512.25
1781274600,29566,29489.5,29526.75
1781274900,29609,29521.5,29545.5
1781275200,29550.5,29406.75,29412
1781275500,29447,29352.5,29376.5
1781275800,29606.5,29369,29599.5
1781276100,29645.25,29560.75,29632.5
1781276400,29671.25,29597.25,29622.25
1781276700,29675,29613.5,29656.5
1781277000,29704,29630.25,29696
1781277300,29729.75,29665.25,29729
1781277600,29756.5,29698.25,29744.25
1781277900,29759.25,29720.25,29744.75
1781278200,29748.25,29681,29686.5
1781278500,29733,29618.75,29652.5
1781278800,29660,29558.5,29569.5
1781279100,29623.25,29475,29485.75
1781279400,29593.75,29460.75,29574
1781279700,29574.25,29408,29439.75
1781280000,29491,29410,29464.25
1781280300,29536.25,29442.75,29522
1781280600,29650,29478.75,29595.75
1781280900,29667.25,29570,29589
1781281200,29616.75,29547,29586
1781281500,29615,29557.25,29594.5
1781281800,29628.5,29573.75,29622.5
1781282100,29631.75,29585.25,29605
1781282400,29641,29578.5,29595
1781282700,29647.75,29587.75,29644.5
1781283000,29667.25,29632,29641.5
1781283300,29678.75,29591.75,29673.75
1781283600,29705.5,29660.75,29701
1781283900,29753.5,29691,29722.5
1781284200,29730.5,29657.75,29703
1781284500,29736,29689,29730
1781284800,29746,29719,29734.25
1781285100,29741.25,29693.25,29719.75
1781285400,29728.25,29681.5,29686.25
1781285700,29717.75,29682.75,29701.75
1781286000,29727.25,29683,29699
1781286300,29724.75,29690.75,29707.75
1781286600,29716,29697,29704.5
1781286900,29706.75,29646.75,29683
1781287200,29691.75,29646.25,29657
1781287500,29670,29628,29653.25
1781287800,29706.75,29642.5,29650
1781288100,29660.5,29607.25,29628.25
1781288400,29640.5,29608.75,29627.25
1781288700,29672.75,29615.25,29664.5
1781289000,29697.25,29663,29687
1781289300,29692,29674,29689.75
1781289600,29719.25,29690,29709.5
1781289900,29712.5,29689.75,29705.25
1781290200,29708.5,29670,29699
1781290500,29698.75,29631.5,29644.5
1781290800,29700.5,29639,29694.5
1781291100,29711.25,29672,29685.25
1781291400,29692.25,29655.5,29664.25
1781291700,29690,29642.5,29687.5
1781292000,29688.25,29662.5,29678.5
1781292300,29697.25,29656,29660.75
1781292600,29668.5,29598.5,29604.75
1781292900,29683.25,29580.75,29613.75
1781293200,29658.75,29601,29636.5
1781293500,29652.5,29608,29635.25
1781293800,29660,29625.75,29658
1781294100,29684,29650,29650.5
1781294400,29689.25,29646.75,29681
1781294700,29705.5,29674.25,29699
1781295000,29719.75,29690,29714.5
1781295300,29730.75,29711.75,29717.75
1781295600,29719.75,29695.5,29697.25
1781295900,29704.75,29686.75,29688.25
1781296200,29692.75,29680.5,29691
1781296500,29691.5,29670,29680.5
1781296800,29704,29677,29677
1781297100,29688,29675,29678.75
1781297400,29682.75,29666.25,29670.25
1781297700,29687,29665.5,29677
1781474400,30347,30100,30323.25
1781474700,30383,30317.5,30371
1781475000,30381,30347.5,30361
1781475300,30375,30323.25,30370.75
1781475600,30395.25,30359,30375.25
1781475900,30383.75,30333,30353
1781476200,30373.25,30305.5,30338.25
1781476500,30349.25,30324,30332.25
1781476800,30348.25,30313,30332.25
1781477100,30360,30325,30358.75
1781477400,30374.25,30347.25,30359.25
1781477700,30368.25,30345,30347.5
1781478000,30368.75,30335.5,30340.5
1781478300,30353,30314.25,30324
1781478600,30334,30315,30317.25
1781478900,30325,30291.25,30299.75
1781479200,30328.25,30282,30323
1781479500,30345,30311.75,30329.75
1781479800,30346,30326,30337.25
1781480100,30351.25,30335.75,30345.5
1781480400,30355.25,30332.75,30338.75
1781480700,30342,30311.25,30328.5
1781481000,30348,30315,30335
1781481300,30360,30332.75,30350.25
1781481600,30395,30339,30384.25
1781481900,30418,30360.5,30413.25
1781482200,30458.5,30412.5,30449
1781482500,30462.75,30427.75,30452.5
1781482800,30465.5,30437.5,30459.25
1781483100,30469,30446.75,30456
1781483400,30460,30445,30448.75
1781483700,30453.5,30436,30439.25
1781484000,30442.5,30426.25,30438.25
1781484300,30452,30428,30442.25
1781484600,30450.5,30426.5,30431.5
1781484900,30440,30427.25,30435.75
1781485200,30448,30422,30443.25
1781485500,30455.25,30428,30446
1781485800,30471,30437.75,30460.25
1781486100,30466.5,30439,30440.5
1781486400,30456.25,30435.5,30450.75
1781486700,30470.5,30440.25,30455.25
1781487000,30470,30440,30467
1781487300,30481.75,30463.5,30472.75
1781487600,30484.5,30466.75,30482.5
1781487900,30484,30474.75,30478.25
1781488200,30486.75,30462.75,30473
1781488500,30473,30452.75,30468
1781488800,30477.5,30461.25,30470.25
1781489100,30481,30465.75,30478
1781489400,30490.25,30474,30483.5
1781489700,30491.5,30480.75,30486.5
1781490000,30497.75,30482.5,30495.75
1781490300,30508,30490.5,30506.25
1781490600,30512,30493.25,30496
1781490900,30505.25,30492,30501
1781491200,30503.25,30487.25,30494.5
1781491500,30504,30491.25,30501.75
1781491800,30508.25,30495,30505.75
1781492100,30507.5,30499.25,30501.25
1781492400,30504.5,30487.75,30496.5
1781492700,30498.25,30484,30493
1781493000,30504,30492.25,30502
1781493300,30522,30501.25,30512
1781493600,30519,30508.5,30514.75
1781493900,30517.5,30502.25,30505.5
1781494200,30519.25,30497.75,30515
1781494500,30518.5,30506.25,30507.25
1781494800,30512,30489.25,30496.25
1781495100,30500.5,30474,30489.75
1781495400,30494.5,30486,30492
1781495700,30493,30481.75,30487.75
1781496000,30494,30472.5,30478.25
1781496300,30486,30474.5,30478.5
1781496600,30482.75,30466.25,30479.75
1781496900,30499.25,30479.5,30497.75
1781497200,30506.25,30493,30503
1781497500,30515,30501,30512.25
1781497800,30530,30505,30524.25
1781498100,30529.25,30515,30521.75
1781498400,30526.25,30511.5,30525
1781498700,30525.25,30515.75,30517.5
1781499000,30522.25,30513.5,30515.5
1781499300,30535.25,30512.5,30529.5
1781499600,30532,30524.75,30528
1781499900,30541.25,30522.5,30539.25
1781500200,30545,30537,30541.75
1781500500,30544.5,30536,30544
1781500800,30550,30533.5,30535
1781501100,30542.25,30527,30535.25
1781501400,30540.75,30513.5,30521.5
1781501700,30530.25,30502.75,30528.75
1781502000,30534,30520,30525
1781502300,30530,30518.5,30523
1781502600,30525.25,30507.5,30518.5
1781502900,30538.25,30512,30536
1781503200,30548,30530.75,30537
1781503500,30542.75,30531,30533.75
1781503800,30539.5,30526.75,30535.75
1781504100,30536.25,30519,30529
1781504400,30549.75,30523,30549
1781504700,30562,30535.5,30542.5
1781505000,30551,30528.25,30529.25
1781505300,30534.5,30521.5,30526.25
1781505600,30556.5,30522.75,30552.75
1781505900,30557.5,30548.25,30551.75
1781506200,30560,30538.75,30541.75
1781506500,30554.25,30537.25,30551.5
1781506800,30553.25,30521.25,30541.75
1781507100,30565.25,30534.5,30538.25
1781507400,30543.5,30521,30533
1781507700,30567.5,30532.25,30557.75
1781508000,30565.25,30534.5,30541
1781508300,30564.5,30538.25,30554.75
1781508600,30565,30538.5,30564.25
1781508900,30572.75,30555.25,30560.75
1781509200,30569.5,30552.25,30555.75
1781509500,30559.25,30542.25,30550.25
1781509800,30569.75,30545,30563.5
1781510100,30564,30542.75,30545.25
1781510400,30592.75,30539,30574.75
1781510700,30581,30554.5,30577.25
1781511000,30588,30566.75,30580.5
1781511300,30586.75,30562.75,30566.5
1781511600,30581.25,30563.25,30572.75
1781511900,30607.75,30572.75,30602.75
1781512200,30610.75,30596.75,30608
1781512500,30615,30602.5,30612.75
1781512800,30617.25,30603.5,30610.75
1781513100,30628.5,30605.25,30608
1781513400,30619.5,30588.75,30595.75
1781513700,30604,30584.75,30591
1781514000,30603.75,30590,30598.5
1781514300,30602.5,30587.75,30595.5
1781514600,30602.75,30573,30578.5
1781514900,30577.75,30557.25,30560.5
1781515200,30561.5,30535.5,30556.5
1781515500,30558,30534,30539.25
1781515800,30540.25,30520.25,30522.75
1781516100,30542.25,30520,30533
1781516400,30540,30522.75,30523
1781516700,30536.25,30509.5,30536.25
1781517000,30548.25,30529.25,30540
1781517300,30557.25,30534.5,30549
1781517600,30561.75,30546.25,30553.5
1781517900,30556.25,30541,30555.75
1781518200,30564.5,30552.75,30561
1781518500,30563.75,30546.25,30554.5
1781518800,30557.5,30541.75,30556.5
1781519100,30572.75,30555.5,30568
1781519400,30569.5,30541.5,30546.5
1781519700,30555.5,30533.5,30535.75
1781520000,30548,30529.5,30547
1781520300,30564.5,30547.25,30564.25
1781520600,30565.5,30553.25,30561.75
1781520900,30569.75,30553.25,30561.25
1781521200,30586.5,30554,30580.5
1781521500,30592.5,30576.25,30585
1781521800,30600.75,30584.5,30595.25
1781522100,30606,30594.5,30603.5
1781522400,30614.5,30602.5,30612.75
1781522700,30621.5,30595,30613.75
1781523000,30623,30592,30595.25
1781523300,30599,30579.25,30597.75
1781523600,30609.5,30572.5,30577.5
1781523900,30595.25,30569.5,30590.25
1781524200,30618.5,30588.75,30616.75
1781524500,30615.75,30597,30598.75
1781524800,30610,30587.5,30599.5
1781525100,30608.5,30592,30599.75
1781525400,30617.25,30595.25,30597.25
1781525700,30605.25,30569.75,30578.75
1781526000,30586.25,30560.5,30577.75
1781526300,30584,30564,30570.25
1781526600,30585.75,30552.5,30555.25
1781526900,30570.25,30549.75,30566.5
1781527200,30581.25,30553.75,30557.5
1781527500,30572.25,30538.5,30569.5
1781527800,30576.5,30556,30564
1781528100,30587,30562.25,30581.5
1781528400,30587.5,30569,30573
1781528700,30584.75,30562.5,30580.75
1781529000,30602.5,30576.5,30601.75
1781529300,30611,30598.5,30606.5
1781529600,30614.75,30593,30609.25
1781529900,30645,30609.75,30633.75
1781530200,30696.25,30601.75,30659
1781530500,30719,30659,30670.25
1781530800,30735.5,30651,30704.75
1781531100,30784,30702.25,30780.5
1781531400,30800,30762.75,30763.25
1781531700,30783.5,30695.25,30703.25
1781532000,30761.75,30688.75,30739.75
1781532300,30764.75,30708,30731.25
1781532600,30753.75,30676.5,30728.5
1781532900,30744.25,30692,30725.25
1781533200,30725.5,30670.25,30699.75
1781533500,30762.75,30694.25,30759.5
1781533800,30769.75,30710.25,30731
1781534100,30748.5,30714.75,30740
1781534400,30741,30698.5,30715.5
1781534700,30739.5,30707.25,30718
1781535000,30759.75,30717.5,30748.75
1781535300,30791.25,30745.5,30776.75
1781535600,30813.5,30772.25,30803.25
1781535900,30828,30796.25,30822.5
1781536200,30824.25,30801,30818.5
1781536500,30825.25,30801,30818.75
1781536800,30839.5,30815.5,30834.25
1781537100,30853,30828.75,30847.25
1781537400,30855.25,30808.75,30811
1781537700,30849,30801.5,30841
1781538000,30850,30830,30834
1781538300,30876.75,30835.25,30873
1781538600,30887.25,30865.5,30878
1781538900,30886.75,30868,30879.5
1781539200,30903.25,30870,30888.25
1781539500,30895.5,30877.25,30890
1781539800,30896.5,30878,30889
1781540100,30894.5,30868.5,30881
1781540400,30908.75,30879,30904.5
1781540700,30918.5,30890.25,30901
1781541000,30914.25,30876.25,30878
1781541300,30890.75,30861,30870.5
1781541600,30894,30862.25,30880.5
1781541900,30880.25,30850.75,30866.25
1781542200,30878.25,30857.25,30861.25
1781542500,30875.25,30852.75,30868.5
1781542800,30881.75,30836.75,30874.25
1781543100,30886.25,30828,30846
1781543400,30866.75,30838.75,30854.5
1781543700,30881.5,30848.25,30867.25
1781544000,30878.25,30845.75,30876
1781544300,30892.75,30865.75,30882.75
1781544600,30892.75,30862.5,30875
1781544900,30889.25,30874.75,30882
1781545200,30885,30870,30874.75
1781545500,30881.25,30861.25,30878
1781545800,30885.25,30862.25,30866.5
1781546100,30870.25,30853.5,30858.75
1781546400,30866.25,30833.5,30838.75
1781546700,30858,30831.25,30855
1781547000,30871.25,30851.5,30867.75
1781547300,30879.5,30861.5,30866.5
1781547600,30871,30853.5,30854.5
1781547900,30863.5,30836.75,30840.5
1781548200,30862,30823.75,30852.75
1781548500,30881.5,30849.75,30879.5
1781548800,30886,30867.75,30881.25
1781549100,30891,30867.25,30879.75
1781549400,30884.5,30866.5,30873
1781549700,30882.25,30853.5,30861.25
1781550000,30873,30845.75,30849.5
1781550300,30863.75,30842,30854.25
1781550600,30869.75,30847.25,30859
1781550900,30872,30849,30855.75
1781551200,30859.25,30834.5,30840.75
1781551500,30850.5,30831.25,30831.75
1781551800,30854.5,30818.25,30839
1781552100,30861.25,30835.5,30856.25
1781552400,30865.5,30850.25,30855.25
1781552700,30877.25,30846.75,30869.5
1781553000,30868.75,30820.25,30843
1781553300,30879.5,30815.25,30873.25
1781553600,30895.75,30867.25,30868.5
1781553900,30875.5,30859.75,30872
1781554200,30877.75,30854.5,30871.25
1781554500,30875,30858.5,30869.5
1781554800,30870.75,30845.5,30848.5
1781555100,30856.25,30844.25,30849
1781555400,30858.25,30847.5,30854.25
1781555700,30856.25,30843.75,30846
1781556000,30848.25,30827.75,30833
1781556300,30842.25,30829.75,30833.25
1781556600,30834.75,30826.5,30832.5
1781556900,30841.5,30828,30831.25
1781560800,30869,30832,30846
1781561100,30852.25,30829.5,30846.75
1781561400,30848.75,30775.75,30797.25
1781561700,30803.75,30786.25,30787
1781562000,30792.75,30768,30773.5
1781562300,30788.75,30755.75,30785.25
1781562600,30794.25,30779.75,30787
1781562900,30793.5,30771.75,30777.25
1781563200,30782.25,30773.25,30780.75
1781563500,30789.25,30776,30776
1781563800,30817.75,30775.25,30794.5
1781564100,30812,30794.25,30807
1781564400,30819,30796.25,30805.25
1781564700,30813.5,30796.75,30805
1781565000,30812.25,30802.75,30804.5
1781565300,30809.75,30794.25,30794.75
1781565600,30818.25,30794.5,30815.25
1781565900,30831.75,30811.75,30827.75
1781566200,30830.25,30808.75,30815.5
1781566500,30822.25,30805.5,30819
1781566800,30824.5,30811,30822
1781567100,30829.75,30812.5,30818.25
1781567400,30838.75,30810,30837
1781567700,30845,30824.5,30835.25
1781568000,30847.5,30795.25,30813
1781568300,30843.25,30805.75,30837.25
1781568600,30843,30830.25,30834
1781568900,30845.25,30822,30831.75
1781569200,30833.25,30802.5,30809.5
1781569500,30833,30800.5,30832.5
1781569800,30853.5,30826.25,30836.25
1781570100,30837.5,30807.5,30814.5
1781570400,30833,30805.5,30810
1781570700,30819,30785.5,30787.5
1781571000,30790.75,30767,30780
1781571300,30794.75,30775.25,30776.5
1781571600,30796.75,30771.75,30795.25
1781571900,30795.25,30755.25,30758.5
1781572200,30780,30758.25,30774.75
1781572500,30795.25,30768.75,30776.75
1781572800,30790.75,30775,30777.75
1781573100,30795.5,30777.75,30787
1781573400,30794,30777.5,30788.25
1781573700,30798.75,30774,30792.75
1781574000,30794,30780.5,30788
1781574300,30804,30785.5,30798.25
1781574600,30802.25,30777.5,30784
1781574900,30786.25,30768.75,30784.25
1781575200,30793.5,30772.5,30779.5
1781575500,30800,30775.25,30787.75
1781575800,30788.5,30769.5,30776.75
1781576100,30793,30776.5,30783.75
1781576400,30792.5,30780.75,30783.25
1781576700,30786.5,30778.25,30780
1781577000,30798.25,30779,30794.75
1781577300,30807,30793.25,30795.75
1781577600,30799,30790,30798
1781577900,30801.5,30792.75,30795.25
1781578200,30796,30776.75,30779
1781578500,30790.75,30773,30783
1781578800,30789.75,30779,30788
1781579100,30799.75,30786.75,30792.25
1781579400,30794.75,30782.25,30782.25
1781579700,30801,30780.5,30799.25
1781580000,30813.75,30795.25,30812.25
1781580300,30826,30810.25,30813.75
1781580600,30841.75,30812.5,30836.5
1781580900,30851.75,30835.75,30850.25
1781581200,30857.25,30842.5,30847.5
1781581500,30847.75,30833.25,30840.75
1781581800,30845.5,30823.5,30825.5
1781582100,30833.75,30821.75,30831
1781582400,30836.75,30829,30830.25
1781582700,30832.5,30820.5,30823.75
1781583000,30832.5,30822,30830.75
1781583300,30835,30810.25,30813
1781583600,30832,30812.5,30826.5
1781583900,30830,30819,30823.75
1781584200,30827.25,30816.25,30821.75
1781584500,30830,30817,30829.5
1781584800,30831,30815.75,30817.5
1781585100,30819.5,30803.5,30809.25
1781585400,30809.25,30793.5,30799.25
1781585700,30818.75,30795.75,30814.5
1781586000,30830.75,30815,30826.75
1781586300,30830,30820,30827
1781586600,30844.5,30825.75,30833.5
1781586900,30846,30832,30842
1781587200,30844,30831,30835
1781587500,30837.5,30830.5,30834
1781587800,30839.25,30796.75,30797
1781588100,30817.75,30795.75,30810
1781588400,30815.25,30801,30808.25
1781588700,30824.5,30808,30810
1781589000,30825.75,30807.75,30813.75
1781589300,30818.75,30802.5,30806.25
1781589600,30828,30797.5,30823.75
1781589900,30833.75,30817.25,30827.25
1781590200,30838,30821.75,30826
1781590500,30830,30817,30820.25
1781590800,30825.5,30812,30824.5
1781591100,30833,30823.5,30832
1781591400,30837.25,30822,30825.5
1781591700,30835.25,30818,30821.5
1781592000,30829,30815.25,30816.5
1781592300,30822.25,30810.5,30815
1781592600,30828,30813.5,30827
1781592900,30834,30823.5,30828.5
1781593200,30843.5,30818.5,30820.5
1781593500,30845.25,30814.75,30841
1781593800,30848.25,30820,30821.75
1781594100,30838.5,30817.5,30834.25
1781594400,30837.25,30819.25,30823.75
1781594700,30843.25,30824,30839.5
1781595000,30843.75,30831.25,30833.5
1781595300,30845.25,30832.5,30840
1781595600,30842.75,30809,30809.75
1781595900,30820.5,30804.75,30814.75
1781596200,30836.75,30812.75,30832
1781596500,30841.75,30829.25,30839.5
1781596800,30863.5,30828.25,30860.25
1781597100,30879,30854,30876
1781597400,30886.5,30866.25,30871
1781597700,30891.75,30871,30887
1781598000,30891,30873.25,30881
1781598300,30903.25,30874.25,30902.75
1781598600,30906.75,30882,30891.75
1781598900,30897.25,30864,30877.5
1781599200,30888.5,30869.5,30887.5
1781599500,30888.75,30871.25,30883.75
1781599800,30934.75,30883.75,30927.5
1781600100,30944.25,30919.75,30926.75
1781600400,30931.75,30913.5,30926
1781600700,30931.75,30917.25,30926.25
1781601000,30931.5,30918,30921.25
1781601300,30924.5,30882.5,30884.75
1781601600,30902.75,30880.5,30900.5
1781601900,30903.5,30883.5,30886.25
1781602200,30909.5,30885.25,30903.25
1781602500,30906.5,30886.5,30892.5
1781602800,30892.25,30870.5,30881.25
1781603100,30885.25,30868.5,30877
1781603400,30888.5,30876.25,30885.5
1781603700,30886.5,30862.75,30870
1781604000,30879.5,30869.5,30875
1781604300,30892.75,30874.75,30892.5
1781604600,30898.5,30884,30897.75
1781604900,30902.5,30887.25,30889.25
1781605200,30905.75,30885.25,30900.25
1781605500,30916,30901.5,30908
1781605800,30914,30895.25,30907.5
1781606100,30932.5,30901.5,30931.5
1781606400,30931.5,30919.5,30922.5
1781606700,30930,30917.25,30925
1781607000,30935.5,30912.25,30924
1781607300,30937,30920.75,30934
1781607600,30957.75,30922.5,30953
1781607900,30961.5,30941.5,30944.5
1781608200,30964.25,30940.25,30958.75
1781608500,30974,30949.25,30970
1781608800,30975.5,30951.75,30956.5
1781609100,30957.25,30937,30950.5
1781609400,30956.25,30942.5,30945.75
1781609700,30950,30928.25,30945.25
1781610000,30959.25,30941,30956.25
1781610300,30960.75,30943.75,30944.5
1781610600,30954.75,30940,30943.5
1781610900,30947.75,30938.25,30940.5
1781611200,30950.75,30933.75,30937.75
1781611500,30952.5,30936,30946.25
1781611800,30950.75,30921,30922.25
1781612100,30923,30893.75,30903.75
1781612400,30904.25,30845,30848
1781612700,30870.75,30837,30861.75
1781613000,30872.25,30833,30861
1781613300,30866.5,30836.75,30847.5
1781613600,30855,30823.75,30830.75
1781613900,30842.75,30814.5,30828.75
1781614200,30849.75,30825.25,30834.5
1781614500,30845.75,30826,30826.25
1781614800,30835.75,30811.5,30821
1781615100,30821.5,30788.75,30793.25
1781615400,30822.25,30783.75,30821
1781615700,30838.5,30809.25,30834
1781616000,30845.75,30831.5,30838.75
1781616300,30841.75,30807.75,30811.75
1781616600,30818.5,30750.75,30792.25
1781616900,30839.75,30780,30782
1781617200,30860.75,30780,30818.25
1781617500,30883.5,30812.75,30861.5
1781617800,30884.25,30843.75,30869.5
1781618100,30889,30799.75,30807.5
1781618400,30839.5,30793,30830.25
1781618700,30857.75,30803,30852.25
1781619000,30856.25,30799.75,30816.5
1781619300,30826,30730,30738.75
1781619600,30770.25,30672,30713.25
1781619900,30752.5,30678,30681.25
1781620200,30682.5,30591,30608.25
1781620500,30680.5,30605.75,30673.25
1781620800,30715,30652.5,30681.25
1781621100,30682,30624.25,30628.75
1781621400,30672.5,30622,30629.5
1781621700,30634.5,30561.75,30601.75
1781622000,30640.25,30591.5,30631.75
1781622300,30653.75,30610.5,30637.5
1781622600,30664.5,30611,30622.75
1781622900,30648.5,30593.25,30595
1781623200,30615,30535,30561.5
1781623500,30573.5,30500.25,30536.5
1781623800,30571,30534,30554.5
1781624100,30576.5,30485,30503.75
1781624400,30519.75,30465.5,30474
1781624700,30490,30407.5,30432
1781625000,30516.25,30409,30508.25
1781625300,30530,30465.25,30467.25
1781625600,30545.75,30463.75,30528.5
1781625900,30557.75,30513.25,30539.25
1781626200,30566.25,30522.75,30532.75
1781626500,30556.25,30512.75,30545.25
1781626800,30573,30533,30549
1781627100,30555.5,30524.5,30536.5
1781627400,30541.75,30469,30470.25
1781627700,30494.25,30446,30470.25
1781628000,30512,30457.25,30499.75
1781628300,30523,30478,30495.25
1781628600,30525,30474.5,30482.75
1781628900,30497.25,30450.5,30495.75
1781629200,30497.25,30453,30476.25
1781629500,30480.25,30457,30468.25
1781629800,30496.75,30460.75,30478.5
1781630100,30491,30450.75,30455.5
1781630400,30473.25,30427.5,30472.5
1781630700,30477.75,30447.75,30458.25
1781631000,30468,30432.75,30448.75
1781631300,30455,30403.25,30415.25
1781631600,30464.75,30404.5,30449
1781631900,30475.75,30432.25,30475.75
1781632200,30510.25,30463.25,30510.25
1781632500,30520.5,30475,30477
1781632800,30496.25,30471.75,30490.75
1781633100,30495.75,30472.75,30483.25
1781633400,30493.25,30473,30474.75
1781633700,30476.25,30445.25,30453.75
1781634000,30468.5,30447,30461
1781634300,30485.25,30457.25,30471
1781634600,30477.5,30441.5,30445
1781634900,30464.75,30427,30459.25
1781635200,30469,30449.75,30463.75
1781635500,30470.25,30434.5,30438.25
1781635800,30454.25,30431,30441
1781636100,30454.75,30424.25,30442.5
1781636400,30480.25,30422,30475
1781636700,30479,30435.75,30438.75
1781637000,30447,30389.75,30402.25
1781637300,30405,30341.25,30401.5
1781637600,30439,30396.75,30434.75
1781637900,30450.75,30420.75,30444.75
1781638200,30461.5,30420.75,30423.25
1781638500,30443,30372.75,30379.75
1781638800,30416.75,30366.75,30413.25
1781639100,30418,30381.5,30396
1781639400,30422.75,30350.5,30391
1781639700,30391.25,30302,30310
1781640000,30322,30294.5,30313.25
1781640300,30330.75,30308.25,30308.75
1781640600,30320,30301,30308
1781640900,30309,30273.75,30281.25
1781641200,30306,30280.75,30303
1781641500,30312,30300.25,30301.75
1781641800,30309.5,30296,30303.25
1781642100,30311.25,30291.5,30306.75
1781642400,30315,30305,30311.5
1781642700,30317,30308.5,30316
1781643000,30316,30299.75,30303.5
1781643300,30312,30296.5,30300.25
1781647200,30364.5,30314,30335.25
1781647500,30366.75,30331.75,30364.75
1781647800,30374,30358.75,30363
1781648100,30372,30355.5,30358.5
1781648400,30376.75,30344.25,30372
1781648700,30375.75,30366,30367.75
1781649000,30382.75,30367,30379.25
1781649300,30381.5,30370,30376.25
1781649600,30377.25,30335.5,30363.25
1781649900,30368.75,30352.75,30365
1781650200,30387.5,30362.75,30384.5
1781650500,30388.75,30376.25,30379.25
1781650800,30381.25,30348.5,30361.75
1781651100,30369.5,30345.25,30361.5
1781651400,30362.75,30325,30350
1781651700,30353.5,30339,30345.25
1781652000,30346.5,30326.25,30336.75
1781652300,30341.5,30330.5,30333.25
1781652600,30347.75,30330.5,30343.5
1781652900,30356.5,30322.25,30329.75
1781653200,30334.75,30319.5,30331
1781653500,30349,30321.25,30326.75
1781653800,30337.25,30308,30336
1781654100,30337.5,30312.5,30329.5
1781654400,30381.75,30330,30370.75
1781654700,30374.25,30351.25,30371
1781655000,30377.75,30355.75,30356.25
1781655300,30385.25,30356.25,30372.75
1781655600,30380.75,30356.25,30369.75
1781655900,30381,30368.25,30379.5
1781656200,30400.75,30372.5,30391.25
1781656500,30404,30388,30393.75
1781656800,30402,30387.75,30390.25
1781657100,30392,30370.75,30386.75
1781657400,30387.5,30367,30376.25
1781657700,30388.5,30372.75,30383.75
1781658000,30402,30367,30395.25
1781658300,30409.5,30390,30403.75
1781658600,30410,30398,30401
1781658900,30410,30388.5,30408.25
1781659200,30419.75,30404.25,30418
1781659500,30423.25,30415.5,30417.25
1781659800,30425.75,30411,30421.25
1781660100,30432.5,30419.5,30431.25
1781660400,30440.75,30419.75,30423.5
1781660700,30439,30423,30430
1781661000,30439.75,30429,30438.25
1781661300,30449.5,30436.75,30446.75
1781661600,30448,30439.75,30442
1781661900,30449.75,30437.25,30445.5
1781662200,30456.5,30443.5,30455
1781662500,30455.75,30442,30447
1781662800,30460.25,30446.75,30458.5
1781663100,30463.5,30449,30452.25
1781663400,30453.25,30439,30441.75
1781663700,30446.75,30433.25,30435.5
1781664000,30451.5,30435,30451.25
1781664300,30457,30435.25,30441
1781664600,30443.25,30432.25,30436
1781664900,30447.75,30436,30440.5
1781665200,30452.25,30437.75,30445
1781665500,30456.5,30440.75,30444
1781665800,30449.75,30430.25,30432.5
1781666100,30435.25,30422.5,30429
1781666400,30430.5,30417,30426
1781666700,30436,30424,30432.25
1781667000,30439.5,30428.5,30436.75
1781667300,30446.75,30434.5,30446
1781667600,30465,30442.75,30455.75
1781667900,30464,30453,30459.5
1781668200,30472.5,30455,30466.5
1781668500,30469.5,30461.5,30465.5
1781668800,30470.75,30458,30468.5
1781669100,30472.25,30459,30465.25
1781669400,30469.75,30461,30464.25
1781669700,30482,30461.75,30476.25
1781670000,30481.5,30473.25,30480.25
1781670300,30481.75,30473,30473.75
1781670600,30478.5,30461.25,30463.25
1781670900,30467.5,30457.25,30458.25
1781671200,30463.75,30447,30452.5
1781671500,30481.25,30451.5,30475.5
1781671800,30485,30471,30481.75
1781672100,30487,30478.5,30486.5
1781672400,30499,30481.5,30496.25
1781672700,30499,30486,30487.25
1781673000,30489.25,30480.5,30484.5
1781673300,30496.75,30480,30494.5
1781673600,30505,30493.5,30499.5
1781673900,30505,30489.25,30491.5
1781674200,30502.25,30488,30502.25
1781674500,30520.75,30501,30518.5
1781674800,30518.75,30508.5,30511.5
1781675100,30526.75,30510,30523.25
1781675400,30526,30510.5,30511
1781675700,30514.25,30495.5,30500.25
1781676000,30515.5,30491,30511.5
1781676300,30523.25,30503,30517
1781676600,30518.25,30502,30511.5
1781676900,30516.5,30504.25,30509.75
1781677200,30517,30501,30508.25
1781677500,30508.5,30489,30492
1781677800,30521.75,30484.5,30520
1781678100,30523.75,30512.5,30523
1781678400,30535.75,30519,30532.75
1781678700,30540,30531.25,30538.25
1781679000,30539,30530,30533.5
1781679300,30546,30531.25,30543.75
1781679600,30562.25,30543.75,30555.75
1781679900,30565.75,30554.25,30563.5
1781680200,30579.25,30561,30575.25
1781680500,30579.25,30553.25,30558.75
1781680800,30559.5,30540.75,30544
1781681100,30552.25,30538.5,30552
1781681400,30562.25,30544,30547.5
1781681700,30570,30546.75,30568.75
1781682000,30573.5,30559.5,30560.5
1781682300,30565.75,30549.75,30553
1781682600,30566.25,30549.25,30556.25
1781682900,30566.25,30554.5,30559.5
1781683200,30576,30551.25,30557
1781683500,30584.25,30555.5,30579.5
1781683800,30580.25,30534,30539.25
1781684100,30550.5,30528.5,30531.25
1781684400,30544,30525.25,30536.25
1781684700,30542.75,30513.75,30519.5
1781685000,30525.25,30492.25,30500.25
1781685300,30504.25,30478,30483
1781685600,30502.75,30478.75,30486
1781685900,30488.25,30465.5,30468
1781686200,30500.5,30464.5,30495
1781686500,30514.25,30490.25,30509.25
1781686800,30525.75,30506.5,30518.5
1781687100,30524,30505,30508.5
1781687400,30508.5,30491.5,30505.25
1781687700,30515.25,30492,30497.75
1781688000,30512.75,30492.75,30507.75
1781688300,30519.5,30507.5,30516.25
1781688600,30527,30496.75,30499.25
1781688900,30506,30485.5,30494.5
1781689200,30501.75,30488.5,30498.75
1781689500,30505.25,30480.75,30482.75
1781689800,30483,30448.5,30462
1781690100,30466.5,30448.25,30461.75
1781690400,30465,30427,30438.25
1781690700,30450.25,30420,30447
1781691000,30453.75,30434.25,30450.25
1781691300,30458,30437.75,30437.75
1781691600,30479.5,30436,30476
1781691900,30478,30461.75,30462.5
1781692200,30470.5,30451.75,30455.75
1781692500,30471,30451.5,30469.5
1781692800,30486.75,30462.25,30485.25
1781693100,30488.5,30472,30481.5
1781693400,30498.5,30470.5,30474.5
1781693700,30480.75,30452.25,30459.5
1781694000,30468.75,30440.25,30462
1781694300,30483.75,30456,30467.5
1781694600,30483,30465.75,30479.25
1781694900,30490.75,30473.5,30488.75
1781695200,30493.5,30477.5,30479.5
1781695500,30482,30461,30469.5
1781695800,30472,30458.75,30465.75
1781696100,30468.25,30456,30462
1781696400,30469.5,30432.75,30437
1781696700,30445.5,30413.5,30423
1781697000,30428.5,30407.25,30411
1781697300,30416.75,30387.25,30415
1781697600,30437.25,30414.75,30433.75
1781697900,30455.25,30425.5,30451.75
1781698200,30465,30444.75,30459.5
1781698500,30462.25,30440.5,30454.25
1781698800,30474.75,30448,30466.25
1781699100,30479.75,30460,30461.5
1781699400,30503.25,30460,30490.5
1781699700,30520.75,30485,30487.5
1781700000,30513.5,30476.75,30507
1781700300,30513.5,30494.5,30502.25
1781700600,30511.5,30495.75,30503
1781700900,30503.25,30483,30491
1781701200,30494.5,30475,30490
1781701500,30490.75,30465,30473.75
1781701800,30492,30468,30481.25
1781702100,30510,30479.75,30505.75
1781702400,30507.5,30488.75,30501.75
1781702700,30532.25,30492.5,30527
1781703000,30528,30419.75,30441
1781703300,30474.25,30398,30409
1781703600,30524.5,30399.5,30519.5
1781703900,30540.75,30451.25,30452
1781704200,30485,30426.5,30472.75
1781704500,30477.25,30346,30347.75
1781704800,30403.75,30319.75,30389
1781705100,30427.5,30349,30384.75
1781705400,30449,30356.75,30444
1781705700,30489.25,30434.75,30469
1781706000,30544.75,30457,30540.75
1781706300,30543.25,30488.75,30509.25
1781706600,30515.75,30429.25,30460
1781706900,30478.75,30410,30423.25
1781707200,30448,30373.75,30434
1781707500,30462.75,30289,30370.5
1781707800,30434.5,30354.25,30426.25
1781708100,30427.25,30352.5,30358.25
1781708400,30403.5,30352.75,30383.25
1781708700,30413.5,30346.25,30359
1781709000,30424.75,30354.25,30410
1781709300,30461,30396.75,30423.25
1781709600,30443,30397.75,30413.75
1781709900,30424.75,30393.5,30417.25
1781710200,30449.25,30400.5,30431.75
1781710500,30450.5,30416,30445.25
1781710800,30448.75,30402.75,30414.75
1781711100,30446,30412,30443.5
1781711400,30454.25,30427.5,30430.5
1781711700,30458.75,30422,30448.75
1781712000,30471.25,30444,30448.5
1781712300,30463.75,30437.75,30451.5
1781712600,30453,30421.5,30440.25
1781712900,30456.25,30427,30456
1781713200,30466.25,30445.25,30460
1781713500,30472.5,30445.75,30458.25
1781713800,30471.5,30433,30439.5
1781714100,30462.75,30434.75,30458.75
1781714400,30459.75,30415.5,30430.75
1781714700,30431,30397,30406
1781715000,30421,30396,30399
1781715300,30414.75,30397.75,30408.75
1781715600,30410.25,30362.25,30369.75
1781715900,30394.25,30325,30379
1781716200,30394.75,30375.5,30376.75
1781716500,30387.75,30352.5,30386.75
1781716800,30414.5,30374.5,30404
1781717100,30425.5,30397.25,30418
1781717400,30418.75,30384.5,30388.25
1781717700,30420,30381,30413.75
1781718000,30415.75,30390.75,30394.25
1781718300,30416.25,30384.75,30410.75
1781718600,30460.25,30398.5,30446.25
1781718900,30502.25,30431.25,30471.75
1781719200,30481,30170.25,30176
1781719500,30269.5,30072.25,30256.25
1781719800,30292.25,30219,30255.75
1781720100,30340.5,30254.25,30323
1781720400,30328.75,30219.75,30234.25
1781720700,30263,30180.5,30241.75
1781721000,30352.25,30204.5,30230.25
1781721300,30399.25,30229.75,30362.25
1781721600,30520,30361.25,30504.25
1781721900,30508.5,30426.25,30452.5
1781722200,30480,30407.75,30417.5
1781722500,30420.75,30220.5,30275.75
1781722800,30356.75,30255,30294.75
1781723100,30339.5,30272,30289.75
1781723400,30370.25,30201.25,30354.25
1781723700,30361.75,30217.25,30218.25
1781724000,30222.75,30101.25,30103.25
1781724300,30204.25,30102.25,30128.5
1781724600,30163.75,30058,30058.75
1781724900,30123,29935.25,29963.25
1781725200,29990,29931.5,29961.75
1781725500,30055,29943.5,30015
1781725800,30014.75,29922,29949.75
1781726100,30045.5,29945,29995.25
1781726400,30090,29993.25,30043.75
1781726700,30054.75,30015.75,30050.75
1781727000,30076,30022,30028
1781727300,30095.75,30015.25,30088.75
1781727600,30132.5,30089.5,30107.5
1781727900,30134,30104.5,30123.75
1781728200,30134.5,30110.75,30127.5
1781728500,30159.5,30125.25,30152.75
1781728800,30153.25,30128.5,30134
1781729100,30134.75,30113.25,30114.25
1781729400,30131.5,30109.75,30129.25
1781729700,30141.25,30124.75,30140.75
1781733600,30158.25,30092.25,30112.75
1781733900,30184.5,30113.75,30181.75
1781734200,30204.25,30178,30189
1781734500,30203.5,30182,30188.5
1781734800,30251.25,30187.5,30243
1781735100,30254.75,30219.5,30228.5
1781735400,30235.75,30219.75,30224.5
1781735700,30248,30224.75,30234.5
1781736000,30236.75,30223.75,30229.75
1781736300,30251.75,30229,30248.75
1781736600,30259.25,30242.75,30253.25
1781736900,30255,30232,30236
1781737200,30253.5,30232.75,30251.75
1781737500,30252.5,30225,30249
1781737800,30264.75,30242.25,30262.25
1781738100,30275.75,30258.75,30274.75
1781738400,30295.5,30274,30291.75
1781738700,30300.5,30288.75,30290
1781739000,30305.75,30285.75,30296.75
1781739300,30297.25,30272.25,30282.75
1781739600,30285.5,30268.5,30275.5
1781739900,30290.5,30269.5,30285
1781740200,30297.5,30276.75,30291.75
1781740500,30313.75,30284.75,30313.5
1781740800,30371.5,30306.25,30361.25
1781741100,30412,30360.25,30401
1781741400,30424.5,30390,30417.75
1781741700,30432.25,30396.5,30397.25
1781742000,30407.25,30378.25,30384
1781742300,30385,30355.75,30383
1781742600,30407.75,30382,30398.5
1781742900,30414.75,30378.25,30412.25
1781743200,30416.5,30387,30409.75
1781743500,30414.75,30393.5,30397.5
1781743800,30398,30354,30384
1781744100,30385,30362.5,30366.75
1781744400,30425,30363,30416
1781744700,30428.5,30402.5,30418.75
1781745000,30439,30415.75,30430
1781745300,30433.75,30395.75,30406.5
1781745600,30428.25,30402.75,30411
1781745900,30433.25,30403.5,30407.5
1781746200,30425.5,30405.5,30409.25
1781746500,30411.75,30395,30398.75
1781746800,30411,30390,30398.25
1781747100,30398.25,30368,30380
1781747400,30400.75,30375.25,30388.5
1781747700,30393.5,30368.5,30381.25
1781748000,30405.75,30373,30402.5
1781748300,30423.25,30401.75,30417.75
1781748600,30431,30408.25,30418.25
1781748900,30421,30400,30403
1781749200,30410,30394,30407.25
1781749500,30408.25,30394.75,30401.25
1781749800,30411,30372.75,30407.5
1781750100,30409,30386,30405.25
1781750400,30410.75,30400.75,30406
1781750700,30413.5,30392.25,30400.5
1781751000,30414.5,30397,30406.75
1781751300,30408,30395.5,30400.5
1781751600,30412.25,30398.75,30402.75
1781751900,30407.75,30388,30388.5
1781752200,30392.5,30376.5,30380.75
1781752500,30390,30377,30388
1781752800,30405.75,30384.5,30400.5
1781753100,30410.75,30395.75,30404.25
1781753400,30419,30396.5,30398
1781753700,30400.75,30365.5,30374.25
1781754000,30381.75,30370.25,30378.5
1781754300,30395.25,30377.75,30394.25
1781754600,30402.25,30390,30399.25
1781754900,30408.5,30395.75,30400.5
1781755200,30405.25,30386,30387.5
1781755500,30388,30370,30377.75
1781755800,30380.75,30351.75,30357.75
1781756100,30370.5,30343.25,30343.75
1781756400,30346.75,30327.25,30332.5
1781756700,30338.5,30322.25,30331.75
1781757000,30335.25,30312,30320.25
1781757300,30329.5,30306.75,30307.25
1781757600,30315.25,30293.75,30297
1781757900,30314,30284,30312.25
1781758200,30345.5,30310.25,30339.75
1781758500,30348.25,30328,30341.25
1781758800,30357,30324,30352.25
1781759100,30361,30345,30353
1781759400,30359.75,30335.5,30340
1781759700,30371.75,30336.5,30365
1781760000,30372.75,30358,30361.25
1781760300,30370.75,30352.75,30362.5
1781760600,30378,30360.75,30367.75
1781760900,30370.5,30337.25,30352.75
1781761200,30368.75,30348.75,30352.75
1781761500,30356.5,30340.75,30347.75
1781761800,30350.25,30336,30344.5
1781762100,30357.25,30341.25,30354.5
1781762400,30369.75,30329.25,30361.25
1781762700,30362,30321.5,30327.25
1781763000,30346.25,30322.75,30343
1781763300,30355.75,30323,30328
1781763600,30351.75,30325.75,30343.5
1781763900,30384.5,30335,30381
1781764200,30381,30360.5,30367
1781764500,30369,30344,30353.75
1781764800,30354,30334.5,30351.25
1781765100,30380,30350.5,30379
1781765400,30381,30368.75,30374
1781765700,30426.5,30372.75,30420.25
1781766000,30428.75,30406.5,30428.5
1781766300,30438.25,30411.75,30424.25
1781766600,30427.5,30387,30393.75
1781766900,30406.5,30382.75,30401
1781767200,30419,30398.75,30414.75
1781767500,30434.75,30410.25,30429.5
1781767800,30429.5,30400.25,30419.75
1781768100,30429.25,30411.25,30417.5
1781768400,30424.75,30410.5,30424.75
1781768700,30427.5,30410,30423.75
1781769000,30424.5,30408.5,30411.5
1781769300,30445.25,30409.75,30444.25
1781769600,30462.5,30439.5,30454.25
1781769900,30494,30448.75,30489.5
1781770200,30499.25,30476.25,30481
1781770500,30486.25,30465.25,30468.5
1781770800,30471,30428.5,30438
1781771100,30438.5,30422.25,30430.25
1781771400,30448.25,30422,30436.75
1781771700,30450,30424.25,30448
1781772000,30467.5,30442.75,30451.5
1781772300,30456,30431.75,30454.25
1781772600,30454,30417.5,30430.5
1781772900,30437.5,30387.25,30396
1781773200,30421.75,30387.25,30421
1781773500,30432.5,30416.5,30420.75
1781773800,30433.5,30405.5,30428
1781774100,30449.5,30428.5,30438.5
1781774400,30438,30423.25,30429.25
1781774700,30437.25,30424.5,30435.25
1781775000,30441.75,30424.25,30431
1781775300,30459.25,30426.75,30456
1781775600,30464,30450.5,30458.75
1781775900,30490.5,30458.25,30481.75
1781776200,30490,30480.25,30483.25
1781776500,30496,30479.75,30488.75
1781776800,30491.5,30471,30475.5
1781777100,30486,30463.25,30469.75
1781777400,30486,30461.5,30483.75
1781777700,30489.25,30478.25,30489.25
1781778000,30494.5,30471.5,30471.75
1781778300,30491.5,30468.75,30474.5
1781778600,30486.75,30451.75,30456.75
1781778900,30463.25,30451.5,30455.5
1781779200,30459.25,30427.25,30428.5
1781779500,30441.25,30420,30432.5
1781779800,30443,30429.5,30432.25
1781780100,30441.5,30430.25,30434.75
1781780400,30457.75,30428.25,30446
1781780700,30453,30395,30403.25
1781781000,30410,30383,30407.75
1781781300,30413.5,30376.5,30383.5
1781781600,30398.5,30367.5,30385.5
1781781900,30416.25,30383.25,30403.25
1781782200,30418.25,30392.5,30407.75
1781782500,30415.25,30376.75,30385.5
1781782800,30398,30359.5,30393.25
1781783100,30400.5,30386.25,30394.75
1781783400,30422.5,30384.75,30417.25
1781783700,30424,30409.25,30423
1781784000,30428.25,30411.5,30420
1781784300,30421.5,30397,30400.5
1781784600,30440,30398.75,30433
1781784900,30442,30420,30439.75
1781785200,30463.5,30438.25,30463.5
1781785500,30474,30459.75,30470.5
1781785800,30483.25,30457.25,30461
1781786100,30488,30458.25,30469.5
1781786400,30492,30463.25,30477.5
1781786700,30503,30473,30501
1781787000,30506,30487,30500
1781787300,30536.5,30498,30515.25
1781787600,30515.5,30469,30473.5
1781787900,30500,30468.25,30490.5
1781788200,30523.25,30482.25,30516
1781788500,30543.25,30513.75,30527.25
1781788800,30557,30525.75,30541
1781789100,30612.5,30540.25,30594.5
1781789400,30615,30482.5,30485.25
1781789700,30502.5,30408.5,30451.25
1781790000,30483.75,30392,30402
1781790300,30502.5,30402,30496.5
1781790600,30540.5,30448.75,30463.25
1781790900,30485.25,30405,30467
1781791200,30531.25,30448.75,30514.25
1781791500,30592,30506.5,30563.5
1781791800,30570.5,30501.5,30523
1781792100,30613.75,30500,30599.25
1781792400,30643,30566,30623.75
1781792700,30627.75,30505,30521.25
1781793000,30547,30463.25,30547
1781793300,30606.75,30522.5,30596.75
1781793600,30609.75,30551.25,30572.25
1781793900,30661,30570,30646.75
1781794200,30647.5,30595,30616
1781794500,30651.5,30602.25,30623.25
1781794800,30634.25,30582.5,30622.75
1781795100,30652,30607.5,30636.5
1781795400,30675.75,30627,30628.5
1781795700,30646.25,30597,30609.5
1781796000,30631.75,30580.5,30594.5
1781796300,30631,30570.5,30582.75
1781796600,30616.75,30565,30589.5
1781796900,30591,30501.5,30542.75
1781797200,30576.5,30517.5,30537
1781797500,30561.25,30496,30548.5
1781797800,30624.75,30548.25,30601.75
1781798100,30651.5,30600.75,30640.5
1781798400,30666.25,30632,30638.25
1781798700,30673.75,30628.75,30652
1781799000,30664.25,30638.5,30652.75
1781799300,30656.75,30629.75,30652
1781799600,30690.75,30648.5,30671.75
1781799900,30688.75,30659.25,30682.25
1781800200,30686.75,30663.75,30677
1781800500,30707.5,30663,30695.75
1781800800,30708.5,30684.75,30692
1781801100,30699.75,30680.25,30691.75
1781801400,30692,30659.25,30664.25
1781801700,30686.75,30651.25,30685
1781802000,30700,30657.25,30698.25
1781802300,30726,30694.25,30706.75
1781802600,30722.5,30698.5,30712.5
1781802900,30734.75,30703.25,30725.25
1781803200,30734.75,30704.5,30705
1781803500,30710.25,30692,30709.25
1781803800,30737.75,30709,30726.25
1781804100,30730.25,30710.75,30713.25
1781804400,30732,30708.25,30724
1781804700,30732,30715,30721.75
1781805000,30734,30714.75,30716.5
1781805300,30718,30702.5,30708.5
1781805600,30722.75,30688.75,30697.5
1781805900,30716.25,30693,30703
1781806200,30719,30698,30698
1781806500,30701.25,30679.5,30689.75
1781806800,30710.75,30682.75,30696.25
1781807100,30708.25,30689.25,30693
1781807400,30694.5,30671,30677.75
1781807700,30685,30666,30671.5
1781808000,30684.75,30666.75,30677
1781808300,30704,30672.5,30702.5
1781808600,30719.75,30689.25,30703.5
1781808900,30712,30678.5,30690.5
1781809200,30702.5,30660,30675
1781809500,30683.75,30665.75,30672
1781809800,30672.25,30645,30653.25
1781810100,30682,30647.25,30681
1781810400,30698.25,30674.25,30677.5
1781810700,30700.25,30673,30688.25
1781811000,30691,30659.25,30683
1781811300,30721.75,30681,30720.75
1781811600,30749.25,30712.25,30746.5
1781811900,30783.25,30742,30764
1781812200,30773.75,30716.5,30749
1781812500,30774,30693,30693
1781812800,30719.75,30682,30718.25
1781813100,30722.75,30697.5,30699.5
1781813400,30726.75,30693.75,30714.5
1781813700,30729,30705.5,30728.25
1781814000,30743.75,30727,30729.75
1781814300,30737,30723,30730.25
1781814600,30747.75,30729.25,30733.75
1781814900,30740.25,30729,30730.25
1781815200,30732,30713.5,30719.25
1781815500,30721.5,30710,30712.75
1781815800,30715.75,30706.75,30713.5
1781816100,30729.25,30711,30726.5
1781820000,30771,30725.5,30735.5
1781820300,30738.25,30712.25,30719.5
1781820600,30729.5,30715,30726
1781820900,30726.75,30692,30694.5
1781821200,30697.5,30675.5,30684.25
1781821500,30693.5,30674.25,30687.25
1781821800,30688.75,30673.25,30675.75
1781822100,30677.25,30653.25,30655.5
1781822400,30664.25,30650.75,30661.25
1781822700,30679.25,30650,30677.5
1781823000,30679.5,30667.25,30674.25
1781823300,30674.75,30660,30663.25
1781823600,30683.75,30657,30675.75
1781823900,30677,30660,30674.25
1781824200,30689.5,30667,30668
1781824500,30680.25,30667,30673
1781824800,30698.5,30672.75,30684.75
1781825100,30689.5,30674.25,30683.75
1781825400,30691.75,30671,30682.25
1781825700,30698.25,30677.25,30689.5
1781826000,30693.5,30676.25,30686.75
1781826300,30704,30680,30689
1781826600,30698.75,30687,30697
1781826900,30703.5,30690.25,30691.25
1781827200,30694.25,30660,30675
1781827500,30685,30653.75,30664.5
1781827800,30673.25,30634,30645.5
1781828100,30655.5,30636.5,30648.75
1781828400,30654.25,30627,30649.25
1781828700,30663,30643,30646.5
1781829000,30662.5,30643.75,30658.5
1781829300,30658.5,30637,30648.75
1781829600,30655.5,30641.75,30646.5
1781829900,30659.25,30645.75,30651.25
1781830200,30655.75,30646.25,30653.75
1781830500,30652.75,30638.5,30642.75
1781830800,30664.75,30631,30657
1781831100,30657,30622.5,30623.75
1781831400,30629.5,30611.75,30621.25
1781831700,30632.25,30621.5,30630
1781832000,30638,30622,30628.75
1781832300,30636.75,30624.75,30629.5
1781832600,30630,30609.25,30621
1781832900,30624,30611.25,30614.25
1781833200,30615.25,30601.5,30610.5
1781833500,30617.5,30600.25,30607.5
1781833800,30613,30595.5,30598
1781834100,30601.25,30592.25,30595
1781834400,30598.75,30586.5,30594.25
1781834700,30596.25,30578.5,30589.5
1781835000,30596,30578.75,30588.5
1781835300,30591.75,30575,30581.25
1781835600,30606.5,30581.75,30601.5
1781835900,30609.25,30599.25,30605.5
1781836200,30613.5,30601.5,30602.75
1781836500,30611,30600,30607
1781836800,30619.75,30604,30618.25
1781837100,30619,30602.75,30605
1781837400,30606.25,30583.75,30597.5
1781837700,30600.75,30592,30593.75
1781838000,30606,30585.75,30587
1781838300,30593.5,30582,30586.5
1781838600,30590,30575.5,30576.25
1781838900,30580,30546,30555.5
1781839200,30564.25,30541.75,30549
1781839500,30550.75,30536,30539.75
1781839800,30546.5,30521.25,30522.25
1781840100,30544,30511.75,30540.25
1781840400,30546.5,30521,30528.5
1781840700,30533.75,30521.25,30526.75
1781841000,30536,30519,30526.25
1781841300,30529.5,30505.5,30519
1781841600,30527,30466.5,30474
1781841900,30501.5,30475,30493
1781842200,30514.25,30494.75,30512.75
1781842500,30519.5,30486,30502.25
1781842800,30513,30485.75,30502
1781843100,30506.25,30487.25,30502.75
1781843400,30505.25,30470.5,30476
1781843700,30485.25,30459.75,30481
1781844000,30485.75,30468.25,30479
1781844300,30479.75,30447.25,30466.25
1781844600,30472.5,30426,30439.25
1781844900,30448.25,30409.5,30433.25
1781845200,30453.5,30429.75,30445.5
1781845500,30449,30428.5,30434.5
1781845800,30440.25,30412,30437.5
1781846100,30450.25,30418.5,30422.5
1781846400,30428.5,30403.5,30420.75
1781846700,30436,30413.25,30432
1781847000,30442.75,30418,30419
1781847300,30430,30401.75,30408
1781847600,30426,30388,30408.25
1781847900,30441.25,30408.5,30436
1781848200,30471,30433.75,30470.25
1781848500,30483.5,30465.25,30482.25
1781848800,30509.75,30478.75,30504.75
1781849100,30514,30497.25,30509
1781849400,30519.5,30497.5,30513
1781849700,30517.75,30501.25,30505.75
1781850000,30520,30496.5,30513.75
1781850300,30535.5,30513.5,30524
1781850600,30532.75,30517.75,30524.25
1781850900,30528.5,30503.5,30507.5
1781851200,30522.25,30501.75,30516.5
1781851500,30531.25,30506.5,30524.25
1781851800,30547.25,30523.25,30545.75
1781852100,30563,30545.75,30554.75
1781852400,30571,30552.25,30567.75
1781852700,30576.75,30563.5,30572.75
1781853000,30587,30564.75,30586.5
1781853300,30602.25,30581.5,30585
1781853600,30599.25,30582.5,30588.5
1781853900,30604.5,30585.5,30603.5
1781854200,30627.75,30593.5,30611.25
1781854500,30614,30598,30611.75
1781854800,30616.25,30598.75,30605
1781855100,30612.75,30598,30600.5
1781855400,30633.5,30594.25,30617.5
1781855700,30633.5,30614.5,30630
1781856000,30632,30607.25,30625.25
1781856300,30629.75,30617,30619
1781856600,30645,30618.5,30631
1781856900,30644.75,30625.25,30641
1781857200,30649.5,30636.5,30640
1781857500,30645,30630.25,30644.25
1781857800,30647,30623.75,30629.75
1781858100,30649.5,30627.25,30642.75
1781858400,30658.5,30639,30648.5
1781858700,30658.5,30630.5,30657
1781859000,30660,30646,30648.5
1781859300,30654.25,30644.75,30649.5
1781859600,30667.25,30637.5,30637.5
1781859900,30644.5,30626.25,30628.75
1781860200,30639.75,30621.5,30623.75
1781860500,30642.75,30623,30633.25
1781860800,30638.75,30611,30620.5
1781861100,30624.5,30613.5,30614.75
1781861400,30636.25,30614,30635.75
1781861700,30643,30630,30638
1781862000,30646.25,30625.75,30628.5
1781862300,30641.75,30617.75,30621.5
1781862600,30647.75,30622,30636.5
1781862900,30643.75,30624,30626
1781863200,30634.5,30612.5,30615.5
1781863500,30623.5,30601.25,30619.75
1781863800,30627,30612.75,30615
1781864100,30617.5,30603,30607.25
1781864400,30610.25,30580,30581.5
1781864700,30587.5,30567,30578
1781865000,30579.25,30553.75,30566.25
1781865300,30572.75,30539.5,30548
1781865600,30572,30546,30566
1781865900,30588.25,30551.5,30569
1781866200,30591.25,30567.5,30574.75
1781866500,30581.5,30569.5,30574.75
1781866800,30574.75,30553.75,30571.25
1781867100,30578,30535.75,30557.75
1781867400,30565,30551,30558.75
1781867700,30580.25,30558,30575.25
1781868000,30580.25,30556.25,30562.75
1781868300,30565.5,30550.75,30559.25
1781868600,30585.75,30557.25,30580.75
1781868900,30588.5,30577.25,30586
1781869200,30601,30585.75,30593.75
1781869500,30595.5,30583.25,30586.75
1781869800,30596.5,30575.25,30576.25
1781870100,30592,30567,30592
1781870400,30594,30581,30592
1781870700,30593.75,30570.25,30584
1781871000,30587.5,30572,30573.75
1781871300,30576.75,30561.75,30575.75
1781871600,30576.75,30567,30571.75
1781871900,30579.75,30562,30563.75
1781872200,30563.5,30544,30556.25
1781872500,30561,30522.25,30549.75
1781872800,30562.25,30540,30559.5
1781873100,30566.75,30542.25,30546.5
1781873400,30661.5,30545.75,30636.25
1781873700,30669.75,30626.75,30653.25
1781874000,30660.25,30626.75,30634.25
1781874300,30660.5,30634.5,30658.5
1781874600,30664.5,30641,30642.75
1781874900,30654.5,30626.5,30634
1781875200,30645.5,30629.75,30644
1781875500,30648.5,30636.75,30645.25
1781875800,30678.25,30633.75,30646
1781876100,30675.75,30644.5,30663.5
1781876400,30672.75,30647,30650.75
1781876700,30681,30642.5,30670.5
1781877000,30681.75,30664,30671
1781877300,30696,30669,30681.75
1781877600,30684.75,30653,30678.5
1781877900,30683.25,30661.5,30671.5
1781878200,30673.25,30656,30663.5
1781878500,30678,30647.5,30673.25
1781878800,30677.5,30659.5,30662.25
1781879100,30674.25,30659.75,30668.5
1781879400,30669.25,30657,30663.5
1781879700,30674.5,30658.75,30669.5
1781880000,30679.75,30661.25,30676.5
1781880300,30684.75,30675,30679.75
1781880600,30690,30675.25,30687.25
1781880900,30698.25,30684.75,30690
1781881200,30696.75,30683.25,30692.25
1781881500,30705,30685.25,30701.75
1781881800,30704.25,30692.5,30694.25
1781882100,30696.25,30679.75,30685.25
1781882400,30694.25,30684.25,30689.5
1781882700,30698.5,30687,30697.75
1781883000,30701,30668.5,30671.5
1781883300,30676,30653,30662.75
1781883600,30671,30657.75,30659.25
1781883900,30683,30658.5,30682
1781884200,30692,30677.25,30683.75
1781884500,30691,30681.75,30683.75
1781884800,30686,30674.5,30677.75
1781885100,30678.25,30664.75,30664.75
1781885400,30673.75,30657.5,30669.25
1781885700,30675.75,30666.5,30673
1781886000,30683,30669.25,30681.25
1781886300,30686,30677.75,30684
1781886600,30704,30676.75,30697.75
1781886900,30699,30690,30696
1781887200,30700,30686.25,30689
1781887500,30700.75,30680,30684.5
1781887800,30686.25,30655,30660
1781888100,30671.25,30636.5,30651
1782079200,30614,30524.75,30599.25
1782079500,30616.75,30514.25,30536.75
1782079800,30554,30477,30506
1782080100,30517.75,30465,30516.75
1782080400,30555.5,30509.75,30547.25
1782080700,30561.75,30543.5,30553.25
1782081000,30553.5,30513,30525
1782081300,30533,30510.25,30522
1782081600,30556.5,30519.5,30552
1782081900,30570.25,30546.5,30569.25
1782082200,30571.75,30560.75,30568.25
1782082500,30572.75,30498.5,30523
1782082800,30524.5,30455.25,30479.75
1782083100,30501,30460,30486.5
1782083400,30489.5,30441,30456.75
1782083700,30466,30425.25,30430.5
1782084000,30457.5,30421.25,30453.75
1782084300,30460.5,30423.75,30439.25
1782084600,30448,30405,30409
1782084900,30411.75,30348.5,30379.5
1782085200,30388.5,30364.75,30381.5
1782085500,30398,30351.75,30360.75
1782085800,30370.75,30349.5,30357.5
1782086100,30361.75,30336.75,30354
1782086400,30493,30347.75,30490.25
1782086700,30533.75,30487.25,30506.25
1782087000,30517.25,30472,30497
1782087300,30542.5,30475,30524.5
1782087600,30532.25,30505,30525.25
1782087900,30566.25,30517.75,30565.5
1782088200,30574.25,30549.5,30559.25
1782088500,30571,30551,30557.25
1782088800,30580.5,30553.75,30578.25
1782089100,30605,30576.75,30602.75
1782089400,30608,30589.5,30606.75
1782089700,30624,30603.75,30616.75
1782090000,30637.75,30612,30635.75
1782090300,30649.5,30631.25,30632.25
1782090600,30636.75,30620.25,30629.75
1782090900,30647.75,30621.25,30632.25
1782091200,30655,30624.25,30652.25
1782091500,30659,30649.5,30651.5
1782091800,30655.5,30633,30651
1782092100,30662,30642.25,30656
1782092400,30657,30641,30650
1782092700,30654.5,30610.5,30628.75
1782093000,30642.5,30606.5,30612.5
1782093300,30623.5,30603.5,30607.25
1782093600,30616.5,30595.5,30604.75
1782093900,30626.75,30602.5,30621
1782094200,30622.75,30591.5,30593.5
1782094500,30611.5,30592,30606.25
1782094800,30623.25,30596.75,30618.75
1782095100,30621.5,30587.75,30589.5
1782095400,30598.25,30582,30589.25
1782095700,30595.25,30585,30593.25
1782096000,30601.75,30584.25,30597.25
1782096300,30597.75,30577.5,30582
1782096600,30598.5,30577,30590.5
1782096900,30594.25,30581.5,30584.5
1782097200,30587.5,30551.75,30572.75
1782097500,30577.25,30554.25,30561.25
1782097800,30567.5,30547.25,30555.5
1782098100,30594.5,30555,30590.5
1782098400,30609.5,30584.25,30606
1782098700,30608.75,30598.75,30603.25
1782099000,30616,30603.25,30612.75
1782099300,30615,30604,30610
1782099600,30612,30593,30600.5
1782099900,30611.25,30597.75,30608.25
1782100200,30609.75,30563.25,30565.75
1782100500,30569.75,30545,30556
1782100800,30561.25,30547,30558.5
1782101100,30580.5,30557.75,30578.75
1782101400,30584.25,30557.75,30560.5
1782101700,30568.25,30554,30561.5
1782102000,30577,30554.75,30563
1782102300,30563.5,30542.75,30547.25
1782102600,30565,30542.75,30562
1782102900,30562.75,30532.5,30547
1782103200,30551.25,30524,30531.75
1782103500,30580.25,30529.5,30573
1782103800,30587.75,30567.5,30570.75
1782104100,30591.75,30564.25,30582.5
1782104400,30589.5,30571.25,30583.75
1782104700,30640.75,30583.25,30637.25
1782105000,30664,30632.75,30654
1782105300,30664.5,30642.75,30646.75
1782105600,30660.75,30643.5,30657.75
1782105900,30661.5,30651,30659
1782106200,30661.75,30627.75,30638.75
1782106500,30656.25,30638,30639.75
1782106800,30647.75,30633.25,30638.5
1782107100,30644.5,30628.75,30640.25
1782107400,30650.75,30633.75,30640.5
1782107700,30652.5,30635.75,30640.75
1782108000,30668.5,30637.5,30664
1782108300,30683.75,30660.5,30681.25
1782108600,30684.25,30667,30682
1782108900,30694.5,30675.75,30687.5
1782109200,30715,30682.5,30709.5
1782109500,30738.5,30707.75,30730.25
1782109800,30729.75,30704.75,30713
1782110100,30726.25,30708.75,30720
1782110400,30735,30717.5,30724.25
1782110700,30739.5,30720.75,30723.25
1782111000,30736.25,30720.5,30734.75
1782111300,30743,30732,30736.75
1782111600,30771.75,30732.5,30771
1782111900,30775.75,30754.75,30756.75
1782112200,30765,30754.75,30763.75
1782112500,30781,30763,30778.75
1782112800,30782,30759.75,30762.5
1782113100,30775,30759.75,30774.5
1782113400,30777,30762.75,30770.75
1782113700,30779.5,30766,30768
1782114000,30769.5,30745.5,30749.75
1782114300,30767.5,30745.25,30761.75
1782114600,30766.75,30750,30751.25
1782114900,30759.75,30746,30758.5
1782115200,30765.5,30725.25,30730.75
1782115500,30734.5,30716.5,30719.25
1782115800,30734.5,30698,30727
1782116100,30730.5,30700.5,30705.75
1782116400,30716,30686.25,30711.75
1782116700,30715.5,30695.75,30700.5
1782117000,30716.75,30692.25,30714.25
1782117300,30731.5,30713,30726.25
1782117600,30740.5,30718.25,30739.25
1782117900,30741.5,30712.25,30721.5
1782118200,30728.75,30714,30728.25
1782118500,30736.5,30721.5,30730
1782118800,30748.25,30709.5,30747
1782119100,30757.5,30739.25,30753.25
1782119400,30754.75,30729.5,30744.25
1782119700,30745.75,30728.75,30732.75
1782120000,30740.75,30726.25,30734
1782120300,30743.5,30723.75,30732
1782120600,30734.75,30713.5,30726.75
1782120900,30729,30712,30712.75
1782121200,30720.25,30703.75,30708.5
1782121500,30715.75,30704,30708.25
1782121800,30716.75,30700,30709.75
1782122100,30714.25,30698,30699.75
1782122400,30739,30699,30738.75
1782122700,30760.5,30734,30753.25
1782123000,30765.75,30750,30750.5
1782123300,30761,30745,30748.25
1782123600,30754,30740.75,30750.5
1782123900,30751.25,30734,30742
1782124200,30741,30713.5,30722.25
1782124500,30727.5,30707,30709
1782124800,30723.25,30702.75,30717.75
1782125100,30736.25,30717.75,30732.75
1782125400,30734.5,30716.75,30723.5
1782125700,30726.75,30715.25,30720
1782126000,30773.25,30718.75,30767.25
1782126300,30828.5,30767,30782.5
1782126600,30782,30710.75,30729.75
1782126900,30742,30722,30741
1782127200,30744,30728.25,30741.75
1782127500,30750.75,30733.75,30738.25
1782127800,30762.5,30736.5,30752.25
1782128100,30771.25,30751.75,30769.5
1782128400,30771,30747.25,30749.75
1782128700,30758,30726.25,30757.75
1782129000,30761.25,30735.25,30743
1782129300,30762.25,30741.25,30756.5
1782129600,30769.75,30751.75,30768.25
1782129900,30774.75,30762.75,30773
1782130200,30786.75,30768,30781
1782130500,30785.25,30770.5,30778.5
1782130800,30813.25,30776.75,30809.75
1782131100,30826.75,30801.5,30824.25
1782131400,30845.5,30814.75,30843.75
1782131700,30844.75,30822,30823.5
1782132000,30834.5,30804.75,30807.5
1782132300,30817,30796.5,30813.25
1782132600,30820.5,30803.75,30805.5
1782132900,30815.75,30800.5,30800.75
1782133200,30869.75,30800.5,30852.5
1782133500,30855.25,30820.75,30834
1782133800,30860.5,30828.25,30859
1782134100,30866.25,30846.5,30858.25
1782134400,30871.75,30853.5,30869.75
1782134700,30873.75,30815.75,30822.25
1782135000,30902,30757.25,30783.75
1782135300,30924.5,30779,30920.5
1782135600,30927,30762.75,30789.75
1782135900,30903.25,30788,30879.5
1782136200,30909.25,30844.25,30851.75
1782136500,30937.75,30842.75,30937.5
1782136800,30953.5,30909.25,30922.5
1782137100,30965.75,30907.75,30950.5
1782137400,30967.75,30897.75,30909.5
1782137700,30911.75,30848.25,30876.25
1782138000,30878.25,30787.25,30804.75
1782138300,30821.5,30744,30757.5
1782138600,30763.25,30649.25,30692
1782138900,30732.25,30661.5,30695.5
1782139200,30715.5,30612.75,30625.5
1782139500,30682.25,30614,30631
1782139800,30655.75,30557,30579.75
1782140100,30653.75,30545,30639.75
1782140400,30679.75,30628,30666.25
1782140700,30669.25,30602.75,30639.25
1782141000,30662.75,30615.75,30628.75
1782141300,30655.75,30590.75,30605.75
1782141600,30644.5,30587.25,30632.5
1782141900,30648.75,30583,30597.25
1782142200,30632.75,30586,30596.25
1782142500,30618.25,30575.5,30607
1782142800,30673,30607.5,30648
1782143100,30674.25,30539.25,30554.75
1782143400,30601.5,30550.75,30552.75
1782143700,30591,30543,30556.5
1782144000,30569,30502.75,30518
1782144300,30555,30506.25,30550
1782144600,30587.25,30547.25,30580.25
1782144900,30586.25,30552.25,30583.5
1782145200,30615.5,30559.75,30572.25
1782145500,30592,30552.5,30589.25
1782145800,30590.5,30547.5,30550.25
1782146100,30560.25,30531,30548.25
1782146400,30558,30526,30543.75
1782146700,30577.75,30522.5,30577
1782147000,30595.75,30570,30592.5
1782147300,30605.75,30566.5,30589.5
1782147600,30602.75,30573,30591.5
1782147900,30591.5,30532,30540.25
1782148200,30568.25,30536,30567.75
1782148500,30600.75,30567,30599.75
1782148800,30611.5,30583.75,30602
1782149100,30610.5,30589.25,30596
1782149400,30606,30573.5,30586
1782149700,30593,30558.5,30589.5
1782150000,30598.5,30574.75,30581
1782150300,30617,30573.5,30613.25
1782150600,30650,30608,30642
1782150900,30648.5,30613.5,30614.75
1782151200,30628.75,30600.5,30614.75
1782151500,30634.75,30613.75,30631.25
1782151800,30638.25,30613.75,30625.5
1782152100,30651.25,30626.25,30640.5
1782152400,30663.25,30634.25,30643.75
1782152700,30646.75,30615.75,30627.25
1782153000,30647.25,30616.75,30625.25
1782153300,30634.5,30610.75,30613.75
1782153600,30618.5,30580.25,30582
1782153900,30605.5,30574.5,30600.75
1782154200,30605.5,30554,30574.75
1782154500,30575.75,30550.75,30558.25
1782154800,30596.75,30553.5,30586
1782155100,30589.25,30534,30559.25
1782155400,30587,30548.5,30574.25
1782155700,30588,30561.25,30582.25
1782156000,30587.25,30550,30561.5
1782156300,30569.5,30549.75,30551.75
1782156600,30598.5,30551.75,30585.25
1782156900,30590.5,30570.25,30581
1782157200,30589.25,30560.25,30564
1782157500,30599,30561.5,30589.25
1782157800,30648.75,30578.75,30627
1782158100,30672.75,30613.25,30654
1782158400,30677.75,30642.5,30661.5
1782158700,30665,30641,30644.25
1782159000,30655.75,30637.75,30652.25
1782159300,30676.75,30648.25,30671.5
1782159600,30672,30657,30657.75
1782159900,30658.75,30644.75,30648.75
1782160200,30656.75,30647.5,30651.25
1782160500,30656.5,30649,30653
1782160800,30660.25,30652.75,30656.75
1782161100,30659,30652.25,30657.25
1782161400,30658.75,30647.75,30652
1782161700,30673.75,30650.5,30662
1782165600,30699.75,30644.5,30675.75
1782165900,30686.5,30647.5,30669.75
1782166200,30670.75,30655.5,30663.5
1782166500,30669.5,30659.75,30664
1782166800,30674.75,30656.25,30669.5
1782167100,30670.5,30634,30640.5
1782167400,30644,30601.25,30604.5
1782167700,30608.25,30572.25,30595.25
1782168000,30598.5,30569,30574.25
1782168300,30590.25,30566.75,30588.25
1782168600,30593,30579.75,30591.25
1782168900,30596.5,30580.25,30582.5
1782169200,30588.75,30560.5,30573.75
1782169500,30582,30568.25,30579.25
1782169800,30579.75,30555,30559
1782170100,30560.25,30545.75,30548.25
1782170400,30566,30544.25,30559.5
1782170700,30574,30552.25,30572.75
1782171000,30577.75,30565,30568.25
1782171300,30576.75,30559.25,30562
1782171600,30575,30560.5,30572.75
1782171900,30585.25,30546.25,30554.5
1782172200,30563.5,30538.75,30558.75
1782172500,30578,30554.25,30575.5
1782172800,30602.75,30571,30589.75
1782173100,30597.25,30557.75,30559.5
1782173400,30563.5,30517.25,30519.5
1782173700,30545.25,30505.75,30508
1782174000,30510.25,30461,30467
1782174300,30511.75,30464.75,30495
1782174600,30534.5,30482.25,30525.5
1782174900,30557.75,30510,30552.75
1782175200,30606.75,30547.75,30605.5
1782175500,30635,30594.5,30613.75
1782175800,30617.5,30595,30598.75
1782176100,30609.25,30586.5,30601.5
1782176400,30617.25,30586.25,30611
1782176700,30614.75,30580.5,30603.25
1782177000,30616,30583.5,30584
1782177300,30593.75,30553.25,30567.5
1782177600,30576.5,30550,30551.5
1782177900,30581.75,30551.25,30565.75
1782178200,30573.25,30517,30518.75
1782178500,30523.5,30476.25,30499.75
1782178800,30518,30464.25,30471
1782179100,30473,30434.5,30442.25
1782179400,30463.75,30405,30456.25
1782179700,30481.5,30447,30460.5
1782180000,30474,30436.25,30462
1782180300,30462.75,30400,30416.5
1782180600,30439.5,30402.75,30435
1782180900,30459,30429,30452.5
1782181200,30462,30443.75,30449.25
1782181500,30465.5,30441.5,30455.75
1782181800,30458.5,30432,30433.25
1782182100,30445.5,30422,30432.5
1782182400,30443.5,30420.75,30434.5
1782182700,30439,30400,30415.75
1782183000,30433,30409.75,30415.75
1782183300,30433,30390,30405.25
1782183600,30414.25,30387.75,30395.75
1782183900,30396.5,30367.5,30368.25
1782184200,30377,30357,30366.5
1782184500,30380.5,30356.5,30360.5
1782184800,30369.5,30352.25,30357.5
1782185100,30374.75,30350,30366
1782185400,30366.25,30335.5,30340.5
1782185700,30346,30312,30320.75
1782186000,30332.25,30301,30330.75
1782186300,30342,30312,30337.5
1782186600,30378.75,30336.25,30375.5
1782186900,30402.25,30367.5,30398.75
1782187200,30415,30390.75,30398.25
1782187500,30399.5,30360,30362.25
1782187800,30365.5,30335.5,30353.5
1782188100,30354.5,30317,30321
1782188400,30327,30306,30322.25
1782188700,30339.25,30317.5,30330
1782189000,30330.25,30311.75,30315
1782189300,30323,30302,30308.75
1782189600,30310.75,30285.25,30295.75
1782189900,30304.75,30284.75,30287.25
1782190200,30290.5,30243.75,30256.25
1782190500,30256.5,30231,30241.25
1782190800,30264.75,30236,30262.25
1782191100,30268.75,30228.25,30238.25
1782191400,30262.25,30227,30231
1782191700,30243.25,30219,30222.75
1782192000,30241.25,30210.25,30213.75
1782192300,30217.75,30180.25,30187
1782192600,30189.75,30146.25,30155.25
1782192900,30160.5,30127,30139.25
1782193200,30165.75,30121,30162
1782193500,30169.75,30144,30156.75
1782193800,30165,30132,30135.5
1782194100,30135.75,30092,30107.75
1782194400,30132,30089.5,30122.5
1782194700,30134.25,30073.25,30086.5
1782195000,30093.75,30068,30086.75
1782195300,30109.25,30053,30062.5
1782195600,30064.75,30029,30041.5
1782195900,30047.25,30004,30022
1782196200,30054.5,30012.5,30032
1782196500,30040.75,30006.25,30024.5
1782196800,30044.75,29980,30004.5
1782197100,30038.5,29993.25,30006
1782197400,30022.75,29988.5,29993.5
1782197700,30006.5,29948.5,29969.25
1782198000,29981.25,29944.75,29976.25
1782198300,30046.25,29966.25,30043.75
1782198600,30054.25,30031.5,30046.75
1782198900,30052,30005.25,30008.75
1782199200,30034.5,29992.25,29998.75
1782199500,30011.5,29980.75,30010.25
1782199800,30009.5,29955.25,29993
1782200100,29997.75,29954,29988.75
1782200400,30004.25,29938.25,29951
1782200700,29970.25,29937.25,29952
1782201000,29955.25,29917.75,29934.25
1782201300,29936.75,29889,29908
1782201600,29919.5,29815.75,29848.25
1782201900,29904,29847.5,29891
1782202200,29898.75,29849.5,29853.25
1782202500,29859.5,29807.5,29808.25
1782202800,29834.25,29781.25,29797.5
1782203100,29815,29776,29800
1782203400,29854.75,29798.75,29837.25
1782203700,29856.25,29816.75,29825.25
1782204000,29878.25,29823.5,29853.5
1782204300,29854.75,29779.5,29806.25
1782204600,29844.5,29800.25,29833.5
1782204900,29841.5,29810.25,29828.5
1782205200,29871.25,29823.25,29859.5
1782205500,29887.5,29845.25,29850.75
1782205800,29910,29842.5,29900.75
1782206100,29913.5,29881.75,29910.25
1782206400,29932.25,29900,29923
1782206700,29933.25,29900.5,29917
1782207000,29918.75,29890,29897.5
1782207300,29907.25,29885.25,29885.5
1782207600,29891,29862.75,29863.5
1782207900,29881,29857.5,29879.5
1782208200,29891.5,29866.75,29884.25
1782208500,29894.5,29874.25,29886
1782208800,29916.75,29875.25,29903.5
1782209100,29906.75,29866.25,29879.5
1782209400,29885.25,29853.5,29863.5
1782209700,29876.75,29854.75,29871.5
1782210000,29881.25,29840.5,29847.75
1782210300,29849.25,29816.5,29824.75
1782210600,29826,29788.75,29792
1782210900,29807,29782.25,29800.25
1782211200,29801,29750.5,29780.5
1782211500,29812.75,29779.25,29794.75
1782211800,29810.75,29780,29803.5
1782212100,29824.75,29792.5,29817.75
1782212400,29842.25,29800.75,29802
1782212700,29833.25,29787.75,29814.5
1782213000,29852,29814.75,29848.5
1782213300,29848,29825.5,29838.25
1782213600,29869,29811,29842
1782213900,29845.5,29805.5,29813.25
1782214200,29847,29801.5,29828
1782214500,29858.5,29812.75,29852.75
1782214800,29873.5,29848.75,29868.75
1782215100,29882.25,29848,29866
1782215400,29885.75,29853,29881.75
1782215700,29884,29871,29872.25
1782216000,29901,29864.25,29879.5
1782216300,29880.75,29850,29857.5
1782216600,29868.75,29813.25,29822.5
1782216900,29826.75,29788.25,29804.75
1782217200,29805.75,29766.25,29781.5
1782217500,29782.25,29744.5,29776.25
1782217800,29793.25,29709.75,29711.5
1782218100,29743.75,29707.5,29738.5
1782218400,29771.75,29732,29739.25
1782218700,29753.75,29724.5,29740.25
1782219000,29764.5,29722.75,29724.75
1782219300,29752.25,29717,29734.75
1782219600,29746,29708.25,29718.75
1782219900,29730,29702,29712.75
1782220200,29745.5,29691.25,29735.25
1782220500,29736.75,29697.75,29731.25
1782220800,29754.75,29725.5,29745
1782221100,29745,29676,29718.75
1782221400,29775.75,29616.5,29767.75
1782221700,29797.25,29670.75,29779.5
1782222000,29805.75,29738.75,29759.25
1782222300,29858,29719.75,29819
1782222600,29915.75,29816.75,29876.5
1782222900,29934,29843.75,29926
1782223200,30004,29921,29985.75
1782223500,29998,29933.5,29975.25
1782223800,30016,29948.5,30002.25
1782224100,30022.75,29978,30012.5
1782224400,30046.75,29977,29992
1782224700,30002.5,29940.75,29983.25
1782225000,29997.75,29903,29939.25
1782225300,30000,29893.25,29901
1782225600,29945.5,29872.5,29884.75
1782225900,29900.5,29832.75,29870
1782226200,29929,29828.75,29851.75
1782226500,29867.25,29813,29854.25
1782226800,29886.25,29814.5,29828.75
1782227100,29840.25,29765,29796.5
1782227400,29813.25,29773,29792.25
1782227700,29803.75,29745,29746.25
1782228000,29777,29722.5,29729.5
1782228300,29750.75,29710.75,29727
1782228600,29778.25,29713.75,29757.75
1782228900,29788,29698,29712.75
1782229200,29746.25,29695,29733.75
1782229500,29759,29721,29724.75
1782229800,29821.25,29720,29798
1782230100,29814,29760.5,29797.5
1782230400,29860.25,29789.75,29857.25
1782230700,29889.75,29837.25,29872.75
1782231000,29914.75,29871.5,29904.25
1782231300,29915.5,29857.5,29864.5
1782231600,29904.5,29833.5,29892.5
1782231900,29898,29858.5,29876.5
1782232200,29889.5,29843,29848.5
1782232500,29872.25,29837.25,29868.75
1782232800,29904.75,29867.25,29902
1782233100,29906.75,29844.25,29863
1782233400,29865.25,29830.5,29855.25
1782233700,29880,29837,29863.75
1782234000,29866.5,29807.25,29814.5
1782234300,29825.5,29791.5,29819.25
1782234600,29882.5,29816,29851.25
1782234900,29869.5,29820.75,29832.5
1782235200,29890.25,29825,29878.5
1782235500,29892,29857.75,29866
1782235800,29873.5,29830,29873
1782236100,29897,29848,29850.25
1782236400,29857.25,29824.5,29830
1782236700,29845.5,29814.25,29827.75
1782237000,29829,29751.25,29756.25
1782237300,29766.25,29731.5,29732.5
1782237600,29782.5,29726,29752
1782237900,29758.5,29709.25,29731.75
1782238200,29751.25,29728,29745.25
1782238500,29763,29722.5,29734.5
1782238800,29757.25,29719.25,29744.5
1782239100,29747.25,29724.25,29734.25
1782239400,29741.75,29712,29714.25
1782239700,29723.75,29692.75,29699
1782240000,29698.75,29626.25,29629.25
1782240300,29636.25,29588.5,29624
1782240600,29657.5,29577.25,29605.25
1782240900,29641.25,29584,29629.25
1782241200,29716.25,29612.5,29710.5
1782241500,29753.25,29644.75,29655.75
1782241800,29688.75,29636,29673.5
1782242100,29687,29628,29630
1782242400,29716,29616,29688.25
1782242700,29733.75,29677,29710.75
1782243000,29744.75,29680.25,29738
1782243300,29745.75,29713.75,29716
1782243600,29724.25,29674.75,29696.75
1782243900,29712.25,29643,29682.5
1782244200,29732.75,29660.25,29727
1782244500,29729.25,29642.5,29650.75
1782244800,29681.5,29632.75,29675.25
1782245100,29717.75,29672.5,29703.5
1782245400,29717.75,29696.25,29708
1782245700,29716.5,29698.25,29714.5
1782246000,29733,29709.75,29728.5
1782246300,29744,29726,29735.5
1782246600,29746.75,29727.25,29743.25
1782246900,29749,29727.75,29728
1782247200,29736.25,29717,29729.25
1782247500,29732.75,29715.75,29716.5
1782247800,29728.5,29717,29725.75
1782248100,29757.5,29721,29750.25
1782252000,29791.5,29746,29757
1782252300,29789,29748,29782.5
1782252600,29804.75,29775.25,29780.5
1782252900,29803.5,29760.75,29770
1782253200,29775.25,29709.25,29711
1782253500,29720.75,29700.75,29705.25
1782253800,29728.25,29668,29676.75
1782254100,29684.5,29653,29671.25
1782254400,29679.75,29633,29641.25
1782254700,29667.75,29637.75,29666.75
1782255000,29680.5,29650.75,29673.5
1782255300,29689,29671,29679
1782255600,29683,29630.25,29634.5
1782255900,29637.25,29581.5,29617.75
1782256200,29666.5,29613.25,29652
1782256500,29674.75,29649,29668.75
1782256800,29693.5,29660.75,29688.25
1782257100,29694,29670.5,29680.75
1782257400,29686.25,29641.25,29644.5
1782257700,29653.25,29623.25,29627.5
1782258000,29657.25,29619.5,29654.75
1782258300,29765.75,29652.75,29733.25
1782258600,29753.5,29722.5,29731.5
1782258900,29752.5,29730.5,29747.5
1782259200,29808.25,29738.25,29748.75
1782259500,29832.75,29736,29822.5
1782259800,29850.75,29806.25,29823
1782260100,29859.75,29818.5,29851.5
1782260400,29854.5,29810.75,29815.5
1782260700,29851.5,29807.5,29848
1782261000,29874.25,29836.5,29871
1782261300,29885,29854.25,29874.5
1782261600,29891.75,29858.25,29877.75
1782261900,29887.75,29858.5,29865.75
1782262200,29878.25,29832.75,29838.75
1782262500,29847.5,29812,29846.25
1782262800,29853.25,29784.75,29790.25
1782263100,29827.25,29777.5,29787.25
1782263400,29822.25,29783,29818.5
1782263700,29823,29762,29771.25
1782264000,29820,29760.5,29815.5
1782264300,29827.25,29798,29815.75
1782264600,29841.75,29812.25,29832.5
1782264900,29832,29807.25,29823.75
1782265200,29845.75,29809.25,29831.75
1782265500,29840,29806.25,29822.25
1782265800,29851.75,29813.5,29846.5
1782266100,29846.5,29817.75,29826.5
1782266400,29837.75,29809.5,29827.75
1782266700,29830.5,29799.5,29823.75
1782267000,29838.25,29812,29817.75
1782267300,29818.75,29781.75,29801.5
1782267600,29807.5,29762.5,29773.75
1782267900,29799.75,29771,29795.75
1782268200,29810.75,29775,29776.5
1782268500,29780.75,29731.25,29738.5
1782268800,29749,29717.5,29723.5
1782269100,29730,29682,29689.75
1782269400,29694.5,29662,29674.25
1782269700,29684.25,29636,29637.75
1782270000,29666,29630,29636.25
1782270300,29676.75,29614.75,29671
1782270600,29735.25,29668.75,29726
1782270900,29727,29677.75,29682.75
1782271200,29704.25,29672.5,29680
1782271500,29750,29679.75,29748.5
1782271800,29771.25,29743,29758.25
1782272100,29779.25,29736.5,29751.5
1782272400,29761.25,29735.25,29742
1782272700,29747,29720.75,29728.25
1782273000,29737.75,29710.25,29721.25
1782273300,29749,29713.5,29745.75
1782273600,29750,29696.75,29697.25
1782273900,29707,29682.5,29699.25
1782274200,29709.75,29675.25,29689
1782274500,29700.75,29663.75,29664.75
1782274800,29680.5,29654.25,29660.75
1782275100,29683.25,29659.75,29667.75
1782275400,29714,29667.75,29710.75
1782275700,29745.5,29696,29742.75
1782276000,29769,29735.75,29752.75
1782276300,29772,29750.25,29771.5
1782276600,29786.25,29765.75,29778
1782276900,29791.5,29768.25,29785
1782277200,29809.75,29780,29804.75
1782277500,29822,29782,29816
1782277800,29834,29808.25,29816.75
1782278100,29854.5,29806,29852
1782278400,29861.5,29836.75,29855.25
1782278700,29864.25,29832.5,29835.5
1782279000,29873.75,29835.25,29844.5
1782279300,29884.75,29843,29877
1782279600,29878.25,29841.5,29845.25
1782279900,29858.5,29833.5,29837.75
1782280200,29837.75,29815.25,29822.75
1782280500,29827.75,29812.75,29819.75
1782280800,29823.25,29797.5,29801.75
1782281100,29836.75,29800.5,29833.25
1782281400,29853.25,29829.5,29843
1782281700,29847.5,29814.75,29828
1782282000,29831.25,29806,29822
1782282300,29824.5,29802,29816.25
1782282600,29849.75,29811.5,29845.5
1782282900,29865.75,29833.75,29837
1782283200,29846.5,29832,29835
1782283500,29836.5,29818,29820.25
1782283800,29842.75,29819,29832.75
1782284100,29837.75,29820.75,29823
1782284400,29841.5,29785.25,29805.5
1782284700,29824,29791.5,29804
1782285000,29826.25,29799,29812.25
1782285300,29822,29794,29803.25
1782285600,29827.75,29790.75,29813.25
1782285900,29813.25,29790,29794
1782286200,29813.25,29791.75,29803.25
1782286500,29804.5,29765,29792.5
1782286800,29821.5,29779,29815.75
1782287100,29837.25,29810.75,29828.5
1782287400,29828.5,29785.5,29796
1782287700,29804.25,29763.5,29770
1782288000,29826,29763,29825
1782288300,29843.75,29817.5,29825.75
1782288600,29860.5,29819.5,29858.25
1782288900,29864.25,29833.75,29838.75
1782289200,29846.25,29825.75,29832
1782289500,29838.75,29817,29838.75
1782289800,29866.75,29828.25,29852.25
1782290100,29858.75,29820.25,29822.25
1782290400,29844,29820,29835.75
1782290700,29839,29807.5,29808.75
1782291000,29826.25,29803.5,29813.75
1782291300,29821.75,29807.5,29819
1782291600,29832.25,29794.75,29799.25
1782291900,29820.75,29793,29811.5
1782292200,29844.25,29805.25,29835.5
1782292500,29840,29794,29811.5
1782292800,29821.75,29804.25,29814.75
1782293100,29829.5,29800.25,29808
1782293400,29814.75,29794.25,29804.25
1782293700,29805.5,29782,29788
1782294000,29788.5,29765.75,29767.25
1782294300,29786,29754.25,29782.5
1782294600,29810.5,29782.25,29797.5
1782294900,29812.75,29796.25,29809
1782295200,29809.75,29774.75,29791.5
1782295500,29807.5,29784.75,29796.75
1782295800,29811.25,29784.5,29809
1782296100,29821.5,29804,29807.25
1782296400,29815,29794.75,29798.5
1782296700,29818.5,29795.5,29817.25
1782297000,29832.5,29812,29827.75
1782297300,29835.25,29821,29822
1782297600,29852,29817.75,29834
1782297900,29836,29815,29823.25
1782298200,29822.5,29797.25,29802.75
1782298500,29805.75,29787.75,29794
1782298800,29825.75,29791.5,29811.75
1782299100,29814,29771.75,29776.5
1782299400,29787.25,29763,29764.25
1782299700,29773,29749.75,29756
1782300000,29767.25,29735.25,29765.75
1782300300,29767.25,29748.5,29754.75
1782300600,29790.25,29751.75,29784.75
1782300900,29829.75,29784.25,29810.5
1782301200,29816.5,29795.5,29814.25
1782301500,29856,29801.5,29849.25
1782301800,29865.5,29839,29857.5
1782302100,29862.25,29833.5,29862
1782302400,29864.5,29825.25,29838.75
1782302700,29852.5,29833,29847.75
1782303000,29863,29834.25,29845.25
1782303300,29871.25,29823,29868.5
1782303600,29874,29847.25,29857.5
1782303900,29862.5,29841,29852.5
1782304200,29865.5,29818.5,29822.25
1782304500,29825,29795.5,29809.75
1782304800,29812.75,29783.5,29793
1782305100,29798.5,29772,29778.25
1782305400,29780.5,29759.5,29768.75
1782305700,29775.5,29752.25,29763.5
1782306000,29791.75,29746,29748.5
1782306300,29763,29724,29732
1782306600,29735.75,29697.75,29704
1782306900,29737,29699,29733
1782307200,29753.25,29691.75,29735.5
1782307500,29757.25,29703.25,29712.25
1782307800,29840,29635.75,29809.5
1782308100,29843.5,29720.5,29727.5
1782308400,29741.5,29604,29662
1782308700,29715,29564,29660.25
1782309000,29790,29657.25,29767.25
1782309300,29770.75,29666.5,29684.5
1782309600,29718.25,29626,29666
1782309900,29725.5,29644.25,29675.75
1782310200,29722.75,29634,29665.75
1782310500,29695.5,29575.5,29580.5
1782310800,29677,29525.25,29664.5
1782311100,29732,29650.75,29706
1782311400,29776.75,29703.25,29762
1782311700,29791.25,29720.75,29726
1782312000,29794.75,29710,29787.25
1782312300,29877.75,29780.75,29832
1782312600,29866.5,29810.5,29811.5
1782312900,29893.25,29790.25,29890.75
1782313200,29907.5,29840.5,29858.25
1782313500,29866.75,29772,29784.25
1782313800,29806.25,29748.25,29782.5
1782314100,29821.5,29761.75,29789.25
1782314400,29800.25,29731.75,29739.25
1782314700,29802.5,29704,29800.25
1782315000,29828.5,29754.75,29778.25
1782315300,29809.75,29744,29762
1782315600,29773,29712,29743.75
1782315900,29769.25,29699.25,29761.75
1782316200,29810,29760.5,29786.75
1782316500,29805.75,29747.25,29756.25
1782316800,29785.25,29737.75,29762.25
1782317100,29777,29730.25,29760
1782317400,29805.5,29745.75,29774.25
1782317700,29793,29760.25,29775.75
1782318000,29800.75,29754.5,29781.75
1782318300,29784.5,29740.75,29753.75
1782318600,29754.5,29705.75,29713.5
1782318900,29735,29649.75,29653.75
1782319200,29655.5,29610.5,29640.5
1782319500,29654.75,29610.5,29638.5
1782319800,29670.5,29612.25,29613.5
1782320100,29627.75,29595.5,29606.75
1782320400,29661.5,29591.75,29659
1782320700,29661,29543.75,29564.75
1782321000,29588.25,29538,29548.5
1782321300,29572,29478.5,29492.5
1782321600,29495.5,29446.75,29456.75
1782321900,29464.75,29403,29410.5
1782322200,29442.25,29364.75,29427.25
1782322500,29465.75,29391.5,29439.75
1782322800,29461.75,29400.5,29411
1782323100,29462.75,29387,29441.5
1782323400,29451.75,29409.75,29427.75
1782323700,29464,29376,29388.25
1782324000,29452,29377,29408
1782324300,29463.5,29403,29450.5
1782324600,29454.25,29413.75,29441
1782324900,29519.75,29440.5,29510
1782325200,29538.75,29496,29538
1782325500,29563.25,29529,29539.75
1782325800,29556.5,29497.5,29511.5
1782326100,29517,29461.75,29469.5
1782326400,29479.5,29424.75,29448
1782326700,29448.75,29336.5,29356
1782327000,29376.25,29324.25,29366
1782327300,29411.25,29329.5,29346
1782327600,29414.25,29311.25,29393.5
1782327900,29395.25,29279,29298.5
1782328200,29318,29263,29311.5
1782328500,29322.75,29286,29313.5
1782328800,29350.5,29295.25,29350.5
1782329100,29395.25,29343.75,29384.5
1782329400,29412.25,29371.5,29399
1782329700,29442.75,29376.25,29429.25
1782330000,29447,29357,29387.5
1782330300,29426.5,29373.25,29423.25
1782330600,29490.75,29395.25,29482.5
1782330900,29528.5,29435.25,29513.75
1782331200,29745.75,29487.25,29745.5
1782331500,29885.75,29726.75,29865.5
1782331800,29890,29828.75,29883
1782332100,29891.5,29852.25,29880
1782332400,29993,29877.5,29990.25
1782332700,30031,29976,30009.25
1782333000,30031.5,29966.25,29967.75
1782333300,30035,29966.25,30035
1782333600,30102.25,30026.5,30095.25
1782333900,30158.75,30082.5,30130.75
1782334200,30132.75,30090,30107.5
1782334500,30108.25,30079.25,30099
1782338400,30169,30083.75,30092.5
1782338700,30097.75,30062.25,30071.5
1782339000,30107.5,30069,30074.25
1782339300,30077.5,30056.75,30062.25
1782339600,30091,30056.75,30064.5
1782339900,30078.5,30053.25,30058.25
1782340200,30077.25,30057.25,30065.5
1782340500,30072.25,30059.75,30065
1782340800,30081.5,30053.5,30072.5
1782341100,30076,30044,30051.25
1782341400,30069.5,30051,30056.5
1782341700,30059,30046.75,30051.75
1782342000,30073,30047,30064.5
1782342300,30074.75,30057.75,30064.25
1782342600,30083,30051,30061.25
1782342900,30068,30055.5,30058.25
1782343200,30081.75,30058,30078.25
1782343500,30096.75,30075.25,30077.5
1782343800,30094.5,30075.25,30093.75
1782344100,30118.25,30091.25,30107.5
1782344400,30122.75,30098.75,30115.25
1782344700,30135.5,30095.5,30104.25
1782345000,30109.5,30084.75,30109.25
1782345300,30114.25,30088.75,30096.25
1782345600,30103.5,30055,30065
1782345900,30081.75,30046.75,30067
1782346200,30100.5,30056.75,30092.75
1782346500,30099,30061.25,30069.75
1782346800,30082,30053.25,30062.25
1782347100,30062.75,30026,30036.25
1782347400,30041.25,29987.5,29993.5
1782347700,29999.25,29972,29978.5
1782348000,29983,29943,29963
1782348300,29971.75,29936.5,29941
1782348600,29991.75,29939.75,29988
1782348900,29989,29951.75,29966.25
1782349200,29996,29953,29953.75
1782349500,29971.75,29950.5,29965.75
1782349800,29979.25,29958.75,29969.5
1782350100,29982.75,29950.5,29972.75
1782350400,29991.5,29970.75,29977.75
1782350700,29982.75,29960.75,29965.25
1782351000,29994.25,29959.75,29992
1782351300,30028.5,29989.25,30013.5
1782351600,30019,29991.5,29996.75
1782351900,30014.75,29987,30013.75
1782352200,30028.5,30002.25,30022
1782352500,30031.5,29997,29997.5
1782352800,30018.75,29983.25,30012.75
1782353100,30020.5,29985,29994.5
1782353400,29994.5,29940.75,29945
1782353700,29973,29924,29970
1782354000,29989.5,29959,29967
1782354300,29996,29962.5,29985.75
1782354600,29996.75,29975.75,29989.75
1782354900,29997.75,29978,29987.5
1782355200,29989.75,29966.5,29974
1782355500,29984.75,29965.5,29980.25
1782355800,29994.5,29970.25,29991.5
1782356100,30002.5,29983.5,29998.5
1782356400,30020.75,29992.75,30010.75
1782356700,30022.75,30005.25,30006.25
1782357000,30014.75,29997.25,30007.25
1782357300,30028.25,29981.75,30024.5
1782357600,30038.5,30016.5,30031.25
1782357900,30035.25,30016.5,30025.25
1782358200,30044.75,30019,30023
1782358500,30025.5,30004.25,30016.75
1782358800,30018.25,29999.5,30010.25
1782359100,30034,30003.75,30030
1782359400,30044,30020.75,30040.25
1782359700,30043.75,30030,30033
1782360000,30039.75,30027,30032.5
1782360300,30043.25,30030.75,30041.25
1782360600,30044.5,30028.5,30029.5
1782360900,30036.25,30011.75,30026.5
1782361200,30046.25,30026.25,30031
1782361500,30031.75,30017.75,30019
1782361800,30022.75,29997.5,30011.5
1782362100,30030.5,30000.25,30026.75
1782362400,30039.75,30014.25,30038.25
1782362700,30052.25,30033,30039.75
1782363000,30064.75,30040.5,30053.25
1782363300,30054.25,30034,30040
1782363600,30067.25,30039.75,30062.75
1782363900,30075.5,30062.5,30071
1782364200,30072.5,30057.5,30069.5
1782364500,30077.25,30061.5,30064
1782364800,30089.5,30062,30085.75
1782365100,30098,30079.75,30093
1782365400,30107.75,30088,30107.5
1782365700,30110.25,30094.5,30101.5
1782366000,30121.75,30101.5,30106.5
1782366300,30108.25,30087.5,30099.75
1782366600,30107,30088.75,30093.75
1782366900,30096.5,30082.5,30089.25
1782367200,30111,30087.25,30088.75
1782367500,30106.25,30077.75,30101
1782367800,30120.5,30094,30112.5
1782368100,30126.5,30107.5,30122.25
1782368400,30131.5,30118,30130.75
1782368700,30131.25,30108.5,30111
1782369000,30120,30104.25,30116.5
1782369300,30120.5,30105,30111.5
1782369600,30116,30098.25,30105.25
1782369900,30112.75,30100.5,30104.75
1782370200,30119.75,30100,30103.75
1782370500,30113.5,30101,30105.25
1782370800,30126.75,30105.5,30121.75
1782371100,30141.5,30122,30132
1782371400,30133.25,30121.75,30126
1782371700,30158.75,30126.25,30155.5
1782372000,30185.75,30155.5,30179.5
1782372300,30186.75,30166.5,30171.5
1782372600,30177.5,30162.5,30168.75
1782372900,30172.75,30149,30172
1782373200,30182,30167.75,30176.5
1782373500,30178,30163,30168.5
1782373800,30169.75,30157,30161.75
1782374100,30181.25,30153.5,30181.25
1782374400,30217.75,30165,30190.25
1782374700,30209,30186.5,30205.25
1782375000,30217.5,30182.25,30183.25
1782375300,30185.25,30161.25,30171
1782375600,30177.75,30157.5,30170.25
1782375900,30185.25,30160.25,30169
1782376200,30178.75,30160.5,30161.25
1782376500,30184,30159,30180.5
1782376800,30180.5,30154,30154.75
1782377100,30156.25,30139.5,30146.25
1782377400,30146.25,30119,30134
1782377700,30138.75,30110.5,30120
1782378000,30140,30112.75,30135.75
1782378300,30152.25,30132.5,30134
1782378600,30150,30130.75,30138.25
1782378900,30151.25,30119.75,30122.5
1782379200,30135,30118,30133.25
1782379500,30142.75,30124.75,30137
1782379800,30155.25,30132,30141.25
1782380100,30158.5,30137,30155
1782380400,30157.75,30144.25,30150
1782380700,30151.75,30140,30150
1782381000,30158,30144.5,30150.75
1782381300,30151.25,30128.5,30131.75
1782381600,30143.25,30124.75,30140
1782381900,30152.5,30131.75,30151.75
1782382200,30161.75,30144.5,30159.75
1782382500,30169.5,30153.75,30162
1782382800,30160.75,30142.75,30158
1782383100,30169,30152.75,30163.75
1782383400,30175,30160.5,30164.5
1782383700,30185.5,30156.25,30173.25
1782384000,30174.25,30147.25,30153.25
1782384300,30162.25,30139.75,30161.25
1782384600,30175.25,30156.75,30170.5
1782384900,30176,30149.25,30159.75
1782385200,30193.25,30159.5,30187
1782385500,30189.5,30155,30163.75
1782385800,30174.75,30151.75,30153
1782386100,30158.5,30142,30143
1782386400,30146,30115.75,30116.25
1782386700,30126.5,30108.75,30117
1782387000,30124.25,30099,30112.75
1782387300,30127.75,30108.75,30124
1782387600,30138.5,30119.25,30130.75
1782387900,30151.25,30128.75,30131.75
1782388200,30141,30117.75,30120.5
1782388500,30135.5,30114.25,30131
1782388800,30145,30119.5,30144.5
1782389100,30181.75,30143.75,30167.5
1782389400,30170,30131.5,30141
1782389700,30153.75,30127.25,30133.25
1782390000,30139.5,30116.75,30136.75
1782390300,30145.75,30126.25,30130
1782390600,30264.25,30125.5,30206.5
1782390900,30234.75,30183.5,30196.5
1782391200,30215,30175.5,30192.5
1782391500,30227,30188.25,30208
1782391800,30222.25,30204.5,30214
1782392100,30215.5,30190.75,30202.25
1782392400,30215,30171.75,30177.5
1782392700,30180.25,30153.5,30155.5
1782393000,30168.75,30142.75,30163.75
1782393300,30165,30136.5,30143.5
1782393600,30153,30130.25,30141
1782393900,30179.25,30141.25,30152.5
1782394200,30198.5,30040,30058.25
1782394500,30091.5,29992.5,29996.5
1782394800,30011.75,29745.75,29768
1782395100,29817.75,29529,29637
1782395400,29683.5,29406.25,29419.5
1782395700,29463.25,29296.5,29317
1782396000,29544.75,29307.75,29486.75
1782396300,29617.5,29484.25,29605
1782396600,29690,29542,29546.5
1782396900,29618,29477.25,29611
1782397200,29685.5,29524.5,29569.25
1782397500,29638,29551,29586.75
1782397800,29716.25,29583.25,29668.5
1782398100,29709.5,29606.5,29698.5
1782398400,29711.75,29563.75,29604.75
1782398700,29685.5,29561.5,29671
1782399000,29776.5,29645.25,29770.75
1782399300,29771.75,29611.5,29634.5
1782399600,29731.75,29606,29727.75
1782399900,29746.5,29624.5,29643.5
1782400200,29660.75,29512.5,29533.25
1782400500,29609,29462.5,29590
1782400800,29667,29542.5,29645.25
1782401100,29645.5,29583.25,29613.5
1782401400,29692.75,29606,29621
1782401700,29680.5,29621,29641
1782402000,29702.25,29631.25,29695.25
1782402300,29762.5,29668,29678
1782402600,29714,29652.25,29699.75
1782402900,29714.5,29651.5,29658.75
1782403200,29688.75,29642.75,29685
1782403500,29797.75,29676.75,29790.25
1782403800,29844.25,29781.5,29826.5
1782404100,29871.5,29810.75,29819.5
1782404400,29837.75,29743.25,29760.5
1782404700,29771.75,29732.75,29764.25
1782405000,29768,29673.5,29711.25
1782405300,29735.25,29672.25,29683.75
1782405600,29698,29637.75,29651
1782405900,29707.25,29586.25,29700
1782406200,29715.25,29662,29689
1782406500,29693.25,29648,29681.5
1782406800,29717.25,29678.75,29687.25
1782407100,29716,29671.75,29705.5
1782407400,29778.25,29706.25,29748.75
1782407700,29811,29700,29700.75
1782408000,29744.5,29673.5,29735.25
1782408300,29779.5,29725.5,29765
1782408600,29779.25,29719.75,29732.75
1782408900,29773.75,29728.5,29768.75
1782409200,29798.5,29726.5,29735.5
1782409500,29737.5,29682,29695.25
1782409800,29761,29680.5,29746.25
1782410100,29803.75,29723.5,29794
1782410400,29801.75,29678.75,29709.5
1782410700,29811.25,29692.5,29798.25
1782411000,29817.5,29751,29772.75
1782411300,29870,29746.75,29837.25
1782411600,29859,29790.75,29824.75
1782411900,29891.5,29824,29877.25
1782412200,29878,29765.5,29769.75
1782412500,29806.75,29741.25,29788.5
1782412800,29801,29756,29789
1782413100,29789.75,29703.25,29765.5
1782413400,29811.75,29751.25,29770.5
1782413700,29794.5,29750.25,29773.5
1782414000,29776.75,29689.75,29693.5
1782414300,29721.25,29674.25,29705.75
1782414600,29714.5,29660.75,29670.25
1782414900,29680.75,29624.5,29652.5
1782415200,29678,29635.25,29673
1782415500,29699.75,29652.25,29682.75
1782415800,29689.25,29629,29667.25
1782416100,29667.75,29620,29646.75
1782416400,29688,29626.75,29673
1782416700,29681.25,29634.5,29654.25
1782417000,29707,29615.5,29694
1782417300,29751.75,29681.25,29749.5
1782417600,29919.5,29745.5,29837.5
1782417900,29850.25,29805.25,29809.25
1782418200,29814.25,29795.75,29806.5
1782418500,29838.5,29804.25,29834.5
1782418800,29868.25,29830.25,29842.5
1782419100,29846,29815,29819.75
1782419400,29823.75,29778.75,29801.75
1782419700,29806.25,29773.75,29776.25
1782420000,29788.75,29772.75,29778.5
1782420300,29780.75,29761.75,29768.25
1782420600,29770,29753.25,29759.25
1782420900,29767.25,29748,29760.5
1782424800,29761.75,29697,29701
1782425100,29700.75,29665.25,29666.5
1782425400,29667.5,29624.75,29645.75
1782425700,29684.5,29633.75,29644
1782426000,29664.5,29626,29658
1782426300,29658.75,29613.5,29616.5
1782426600,29646.25,29601.5,29643.5
1782426900,29669.5,29639.75,29649.25
1782427200,29667.75,29643.5,29661.5
1782427500,29668,29640,29651.75
1782427800,29683.5,29645.5,29681.75
1782428100,29688.75,29667,29679
1782428400,29688.25,29676,29684
1782428700,29688,29668.5,29675.25
1782429000,29745,29674.25,29742.5
1782429300,29846.5,29731.75,29835
1782429600,29879.75,29830.5,29859.25
1782429900,29893.75,29858.75,29866.75
1782430200,29879.5,29843.5,29846
1782430500,29849.25,29810,29814.5
1782430800,29814.25,29762.75,29764.75
1782431100,29764,29708.75,29711.5
1782431400,29712.25,29678.75,29697.5
1782431700,29707,29665.75,29706
1782432000,29749.75,29682.25,29738.5
1782432300,29774,29730,29765.5
1782432600,29768.75,29720.25,29751.75
1782432900,29768,29721.75,29723.25
1782433200,29740.5,29704,29704.25
1782433500,29714,29650,29709.25
1782433800,29714.75,29648,29659.75
1782434100,29683.25,29643.25,29674.5
1782434400,29696.75,29661.25,29668
1782434700,29695.75,29663,29670
1782435000,29694.5,29646.5,29652.25
1782435300,29661,29616.75,29635.75
1782435600,29677,29608.25,29611.25
1782435900,29621.5,29565.25,29612.25
1782436200,29656.25,29612.75,29635.75
1782436500,29674.5,29630.5,29663
1782436800,29673.5,29644.75,29651.5
1782437100,29652.5,29603.5,29613
1782437400,29621,29541.5,29554.75
1782437700,29567.5,29533.25,29551.75
1782438000,29554.5,29506,29508.75
1782438300,29537,29482,29532.25
1782438600,29538,29492.75,29496
1782438900,29504.75,29462.25,29492.5
1782439200,29505.25,29469.75,29472.75
1782439500,29507.75,29472.5,29478.75
1782439800,29481.75,29442.5,29453.25
1782440100,29467.25,29425.25,29429.75
1782440400,29443.5,29400.5,29402
1782440700,29428.25,29394,29416.25
1782441000,29431.75,29376.25,29390.5
1782441300,29397.25,29337,29371.25
1782441600,29371.75,29331,29348
1782441900,29349,29293.75,29304
1782442200,29324.5,29260,29261.75
1782442500,29273,29230.5,29265.25
1782442800,29269.75,29219.75,29240.5
1782443100,29249,29221.5,29227
1782443400,29271.75,29214.25,29252
1782443700,29268.25,29246.25,29262
1782444000,29266.5,29228.25,29243.75
1782444300,29263,29237.75,29249.25
1782444600,29251.25,29214.25,29221
1782444900,29222.5,29160,29209.25
1782445200,29256.25,29198.5,29255.75
1782445500,29267.5,29240,29245.5
1782445800,29324,29243.5,29321.75
1782446100,29369.25,29313.25,29366.25
1782446400,29377.75,29345,29351.5
1782446700,29373.5,29327,29354.5
1782447000,29377,29350.75,29358.5
1782447300,29386.5,29351.5,29360
1782447600,29366.75,29310.75,29311
1782447900,29328,29275.25,29323.25
1782448200,29348.5,29289.5,29292
1782448500,29302.5,29280.75,29286
1782448800,29309.75,29277.5,29304.5
1782449100,29306,29269.25,29274.25
1782449400,29284.25,29252,29273
1782449700,29274.25,29255.5,29270.5
1782450000,29302.25,29260,29265.5
1782450300,29303.25,29255.25,29284.75
1782450600,29351.5,29283.75,29350.5
1782450900,29364,29332.25,29341.75
1782451200,29347.5,29315,29328
1782451500,29381.5,29326.25,29368.75
1782451800,29411,29368.5,29401.75
1782452100,29409.75,29357.25,29362
1782452400,29362.25,29312.25,29316.75
1782452700,29334.25,29299.5,29331.75
1782453000,29364.25,29329,29350.75
1782453300,29355.5,29325.25,29326
1782453600,29342.25,29315.75,29319.5
1782453900,29322.75,29286,29294
1782454200,29331,29289.25,29324.25
1782454500,29354.25,29323,29324.5
1782454800,29372,29322.75,29365.25
1782455100,29398.5,29352,29393.5
1782455400,29417.75,29379.75,29408.25
1782455700,29427.25,29406.75,29417.25
1782456000,29458,29402.75,29454.25
1782456300,29490,29447.25,29474.25
1782456600,29524,29450,29517.5
1782456900,29535.75,29491,29503.5
1782457200,29517,29454,29454.5
1782457500,29469,29435,29435.25
1782457800,29490,29435,29486.25
1782458100,29531,29477.5,29506
1782458400,29527.25,29486.5,29524
1782458700,29539,29497,29537
1782459000,29563.25,29534.25,29542.5
1782459300,29554.25,29524,29547
1782459600,29548,29506,29507.5
1782459900,29519,29495.25,29510.75
1782460200,29544.25,29507.5,29539.25
1782460500,29542.25,29521.25,29527.25
1782460800,29557.75,29482.75,29483.5
1782461100,29513.75,29456.25,29491.5
1782461400,29500,29463,29470
1782461700,29498.5,29461.25,29467.75
1782462000,29497.5,29457.75,29495.25
1782462300,29514,29485,29503.5
1782462600,29504.75,29456.5,29464.5
1782462900,29481.5,29453.25,29465.25
1782463200,29482.5,29443.5,29448
1782463500,29450.5,29410.5,29413.75
1782463800,29423.25,29383.5,29385.5
1782464100,29404.5,29364,29399
1782464400,29404.5,29371.75,29381.5
1782464700,29405.5,29376,29383
1782465000,29409.25,29364.25,29399.5
1782465300,29411.75,29367.25,29384
1782465600,29387,29344,29356
1782465900,29384.25,29352.25,29378
1782466200,29385.5,29354.75,29382.75
1782466500,29408.25,29377.5,29397.5
1782466800,29445,29396.25,29422.25
1782467100,29444.25,29415.5,29429.5
1782467400,29434,29388.5,29389.75
1782467700,29392.25,29365,29371.25
1782468000,29377,29317.5,29334.5
1782468300,29378.75,29329,29378.75
1782468600,29396.5,29367.5,29386.25
1782468900,29400.75,29361.5,29361.5
1782469200,29369.5,29344,29350
1782469500,29378,29345.25,29373.25
1782469800,29388,29361.25,29375
1782470100,29376.5,29341.75,29343.5
1782470400,29364.5,29339.75,29355.5
1782470700,29373,29347.75,29363.5
1782471000,29373.75,29341.75,29366.25
1782471300,29374.75,29348.5,29360.75
1782471600,29404,29352,29392
1782471900,29408,29377,29398.25
1782472200,29425.5,29388.75,29404.25
1782472500,29403.5,29377.25,29381.25
1782472800,29391.75,29356.5,29374
1782473100,29383.75,29362.25,29370
1782473400,29379.25,29360,29368.5
1782473700,29398,29361.25,29380.5
1782474000,29397.5,29362.5,29364
1782474300,29378.5,29354.25,29368.75
1782474600,29370,29304.25,29309
1782474900,29356.5,29309,29350
1782475200,29386.75,29336.75,29380.75
1782475500,29420.5,29379.5,29413
1782475800,29438,29396.75,29419.75
1782476100,29450.25,29403.25,29411.5
1782476400,29419.5,29375,29376
1782476700,29399.5,29373,29395.5
1782477000,29406,29367,29372.5
1782477300,29377.75,29335,29342.5
1782477600,29349.75,29319.75,29323
1782477900,29339.25,29310.5,29327.5
1782478200,29349.5,29298,29336.75
1782478500,29343.25,29312.75,29315.5
1782478800,29323,29274.75,29286
1782479100,29293.5,29259,29263.25
1782479400,29290.5,29248.25,29279.25
1782479700,29287,29210.75,29258
1782480000,29308.25,29248,29299.5
1782480300,29365.75,29293.75,29361.75
1782480600,29372.75,29182,29231.75
1782480900,29349,29228.5,29240
1782481200,29366.25,29219.25,29341.5
1782481500,29351,29236.25,29267
1782481800,29349,29259.5,29325.5
1782482100,29464.5,29301.25,29443
1782482400,29541,29420.75,29535.25
1782482700,29585.25,29508.75,29571
1782483000,29605,29503,29589
1782483300,29603.5,29524,29527
1782483600,29664.25,29520.75,29605.25
1782483900,29637.25,29567,29592.5
1782484200,29618.5,29531.75,29584.25
1782484500,29588.5,29481.25,29488
1782484800,29555.5,29455.25,29494
1782485100,29568,29486,29531
1782485400,29580.25,29490,29520.75
1782485700,29543,29467,29501.75
1782486000,29553.5,29500,29510.5
1782486300,29538.5,29467.5,29525.75
1782486600,29535.75,29437.5,29444.75
1782486900,29520,29409,29504
1782487200,29561.25,29481.5,29558
1782487500,29593,29538.25,29592.5
1782487800,29659.25,29567.5,29582.25
1782488100,29675.25,29582,29666.25
1782488400,29717.25,29643.5,29697.25
1782488700,29705.5,29622.75,29624.25
1782489000,29665,29531,29559.25
1782489300,29649.25,29546.25,29620
1782489600,29626.75,29581,29608.25
1782489900,29616,29539,29547.5
1782490200,29565,29519.75,29555
1782490500,29585,29535,29557.5
1782490800,29571,29494.75,29540.75
1782491100,29579,29535.75,29557.5
1782491400,29636,29557.5,29634
1782491700,29642.5,29603.25,29607.25
1782492000,29631.5,29594.25,29598.25
1782492300,29620,29582,29610.75
1782492600,29646,29605.25,29626.25
1782492900,29627.5,29601.25,29612
1782493200,29658,29593.75,29643
1782493500,29693,29637,29688.5
1782493800,29700.25,29645.25,29651.75
1782494100,29656.25,29596.25,29604.75
1782494400,29626.75,29578.5,29594.75
1782494700,29651.25,29575.25,29634
1782495000,29676.25,29615.25,29620
1782495300,29621.25,29578.25,29583.25
1782495600,29610,29558.75,29598
1782495900,29615.75,29569.25,29571.5
1782496200,29596.75,29566,29576.25
1782496500,29577.25,29535,29544.5
1782496800,29570,29540,29561
1782497100,29582,29535.5,29546.75
1782497400,29556.5,29525,29540.25
1782497700,29550.5,29489.5,29500.75
1782498000,29522.5,29487.5,29504
1782498300,29518.5,29456,29462
1782498600,29512.5,29454,29501.5
1782498900,29503,29461,29474.75
1782499200,29496.5,29461.25,29474.5
1782499500,29474.5,29426.75,29442.75
1782499800,29449,29417.5,29429.75
1782500100,29455.75,29389,29415.75
1782500400,29441.75,29400.25,29404.5
1782500700,29486.5,29395,29477.25
1782501000,29505,29458,29501.25
1782501300,29503.5,29469.5,29488
1782501600,29504.5,29423.75,29445.25
1782501900,29463,29437.25,29451.5
1782502200,29498.5,29429,29488.25
1782502500,29509.75,29465,29466.25
1782502800,29544,29465,29537.75
1782503100,29569.5,29509,29518.25
1782503400,29532,29420.5,29452.5
1782503700,29468.25,29284,29317.5
1782504000,29414.25,29266.25,29300.75
1782504300,29329,29275.5,29304
1782504600,29356.75,29298,29351.25
1782504900,29377.5,29338.5,29355.25
1782505200,29380.5,29345.25,29372.5
1782505500,29389,29340.5,29341.75
1782505800,29348.75,29274,29310.5
1782506100,29325,29264.75,29290.75
1782506400,29292.75,29256.25,29270.5
1782506700,29279.75,29254.75,29276.25
1782507000,29303.5,29277,29292.75
1782507300,29307.25,29272.25,29290
1782684000,29516.5,29280,29491.75
1782684300,29537.25,29480.25,29502.5
1782684600,29552.75,29484.25,29543.5
1782684900,29559.5,29520.25,29523.75
1782685200,29580,29496,29540.5
1782685500,29593.5,29527.5,29558.75
1782685800,29599,29558.25,29568.25
1782686100,29588.5,29560.5,29566.75
1782686400,29592,29560.25,29582.5
1782686700,29595.25,29575,29588.25
1782687000,29589,29556.25,29566
1782687300,29577.5,29556.75,29559
1782687600,29611.5,29550.25,29599.5
1782687900,29650.5,29590,29646
1782688200,29657,29628,29640
1782688500,29662.5,29625.25,29648.25
1782688800,29667.5,29641.25,29648.5
1782689100,29657.75,29644,29649.5
1782689400,29667.5,29648,29664.75
1782689700,29680.5,29659,29673.75
1782690000,29673.75,29655.25,29668.75
1782690300,29684.75,29650.5,29659
1782690600,29661.75,29632.5,29635.5
1782690900,29644.25,29613.25,29619.25
1782691200,29622.25,29496,29529
1782691500,29549,29494.5,29524.5
1782691800,29561,29513.25,29514.5
1782692100,29530.75,29458.25,29491.25
1782692400,29493.25,29396.75,29409.75
1782692700,29433.75,29375.5,29379.25
1782693000,29403.75,29363.25,29393.75
1782693300,29408.75,29373.5,29387.75
1782693600,29461.5,29383.25,29457.75
1782693900,29457.5,29377.5,29415.25
1782694200,29457,29412.5,29456.25
1782694500,29505.25,29454.25,29493.25
1782694800,29511.5,29451.25,29469.75
1782695100,29523.75,29469,29492
1782695400,29511.25,29474.5,29499.25
1782695700,29506.5,29432.25,29459.25
1782696000,29494.5,29443.5,29472.75
1782696300,29496,29433.25,29441.5
1782696600,29476.25,29421.25,29453
1782696900,29524,29448.25,29510.5
1782697200,29558.25,29507.5,29546
1782697500,29555,29508.5,29529
1782697800,29539,29510.5,29523.5
1782698100,29541.25,29510.75,29516.5
1782698400,29526,29477,29479.5
1782698700,29492,29449.5,29456.5
1782699000,29468.25,29394.25,29398.25
1782699300,29442.5,29388.75,29435.5
1782699600,29492.5,29436.5,29483.25
1782699900,29533.25,29475.75,29525.25
1782700200,29529.5,29502.25,29509.5
1782700500,29538.25,29502.5,29517.5
1782700800,29539,29514,29532.25
1782701100,29544.75,29522.75,29540
1782701400,29544,29512.5,29516.25
1782701700,29536,29514,29523.5
1782702000,29574.75,29524.5,29569.25
1782702300,29579.5,29555.25,29569
1782702600,29571.25,29541,29543.75
1782702900,29548.5,29536.75,29547.25
1782703200,29563.75,29535,29550.25
1782703500,29567.5,29538.5,29556.25
1782703800,29567.5,29514.25,29520.75
1782704100,29524.5,29481.75,29502.25
1782704400,29508.25,29488.5,29497.75
1782704700,29561.75,29492,29556.25
1782705000,29605.5,29552.5,29583.25
1782705300,29600.5,29568.25,29592.5
1782705600,29594,29571,29576.75
1782705900,29585.25,29554.5,29575.75
1782706200,29576.5,29550,29561
1782706500,29562.5,29538.75,29546
1782706800,29556.75,29524,29552.5
1782707100,29575.5,29535.75,29540.5
1782707400,29554,29516.5,29529.75
1782707700,29546.25,29518,29528.5
1782708000,29530,29505.25,29522.25
1782708300,29537,29505.75,29537
1782708600,29556,29526.5,29546.75
1782708900,29546.75,29508.5,29518.75
1782709200,29536.75,29493.75,29507
1782709500,29530.5,29492,29519.25
1782709800,29538,29494,29537
1782710100,29552.25,29510.5,29523.5
1782710400,29541,29517.25,29537.5
1782710700,29561.25,29521.25,29533.5
1782711000,29588,29524.25,29587
1782711300,29595,29555.25,29572.75
1782711600,29629.75,29571.25,29621.75
1782711900,29623.5,29604,29614.25
1782712200,29663.5,29602.5,29655.25
1782712500,29672.75,29646.25,29669.75
1782712800,29676.75,29609.5,29618
1782713100,29619.75,29590.5,29608
1782713400,29619,29590.5,29615.5
1782713700,29633,29613,29630
1782714000,29648.25,29617.75,29644.75
1782714300,29661.25,29633.75,29648.5
1782714600,29683.75,29644.25,29678.5
1782714900,29684,29650.5,29657.5
1782715200,29684.75,29653.5,29667
1782715500,29669.75,29642,29644.25
1782715800,29655.75,29635.5,29635.75
1782716100,29637.25,29617,29630.25
1782716400,29634,29578,29609.25
1782716700,29613,29582.75,29607.5
1782717000,29618.75,29582,29616.5
1782717300,29644,29615.5,29633.75
1782717600,29648.75,29616,29635.25
1782717900,29655.25,29625.5,29644
1782718200,29646.75,29627,29645
1782718500,29671.5,29631.75,29671.25
1782718800,29679,29657.5,29666.25
1782719100,29696,29658,29673.75
1782719400,29681.25,29657.75,29661.75
1782719700,29669.75,29655,29663.75
1782720000,29714,29656,29690.5
1782720300,29714.5,29676.5,29695.25
1782720600,29702.5,29677.5,29686
1782720900,29729.5,29677.75,29713.5
1782721200,29724.25,29703,29712.75
1782721500,29732,29693,29694.25
1782721800,29720.75,29687.75,29711.75
1782722100,29721.5,29675,29683.75
1782722400,29693.75,29678.25,29685.75
1782722700,29707,29679,29688
1782723000,29697.25,29670.25,29673.25
1782723300,29673.75,29653,29659
1782723600,29671.25,29652.75,29663.25
1782723900,29667.5,29644.25,29653
1782724200,29665.75,29640.5,29656.75
1782724500,29678.5,29646.75,29669.75
1782724800,29676.25,29660.5,29671.25
1782725100,29688,29657.5,29678.75
1782725400,29687,29669,29672
1782725700,29680.75,29656.75,29668.75
1782726000,29668.5,29644.25,29658.5
1782726300,29673,29652.25,29660.5
1782726600,29666.25,29619.75,29647.5
1782726900,29670.75,29641.5,29665
1782727200,29703,29664.75,29695.75
1782727500,29719,29685.25,29716.75
1782727800,29723.25,29683.5,29688.25
1782728100,29688.25,29668.25,29681.75
1782728400,29694,29676.75,29683
1782728700,29718,29677.75,29718
1782729000,29727.5,29708.75,29720.25
1782729300,29744.5,29706.75,29737.25
1782729600,29741.25,29723.5,29727
1782729900,29728,29697,29724.5
1782730200,29735.5,29718.75,29732
1782730500,29746.75,29725.75,29741.25
1782730800,29758.25,29734,29748.75
1782731100,29756,29736.5,29737.25
1782731400,29738.5,29708,29712
1782731700,29718.25,29688.25,29692.75
1782732000,29711.5,29682.75,29702.5
1782732300,29719.75,29700.75,29711.5
1782732600,29770,29700.75,29719
1782732900,29727.25,29701,29703
1782733200,29721,29698,29708.5
1782733500,29725.25,29707.5,29716
1782733800,29730.5,29703.5,29707
1782734100,29716.25,29698,29704.75
1782734400,29717.75,29691.5,29711.25
1782734700,29724,29707,29719
1782735000,29734.5,29714,29728.75
1782735300,29740,29720,29728.5
1782735600,29732,29706.5,29713.5
1782735900,29729.75,29707.5,29717.25
1782736200,29727.5,29693.5,29726.5
1782736500,29732.25,29678.75,29681.25
1782736800,29687,29650,29674.25
1782737100,29689.75,29664,29668.75
1782737400,29688,29664.5,29683.25
1782737700,29705.75,29680.25,29705
1782738000,29722,29699.5,29707
1782738300,29725,29704.25,29713.75
1782738600,29733.5,29709,29727.5
1782738900,29732.75,29712.5,29714
1782739200,29715,29673,29676.75
1782739500,29681.5,29630,29644.75
1782739800,29768,29557,29760.25
1782740100,29767,29635,29709.75
1782740400,29795,29676,29785
1782740700,29824.25,29747.75,29767.25
1782741000,29838.5,29721.25,29761
1782741300,29776,29578,29617.25
1782741600,29631.75,29532.25,29542.75
1782741900,29554.5,29452,29498
1782742200,29517.75,29327.75,29329.5
1782742500,29387.75,29274,29382
1782742800,29437,29337,29402
1782743100,29551,29391.75,29545.5
1782743400,29652.75,29524.75,29633
1782743700,29642.5,29559.75,29587.75
1782744000,29624.75,29562.25,29577.5
1782744300,29584.25,29498,29571.5
1782744600,29687.75,29567,29673.75
1782744900,29716.5,29643,29713.75
1782745200,29734,29696.5,29702.25
1782745500,29728,29680.75,29717.75
1782745800,29726.25,29664.25,29724.5
1782746100,29752.5,29681.5,29695.75
1782746400,29741.25,29658.75,29679.75
1782746700,29774.75,29675.75,29770
1782747000,29802.25,29758.75,29765.75
1782747300,29803.75,29735,29794
1782747600,29823,29773.25,29819.25
1782747900,29819.5,29778,29791.75
1782748200,29829.5,29786.75,29820.5
1782748500,29848,29796.25,29839
1782748800,29873.5,29836,29868
1782749100,29879.25,29850.25,29861.25
1782749400,29869.25,29834,29849.75
1782749700,29888.25,29848,29879
1782750000,29903.25,29867.75,29902.25
1782750300,29908.75,29866.5,29870.75
1782750600,29882.5,29843.25,29862.25
1782750900,29885.5,29855.75,29883
1782751200,29910,29876.75,29906.5
1782751500,29921,29893,29906.25
1782751800,29933.75,29899.75,29928.25
1782752100,29929.25,29913,29916
1782752400,29947.75,29915.75,29944.25
1782752700,29952,29932.25,29949.5
1782753000,30003.25,29948.5,29988.25
1782753300,30000,29978.75,29990.25
1782753600,30004,29950,29958.25
1782753900,30015,29952,30011.5
1782754200,30038.75,29986.75,29996
1782754500,30012.5,29990.75,30007.5
1782754800,30010.75,29997,30005
1782755100,30025.75,29993,30021.25
1782755400,30030,30005.25,30016.5
1782755700,30029,29988,30003.75
1782756000,30022,29993,30013.75
1782756300,30024.75,30002.5,30010.25
1782756600,30023,30006.25,30021
1782756900,30024.5,30008.25,30018
1782757200,30022.75,29995.25,30003.5
1782757500,30005,29986.5,29992
1782757800,30026.25,29988.75,30022.75
1782758100,30045.25,30018,30039
1782758400,30056.75,30036.75,30053.25
1782758700,30069,30046.5,30050.5
1782759000,30052.5,30031,30045.5
1782759300,30048.75,30025.5,30032.5
1782759600,30045.25,30002.75,30005.25
1782759900,30038,29997.25,30022.75
1782760200,30029.5,30008.25,30013.75
1782760500,30034,30006,30023
1782760800,30059.75,30022.5,30046.25
1782761100,30051,30024.75,30026
1782761400,30030.5,30004,30008
1782761700,30033,30007.25,30032.25
1782762000,30047,30008.5,30021
1782762300,30030.5,30014.5,30023.25
1782762600,30030,29973.5,29991.75
1782762900,30068.5,29990.5,30046.25
1782763200,30052.75,29996.5,30031.25
1782763500,30035.25,30017.5,30031.25
1782763800,30037.75,30020.25,30025.25
1782764100,30028,30015.5,30020
1782764400,30037.25,30020.5,30029.75
1782764700,30033.25,30020,30020.5
1782765000,30022.25,30009.5,30014.75
1782765300,30016.25,29997,30002
1782765600,30005.75,29995.75,30004.75
1782765900,30006.75,29993,30003
1782766200,30008.25,29999.75,30002.75
1782766500,30014.75,29991.25,29995.5
1782770400,30013.25,29971.5,29988.5
1782770700,30028.5,29986,30020.75
1782771000,30033.75,30005.75,30010.75
1782771300,30025,30003.5,30023
1782771600,30039.5,30020.5,30021
1782771900,30028.75,30006,30010
1782772200,30017,29991.25,29997.5
1782772500,30003.5,29994.5,30000.75
1782772800,30028.75,29997.25,30021.75
1782773100,30024.5,30012.75,30014.75
1782773400,30016.25,30002,30015.25
1782773700,30017,30005.25,30012
1782774000,30024,30005,30022.5
1782774300,30037.25,30017.75,30037
1782774600,30045.25,30026,30030.75
1782774900,30043,30025,30032
1782775200,30040.75,30022,30027
1782775500,30045,30026.75,30035.5
1782775800,30053.5,30027,30052
1782776100,30055,30036.75,30042
1782776400,30049.75,30040,30042.75
1782776700,30045.5,30017.75,30030.25
1782777000,30036.5,30016.25,30030.25
1782777300,30051.75,30027.75,30039.75
1782777600,30054,30009.25,30050.75
1782777900,30080.25,30046,30049.75
1782778200,30085.75,30036.75,30069
1782778500,30088,30055,30062
1782778800,30068.25,30025.5,30045.75
1782779100,30050.25,29986.25,29997.25
1782779400,30004.25,29937.75,29966
1782779700,29976.75,29948.25,29962.75
1782780000,29983.5,29936.75,29943
1782780300,29994.5,29935.25,29989.5
1782780600,30014.75,29977.25,30007.75
1782780900,30015,29993.25,30009.75
1782781200,30021,29963.25,29979.25
1782781500,29986,29957,29962
1782781800,29975,29951,29967.5
1782782100,29995,29959.75,29993
1782782400,30013.75,29978.75,30002.75
1782782700,30066.5,29993.75,30065.25
1782783000,30080,30047,30055.5
1782783300,30057.25,30013.5,30029.25
1782783600,30056.75,30028.25,30048.5
1782783900,30056.75,30014.75,30035.25
1782784200,30049,30027.75,30043.75
1782784500,30055.25,30040,30053.75
1782784800,30056.5,30017.25,30020.75
1782785100,30032,30010,30027.5
1782785400,30028.5,30000.75,30006
1782785700,30011.75,29978,29999
1782786000,30034,29995,30032.25
1782786300,30039.75,30020,30029.25
1782786600,30053,30023.25,30030.75
1782786900,30035.75,30023.75,30032.5
1782787200,30036.5,30014.5,30022.25
1782787500,30040.25,30018.75,30035
1782787800,30042.75,30028.5,30036
1782788100,30041.25,30016.25,30020.5
1782788400,30028,30011,30023
1782788700,30043,30021,30041
1782789000,30045.75,30029,30031.75
1782789300,30060.5,30032,30053
1782789600,30058.25,30043,30046.25
1782789900,30065.5,30040,30061.75
1782790200,30081.75,30056,30078
1782790500,30118,30071.5,30114.75
1782790800,30130,30107.75,30116.75
1782791100,30120.25,30108,30112.75
1782791400,30130.25,30105.25,30105.75
1782791700,30106.25,30091,30096.25
1782792000,30145,30094.75,30144.25
1782792300,30151.5,30128.25,30131.75
1782792600,30143,30129,30138.25
1782792900,30141.75,30131.25,30135.5
1782793200,30157.75,30134.5,30149
1782793500,30169.75,30148.5,30169.5
1782793800,30179,30162,30176.25
1782794100,30196,30176,30193.5
1782794400,30202.75,30183,30201
1782794700,30209,30183.5,30194.5
1782795000,30204.75,30183,30196.5
1782795300,30202,30185.5,30186.5
1782795600,30217.25,30182.75,30202.5
1782795900,30207,30191.5,30192.5
1782796200,30196.25,30182.25,30193.25
1782796500,30194.25,30170.5,30173.5
1782796800,30196,30171.5,30190.75
1782797100,30192.75,30155.25,30161.25
1782797400,30164.75,30131,30135.25
1782797700,30139.5,30115.75,30138.75
1782798000,30163.75,30137.5,30146
1782798300,30158.75,30141.75,30158.25
1782798600,30169.25,30146,30162.75
1782798900,30170.75,30154.75,30167.25
1782799200,30173.5,30150.5,30167
1782799500,30167.5,30148.5,30155
1782799800,30163.5,30146.25,30152.25
1782800100,30152.5,30136.75,30143.75
1782800400,30146.75,30129,30136.75
1782800700,30154,30118.25,30144.25
1782801000,30148.75,30098.25,30105.5
1782801300,30121.5,30099,30112.75
1782801600,30122.5,30103.5,30106
1782801900,30127.25,30103,30126.5
1782802200,30129.5,30119,30121.75
1782802500,30134,30118.75,30132.5
1782802800,30150,30121.25,30135.25
1782803100,30151,30117,30124.75
1782803400,30124,30107.25,30112.75
1782803700,30124,30110.25,30115.5
1782804000,30132,30109.75,30127.75
1782804300,30135.75,30114.5,30117.25
1782804600,30131,30114.75,30119.25
1782804900,30131.5,30113,30115.25
1782805200,30122.75,30102.5,30105
1782805500,30107.25,30086,30095.75
1782805800,30097,30069.5,30089.5
1782806100,30094.75,30078.5,30082.5
1782806400,30124,30066.25,30104.25
1782806700,30127.25,30102,30110
1782807000,30124.75,30089,30090.25
1782807300,30093.25,30068.25,30091.5
1782807600,30119,30090.75,30117
1782807900,30127.75,30112.25,30124.25
1782808200,30135,30078.25,30079.5
1782808500,30085.75,30036.5,30037.25
1782808800,30054.25,30019.5,30046.75
1782809100,30051,30029.25,30037.25
1782809400,30065.5,30022.75,30064.25
1782809700,30074,30059.25,30069.5
1782810000,30083.25,30060.25,30080.75
1782810300,30082.25,30061.25,30061.75
1782810600,30078.75,30057.75,30075
1782810900,30087.75,30073.25,30080.75
1782811200,30084,30063,30067.25
1782811500,30076.5,30059,30059.5
1782811800,30062.75,30034.25,30040.5
1782812100,30071,30039.5,30071
1782812400,30079.25,30067.25,30071.5
1782812700,30092.5,30071,30090.75
1782813000,30094,30079.5,30081.75
1782813300,30089,30078.25,30081.75
1782813600,30096.5,30071.75,30079.25
1782813900,30096.25,30076.25,30088.5
1782814200,30103,30068,30101.5
1782814500,30112.75,30100.25,30108.5
1782814800,30115,30099.25,30103.5
1782815100,30118.5,30101.75,30115.25
1782815400,30117.25,30099,30101.5
1782815700,30102,30086.25,30095.75
1782816000,30109.25,30094.5,30102
1782816300,30122.5,30090.5,30116.5
1782816600,30128.75,30111.75,30125.75
1782816900,30151.25,30121,30140.75
1782817200,30153.75,30129,30150.5
1782817500,30169.75,30150.25,30160.25
1782817800,30164.5,30151,30163.75
1782818100,30168.5,30145,30148.25
1782818400,30153.25,30123.25,30123.75
1782818700,30136,30115,30134.5
1782819000,30146.75,30120.25,30129
1782819300,30138.75,30121.75,30127.5
1782819600,30155.75,30124.5,30149.5
1782819900,30169,30144.5,30166.5
1782820200,30175.5,30153.5,30157.75
1782820500,30159.25,30136,30137.5
1782820800,30142.75,30094.75,30102.5
1782821100,30111,30089.75,30100
1782821400,30123,30082.75,30090.5
1782821700,30096.5,30078.5,30083.75
1782822000,30085,30056.25,30066
1782822300,30068.25,30035,30038.25
1782822600,30048,30004.25,30017.75
1782822900,30047.25,30017.5,30046
1782823200,30058.75,30037,30047.75
1782823500,30053.75,30027.25,30041.25
1782823800,30045.75,30028.5,30033.5
1782824100,30035.75,30008,30013
1782824400,30031.75,30005.75,30014.75
1782824700,30030,30006.75,30023.25
1782825000,30045.75,30021.25,30029.75
1782825300,30037.5,30014.75,30023
1782825600,30032.5,29996.5,30000.5
1782825900,30053.5,29999.75,30047
1782826200,30189.25,30034.25,30179.5
1782826500,30264,30156.5,30187.5
1782826800,30242.25,30152.75,30214.5
1782827100,30254,30191.25,30212
1782827400,30312.25,30198.75,30293.5
1782827700,30367.75,30293.5,30362
1782828000,30393.75,30274.25,30391.5
1782828300,30391.75,30320.5,30334.25
1782828600,30367.25,30305.75,30352.75
1782828900,30381.25,30333.25,30365
1782829200,30423.25,30349,30411.5
1782829500,30427.5,30384.5,30410
1782829800,30441.25,30403,30440.5
1782830100,30441.75,30386.5,30406.25
1782830400,30420,30369.25,30413
1782830700,30413,30345,30351.25
1782831000,30379,30310.5,30316.25
1782831300,30346.5,30282.25,30305
1782831600,30371.75,30298.25,30368
1782831900,30390.75,30358,30385
1782832200,30410.5,30360,30401.5
1782832500,30407.75,30368.75,30381.25
1782832800,30403.75,30374.25,30394.5
1782833100,30416,30390,30411.25
1782833400,30431.75,30398,30430.25
1782833700,30433.75,30401.5,30408.75
1782834000,30427,30393.5,30416
1782834300,30440.25,30415.25,30431.25
1782834600,30468,30429.25,30467.25
1782834900,30482,30458.75,30460
1782835200,30487.75,30453,30483.5
1782835500,30496,30479.5,30484.25
1782835800,30489.5,30473.75,30487.25
1782836100,30508,30482,30500.75
1782836400,30504.75,30486.75,30497.25
1782836700,30510,30486.75,30494.5
1782837000,30501.75,30477.75,30486
1782837300,30500.5,30485,30499.5
1782837600,30514.5,30493,30511.5
1782837900,30538.25,30509.5,30537.5
1782838200,30546.5,30529.5,30543.25
1782838500,30546.5,30520.75,30528
1782838800,30558,30525.75,30550.25
1782839100,30563,30544.5,30555.75
1782839400,30556.25,30534.5,30535
1782839700,30545.25,30530,30542.75
1782840000,30553.75,30533.5,30539.5
1782840300,30544.25,30524.75,30530.25
1782840600,30532.75,30515.25,30530.5
1782840900,30540,30518,30521.5
1782841200,30545,30519.25,30543.25
1782841500,30546,30519.5,30524.75
1782841800,30533.75,30512.25,30528.5
1782842100,30532,30519.5,30523.75
1782842400,30539.75,30517.5,30529.25
1782842700,30537.5,30498.75,30531.75
1782843000,30535.75,30523.25,30525.5
1782843300,30543.25,30519.5,30542
1782843600,30548.5,30531,30531.5
1782843900,30538,30528.25,30533.75
1782844200,30537.5,30522.5,30529.5
1782844500,30539.5,30527,30530.5
1782844800,30558,30528.25,30554.25
1782845100,30567.5,30544.75,30566.25
1782845400,30575.5,30539.75,30547.25
1782845700,30562,30546,30553.75
1782846000,30571.25,30552.5,30564.5
1782846300,30582.5,30551.75,30579
1782846600,30594,30572,30591.75
1782846900,30600,30576.25,30580.25
1782847200,30589,30574.25,30577.5
1782847500,30584.5,30567.25,30575.5
1782847800,30583.25,30565.75,30569.75
1782848100,30572.75,30548.5,30561.25
1782848400,30580.75,30559.5,30577.75
1782848700,30590.25,30562,30565.75
1782849000,30594.75,30540,30573
1782849300,30592.5,30510.5,30513.5
1782849600,30537.75,30504.5,30532.25
1782849900,30543.75,30521.75,30533.25
1782850200,30533.75,30501.75,30506.5
1782850500,30513.5,30495.25,30502.5
1782850800,30508,30494,30505.25
1782851100,30507.75,30501.5,30504.25
1782851400,30511.75,30498.75,30501.25
1782851700,30502,30491.5,30495.5
1782852000,30497.75,30491.75,30496.5
1782852300,30497,30488.5,30491.25
1782852600,30495,30484.25,30491.25
1782852900,30502.25,30486.75,30501
1782856800,30526.25,30492,30513.5
1782857100,30529,30513.5,30520.5
1782857400,30521.5,30499,30516
1782857700,30535.75,30514,30530
1782858000,30535.5,30526.25,30529.5
1782858300,30535,30525.75,30532.5
1782858600,30533,30512.25,30515.75
1782858900,30520.25,30507,30515.5
1782859200,30520.75,30514,30516
1782859500,30516.75,30503,30512.25
1782859800,30512.75,30498,30502.5
1782860100,30514.25,30501,30510.5
1782860400,30528.25,30509.25,30518.75
1782860700,30541.25,30516,30535
1782861000,30535.25,30518.25,30522.5
1782861300,30535.5,30517.5,30529.5
1782861600,30535.25,30525.5,30532
1782861900,30540,30522.75,30525.5
1782862200,30543,30521.5,30541.5
1782862500,30542.5,30525,30536.5
1782862800,30540,30526.5,30528.5
1782863100,30543.5,30522,30535
1782863400,30537.75,30518.25,30520.5
1782863700,30538.25,30515.75,30533
1782864000,30555.75,30521.25,30534.5
1782864300,30541.25,30507.75,30529.5
1782864600,30545.5,30523,30528
1782864900,30540,30518.5,30520.25
1782865200,30532.25,30508.75,30516.25
1782865500,30541.25,30506.5,30536.25
1782865800,30550,30532,30541
1782866100,30546.25,30526.75,30542
1782866400,30547.75,30535.25,30538.25
1782866700,30545.25,30532.75,30543.5
1782867000,30547.25,30529,30530.5
1782867300,30537.5,30522.75,30523.25
1782867600,30530.25,30509.75,30510
1782867900,30518.75,30492.75,30502
1782868200,30502.5,30471.5,30499.75
1782868500,30506.75,30465,30484
1782868800,30498.25,30471.5,30485.5
1782869100,30495.25,30478,30485.5
1782869400,30503.5,30470.5,30477
1782869700,30486.25,30467.25,30478.25
1782870000,30484.5,30469.25,30474.25
1782870300,30483.5,30455.5,30464
1782870600,30467,30452,30462.5
1782870900,30480,30450.75,30453
1782871200,30456.25,30428.25,30430.75
1782871500,30431,30395.5,30406.75
1782871800,30412.75,30385.75,30393
1782872100,30408.75,30367,30405.25
1782872400,30417.5,30393.75,30410
1782872700,30423,30403.75,30421.5
1782873000,30428.25,30408,30409.5
1782873300,30423.25,30408.5,30420.5
1782873600,30446.75,30416.75,30440.5
1782873900,30442.75,30428.5,30435
1782874200,30439.5,30424.75,30438.5
1782874500,30442.25,30433.25,30437.75
1782874800,30447.5,30431.5,30441
1782875100,30457.25,30437.75,30453
1782875400,30465.75,30450.75,30462.25
1782875700,30466.25,30435.5,30447.75
1782876000,30448,30432.25,30435.5
1782876300,30445.25,30429.25,30438
1782876600,30447.75,30431.5,30442
1782876900,30465.75,30441.5,30463.25
1782877200,30468.25,30445.25,30448.75
1782877500,30470,30447.75,30468
1782877800,30477.25,30467.5,30469
1782878100,30470,30461.75,30466.75
1782878400,30468,30440.25,30452
1782878700,30459.25,30447,30451.25
1782879000,30454.5,30433.75,30436.75
1782879300,30442,30431.25,30435.75
1782879600,30451.5,30426.25,30443
1782879900,30455,30438,30451
1782880200,30457,30448.75,30454
1782880500,30453.5,30433,30440.5
1782880800,30461,30437.5,30453.5
1782881100,30469.75,30453.5,30466.25
1782881400,30474.75,30463.75,30470
1782881700,30472.25,30441.75,30443.75
1782882000,30449.75,30435.75,30445.25
1782882300,30463.5,30444.75,30450.25
1782882600,30450,30438.75,30445.25
1782882900,30452.75,30440.5,30447.5
1782883200,30448.5,30428.75,30440.75
1782883500,30441.5,30429.25,30436.5
1782883800,30445.75,30428,30435.25
1782884100,30437.75,30422,30435.25
1782884400,30452.25,30428,30435.75
1782884700,30445.75,30424.25,30425.75
1782885000,30441.25,30422.75,30432
1782885300,30438.5,30426.5,30429.25
1782885600,30444.25,30409.5,30416
1782885900,30425.25,30410,30416.25
1782886200,30426.75,30405,30408.25
1782886500,30416.75,30390.5,30392.25
1782886800,30397.75,30379.5,30382
1782887100,30397.5,30364.25,30395.5
1782887400,30409.25,30392.5,30395
1782887700,30398.75,30388.25,30393.5
1782888000,30407.5,30383.5,30406.5
1782888300,30420,30401.25,30414
1782888600,30416.25,30396.25,30397.5
1782888900,30398.25,30380.25,30391.5
1782889200,30395,30358,30369.75
1782889500,30374,30345.25,30353.25
1782889800,30354.5,30328,30335
1782890100,30338.5,30298.75,30322.5
1782890400,30352,30302,30349.75
1782890700,30358.5,30343.25,30349.75
1782891000,30363.25,30344.25,30359.25
1782891300,30367,30349.25,30365.25
1782891600,30366.5,30354,30355.75
1782891900,30381.25,30347.75,30375
1782892200,30380.5,30358.25,30375
1782892500,30383.75,30370.75,30374
1782892800,30376.75,30338.25,30339.25
1782893100,30365.75,30333,30353
1782893400,30364.5,30344.75,30357
1782893700,30367.75,30350.5,30354
1782894000,30360.75,30333.5,30343.75
1782894300,30352.5,30322.75,30331.5
1782894600,30344.5,30317.25,30339
1782894900,30347.25,30330.25,30346.75
1782895200,30365.25,30340.75,30359
1782895500,30359.75,30345.25,30351
1782895800,30376.5,30347.25,30373
1782896100,30378.5,30364.5,30377.25
1782896400,30378.25,30346,30350
1782896700,30362.5,30347.5,30349.25
1782897000,30360.5,30338.5,30351
1782897300,30361,30348.75,30358
1782897600,30364.25,30352.75,30355.75
1782897900,30356.5,30343.75,30353.25
1782898200,30367.5,30345.5,30362.5
1782898500,30365.25,30353,30358.75
1782898800,30364.25,30352.25,30358.75
1782899100,30372.75,30359.25,30371.25
1782899400,30382.75,30365.5,30377.5
1782899700,30386.25,30376,30384.25
1782900000,30391.25,30374.25,30378.25
1782900300,30380,30366.75,30371.25
1782900600,30371,30351.5,30362
1782900900,30381.5,30360,30379.5
1782901200,30396.5,30378.75,30387.75
1782901500,30397.25,30380.5,30395.25
1782901800,30397.25,30385.5,30393.25
1782902100,30400.5,30387.75,30393.75
1782902400,30397.75,30363.75,30387.5
1782902700,30397.75,30384,30395.75
1782903000,30406.5,30394.5,30404.75
1782903300,30414.25,30400.75,30407
1782903600,30427.5,30406.75,30424.75
1782903900,30435.5,30415.75,30421.5
1782904200,30433.5,30408.5,30413.5
1782904500,30419.75,30405.25,30407.5
1782904800,30411.25,30396.5,30402.75
1782905100,30415,30392.25,30399.5
1782905400,30402.5,30387,30389
1782905700,30396,30375.75,30383.25
1782906000,30397.75,30373.75,30396.75
1782906300,30397.5,30369.5,30372.25
1782906600,30376,30355.75,30359.75
1782906900,30368,30354.5,30362
1782907200,30374,30339.75,30342
1782907500,30357.75,30332.25,30355.75
1782907800,30368,30349.5,30358.25
1782908100,30386.25,30358.5,30379
1782908400,30388.25,30368.75,30387.75
1782908700,30387.75,30361.75,30369.25
1782909000,30395.25,30292,30300
1782909300,30320,30262.5,30263.75
1782909600,30295.25,30243.25,30271.75
1782909900,30282,30241,30253
1782910200,30288,30233.25,30247.25
1782910500,30285.25,30233.5,30267
1782910800,30307,30265,30289.25
1782911100,30294,30250.25,30263.25
1782911400,30273,30244.25,30254.75
1782911700,30314.25,30246.75,30283.75
1782912000,30297.5,30274.75,30289
1782912300,30292.5,30212.75,30236.75
1782912600,30260.5,30104.5,30117.75
1782912900,30162.25,30087.25,30115.25
1782913200,30184.25,30096,30141.5
1782913500,30226.5,30112,30204.5
1782913800,30260.25,30187.5,30232
1782914100,30287.5,30217,30282.5
1782914400,30307.5,30243,30263.5
1782914700,30317.25,30256.25,30296.75
1782915000,30327.25,30278.75,30287.25
1782915300,30313.75,30251.25,30302.5
1782915600,30315,30272.5,30293.75
1782915900,30312,30271,30284.5
1782916200,30289.5,30219.25,30236.25
1782916500,30265,30203.25,30264
1782916800,30272,30200,30202
1782917100,30204,30136.5,30194.25
1782917400,30242.75,30189.5,30215
1782917700,30221.75,30144,30193
1782918000,30271,30186,30260.25
1782918300,30270.5,30201.75,30226
1782918600,30265.5,30204,30261.75
1782918900,30315,30261.5,30297.25
1782919200,30334,30297.5,30302.5
1782919500,30347.25,30294,30343
1782919800,30357.75,30315,30317.25
1782920100,30328,30285.25,30297
1782920400,30318.75,30278,30290.75
1782920700,30296.75,30245.75,30251.75
1782921000,30273.5,30236.5,30237.25
1782921300,30268.5,30227.75,30254.75
1782921600,30277.25,30235,30243.25
1782921900,30268,30232.5,30239.5
1782922200,30261.5,30222.75,30241.75
1782922500,30260.75,30217.75,30256.25
1782922800,30281,30247.75,30267.25
1782923100,30274.5,30243.5,30244.5
1782923400,30262.75,30236.75,30257.25
1782923700,30257,30212.75,30219.75
1782924000,30229,30200,30223.25
1782924300,30241.5,30203.25,30217
1782924600,30229.75,30196.75,30214.25
1782924900,30220.25,30173.75,30189.5
1782925200,30219.5,30170.5,30181
1782925500,30194,30153.5,30184.5
1782925800,30203.25,30166,30198
1782926100,30214.25,30189,30213.25
1782926400,30235.5,30209.75,30230.75
1782926700,30240.5,30204.25,30209.25
1782927000,30223.75,30186.25,30199
1782927300,30211,30184.5,30205.25
1782927600,30214.25,30184.75,30188.5
1782927900,30197,30168.25,30181.25
1782928200,30207.5,30179.5,30193.75
1782928500,30195.5,30157,30163
1782928800,30187.75,30158.75,30186.25
1782929100,30187.5,30168,30184.5
1782929400,30190.25,30153,30155.75
1782929700,30166,30137.75,30163.75
1782930000,30176.25,30156.5,30175.5
1782930300,30182.25,30158.5,30158.75
1782930600,30165.5,30144,30160.75
1782930900,30175,30148.75,30155.5
1782931200,30158.75,30133.25,30145.75
1782931500,30146,30109,30122.25
1782931800,30135.25,30101.75,30102.75
1782932100,30137,30099,30132.25
1782932400,30180,30126.75,30178.5
1782932700,30215.5,30173.5,30212.5
1782933000,30214.75,30182.25,30186.25
1782933300,30198.5,30168.75,30195.25
1782933600,30211,30190.5,30206.5
1782933900,30208.75,30171,30189.75
1782934200,30231.75,30189.75,30213.5
1782934500,30213.25,30163.25,30166.75
1782934800,30170,30134,30142.75
1782935100,30145.5,30122,30132.5
1782935400,30164.25,30094.25,30116.25
1782935700,30119,30054,30080.75
1782936000,30086.5,30009.25,30029.75
1782936300,30056.25,30015.5,30042.75
1782936600,30070,30040.5,30061.5
1782936900,30061.25,30031.75,30033.75
1782937200,30057,30025.75,30056.25
1782937500,30065.25,30042.75,30052.75
1782937800,30057.75,30034,30036.75
1782938100,30047.75,30020.25,30047.75
1782938400,30053.75,30041,30052.5
1782938700,30062.25,30050.75,30055.5
1782939000,30058,30039.5,30046.5
1782939300,30074.25,30043.25,30064.5
1782943200,30109.25,30064.25,30073
1782943500,30099,30064,30080.25
1782943800,30081.5,30053.25,30053.75
1782944100,30068,30050.75,30068
1782944400,30097.75,30067,30093.25
1782944700,30102.25,30089.75,30095.5
1782945000,30113.5,30092,30108.75
1782945300,30113.5,30100,30107.75
1782945600,30111.25,30101,30104.5
1782945900,30106.5,30086.5,30090.5
1782946200,30094.75,30081.25,30085.75
1782946500,30116,30083.75,30107
1782946800,30111,30090.5,30093.25
1782947100,30094.5,30075,30080.5
1782947400,30087,30060.5,30062.75
1782947700,30068.25,30054,30059.5
1782948000,30069.75,30053.75,30056.75
1782948300,30069.25,30057,30067.5
1782948600,30069,30047.25,30048.5
1782948900,30076,30041.25,30069.25
1782949200,30075,30063,30073.25
1782949500,30073.5,30022.5,30026
1782949800,30055,30011,30047.5
1782950100,30053,30033.75,30045.5
1782950400,30046.25,29953,29955.75
1782950700,30003.75,29955.75,30002.25
1782951000,30041.75,29991,30001
1782951300,30015,29977,29979.5
1782951600,30050.25,29975.75,30045
1782951900,30067,30024.25,30062
1782952200,30065.5,30037.75,30048.5
1782952500,30081,30045.5,30059.5
1782952800,30069,30010.75,30013.5
1782953100,30055.25,30006,30051
1782953400,30097.25,30041.75,30096
1782953700,30118.25,30093,30109.5
1782954000,30148,30097.5,30146.5
1782954300,30188,30143.5,30182.75
1782954600,30190.75,30172,30187.75
1782954900,30197.75,30166.75,30192
1782955200,30197,30180,30196
1782955500,30205,30177,30194.75
1782955800,30209.25,30189.25,30196.5
1782956100,30227.25,30192.75,30226.25
1782956400,30227,30207,30215
1782956700,30226.75,30200.5,30216
1782957000,30222.75,30197.75,30206.5
1782957300,30212,30194.5,30202.75
1782957600,30206,30190.25,30204
1782957900,30220.25,30202.5,30216
1782958200,30231,30206,30230
1782958500,30239,30215,30218.25
1782958800,30219.5,30186.75,30190.5
1782959100,30208,30189.5,30192.75
1782959400,30214.75,30177.75,30213.25
1782959700,30219,30197.5,30200
1782960000,30208.5,30195.25,30207.25
1782960300,30228.5,30203.75,30205
1782960600,30208.75,30191.25,30193.75
1782960900,30213.75,30193.25,30207.25
1782961200,30214,30187.5,30189.75
1782961500,30192.5,30158.5,30161.25
1782961800,30183.5,30158.5,30177.75
1782962100,30185,30165,30169.5
1782962400,30174,30139.25,30146.75
1782962700,30163.5,30134.25,30151
1782963000,30194.25,30148,30187.5
1782963300,30197.5,30162.75,30167
1782963600,30172.25,30145.25,30158.75
1782963900,30159.25,30137.75,30157.5
1782964200,30178.25,30153.25,30175.5
1782964500,30185.75,30166.75,30173
1782964800,30188.75,30163.25,30168.75
1782965100,30168.75,30148.5,30151.75
1782965400,30154.25,30126.5,30128.25
1782965700,30134.25,30115.75,30115.75
1782966000,30122,30102.25,30119.75
1782966300,30141.75,30117.25,30135
1782966600,30136,30094.5,30099.75
1782966900,30101.25,30074.25,30080
1782967200,30081.25,30064,30068.5
1782967500,30088.25,30052,30074.25
1782967800,30105.25,30073.25,30104
1782968100,30122,30100.75,30113.25
1782968400,30132.25,30093.75,30130
1782968700,30152,30128.5,30151.25
1782969000,30155,30138.5,30145.75
1782969300,30159.75,30136.25,30147.5
1782969600,30157.75,30142.75,30146.5
1782969900,30146.75,30112.25,30115.5
1782970200,30117,30084.75,30088.75
1782970500,30090.5,30052,30054
1782970800,30074.5,30045.5,30054.5
1782971100,30064.75,30037,30044.25
1782971400,30072.75,30044.25,30053.75
1782971700,30071.25,30047.25,30050.25
1782972000,30066.5,30014,30018.25
1782972300,30029,29989,29993.25
1782972600,29997,29954.5,29954.75
1782972900,29987.5,29947.5,29980.25
1782973200,29995.25,29967.25,29969.75
1782973500,29989.25,29950.5,29954.5
1782973800,30005.75,29952,29998.25
1782974100,30007.75,29983.5,29991.25
1782974400,29994,29962.5,29974
1782974700,29978,29913.25,29917.25
1782975000,29925.75,29894.25,29916.5
1782975300,29947.25,29916,29920.5
1782975600,29938,29901,29914
1782975900,29915.5,29877.75,29883.75
1782976200,29899,29832.25,29835.75
1782976500,29871.75,29826,29845.5
1782976800,29862.25,29831,29850.75
1782977100,29867.25,29826.5,29863
1782977400,29887.25,29858.5,29885.75
1782977700,29897.75,29871.75,29895.75
1782978000,29943.5,29895,29938.5
1782978300,29944.5,29921.25,29934.25
1782978600,29942.5,29904.5,29907.75
1782978900,29909.5,29884,29890.75
1782979200,29911.25,29865,29904.5
1782979500,29927,29860.5,29878
1782979800,29880.75,29827,29841.5
1782980100,29893.25,29839.25,29890.75
1782980400,29917.25,29880.5,29909.75
1782980700,29942,29907,29925.75
1782981000,29990.25,29915.5,29989
1782981300,30014.25,29983.75,29998
1782981600,30000,29977,29982.25
1782981900,30002.5,29970.25,30000.5
1782982200,30027.5,29996.75,30010.75
1782982500,30039,30006,30033
1782982800,30034,29988,29989
1782983100,29992.5,29960.25,29967.5
1782983400,29988.5,29965.25,29984
1782983700,29986.25,29962,29962.5
1782984000,29983.25,29953.5,29956.5
1782984300,29986,29941.5,29982.5
1782984600,30011.25,29977.5,29994.5
1782984900,30014.75,29988,30005.75
1782985200,30010,29994.75,29999.25
1782985500,29998.75,29969.25,29989.25
1782985800,29998.5,29976.25,29981.5
1782986100,29982.25,29952,29958.75
1782986400,29959.75,29919.25,29926.25
1782986700,29957,29923.25,29941
1782987000,29949.75,29931.75,29936
1782987300,29950.75,29924.5,29949.25
1782987600,29951,29930.5,29939.5
1782987900,29961,29934.25,29948.25
1782988200,29993,29947.75,29983.5
1782988500,30003.75,29974,30000
1782988800,30005,29976.5,29978.75
1782989100,29987.25,29971.25,29980
1782989400,29994,29973.25,29990.25
1782989700,30008.5,29982.25,30004
1782990000,30022.25,29978.5,29981.5
1782990300,29986.25,29967.75,29983.5
1782990600,30010.5,29983,30006
1782990900,30009.25,29970,29984
1782991200,30008.75,29972.5,30003.5
1782991500,30014.5,30002.25,30005.75
1782991800,30010.75,29993.25,29995
1782992100,30037,29992.5,30035
1782992400,30065,30013.75,30058.25
1782992700,30076.75,30055.75,30058.25
1782993000,30079,30039.5,30041
1782993300,30053.75,30033.5,30034.5
1782993600,30085.75,30021.75,30081
1782993900,30116,30072.75,30105.5
1782994200,30141.75,30100,30130.75
1782994500,30162.5,30128.25,30141
1782994800,30159,30127.75,30157.75
1782995100,30188,30134,30180.5
1782995400,30282.5,30137,30274.25
1782995700,30319.75,30265.5,30282.25
1782996000,30294.5,30240,30242
1782996300,30266.75,30238.25,30245.25
1782996600,30262.75,30201.75,30206.25
1782996900,30208.75,30154.75,30182.5
1782997200,30215.75,30134.25,30181.75
1782997500,30184,30118,30127.5
1782997800,30162,30123.25,30142
1782998100,30174.75,30132.5,30168.5
1782998400,30183.25,30160,30164.25
1782998700,30175.5,30073.75,30076
1782999000,30139,30007.25,30134.5
1782999300,30161.25,30026,30054.75
1782999600,30188,30051.5,30126.25
1782999900,30205.25,30100.75,30179.25
1783000200,30260.75,30158.5,30234
1783000500,30261.75,30191.75,30258
1783000800,30293,30228,30259.5
1783001100,30260.75,30167.5,30181.75
1783001400,30253.75,30131,30216
1783001700,30226,30108.5,30156
1783002000,30169.25,30074.5,30079.75
1783002300,30095.75,29910.25,29934.75
1783002600,30006.5,29887.5,29903
1783002900,29986.75,29877,29923.75
1783003200,29933.5,29776.5,29809.5
1783003500,29868,29756,29826.25
1783003800,29853,29730.5,29766.5
1783004100,29843,29762,29840.5
1783004400,29851.75,29712.5,29715.75
1783004700,29745.25,29628.75,29704.25
1783005000,29778.5,29683.5,29717
1783005300,29743,29622,29639.25
1783005600,29723.5,29611,29720.5
1783005900,29747.25,29664.25,29670.75
1783006200,29767,29667.25,29756.5
1783006500,29816.75,29746,29782.75
1783006800,29815.25,29709.75,29711.25
1783007100,29749,29690.75,29700.75
1783007400,29710,29644.5,29678.75
1783007700,29695.25,29636,29676.25
1783008000,29688.75,29596,29633.75
1783008300,29653,29585,29599
1783008600,29661.75,29590.25,29647.25
1783008900,29653.5,29590.25,29593.75
1783009200,29598.5,29549.25,29555.25
1783009500,29596.25,29547.75,29559
1783009800,29563.5,29497.25,29500.25
1783010100,29514.25,29454.25,29486
1783010400,29546.75,29483,29537.5
1783010700,29542.5,29502,29507.25
1783011000,29534.75,29478,29500.25
1783011300,29501.75,29434,29461.5
1783011600,29469.75,29391,29409.5
1783011900,29483.25,29387.5,29447.5
1783012200,29468.25,29423.75,29455
1783012500,29482.25,29431.75,29437.5
1783012800,29483.5,29427.25,29443
1783013100,29453.5,29421.5,29448
1783013400,29473.5,29427.25,29427.75
1783013700,29438.5,29373.5,29379.5
1783014000,29418.75,29361.5,29404.75
1783014300,29409,29342,29362.75
1783014600,29398,29344.75,29389.5
1783014900,29397.25,29328.5,29338.5
1783015200,29383.75,29330.75,29382.75
1783015500,29481,29377.5,29478.5
1783015800,29503.5,29451,29459.5
1783016100,29470.25,29411,29426
1783016400,29460.5,29422.25,29450.75
1783016700,29489.25,29437.5,29488.25
1783017000,29526.25,29470.75,29481.75
1783017300,29505,29463,29492.5
1783017600,29501.25,29469.25,29481
1783017900,29502,29439,29494.75
1783018200,29528,29480,29484.75
1783018500,29499.25,29455,29488.25
1783018800,29505,29398.25,29402.5
1783019100,29427.5,29380.75,29397.75
1783019400,29425.5,29381.75,29412
1783019700,29422.75,29380.5,29395
1783020000,29402.5,29354.5,29362.25
1783020300,29445.25,29349,29422.75
1783020600,29468.75,29411.5,29462
1783020900,29476,29425.25,29458
1783021200,29463.75,29427.75,29455
1783021500,29461.25,29431.25,29450
1783021800,29535,29449.75,29532.75
1783022100,29588,29508.75,29538.5
1783022400,29552.75,29524.5,29533
1783022700,29550,29514,29540
1783023000,29553,29524.5,29545.5
1783023300,29562,29538.5,29541
1783023600,29546.25,29532.5,29536.25
1783023900,29557.25,29535.75,29548
1783024200,29560,29539,29557.25
1783024500,29565.25,29545.75,29552
1783024800,29555.25,29537.75,29542.5
1783025100,29558.5,29542.25,29553.75
1783025400,29557.75,29553,29556.75
1783025700,29558.25,29536.75,29551.75
1783029600,29589.25,29565.25,29577.25
1783029900,29590.25,29558.25,29583
1783030200,29589.25,29574,29581.75
1783030500,29595,29581.5,29586.75
1783030800,29596.25,29584.5,29592.25
1783031100,29593,29576.5,29577.75
1783031400,29600.75,29567.5,29596.5
1783031700,29619.75,29590.25,29615
1783032000,29623.5,29609.5,29621.25
1783032300,29621.25,29612,29614
1783032600,29615.75,29608,29615.5
1783032900,29622.5,29612.5,29616
1783033200,29617.5,29594.25,29598.75
1783033500,29603.5,29576,29584
1783033800,29589,29554.5,29559.25
1783034100,29581.5,29552.25,29558.75
1783034400,29603.75,29556.25,29597.75
1783034700,29608.25,29590.75,29602
1783035000,29620,29581,29613.75
1783035300,29617,29573.5,29583.25
1783035600,29591.5,29569.75,29572.5
1783035900,29610.75,29566,29598.25
1783036200,29603.75,29574.75,29600.25
1783036500,29604.5,29592.25,29600.75
1783036800,29638.5,29566.5,29590.75
1783037100,29598.25,29552.75,29553
1783037400,29619,29540.75,29616.5
1783037700,29621,29568.75,29590.25
1783038000,29611,29575.5,29588.5
1783038300,29596.75,29557.75,29560.75
1783038600,29565,29533.5,29540
1783038900,29601.75,29533.5,29571
1783039200,29577,29541,29551.75
1783039500,29568.75,29531.25,29564
1783039800,29572.75,29533,29546.75
1783040100,29552.5,29522.5,29537.75
1783040400,29626.25,29534.5,29622.25
1783040700,29697.5,29617.5,29684.25
1783041000,29686.25,29656.25,29674
1783041300,29681.25,29645.25,29659.75
1783041600,29681.25,29658,29668.75
1783041900,29671.75,29652.5,29656.25
1783042200,29670.25,29642.5,29666
1783042500,29674.75,29647,29663
1783042800,29683.5,29661.25,29675
1783043100,29691.25,29659.25,29686
1783043400,29696,29667,29695.25
1783043700,29699,29677.75,29682.75
1783044000,29696,29681.25,29687.75
1783044300,29717,29684.75,29714.5
1783044600,29717,29689.25,29694
1783044900,29713.5,29693.5,29704.25
1783045200,29720,29703.25,29718.25
1783045500,29731.5,29717.5,29729.5
1783045800,29732.5,29716,29722.25
1783046100,29722.25,29706.5,29712
1783046400,29725.5,29704.25,29723.75
1783046700,29742.25,29724.25,29740.25
1783047000,29748.25,29732.75,29742.5
1783047300,29755.25,29736.5,29750.5
1783047600,29751.75,29738.75,29746.75
1783047900,29754.75,29735.75,29742.5
1783048200,29747.25,29730.5,29746.25
1783048500,29756.75,29745,29751
1783048800,29757.75,29743.75,29746.25
1783049100,29761.75,29741.75,29760
1783049400,29774.75,29752.25,29753.75
1783049700,29760.75,29735.5,29737
1783050000,29738.5,29720.25,29722.75
1783050300,29752,29718,29750.75
1783050600,29757.25,29737.25,29745.25
1783050900,29769.75,29744.5,29768.5
1783051200,29777.25,29762.25,29772.5
1783051500,29778.75,29768.25,29776
1783051800,29786.5,29760,29784.75
1783052100,29791.75,29781.5,29790.25
1783052400,29796.5,29786.75,29794.75
1783052700,29804.25,29788.75,29803.5
1783053000,29807.5,29791,29792.25
1783053300,29807.5,29786.25,29806.75
1783053600,29814,29802.25,29807.5
1783053900,29811.5,29795.25,29796.25
1783054200,29821,29791,29811
1783054500,29812.75,29802,29803
1783054800,29833,29789.75,29822
1783055100,29825,29811.75,29815.75
1783055400,29832.5,29814,29822.5
1783055700,29827,29815.75,29822.25
1783056000,29822.25,29794,29805.25
1783056300,29826,29800.25,29809.75
1783056600,29835,29803.25,29827.5
1783056900,29842,29821,29830.5
1783057200,29834.25,29817.75,29820.25
1783057500,29827,29808,29813.75
1783057800,29823.75,29808.5,29813
1783058100,29829.25,29807.25,29824
1783058400,29863.75,29821,29859
1783058700,29887.75,29859.25,29882.75
1783059000,29885,29869.75,29871.5
1783059300,29877.5,29864,29872.25
1783059600,29872.75,29843.25,29847.75
1783059900,29869.75,29846.25,29868.75
1783060200,29875.75,29859,29864
1783060500,29871.25,29859,29859.25
1783060800,29872,29851.75,29856
1783061100,29859,29841.25,29846.25
1783061400,29848.75,29833.25,29841.5
1783061700,29846.75,29837.25,29840.75
1783062000,29852.5,29836.75,29845.5
1783062300,29854.25,29827.75,29848.75
1783062600,29853,29825.75,29836.75
1783062900,29848,29834.25,29844.5
1783063200,29861.75,29840.25,29858.25
1783063500,29867.5,29855.75,29860.5
1783063800,29865.5,29844,29851.75
1783064100,29873.75,29847,29853.5
1783064400,29854.5,29836.75,29838
1783064700,29856,29835.25,29853.25
1783065000,29856.75,29848.75,29853.25
1783065300,29859,29843.5,29845
1783065600,29846.25,29832.25,29843
1783065900,29861.75,29832,29839.25
1783066200,29844.75,29833,29839.75
1783066500,29852.5,29837,29850.25
1783066800,29854,29835.75,29845
1783067100,29853.25,29837.75,29845.25
1783067400,29849.25,29834,29842.75
1783067700,29866.75,29843.25,29864.75
1783068000,29873.75,29858.25,29870
1783068300,29870.75,29832.5,29833.25
1783068600,29847.75,29831.5,29845.75
1783068900,29857,29842.25,29849.75
1783069200,29849.5,29830,29836.5
1783069500,29845.75,29827,29839
1783069800,29878.75,29837.75,29877.5
1783070100,29885.25,29866,29880
1783070400,29891,29876.75,29889
1783070700,29893,29875.25,29888
1783071000,29897.25,29876.5,29878.25
1783071300,29884.25,29871.25,29874
1783071600,29901,29869.75,29895.5
1783071900,29899.5,29874.25,29879.5
1783072200,29883.75,29869.25,29874.25
1783072500,29878.75,29867.5,29871
1783072800,29872.5,29857.75,29872
1783073100,29877,29869,29874.25
1783073400,29883.25,29871.25,29878.25
1783073700,29880,29868.5,29873.5
1783074000,29880,29864.5,29871.75
1783074300,29880.5,29868.5,29875.25
1783074600,29884,29873.5,29880.25
1783074900,29883.25,29865.25,29866.5
1783075200,29892,29866,29892
1783075500,29894,29879,29885.75
1783075800,29888.5,29882.75,29887.5
1783076100,29889.5,29879.25,29880.75
1783076400,29882.5,29868.25,29877.75
1783076700,29878,29870.5,29876.5
1783077000,29890,29872.75,29885.5
1783077300,29889.75,29879.5,29880.5
1783077600,29885.25,29878.25,29882.5
1783077900,29883.5,29865.25,29873.75
1783078200,29890.25,29871.75,29888.75
1783078500,29889,29879.75,29879.75
1783078800,29887.75,29871.5,29876
1783079100,29884,29873.25,29878
1783079400,29895.25,29876.75,29894.5
1783079700,29908.25,29892.5,29901
1783080000,29918.75,29901,29910.75
1783080300,29922.5,29907,29909.75
1783080600,29910.75,29880.25,29886.75
1783080900,29896,29875.5,29878
1783081200,29885.75,29876.25,29883.25
1783081500,29886.75,29877.25,29885
1783081800,29891.25,29880,29885.75
1783082100,29895,29877.75,29892.25
1783082400,29894.75,29881.5,29885.25
1783082700,29897,29884.75,29894
1783083000,29904.5,29889,29897.5
1783083300,29903.5,29895.75,29902.5
1783083600,29918,29902.25,29909.75
1783083900,29912.75,29890.25,29901.25
1783084200,29907.5,29885.75,29890
1783084500,29904.5,29888.75,29903.75
1783084800,29924.75,29902.5,29910
1783085100,29921,29903,29920.75
1783085400,29956,29920.75,29930
1783085700,29939,29903.25,29913.75
1783086000,29941,29911.75,29929
1783086300,29945.5,29914.25,29918.5
1783086600,29936,29913.25,29920.25
1783086900,29940,29916.75,29939.75
1783087200,29947,29925,29930.75
1783087500,29937.75,29908.75,29917.5
1783087800,29919,29898.5,29902.5
1783088100,29926.25,29895.25,29905.75
1783088400,29922.5,29889,29914.25
1783088700,29923,29905.75,29907.5
1783089000,29913.75,29899.75,29907
1783089300,29910.75,29898.5,29905.5
1783089600,29928,29901.75,29904.5
1783089900,29919.5,29900.25,29912.5
1783090200,29925.75,29908.25,29924.5
1783090500,29929.75,29914,29918.25
1783090800,29922.5,29902.25,29907.75
1783091100,29913,29905,29907
1783091400,29918.75,29906.25,29911.5
1783091700,29925,29910,29921.25
1783092000,29922.75,29906,29910.25
1783092300,29912.25,29896.75,29899
1783092600,29901.5,29880.75,29894.25
1783092900,29904.75,29890.25,29895.75
1783093200,29898.25,29885,29895.25
1783093500,29916.25,29891.75,29908.25
1783093800,29913.5,29903.25,29910
1783094100,29911.75,29903.5,29906.25
1783094400,29908.25,29898.75,29900
1783094700,29906.25,29898.75,29905.75
1783095000,29907.75,29894.5,29894.5
1783095300,29911.5,29894.75,29903.75
1783095600,29915.5,29895,29900.25
1783095900,29907,29899,29901
1783096200,29904.75,29891.25,29904.25
1783096500,29918.25,29901,29916.25
1783096800,29925,29911.75,29922
1783097100,29924,29898.5,29903.25
1783097400,29907,29896.5,29904.25
1783097700,29913.75,29898.25,29903.75
1783288800,29980,29880,29888.25
1783289100,29897.25,29860.5,29881.75
1783289400,29902.25,29875.5,29899.75
1783289700,29923.5,29886.25,29904
1783290000,29948,29902,29935.5
1783290300,29944,29920.25,29935.75
1783290600,29959,29934.75,29954
1783290900,29971.5,29939.5,29961.5
1783291200,29975,29957.5,29970.25
1783291500,29979,29959,29968.75
1783291800,29968.75,29952.75,29957.75
1783292100,29962.5,29941.75,29945.5
1783292400,29961,29936.25,29951.75
1783292700,29960.75,29944.5,29946.75
1783293000,30008.5,29925,29990.5
1783293300,30003.5,29984.5,29990.75
1783293600,29992.25,29978.5,29981.75
1783293900,29995.25,29974.75,29984
1783294200,30010,29973,30002.25
1783294500,30004,29980,29982
1783294800,29989.25,29969.5,29974.75
1783295100,29997.5,29963.5,29992
1783295400,30006.25,29986.5,29992.75
1783295700,29993,29964.75,29985
1783296000,29988.5,29900.25,29950
1783296300,29972,29927.25,29965.5
1783296600,29983,29945.75,29982.75
1783296900,30005,29975.5,29978.75
1783297200,29985.25,29949.5,29957.75
1783297500,29965,29879.25,29882.75
1783297800,29908.75,29845,29899.25
1783298100,29929.75,29882.75,29917.25
1783298400,29944.25,29907.75,29934.25
1783298700,29969.75,29934.25,29944.25
1783299000,29945.5,29916.5,29937.25
1783299300,29952,29913.25,29925
1783299600,29931.75,29892.5,29894.75
1783299900,29905.75,29875,29904.25
1783300200,29908,29866.75,29879.25
1783300500,29887.75,29858,29885
1783300800,29893,29823.5,29827.25
1783301100,29835.25,29772.75,29813
1783301400,29844,29807.25,29839.5
1783301700,29844.25,29819,29838.25
1783302000,29855.75,29813.75,29816
1783302300,29817.25,29770,29772.75
1783302600,29782.25,29755,29759.5
1783302900,29794.75,29750.75,29792.75
1783303200,29818.25,29784,29816.5
1783303500,29818.75,29783,29795
1783303800,29796.75,29755,29760.5
1783304100,29780.5,29746,29757
1783304400,29791.75,29750,29779.75
1783304700,29782,29734.25,29736.75
1783305000,29748.25,29724,29739.75
1783305300,29747.5,29721.5,29724.75
1783305600,29726.25,29693,29700
1783305900,29719.25,29696.5,29708.5
1783306200,29716,29683.25,29715.25
1783306500,29732.25,29697,29725.75
1783306800,29761.25,29715.5,29757.25
1783307100,29761.75,29746.5,29760
1783307400,29784.5,29747.75,29771.5
1783307700,29791.75,29757.5,29762
1783308000,29772.5,29747.75,29772.5
1783308300,29789,29768,29787.25
1783308600,29801.25,29772,29800.25
1783308900,29806.5,29783.75,29787.5
1783309200,29790.5,29737,29739.25
1783309500,29748.5,29714.5,29718.5
1783309800,29741.75,29693.75,29702.5
1783310100,29736.25,29695.25,29730.5
1783310400,29740,29703,29732.25
1783310700,29744.75,29715.5,29722
1783311000,29777.75,29720.5,29775.25
1783311300,29793.75,29768.75,29791.25
1783311600,29797.75,29777.5,29793.25
1783311900,29800.5,29780.25,29795.5
1783312200,29815,29788,29790.5
1783312500,29824.75,29790,29816.5
1783312800,29837,29807,29827.5
1783313100,29833.75,29815.5,29818
1783313400,29832,29812.75,29829.25
1783313700,29840.5,29820.25,29828.75
1783314000,29832,29791.5,29794.75
1783314300,29822,29794,29802.5
1783314600,29824,29798.25,29808.5
1783314900,29819.25,29802.75,29813
1783315200,29815.5,29781.5,29785.25
1783315500,29795,29768,29770
1783315800,29771,29752.5,29755.75
1783316100,29782,29754.75,29774.5
1783316400,29799.25,29772.75,29789
1783316700,29791.25,29766,29772.5
1783317000,29807.5,29769.25,29794.5
1783317300,29802,29787.75,29791
1783317600,29808,29784.5,29791.75
1783317900,29797.75,29766.75,29769
1783318200,29771.25,29754.5,29760
1783318500,29771.75,29756.5,29762
1783318800,29779.5,29755,29774.5
1783319100,29797,29771,29791.25
1783319400,29818,29783.75,29817.5
1783319700,29845,29817,29842.5
1783320000,29858.75,29840.5,29854
1783320300,29855.5,29832.5,29848
1783320600,29855.25,29837.5,29843.75
1783320900,29853.75,29839,29847.75
1783321200,29853,29828.5,29850
1783321500,29861.25,29842.75,29849.25
1783321800,29863,29841,29847.75
1783322100,29864.25,29846.75,29859.5
1783322400,29861.25,29832,29836
1783322700,29840.5,29818.25,29821.25
1783323000,29849.75,29815.75,29846.5
1783323300,29851.25,29833.75,29839
1783323600,29875.5,29837.25,29872
1783323900,29875.25,29865.75,29870.5
1783324200,29871.75,29854.25,29859.75
1783324500,29863.5,29850.5,29851.75
1783324800,29880.5,29845.5,29863
1783325100,29885,29860.75,29869.75
1783325400,29874,29802.5,29821
1783325700,29824.75,29780,29815.5
1783326000,29828.25,29805.75,29825.5
1783326300,29833.25,29821,29832.5
1783326600,29833.5,29813.75,29817.5
1783326900,29827.75,29807.75,29827.5
1783327200,29854.5,29825.25,29845
1783327500,29850.5,29837.75,29844.25
1783327800,29856,29838.5,29851.5
1783328100,29871.25,29848.25,29869.75
1783328400,29872.25,29851.5,29857.5
1783328700,29875.75,29852.5,29861.5
1783329000,29862.5,29844,29852.25
1783329300,29868.75,29852.25,29856.75
1783329600,29862.25,29848,29857.5
1783329900,29870,29855.25,29864.5
1783330200,29868.25,29838,29847.75
1783330500,29864.75,29848,29858.75
1783330800,29866,29850,29850.5
1783331100,29852.25,29827.25,29833.5
1783331400,29885.75,29831.5,29883.75
1783331700,29889,29874.25,29877.25
1783332000,29891.5,29863,29867.75
1783332300,29873.25,29854.25,29858.5
1783332600,29879.25,29852.25,29877.75
1783332900,29884.25,29870.75,29878.75
1783333200,29884.5,29867.5,29867.75
1783333500,29871.5,29861,29863
1783333800,29880,29857.75,29877.5
1783334100,29883.75,29869,29882.25
1783334400,29885,29854.75,29856.5
1783334700,29862.5,29846.75,29859
1783335000,29869.5,29854.25,29866.25
1783335300,29885,29865,29885
1783335600,29895.75,29850.25,29851.5
1783335900,29862.75,29841,29852.75
1783336200,29859.75,29845,29858.5
1783336500,29875,29852.5,29872
1783336800,29892,29868.25,29870.25
1783337100,29890.75,29869.25,29880
1783337400,29897.75,29874.5,29894
1783337700,29896,29877,29881
1783338000,29884.75,29870.75,29883.75
1783338300,29899,29882.25,29895.75
1783338600,29898,29886,29896
1783338900,29915,29876.25,29879
1783339200,29917,29865.5,29910.5
1783339500,29929.5,29896.75,29926.75
1783339800,29936,29922.5,29931.25
1783340100,29936.25,29916,29928.5
1783340400,29929.5,29878.5,29881.75
1783340700,29896.75,29875.75,29893
1783341000,29909.5,29888.5,29896
1783341300,29923.75,29892.25,29915
1783341600,29916.75,29891.75,29899.25
1783341900,29910.75,29899,29906.75
1783342200,29933,29902,29931.75
1783342500,29935.5,29922.5,29933.5
1783342800,29938.25,29890.75,29900.25
1783343100,29903.5,29887.5,29889.5
1783343400,29893.5,29855.5,29859.25
1783343700,29866,29828.25,29842
1783344000,29851.25,29832.75,29838.25
1783344300,29858.5,29820.25,29836.5
1783344600,29937.25,29776,29925.75
1783344900,29928.75,29786,29897
1783345200,29924.75,29846,29921.25
1783345500,29967.5,29895.75,29953
1783345800,30008.5,29921.25,29970.75
1783346100,29988.75,29914.25,29935.75
1783346400,29978.5,29902,29929.75
1783346700,30004.75,29915,29994
1783347000,30027.5,29972.25,30022.5
1783347300,30042.25,29998.75,30008.25
1783347600,30041,29986.5,30014.5
1783347900,30033,29992,30012.25
1783348200,30057,30001.25,30044.25
1783348500,30052.75,30016.25,30027.5
1783348800,30050.75,29988.5,30038
1783349100,30056,30021.75,30042.75
1783349400,30068.25,30016,30022
1783349700,30030.25,29987,30025.5
1783350000,30043.75,29996.5,30026.5
1783350300,30035.75,29987,30009
1783350600,30019.75,29959,29984
1783350900,29985,29941.25,29977.75
1783351200,30008.5,29963,30006.25
1783351500,30063,30002.75,30061
1783351800,30073.5,30045,30049
1783352100,30066,30031.5,30054.25
1783352400,30079.75,30045,30069.5
1783352700,30079.75,30061.75,30076
1783353000,30085,30049,30049.5
1783353300,30082.25,30049.75,30074
1783353600,30076.25,30053.5,30057.75
1783353900,30090,30055.5,30076.25
1783354200,30094,30068.75,30071
1783354500,30078.75,30051.75,30066.75
1783354800,30075.5,30039,30046.75
1783355100,30047.75,30024.75,30033
1783355400,30044.5,30018.25,30031.75
1783355700,30034.25,30001.25,30019.75
1783356000,30034,30013.5,30016.75
1783356300,30037,30002,30033.75
1783356600,30039,29995.25,29997.25
1783356900,30007.25,29979,29989.25
1783357200,30004.25,29974.5,29994.75
1783357500,30032.25,29990.75,30029.25
1783357800,30036.5,30009.25,30018.75
1783358100,30032.5,29993,30000
1783358400,30002,29964.25,29979.5
1783358700,29997.5,29948,29955.25
1783359000,29960.5,29920.25,29933.25
1783359300,29939.25,29913.5,29922.25
1783359600,29921.25,29881.75,29904.75
1783359900,29931.5,29882,29918.25
1783360200,29936.5,29900.25,29903
1783360500,29910,29886.5,29897
1783360800,29933.75,29895,29924
1783361100,29967.75,29923.5,29961.5
1783361400,29968,29945.25,29948.75
1783361700,29995,29949,29984
1783362000,29992,29972.25,29989.75
1783362300,29999.75,29965.75,29971.75
1783362600,29978.75,29949,29949.75
1783362900,29978,29948,29958.5
1783363200,29984.25,29957.75,29978
1783363500,30003,29973.5,29987.5
1783363800,29994.75,29976.25,29989.25
1783364100,30006,29979.5,29990.75
1783364400,30009.5,29980.75,29988.75
1783364700,30008.5,29986.5,30006.5
1783365000,30025.5,30004,30011.75
1783365300,30036.5,30004.75,30033.5
1783365600,30052,30026.5,30047.5
1783365900,30052,30031.5,30035.75
1783366200,30037.5,30001.75,30026.5
1783366500,30033.25,30000,30003
1783366800,30030.25,29996.75,30024
1783367100,30036.25,30019,30024.25
1783367400,30028,29963.75,29965
1783367700,29980.75,29931.5,29951.5
1783368000,29967.25,29933,29949.25
1783368300,29974.75,29944.25,29962.25
1783368600,29968,29952,29963.5
1783368900,29970.75,29960.25,29962.5
1783369200,29964,29955,29957.5
1783369500,29960,29950.75,29960
1783369800,29965.75,29955.5,29959.5
1783370100,29959.5,29952.25,29956.75
1783370400,29959,29954.5,29955.5
1783370700,29958.75,29940.5,29940.75
1783371000,29942.25,29931.25,29941
1783371300,29960,29938.25,29946.5
1783375200,29969.75,29944,29964.5
1783375500,29963.75,29940,29949
1783375800,29968.5,29948.25,29966
1783376100,29972.5,29961.25,29967.75
1783376400,29974,29965.75,29966.75
1783376700,29967.75,29950.5,29950.75
1783377000,29964,29942.5,29955.5
1783377300,29962,29949,29957
1783377600,29969.75,29946,29950.25
1783377900,29951.5,29912,29921.25
1783378200,29925,29904,29907.25
1783378500,29909.5,29889,29895
1783378800,29929.75,29891,29920.5
1783379100,29927.75,29904,29911
1783379400,29918.75,29903.75,29906.25
1783379700,29907.25,29872,29877
1783380000,29899.75,29872.5,29896.75
1783380300,29906.5,29891,29897.75
1783380600,29907.25,29882,29883
1783380900,29892.25,29878.75,29881.25
1783381200,29882.75,29865.25,29875
1783381500,29875.75,29850.75,29856.25
1783381800,29860,29840,29854.25
1783382100,29856,29841,29852.25
1783382400,29869.75,29833.75,29861
1783382700,29881.5,29851,29863.25
1783383000,29863.5,29825,29828.5
1783383300,29862.75,29816.5,29860.75
1783383600,29912.25,29857.25,29895.5
1783383900,29916.75,29865,29878.5
1783384200,29887.75,29844,29846
1783384500,29850,29812,29825.25
1783384800,29844.25,29808,29832
1783385100,29848.5,29808,29836.5
1783385400,29855.5,29818.75,29852.75
1783385700,29857.25,29814,29817.25
1783386000,29834.75,29800.25,29815.75
1783386300,29827.5,29809.5,29814
1783386600,29828.25,29800,29803.5
1783386900,29815.25,29794,29800
1783387200,29801,29758.5,29759
1783387500,29759.25,29728.25,29739.75
1783387800,29754.75,29717,29751.25
1783388100,29774.5,29747.5,29767.75
1783388400,29789.75,29749.5,29788.25
1783388700,29809,29786.75,29804.25
1783389000,29821.75,29792,29817.25
1783389300,29817.75,29768.5,29773.25
1783389600,29796.25,29767,29789.25
1783389900,29816.5,29780.5,29803.75
1783390200,29813.75,29800.25,29805
1783390500,29819.75,29798.25,29806.25
1783390800,29807,29776.25,29777.75
1783391100,29780.5,29770.25,29772.75
1783391400,29773,29742,29747.5
1783391700,29777.75,29738.75,29772.75
1783392000,29781.25,29762.75,29779
1783392300,29780.25,29757,29764.25
1783392600,29768.75,29750.25,29767.5
1783392900,29772.5,29743.75,29747.25
1783393200,29773.75,29742,29772.5
1783393500,29785,29762,29780
1783393800,29780.75,29755.5,29758.25
1783394100,29761.25,29734,29742.25
1783394400,29744,29713.75,29716
1783394700,29727.25,29680,29684.75
1783395000,29707.25,29671.75,29689.25
1783395300,29708.5,29685.75,29694.75
1783395600,29695.25,29662,29664.25
1783395900,29664.75,29629.75,29640.5
1783396200,29651.75,29630.75,29637.25
1783396500,29675.75,29628.5,29668.5
1783396800,29677.25,29645.75,29666.5
1783397100,29680.75,29658,29660.75
1783397400,29662.75,29636.75,29638
1783397700,29647,29621.25,29628.25
1783398000,29634,29616.25,29622.75
1783398300,29641.5,29615.75,29638.5
1783398600,29657,29633.25,29642.75
1783398900,29649.75,29621.5,29643
1783399200,29649.25,29632.5,29633.25
1783399500,29639.75,29611.5,29615
1783399800,29626,29607,29611.5
1783400100,29627,29607.5,29625
1783400400,29626.75,29597.5,29600.5
1783400700,29605.75,29587,29593.5
1783401000,29604,29585.25,29587.25
1783401300,29597.75,29577.5,29589.25
1783401600,29608.75,29585.5,29596
1783401900,29596.5,29557.5,29590.75
1783402200,29634.5,29591.5,29628.75
1783402500,29654.5,29625.5,29651.75
1783402800,29665.75,29647.75,29660.25
1783403100,29670,29645.25,29652.25
1783403400,29688.75,29650.75,29686.75
1783403700,29704.25,29684.25,29688.75
1783404000,29702,29678,29685.75
1783404300,29686.75,29654.5,29656.75
1783404600,29662,29631.25,29642
1783404900,29663.25,29641.5,29650
1783405200,29673,29646,29666.25
1783405500,29674.25,29657.25,29662.5
1783405800,29672.75,29645.75,29672.25
1783406100,29683.75,29666.25,29673
1783406400,29684.5,29672.5,29682.75
1783406700,29684.25,29665,29669.5
1783407000,29686,29662.75,29686
1783407300,29693.75,29683.5,29690
1783407600,29713.25,29667.5,29709.25
1783407900,29721,29694,29699.75
1783408200,29723.75,29686.5,29717.25
1783408500,29736.5,29715.75,29719.75
1783408800,29744,29712,29725.5
1783409100,29732.25,29713.5,29717.25
1783409400,29724,29703,29704
1783409700,29707.5,29693.75,29699
1783410000,29706,29692.25,29693
1783410300,29700,29683.25,29686.5
1783410600,29692.25,29670,29672.5
1783410900,29672.75,29643.5,29646.75
1783411200,29667,29641.25,29659.5
1783411500,29664.25,29645.75,29660.25
1783411800,29696,29657,29687.75
1783412100,29703.5,29683.25,29698.5
1783412400,29709.75,29687.25,29701.25
1783412700,29704,29681.75,29692
1783413000,29696.25,29672.5,29676.75
1783413300,29695.25,29669.5,29694.75
1783413600,29705,29681.5,29683.5
1783413900,29693.5,29681.75,29690.5
1783414200,29696,29666.5,29672.75
1783414500,29675,29657.75,29660.25
1783414800,29672.5,29642.25,29670.25
1783415100,29687.75,29665,29675
1783415400,29690.75,29668.75,29688.25
1783415700,29693.75,29677.75,29679.75
1783416000,29682.5,29665,29669.75
1783416300,29673.75,29655,29655
1783416600,29659.5,29636,29636.25
1783416900,29648.75,29629.75,29648.25
1783417200,29661.25,29645.25,29650
1783417500,29652.25,29622.25,29635
1783417800,29658.75,29627,29656.25
1783418100,29665.25,29649.25,29662.5
1783418400,29689.5,29661.5,29666.75
1783418700,29679.5,29651,29655.25
1783419000,29664.75,29634,29648.25
1783419300,29689,29646,29680.25
1783419600,29686.25,29666,29679.5
1783419900,29687,29670.5,29673.75
1783420200,29673.75,29649.25,29651.5
1783420500,29657.75,29644.5,29654.25
1783420800,29662.5,29643.75,29646.75
1783421100,29654.25,29631.5,29634.5
1783421400,29645.5,29625,29645.25
1783421700,29660,29640.5,29658.5
1783422000,29661.5,29605,29622.25
1783422300,29629,29603.25,29612.5
1783422600,29624.75,29602,29613
1783422900,29640.25,29611.5,29635
1783423200,29647,29625,29645.5
1783423500,29651,29631.75,29631.75
1783423800,29632.5,29599.25,29601.5
1783424100,29614.5,29591.25,29606.25
1783424400,29625,29595,29622.25
1783424700,29638.75,29615.5,29633.5
1783425000,29638.25,29600,29617
1783425300,29646.5,29616.75,29641.25
1783425600,29663.75,29639.75,29650.75
1783425900,29698.5,29644.25,29693.75
1783426200,29716.25,29690.75,29703.75
1783426500,29706,29667.25,29677.25
1783426800,29683.5,29658.25,29673.25
1783427100,29689.25,29670.75,29688.25
1783427400,29696.5,29663.75,29669.5
1783427700,29695.5,29667.5,29691.25
1783428000,29708.25,29683,29685.5
1783428300,29687.5,29636.25,29644.75
1783428600,29650.75,29622.25,29623.75
1783428900,29644.25,29623,29642.75
1783429200,29646,29619,29622.25
1783429500,29655.75,29612.5,29639
1783429800,29650.75,29628.25,29641.25
1783430100,29652.75,29604.25,29620.5
1783430400,29624.75,29596.25,29608.5
1783430700,29609,29582,29593
1783431000,29686.25,29515.75,29532.75
1783431300,29577.5,29491,29544
1783431600,29606.5,29524.75,29595.25
1783431900,29597,29502.5,29512.25
1783432200,29539,29444,29455.25
1783432500,29484.5,29420.25,29469.75
1783432800,29505.25,29422,29443
1783433100,29474.75,29413.5,29442.5
1783433400,29443.5,29334,29342.5
1783433700,29369,29306.5,29364.25
1783434000,29378,29290.75,29292.75
1783434300,29313,29259.5,29303.25
1783434600,29327.75,29270.75,29282.25
1783434900,29286.5,29241.25,29256.25
1783435200,29275,29209.75,29239.5
1783435500,29293,29232.75,29266.75
1783435800,29315.75,29254,29295
1783436100,29326.5,29283.75,29302.5
1783436400,29325.25,29272,29316.5
1783436700,29335.5,29297.25,29327.25
1783437000,29357.75,29317.25,29317.75
1783437300,29320,29275.25,29280.75
1783437600,29318.25,29271,29281.75
1783437900,29323,29277,29315
1783438200,29326,29289.5,29290.5
1783438500,29314,29258,29258.25
1783438800,29330.5,29248,29329.75
1783439100,29376.75,29325.25,29331.75
1783439400,29380,29332,29369.75
1783439700,29389.5,29346.75,29387.25
1783440000,29432,29376.75,29420.25
1783440300,29451.75,29397.75,29411.5
1783440600,29470.25,29411.25,29466.25
1783440900,29475,29450.5,29468
1783441200,29546.25,29466.75,29506.25
1783441500,29547.75,29500.5,29532
1783441800,29558.5,29512,29530.5
1783442100,29538.75,29486,29515
1783442400,29530,29491.75,29528
1783442700,29547.75,29520.75,29540
1783443000,29558.25,29529,29535.25
1783443300,29546,29503,29539.75
1783443600,29555.5,29529,29552
1783443900,29581,29547.25,29573.25
1783444200,29575,29530,29532.75
1783444500,29536.75,29510.25,29525.75
1783444800,29573.75,29523,29555.5
1783445100,29555.5,29523.5,29533.75
1783445400,29562,29532.75,29547.5
1783445700,29567.25,29535.5,29557
1783446000,29569.25,29543.5,29561.25
1783446300,29565.75,29528,29541.75
1783446600,29559.25,29529.25,29538.5
1783446900,29568.5,29532.5,29567.25
1783447200,29574.5,29537.25,29551.5
1783447500,29563.25,29531,29540
1783447800,29561,29536.5,29547.5
1783448100,29555.25,29527.5,29542.75
1783448400,29561,29533,29550
1783448700,29555.25,29511.5,29517.5
1783449000,29531.5,29495.5,29504
1783449300,29518.75,29489,29505.75
1783449600,29506.25,29453,29472.5
1783449900,29486,29418.75,29451
1783450200,29456.5,29398.5,29419.5
1783450500,29423,29384.25,29391
1783450800,29403.25,29353.25,29376.5
1783451100,29410.75,29334.25,29338
1783451400,29349.25,29318.75,29334
1783451700,29335.75,29270.5,29306.75
1783452000,29324.75,29292.75,29312.5
1783452300,29328.75,29280.5,29321
1783452600,29371.5,29315.25,29368.75
1783452900,29369.5,29317.5,29323.5
1783453200,29328.5,29303.75,29310.5
1783453500,29342,29306.25,29337.25
1783453800,29370.75,29318.75,29369.5
1783454100,29400.5,29362.5,29395.25
1783454400,29420.25,29388,29418.75
1783454700,29437.25,29411,29426.25
1783455000,29429.75,29413.5,29417.25
1783455300,29422.5,29390.75,29403.25
1783455600,29415.5,29402,29414
1783455900,29424.25,29407.25,29416.25
1783456200,29425,29413.25,29418.75
1783456500,29424,29414.5,29419.75
1783456800,29423.25,29415.75,29416.25
1783457100,29420,29412.5,29418.5
1783457400,29421.5,29414.25,29418.25
1783457700,29422.5,29416,29419.5
1783461600,29387,29319,29356.5
1783461900,29375,29349.25,29365
1783462200,29376.75,29360,29375.75
1783462500,29386.25,29372.25,29378.5
1783462800,29388.5,29371.25,29377.5
1783463100,29377.5,29364.5,29372.5
1783463400,29395,29363.5,29387
1783463700,29395,29384.5,29393.5
1783464000,29402,29376.25,29383.5
1783464300,29395.25,29373.25,29390.5
1783464600,29393.75,29381,29382.25
1783464900,29394.75,29376.25,29382.5
1783465200,29394.5,29357,29371.75
1783465500,29396,29369.25,29372
1783465800,29379.5,29356.25,29377
1783466100,29407,29373.25,29404.25
1783466400,29405.25,29389.25,29394.25
1783466700,29399.5,29390.5,29395.75
1783467000,29407,29379.25,29385
1783467300,29385,29345,29356.5
1783467600,29358.25,29338.5,29344
1783467900,29360.25,29325.25,29336
1783468200,29344.75,29312,29322.25
1783468500,29323,29292.75,29300.5
1783468800,29336.25,29266,29336.25
1783469100,29411.5,29332.5,29401
1783469400,29426.5,29375.25,29415.25
1783469700,29442,29391.25,29416.25
1783470000,29465.25,29401.75,29464.25
1783470300,29478.25,29434.5,29454
1783470600,29455,29415.25,29422.75
1783470900,29480.75,29408,29476.25
1783471200,29516.25,29475,29515.75
1783471500,29537.25,29511.75,29524
1783471800,29535,29518,29530.5
1783472100,29546.5,29524.75,29543.25
1783472400,29548.75,29521,29523
1783472700,29527.25,29494.5,29510
1783473000,29558,29510.5,29550.25
1783473300,29554.75,29520.25,29530.75
1783473600,29533.25,29497.25,29504.5
1783473900,29513.5,29481,29486
1783474200,29494.75,29453,29467.25
1783474500,29472.5,29426.75,29455.25
1783474800,29472.25,29438,29458
1783475100,29485.75,29457.25,29470.25
1783475400,29478,29433.25,29434.75
1783475700,29449,29426,29436.5
1783476000,29443,29401.5,29409
1783476300,29417.25,29389.25,29407.25
1783476600,29420.75,29387.5,29397
1783476900,29434.5,29390.75,29424.75
1783477200,29443.25,29408,29440.75
1783477500,29459,29418.5,29421.5
1783477800,29427.5,29399.75,29411
1783478100,29420.25,29399,29417.75
1783478400,29457,29416.25,29456.5
1783478700,29475.5,29453.75,29461.5
1783479000,29467.25,29445.25,29462
1783479300,29470,29451.25,29461.25
1783479600,29484.75,29461,29482.5
1783479900,29486.5,29467,29485
1783480200,29495.5,29481.25,29487.25
1783480500,29497.5,29476.5,29479.25
1783480800,29506.75,29475,29501.5
1783481100,29519.25,29500.5,29516
1783481400,29532,29502.75,29510
1783481700,29517.5,29495.75,29504.75
1783482000,29506.25,29482,29488
1783482300,29493.5,29474.5,29482
1783482600,29489.25,29467.5,29473
1783482900,29473.5,29465,29467.5
1783483200,29474,29451.75,29460
1783483500,29469.25,29450,29464.75
1783483800,29465.25,29432.75,29443
1783484100,29448,29430.5,29434
1783484400,29464.25,29428.25,29459.25
1783484700,29461.25,29438.75,29441.75
1783485000,29446,29403.5,29412.5
1783485300,29420,29391.25,29404
1783485600,29420.5,29394,29409.75
1783485900,29422.25,29395.25,29397.5
1783486200,29405.5,29383.5,29384.75
1783486500,29417.5,29376.25,29415.75
1783486800,29435.5,29399.75,29415.75
1783487100,29447.25,29413.5,29428.25
1783487400,29430,29406,29407.75
1783487700,29434.75,29398.75,29416
1783488000,29423.75,29387.5,29390
1783488300,29407,29379.5,29384.5
1783488600,29385.5,29349,29368.5
1783488900,29381.25,29353.75,29356.25
1783489200,29378,29346,29352
1783489500,29353.5,29314.5,29316
1783489800,29339.25,29312,29338.5
1783490100,29363.5,29337.5,29347.5
1783490400,29359,29329.25,29353.5
1783490700,29364.25,29337.25,29354.25
1783491000,29361,29330.25,29345
1783491300,29353,29334.25,29339.75
1783491600,29356.5,29321,29351.75
1783491900,29358.75,29320.25,29321
1783492200,29332,29297.25,29303.5
1783492500,29310,29294.25,29304.75
1783492800,29314.5,29284.5,29289.75
1783493100,29318,29282.75,29317.5
1783493400,29352,29317.5,29339.5
1783493700,29340.5,29318.75,29329.25
1783494000,29336.75,29294.5,29304.75
1783494300,29310,29280.5,29299.25
1783494600,29324.5,29293.75,29303.25
1783494900,29315,29281,29305.25
1783495200,29342.25,29296,29341.25
1783495500,29355.75,29335.25,29351.5
1783495800,29400.5,29346.5,29399.25
1783496100,29409.25,29358.75,29361
1783496400,29395.5,29360.5,29395.5
1783496700,29404.25,29386.5,29395.25
1783497000,29395.5,29368.75,29388
1783497300,29390.75,29375.25,29380.5
1783497600,29386.75,29348.25,29350.5
1783497900,29376.5,29341.25,29372
1783498200,29415,29368.25,29409
1783498500,29415.25,29252.75,29262.75
1783498800,29290.25,29120.75,29126.25
1783499100,29136.75,29064.75,29080.75
1783499400,29104.75,29035,29085.75
1783499700,29101.5,28976.25,28981.75
1783500000,29029.75,28957.75,29021.25
1783500300,29053.5,29002.5,29036.25
1783500600,29094,29023,29067
1783500900,29099.5,29001.75,29010
1783501200,29034.25,28980.75,28995.25
1783501500,28999.5,28931.25,28949.75
1783501800,28975.5,28912.75,28914
1783502100,28955.5,28910.25,28950.5
1783502400,28965.25,28931,28935.25
1783502700,28971,28922,28961.5
1783503000,28995,28953.5,28988
1783503300,29011.25,28964.25,28983
1783503600,28989.5,28953.5,28989
1783503900,29002,28957.5,28983
1783504200,29005,28970,28984
1783504500,28989,28948.5,28958.75
1783504800,28986,28943.75,28949.25
1783505100,28954.75,28926,28949.5
1783505400,28959.25,28923.75,28958
1783505700,28989,28948.25,28987.5
1783506000,29002.75,28975,28988.5
1783506300,29022.75,28985.5,29020
1783506600,29049.25,28995.25,29033.25
1783506900,29055.5,29027,29043.25
1783507200,29053.75,29039.25,29049.25
1783507500,29062.25,29028.75,29043
1783507800,29052.75,29035.75,29042.5
1783508100,29055.5,29012.5,29018.75
1783508400,29028.5,28986.25,28994.25
1783508700,29025,28990.25,28997.25
1783509000,29007.5,28977.5,29003
1783509300,29012.5,28985.75,29003.75
1783509600,29010.5,28975.25,28981
1783509900,29000,28976.5,28987.25
1783510200,29017,28973,29016.5
1783510500,29033,28999.75,29003.75
1783510800,29125,28992.25,29085.75
1783511100,29106.25,29063.25,29079.25
1783511400,29097.25,29054,29092.75
1783511700,29116.25,29076.5,29089.5
1783512000,29111.25,29053.75,29108.25
1783512300,29181,29108.75,29173.5
1783512600,29183.25,29146.5,29149
1783512900,29158.25,29136.75,29151.75
1783513200,29153.5,29124.5,29130
1783513500,29179.5,29123.5,29177.5
1783513800,29193,29147.75,29156.75
1783514100,29174.75,29146,29165.75
1783514400,29186,29156.5,29183.5
1783514700,29194,29169.25,29178.5
1783515000,29221.5,29176.75,29217.5
1783515300,29239,29151.5,29154.75
1783515600,29193,29148,29180.75
1783515900,29197.5,29156.5,29187.75
1783516200,29223.5,29165.5,29212.25
1783516500,29227.25,29196,29213.75
1783516800,29218.25,29170.5,29181.25
1783517100,29231,29153.5,29202.75
1783517400,29327.25,29201.75,29303.25
1783517700,29338,29254,29319.75
1783518000,29385.5,29312,29349
1783518300,29399,29301.5,29303
1783518600,29374,29287.75,29322
1783518900,29395,29292,29365.5
1783519200,29389.75,29297,29315.75
1783519500,29348,29301.75,29322.25
1783519800,29335.75,29245.25,29271.75
1783520100,29316,29235,29285.25
1783520400,29373.5,29267.25,29312.75
1783520700,29358.5,29252.5,29292.25
1783521000,29336.75,29263,29311
1783521300,29312,29243.25,29254
1783521600,29282.5,29208.75,29252.75
1783521900,29258,29172.25,29173.75
1783522200,29299.75,29151.25,29245.5
1783522500,29291.75,29192.5,29211.75
1783522800,29226.5,29180,29183.25
1783523100,29224,29178.75,29194.25
1783523400,29210,29131,29137.5
1783523700,29161.75,29094.25,29141.25
1783524000,29152,29056.25,29063.75
1783524300,29075,29034.5,29057.75
1783524600,29108.25,29034,29106
1783524900,29153,29084.25,29107.25
1783525200,29144.75,29101.75,29114.25
1783525500,29131,29081,29095.25
1783525800,29100.5,29051,29079.25
1783526100,29109,29062.5,29096.5
1783526400,29143,29094,29139
1783526700,29176.5,29126,29170
1783527000,29222.5,29169,29215.25
1783527300,29242.25,29194.5,29241.25
1783527600,29297,29239.75,29258.25
1783527900,29303,29254.25,29276.75
1783528200,29331,29269.5,29274.75
1783528500,29314.75,29246.75,29295.75
1783528800,29349.75,29275.5,29331.5
1783529100,29351.5,29309.5,29348.5
1783529400,29372,29332.25,29357.5
1783529700,29377.25,29345.25,29372.75
1783530000,29376,29343.25,29352.25
1783530300,29390,29346,29361.25
1783530600,29365.25,29335,29336.25
1783530900,29383,29334,29377.5
1783531200,29422.5,29368,29419.75
1783531500,29445.5,29413.75,29440.75
1783531800,29458.5,29434,29436.75
1783532100,29449.75,29421.25,29423.5
1783532400,29427.5,29383.75,29388
1783532700,29388.5,29346.25,29354.75
1783533000,29391.25,29349.5,29354.75
1783533300,29355.75,29324,29352.75
1783533600,29419.25,29327.5,29404.5
1783533900,29414.25,29374,29412.75
1783534200,29425.25,29391.75,29406.5
1783534500,29418.25,29383,29411.75
1783534800,29411.75,29381,29383
1783535100,29405.75,29369.25,29372
1783535400,29380.25,29346.75,29359.5
1783535700,29412.5,29354.25,29408.5
1783536000,29417.75,29372.5,29401
1783536300,29409.25,29379.25,29403.25
1783536600,29424.5,29394.5,29404.5
1783536900,29408.75,29383.25,29405.25
1783537200,29436.75,29391.5,29401.5
1783537500,29413.75,29376.5,29408.75
1783537800,29411.5,29387.25,29395.75
1783538100,29402,29380,29389.75
1783538400,29418.5,29383.75,29407.25
1783538700,29438.25,29404.75,29425.25
1783539000,29433.25,29388.5,29398.75
1783539300,29427.75,29391,29415.25
1783539600,29420.25,29394.75,29417.75
1783539900,29424,29382.25,29404
1783540200,29464,29388.25,29460.25
1783540500,29500,29451.25,29457.25
1783540800,29469,29423.75,29439.5
1783541100,29450,29427,29436.5
1783541400,29437.5,29402,29423.25
1783541700,29426.5,29386.25,29395
1783542000,29401.75,29387,29397
1783542300,29400,29389.25,29395.5
1783542600,29399,29372.75,29376.25
1783542900,29380.25,29352.5,29377.75
1783543200,29398.25,29374.75,29385.25
1783543500,29396.25,29379,29388
1783543800,29404.75,29385.5,29391
1783544100,29409,29373.75,29390
1783548000,29446,29406.75,29434
1783548300,29445,29402.75,29418
1783548600,29438.5,29413.5,29433.75
1783548900,29449.75,29420.25,29428
1783549200,29428.5,29409.5,29422.75
1783549500,29425.75,29405,29423
1783549800,29440,29407.75,29433.5
1783550100,29434.5,29411,29415.5
1783550400,29419.5,29406.25,29409
1783550700,29418,29408.25,29414.25
1783551000,29423.75,29405.75,29408.5
1783551300,29429.75,29406.25,29424.75
1783551600,29437.75,29422.25,29433.5
1783551900,29457,29427.25,29451
1783552200,29455,29441,29445
1783552500,29444.75,29408.75,29408.75
1783552800,29420.5,29395,29413.5
1783553100,29426,29397.75,29423.75
1783553400,29445.75,29400.25,29436.75
1783553700,29488,29430,29447.75
1783554000,29485,29442.25,29480.5
1783554300,29499.5,29470.5,29486
1783554600,29491.75,29468,29483.5
1783554900,29504.5,29482.25,29492
1783555200,29541.5,29490.75,29527.25
1783555500,29550.75,29516.25,29539.5
1783555800,29565,29529.5,29564
1783556100,29567.75,29518.75,29524.5
1783556400,29551.75,29520.5,29538.5
1783556700,29565.75,29526.5,29560.5
1783557000,29582.5,29527.25,29538.5
1783557300,29555.25,29524,29536.75
1783557600,29537,29511.5,29520.25
1783557900,29563.25,29513,29558.75
1783558200,29562.25,29496.5,29499.5
1783558500,29514.75,29488.75,29504
1783558800,29522.75,29463,29476
1783559100,29535,29468.25,29533.25
1783559400,29542.25,29511,29513.25
1783559700,29542.5,29500.5,29539.75
1783560000,29556.25,29519.5,29527
1783560300,29537.5,29507.5,29530.5
1783560600,29542.75,29508.25,29521
1783560900,29535.75,29512.5,29521.5
1783561200,29534,29506.5,29531
1783561500,29537.75,29510,29530.25
1783561800,29531,29475.25,29477
1783562100,29478,29445.25,29449.5
1783562400,29466,29426.25,29457.25
1783562700,29514.25,29455.25,29506.25
1783563000,29530,29500.25,29526.75
1783563300,29551.25,29516.75,29547.75
1783563600,29578.25,29530,29531.25
1783563900,29547.5,29520.5,29534.5
1783564200,29544,29509.75,29511.5
1783564500,29515,29480.25,29501.75
1783564800,29506,29462.5,29463
1783565100,29467.75,29438.25,29451.5
1783565400,29455.75,29418.5,29438.5
1783565700,29448.5,29422.25,29429.75
1783566000,29436,29404.75,29417.75
1783566300,29452.5,29416.25,29441
1783566600,29443,29408.25,29422.5
1783566900,29426.75,29396,29411
1783567200,29441.75,29406.75,29441.25
1783567500,29481.75,29440.5,29480.25
1783567800,29502.25,29474,29490
1783568100,29500.5,29483.75,29491.5
1783568400,29514.5,29480.75,29511.5
1783568700,29516.75,29495.5,29510.75
1783569000,29517.25,29502,29511
1783569300,29518.75,29501,29506.5
1783569600,29517.25,29499.75,29510
1783569900,29518,29500.25,29508
1783570200,29513,29494.5,29500
1783570500,29518.5,29490.75,29492.25
1783570800,29496.75,29474.75,29476.25
1783571100,29483,29462.25,29472.75
1783571400,29531,29473,29518.5
1783571700,29532.75,29508.75,29527.5
1783572000,29539.25,29518.5,29536.75
1783572300,29539.5,29520.75,29527.75
1783572600,29549.5,29526,29548
1783572900,29558.75,29543.5,29552.25
1783573200,29562,29526.5,29532
1783573500,29536.25,29508.75,29523.25
1783573800,29597.25,29522.5,29568.75
1783574100,29578.25,29529,29535.75
1783574400,29541.75,29514,29519.75
1783574700,29528.75,29512.25,29514.25
1783575000,29531.5,29474.25,29531.25
1783575300,29541.5,29512,29522.5
1783575600,29538,29512.25,29537
1783575900,29565.25,29533,29565.25
1783576200,29585,29559.5,29580.75
1783576500,29609.25,29577,29606.75
1783576800,29616.75,29589,29589.5
1783577100,29610,29572,29597
1783577400,29613.5,29588,29605.5
1783577700,29636.75,29601.75,29626
1783578000,29639.75,29614.25,29635.25
1783578300,29643.25,29622.25,29628.75
1783578600,29630.75,29598.25,29605.75
1783578900,29629,29605.5,29625
1783579200,29638.5,29622.25,29629.75
1783579500,29631,29618.75,29621.25
1783579800,29633,29619.75,29624.5
1783580100,29623.75,29601.75,29612
1783580400,29639.25,29604.75,29625
1783580700,29637.75,29603.25,29629.75
1783581000,29656,29621,29656
1783581300,29659.5,29645.25,29657.25
1783581600,29661.25,29639.75,29648.75
1783581900,29667.5,29646.25,29652
1783582200,29661.75,29649,29656.75
1783582500,29668.75,29641.5,29651.5
1783582800,29684,29638.5,29681.25
1783583100,29695.25,29675.25,29690.5
1783583400,29706.75,29689.5,29690.5
1783583700,29691,29670.75,29684.5
1783584000,29723,29664,29714
1783584300,29734.25,29709.5,29728.75
1783584600,29730,29702,29703.5
1783584900,29736,29694,29714.25
1783585200,29717.25,29702,29710.25
1783585500,29721.5,29696,29699.75
1783585800,29706,29668.75,29671.75
1783586100,29681.75,29666.75,29670.75
1783586400,29680.75,29659.75,29677.5
1783586700,29682,29643.5,29647.75
1783587000,29669.5,29643.5,29664.75
1783587300,29675.75,29647.75,29661
1783587600,29670,29640.5,29649.5
1783587900,29659,29629.25,29641.5
1783588200,29647.25,29629.75,29640.25
1783588500,29660,29634.25,29646.5
1783588800,29651,29634.75,29641.25
1783589100,29662.75,29632.5,29650.5
1783589400,29662,29637.75,29646.25
1783589700,29655.75,29631.75,29644.25
1783590000,29653.25,29611,29621.5
1783590300,29634.25,29618.5,29626.75
1783590600,29646.5,29624,29645.25
1783590900,29649,29639.25,29645
1783591200,29656,29635.5,29645.5
1783591500,29657,29634,29643.75
1783591800,29656,29637.5,29647
1783592100,29668.25,29644.75,29664.75
1783592400,29669.5,29649,29652.5
1783592700,29652.75,29631.75,29651
1783593000,29650.25,29628.5,29643.75
1783593300,29660.75,29638.75,29646.75
1783593600,29650.5,29632,29640.5
1783593900,29645.25,29603.75,29605
1783594200,29610.75,29565.5,29582.75
1783594500,29603.25,29564,29601
1783594800,29627,29600.25,29618
1783595100,29623,29578.5,29588.75
1783595400,29616,29583.75,29611.25
1783595700,29612.25,29593.75,29601.5
1783596000,29636.5,29599,29622.5
1783596300,29643.75,29619.25,29641.25
1783596600,29670.5,29629,29665.5
1783596900,29673.75,29649.25,29665.75
1783597200,29690,29654.25,29683.75
1783597500,29703.5,29674.5,29701.25
1783597800,29720.75,29692,29703.25
1783598100,29710.25,29690.25,29695.75
1783598400,29712,29684.75,29700.5
1783598700,29725,29680.5,29721
1783599000,29732.5,29712.5,29715
1783599300,29723.5,29704.5,29711
1783599600,29739,29704.25,29739
1783599900,29752.75,29730,29749.5
1783600200,29776.5,29739.5,29765.75
1783600500,29784.5,29762.5,29783.25
1783600800,29786.5,29746,29748.75
1783601100,29748.75,29715.5,29734.25
1783601400,29748.25,29732,29745
1783601700,29748.25,29727.75,29735.75
1783602000,29752.5,29732.5,29744
1783602300,29747,29725,29743
1783602600,29759.75,29728.75,29757
1783602900,29759.5,29733.5,29740.5
1783603200,29746.5,29726.25,29744
1783603500,29758,29731,29746.25
1783603800,29781.75,29671.5,29778.5
1783604100,29862.25,29768,29852
1783604400,29871.25,29811.5,29858.75
1783604700,29891,29808.5,29844.5
1783605000,29917,29817,29901.75
1783605300,29930.5,29897.25,29911.25
1783605600,29923,29886.5,29911.5
1783605900,29916,29849.5,29849.5
1783606200,29854.75,29785,29803.75
1783606500,29803.75,29674,29691
1783606800,29714.25,29613.75,29711.25
1783607100,29777.75,29688.5,29763.5
1783607400,29772.5,29696.25,29739.75
1783607700,29792,29726.75,29784.5
1783608000,29798.75,29750.5,29759.25
1783608300,29811.75,29755,29798.5
1783608600,29799.25,29723,29761.75
1783608900,29822.25,29753.5,29787.25
1783609200,29823,29777.5,29821.75
1783609500,29864,29819.25,29857.5
1783609800,29864,29833,29854.25
1783610100,29878.5,29830,29842
1783610400,29881,29838.25,29879.25
1783610700,29886,29864,29873.5
1783611000,29883.25,29855.75,29864
1783611300,29876.25,29858,29874.75
1783611600,29899.5,29871.5,29882
1783611900,29900,29880,29898.75
1783612200,29905.25,29886.5,29892
1783612500,29898.75,29877.75,29886.5
1783612800,29914.5,29886,29904.25
1783613100,29924.5,29903.75,29909
1783613400,29914,29894.75,29900.25
1783613700,29917,29891.75,29904.25
1783614000,29912.75,29893.5,29909.25
1783614300,29910.5,29880.5,29890.75
1783614600,29912.75,29881,29881
1783614900,29889.5,29864.5,29887.75
1783615200,29919,29888.25,29909
1783615500,29913.25,29890.5,29896.5
1783615800,29910.25,29895.75,29904
1783616100,29907,29885.25,29897.25
1783616400,29923,29893,29918.5
1783616700,29949.25,29911.75,29942.25
1783617000,29969.5,29941.5,29954.75
1783617300,29983,29954.25,29980.75
1783617600,29989.25,29970.5,29979
1783617900,29990.75,29975,29988.25
1783618200,29993.25,29962.25,29966
1783618500,29986,29962,29975
1783618800,29978.75,29965,29974.5
1783619100,29992.5,29972.5,29982
1783619400,29987,29975.5,29978.5
1783619700,29981,29950.5,29974.5
1783620000,29982.5,29961.25,29965.25
1783620300,29984.75,29965,29981.75
1783620600,29983.25,29971.5,29975.75
1783620900,29980.25,29961.75,29970.5
1783621200,29971,29946.75,29949
1783621500,29961,29942,29957
1783621800,29968.75,29951.5,29953.5
1783622100,29956.75,29944.25,29946.5
1783622400,29959.5,29939,29957.75
1783622700,29965,29952,29957
1783623000,29959.75,29944.75,29947.5
1783623300,29948.25,29929,29939
1783623600,29941.5,29910,29913
1783623900,29938.5,29907.25,29923
1783624200,29930,29912,29916.25
1783624500,29950.25,29904.5,29947.5
1783624800,29957.75,29940.25,29940.5
1783625100,29943.5,29928.25,29931.5
1783625400,29932,29910,29918
1783625700,29943.25,29916.25,29942
1783626000,29946,29925.25,29943.5
1783626300,29950,29935.75,29938.5
1783626600,29938.5,29894,29897.75
1783626900,29954.75,29897.75,29948.25
1783627200,29962,29942.75,29950
1783627500,29971,29947.5,29970
1783627800,29973.75,29960,29966.75
1783628100,29970.25,29957.25,29958.25
1783628400,29966.75,29950.5,29951
1783628700,29954.25,29932,29939.75
1783629000,29949.5,29935.5,29947.25
1783629300,29949,29940.5,29941.5
1783629600,29944.25,29932,29934.25
1783629900,29938.75,29933.25,29937.25
1783630200,29938,29930.25,29934
1783630500,29940.25,29926.75,29930.75
1783634400,29946.5,29924.5,29941.25
1783634700,29962,29926.5,29935
1783635000,29939.5,29929.75,29936.5
1783635300,29945.25,29911,29918.5
1783635600,29923.25,29907.25,29915.25
1783635900,29918.25,29904,29907.5
1783636200,29915,29905.25,29906
1783636500,29918.25,29906,29910.75
1783636800,29923.25,29910,29921
1783637100,29927,29913.25,29920.5
1783637400,29925.75,29913.75,29917.25
1783637700,29925,29915.5,29922
1783638000,29935,29907.25,29931.75
1783638300,29939.5,29929.5,29938
1783638600,29942,29932,29938.5
1783638900,29949.75,29928.5,29946.75
1783639200,29959.75,29938.25,29954.5
1783639500,29964.75,29953.5,29958.25
1783639800,29959.5,29943,29949.75
1783640100,29958.25,29948,29954
1783640400,29957.25,29938.5,29941.75
1783640700,29945.25,29925.25,29932
1783641000,29956.5,29931,29950.25
1783641300,29958,29931,29932.75
1783641600,29952.5,29889.75,29907.5
1783641900,29916.5,29867,29892.75
1783642200,29898.75,29858,29894.25
1783642500,29903.25,29862,29878.75
1783642800,29890.75,29833.5,29837
1783643100,29845.75,29820.5,29838
1783643400,29844.25,29807.25,29812.25
1783643700,29822.75,29805,29805
1783644000,29832.25,29803.5,29828.5
1783644300,29833.25,29808.5,29822
1783644600,29836.5,29816.25,29835.5
1783644900,29870,29834.75,29866.5
1783645200,29870.75,29827.5,29829
1783645500,29844.75,29822,29828.75
1783645800,29851.5,29816.25,29843.75
1783646100,29862.5,29837,29861.25
1783646400,29877.25,29848.75,29873
1783646700,29874.75,29850.5,29868.5
1783647000,29887,29854.5,29879
1783647300,29902.75,29869.75,29897.75
1783647600,29899.75,29883.5,29885.5
1783647900,29919.75,29880.5,29915.75
1783648200,29922.75,29898.75,29902
1783648500,29910.75,29889.5,29892
1783648800,29895.25,29865.25,29887.75
1783649100,29902,29875.75,29896.75
1783649400,29897.25,29871.5,29880
1783649700,29881.25,29859.5,29874.25
1783650000,29879.25,29854.25,29869.25
1783650300,29884.75,29866.75,29883.25
1783650600,29898.75,29874.25,29897
1783650900,29910,29890,29908.5
1783651200,29916.75,29904.75,29908.5
1783651500,29932.5,29901.5,29929.25
1783651800,29948.75,29927.5,29935.75
1783652100,29952.75,29935.25,29951.5
1783652400,29959,29943,29953.25
1783652700,29963.75,29949.5,29952
1783653000,29955,29941,29947.25
1783653300,29951,29939.75,29942.75
1783653600,29946.25,29926.5,29929.5
1783653900,29933.5,29921.75,29923.75
1783654200,29933,29918,29928.25
1783654500,29930.5,29916.75,29926.25
1783654800,29932.25,29919,29924.75
1783655100,29924.25,29913.25,29920.25
1783655400,29926.75,29911.75,29916.25
1783655700,29933.75,29913.5,29932.25
1783656000,29941.75,29923,29940.75
1783656300,29943,29932,29934.5
1783656600,29948.5,29933.5,29946.5
1783656900,29948,29935.25,29943.75
1783657200,29945.25,29917.75,29921.25
1783657500,29931.25,29917,29928
1783657800,29929.75,29906.5,29908.5
1783658100,29920,29906,29916
1783658400,29922.75,29913.5,29915.5
1783658700,29918,29903.25,29903.75
1783659000,29904.25,29885,29892.25
1783659300,29898.75,29875.75,29882.5
1783659600,29886.25,29868,29872.75
1783659900,29881.25,29865.75,29868
1783660200,29886.25,29866.75,29882.25
1783660500,29897,29878,29886.75
1783660800,29887,29869.75,29878
1783661100,29882.25,29870,29876.25
1783661400,29879.75,29855,29876.5
1783661700,29881.25,29862.75,29863.5
1783662000,29875.5,29847.5,29875.5
1783662300,29875.75,29858.5,29858.5
1783662600,29873.75,29853,29854
1783662900,29856,29840,29845.75
1783663200,29857.5,29838.25,29851
1783663500,29855,29830,29833.5
1783663800,29835,29820,29826.25
1783664100,29830.75,29811.25,29816
1783664400,29817,29780,29781.75
1783664700,29793.75,29775.5,29789.5
1783665000,29831.25,29785,29811.75
1783665300,29815.5,29786.75,29795
1783665600,29819.75,29791.25,29814.25
1783665900,29822.5,29809.75,29821.25
1783666200,29832.5,29820.5,29826.75
1783666500,29831.75,29816.25,29819.75
1783666800,29822.75,29800.5,29821.25
1783667100,29825.75,29797.25,29804
1783667400,29814.75,29795.5,29813.25
1783667700,29826,29790.75,29806.25
1783668000,29817.5,29797.5,29814
1783668300,29820.75,29805.5,29816
1783668600,29818.5,29803.75,29808.75
1783668900,29812.5,29798.75,29807.75
1783669200,29807.25,29793.75,29796.75
1783669500,29799,29781,29790.5
1783669800,29795.5,29765.75,29768.75
1783670100,29776.5,29763,29773.5
1783670400,29783.75,29751.25,29757
1783670700,29783.25,29743.25,29782
1783671000,29799.75,29778.75,29795.25
1783671300,29804.25,29785,29789.5
1783671600,29790.5,29755,29765.25
1783671900,29780.25,29764.25,29768.25
1783672200,29773.5,29752.75,29772.25
1783672500,29785,29764.75,29778.5
1783672800,29785.5,29760.5,29785.5
1783673100,29796,29779.25,29792.75
1783673400,29798.5,29778,29782.75
1783673700,29788,29771.5,29773
1783674000,29783.25,29716.25,29768.5
1783674300,29779,29762.75,29776
1783674600,29800.5,29773.75,29796.25
1783674900,29816.75,29796.25,29815.75
1783675200,29817,29798.5,29806
1783675500,29817.5,29804.25,29812.25
1783675800,29825,29805.25,29824
1783676100,29827.25,29810.75,29826.5
1783676400,29827,29810.5,29817.25
1783676700,29828,29807.5,29810
1783677000,29815.75,29803.5,29806.25
1783677300,29821.5,29800.25,29815.5
1783677600,29838.5,29814.75,29831.25
1783677900,29841.75,29828.5,29838.25
1783678200,29839,29827.5,29833.25
1783678500,29837,29823,29826
1783678800,29839.5,29805.75,29828.75
1783679100,29839.25,29818.25,29838.5
1783679400,29856,29837.75,29853.75
1783679700,29855.5,29844,29848.75
1783680000,29862.75,29842.75,29862
1783680300,29862.25,29840.75,29843
1783680600,29845.5,29834.75,29838
1783680900,29853,29834.5,29851
1783681200,29875,29849,29874.75
1783681500,29877.75,29861.75,29865.5
1783681800,29875.5,29862.5,29875
1783682100,29886.75,29874.75,29881.5
1783682400,29887.75,29876.5,29886
1783682700,29886.5,29850.75,29852.25
1783683000,29852,29823.75,29837.75
1783683300,29840.75,29810.25,29819.25
1783683600,29842,29817.75,29837.25
1783683900,29843.25,29823,29825.75
1783684200,29839.5,29816.25,29817.75
1783684500,29827.25,29806,29814.75
1783684800,29822,29782,29784.25
1783685100,29794.25,29771,29791.75
1783685400,29879.75,29780,29846
1783685700,29849.75,29825.25,29835.75
1783686000,29848.75,29826,29843
1783686300,29858.25,29839.25,29851.75
1783686600,29854,29834.75,29843
1783686900,29858.75,29819,29857
1783687200,29861,29821,29823.75
1783687500,29842,29817,29825.5
1783687800,29835.25,29818.75,29820.75
1783688100,29835.25,29800,29800
1783688400,29818.75,29790,29804
1783688700,29826.75,29800.75,29804
1783689000,29814.5,29791.5,29812.25
1783689300,29824.75,29801.75,29819
1783689600,29836.5,29818.75,29829
1783689900,29850.5,29810,29835.75
1783690200,29922,29812.25,29903
1783690500,29937,29856.5,29864
1783690800,29874.75,29796.5,29856.25
1783691100,29949.75,29853,29941.5
1783691400,29968.5,29913.5,29937.5
1783691700,29954.5,29904,29922.5
1783692000,29961.75,29913,29941.5
1783692300,29965,29906,29961
1783692600,29966.75,29932,29940
1783692900,29951.75,29890.75,29905.75
1783693200,29912,29845.5,29895.5
1783693500,29942.75,29861.25,29907.25
1783693800,29957.25,29677.5,29850.25
1783694100,29895.25,29820.25,29880.5
1783694400,29902.5,29840.5,29890.25
1783694700,29908,29862.25,29902.75
1783695000,29912.75,29850.25,29853.5
1783695300,29864,29808,29817.75
1783695600,29833.25,29789.75,29803.75
1783695900,29862.75,29780,29860.75
1783696200,29886.75,29859.25,29874
1783696500,29957.25,29872.5,29928.75
1783696800,29952.75,29916.5,29949
1783697100,29987.75,29948.5,29979.75
1783697400,29991.5,29963.25,29981.5
1783697700,29983.5,29912.25,29917
1783698000,29920.5,29833.75,29874.75
1783698300,29921,29847.25,29911.75
1783698600,29938.5,29902,29930.5
1783698900,29948,29913.75,29944.5
1783699200,29986.25,29944,29981.5
1783699500,29988.5,29962.25,29972
1783699800,29988,29961.5,29981.25
1783700100,30018.25,29981,30016
1783700400,30022.5,29999.25,30013.5
1783700700,30029.25,30000.5,30013.25
1783701000,30026.25,30010.25,30022.75
1783701300,30034.5,30004.25,30010.25
1783701600,30025,30008.5,30016.5
1783701900,30032.25,30015.25,30024
1783702200,30042.75,30017,30027.5
1783702500,30035,30012,30026.75
1783702800,30033.5,30000.5,30006
1783703100,30023.75,29998.25,30006.5
1783703400,30018.25,29996.25,30015.75
1783703700,30030,30010.75,30013.75
1783704000,30036.75,30011.5,30035.75
1783704300,30051,30033.25,30050
1783704600,30060,30038.25,30045.75
1783704900,30071,30039,30064
1783705200,30069.75,30057.5,30064.5
1783705500,30072.5,30059.25,30065.25
1783705800,30069.25,30051,30052.75
1783706100,30054.75,30031.5,30038.75
1783706400,30058,30034.25,30047.75
1783706700,30063.75,30046.25,30054
1783707000,30070,30047,30049.75
1783707300,30053,30027.25,30036.5
1783707600,30052.5,30023,30046.5
1783707900,30064,30040.75,30045.5
1783708200,30057.75,30039,30054.25
1783708500,30054.75,30031,30040.5
1783708800,30049.5,30035.75,30039.25
1783709100,30044.25,30029.75,30032.25
1783709400,30046,30028.25,30035.75
1783709700,30047.75,30034.75,30037.75
1783710000,30076.75,30033,30071
1783710300,30072,30045.5,30048.75
1783710600,30060.5,30043.25,30059
1783710900,30059.75,30036.75,30048.75
1783711200,30052.5,30038.75,30038.75
1783711500,30054.5,30036,30046
1783711800,30067.75,30045,30051.5
1783712100,30067.25,30047.25,30057.25
1783712400,30066.75,30053.25,30053.5
1783712700,30057,30046.5,30048
1783713000,30066.5,30037.75,30041.75
1783713300,30053,30024.75,30037.5
1783713600,30062.25,30031.75,30051.75
1783713900,30052,30036,30046.25
1783714200,30053.5,30044.25,30048.25
1783714500,30057.75,30046.5,30053.25
1783714800,30055,30049.25,30052
1783715100,30059.75,30052,30055
1783715400,30061.5,30052,30055.5
1783715700,30059,30053.25,30057
1783716000,30060,30055.25,30058.25
1783716300,30063,30056,30061.5
1783716600,30066.75,30059.25,30064
1783716900,30075,30060.75,30069
1783893600,29979.75,29913,29916.75
1783893900,29926,29869.5,29894
1783894200,29914.5,29855.75,29866
1783894500,29889.25,29861.25,29869.75
1783894800,29898,29867.5,29882.75
1783895100,29890,29875.5,29885.5
1783895400,29900,29885.5,29892.5
1783895700,29905,29866,29891.75
1783896000,29899,29876.75,29894.5
1783896300,29897.25,29872.5,29879.25
1783896600,29893,29878,29890
1783896900,29914.75,29888.5,29909.5
1783897200,29911.25,29880,29895.5
1783897500,29906.25,29887.25,29891.5
1783897800,29897.25,29884.5,29891.25
1783898100,29893,29869,29889
1783898400,29893.25,29877.5,29881.5
1783898700,29891.75,29879,29889.25
1783899000,29891.75,29880.25,29886
1783899300,29894,29874.75,29891.25
1783899600,29900,29888.25,29888.5
1783899900,29891.5,29843.75,29862.75
1783900200,29895.5,29860.75,29875.25
1783900500,29895,29866,29893.75
1783900800,29986.5,29870.75,29965
1783901100,30007.75,29950.5,29995.75
1783901400,30042.5,29995.75,30019
1783901700,30031.5,29957,29974.25
1783902000,30013.75,29970,29991.25
1783902300,30004.5,29963.5,29967
1783902600,29972.5,29911.5,29913
1783902900,29928.75,29886,29893.5
1783903200,29902.75,29849,29883.5
1783903500,29905.25,29860.25,29861.25
1783903800,29870,29807.5,29831.75
1783904100,29845.75,29821,29835.25
1783904400,29850.75,29808.5,29819.25
1783904700,29828.25,29795.75,29796.5
1783905000,29819,29788.5,29811.25
1783905300,29848,29811,29827.5
1783905600,29839.75,29808.25,29815
1783905900,29819,29789,29808.5
1783906200,29817,29789.75,29802.75
1783906500,29842.5,29794,29836.5
1783906800,29841,29803,29813.5
1783907100,29813.5,29774,29776.5
1783907400,29787.25,29742.5,29756.5
1783907700,29770.5,29737.25,29761
1783908000,29773,29728.75,29749.25
1783908300,29770.5,29728.75,29743.25
1783908600,29765.75,29730.75,29751.75
1783908900,29775.25,29744.25,29772
1783909200,29802.5,29767.5,29791.5
1783909500,29809.75,29788.5,29797.75
1783909800,29800,29762,29777
1783910100,29787,29754.25,29759.75
1783910400,29766.75,29746.25,29765.5
1783910700,29769.25,29744.75,29765.5
1783911000,29773.5,29736,29737
1783911300,29749.75,29713.5,29716.75
1783911600,29722.75,29705.25,29707.5
1783911900,29717.75,29690,29696
1783912200,29699.5,29684.5,29695.25
1783912500,29702.75,29682.5,29701.75
1783912800,29708,29687,29698.25
1783913100,29718,29697.75,29709.75
1783913400,29714.75,29688.25,29695.25
1783913700,29716.25,29684,29707.75
1783914000,29727.75,29692,29697.75
1783914300,29723,29695,29721.25
1783914600,29725.25,29700.75,29709.25
1783914900,29713.25,29684,29687.75
1783915200,29689.75,29654,29663
1783915500,29666.25,29651,29658.25
1783915800,29669,29649.25,29668
1783916100,29676,29659.25,29672.75
1783916400,29678,29653.25,29659
1783916700,29660.5,29638.5,29651.75
1783917000,29656.75,29635.75,29641
1783917300,29641.75,29628.75,29636.25
1783917600,29637.25,29622,29627.5
1783917900,29631,29621,29625.75
1783918200,29626,29613,29618.5
1783918500,29637.25,29615,29627.25
1783918800,29642,29606.5,29641.5
1783919100,29674.5,29632,29672.75
1783919400,29693.5,29668,29688.5
1783919700,29689.25,29644.75,29647.5
1783920000,29651,29595.5,29597.5
1783920300,29605.25,29577,29585.25
1783920600,29623.25,29546.5,29622
1783920900,29656,29618.25,29654.25
1783921200,29670,29630,29637
1783921500,29641.75,29613.25,29633.75
1783921800,29667.5,29627,29627
1783922100,29651.5,29622,29651.5
1783922400,29666.25,29638.5,29655.25
1783922700,29661,29612.75,29613.5
1783923000,29618.75,29585.25,29592.5
1783923300,29606.75,29588,29603.25
1783923600,29622,29600.5,29615.25
1783923900,29635.25,29609,29630.5
1783924200,29650.5,29613.75,29619.25
1783924500,29623,29597.75,29612.5
1783924800,29643.75,29610.75,29642.5
1783925100,29652.5,29623.75,29643.5
1783925400,29646,29612.25,29622
1783925700,29634,29611.5,29630.5
1783926000,29650.75,29607,29641.75
1783926300,29666.5,29632.25,29662.25
1783926600,29675,29656.25,29670.75
1783926900,29675.25,29642.25,29647.25
1783927200,29690,29643.5,29685.25
1783927500,29686.25,29669,29671.5
1783927800,29671.5,29636,29644.25
1783928100,29664.5,29640.25,29660.75
1783928400,29670.25,29648,29660.5
1783928700,29663.25,29642.75,29648.25
1783929000,29653,29636.5,29651.25
1783929300,29659,29636.25,29653.5
1783929600,29678.75,29646.75,29669.75
1783929900,29692.5,29647.75,29682.5
1783930200,29706.75,29674.5,29705.75
1783930500,29729.75,29704.5,29716.75
1783930800,29733.5,29713.25,29721.5
1783931100,29741.25,29719.75,29725.5
1783931400,29735,29715.5,29716.75
1783931700,29721.75,29700,29717.25
1783932000,29733.75,29712.75,29727.75
1783932300,29739.5,29721.75,29738.25
1783932600,29754.25,29736.5,29742.5
1783932900,29751.25,29733.5,29746.5
1783933200,29751.5,29721,29726.25
1783933500,29732.75,29719.5,29726.75
1783933800,29734.75,29717.25,29733.5
1783934100,29757,29728,29749.5
1783934400,29762,29747.5,29754.75
1783934700,29766.5,29753,29760.75
1783935000,29767,29753.25,29760.25
1783935300,29774.5,29758,29768.75
1783935600,29776.75,29760.75,29773.75
1783935900,29774.5,29758.25,29761.25
1783936200,29768.25,29751.75,29765.25
1783936500,29773,29762.5,29771
1783936800,29778.5,29758,29762.25
1783937100,29762.75,29741.5,29747
1783937400,29747.75,29738.5,29747.5
1783937700,29766,29741.5,29766
1783938000,29766,29749.75,29750.25
1783938300,29751.5,29738.75,29741.5
1783938600,29754.5,29737,29738.5
1783938900,29756.5,29739,29751.5
1783939200,29757,29736.25,29738.75
1783939500,29764.5,29735.25,29755.75
1783939800,29760,29749,29755.75
1783940100,29757.25,29746.25,29756
1783940400,29792.5,29755.5,29776.5
1783940700,29800,29766.5,29769
1783941000,29778,29751,29768.75
1783941300,29781,29753.5,29753.5
1783941600,29769.75,29741.5,29763.25
1783941900,29783.5,29760.25,29773.5
1783942200,29790.75,29768.75,29789.25
1783942500,29793.75,29775,29784
1783942800,29788.5,29764.25,29767.5
1783943100,29768.5,29749,29763
1783943400,29766.5,29740.5,29742
1783943700,29746.75,29729.25,29740
1783944000,29752,29716.75,29730.5
1783944300,29735,29710.25,29728.5
1783944600,29758.25,29692.75,29729
1783944900,29736.5,29705.5,29719.5
1783945200,29718.75,29694,29697.5
1783945500,29699.5,29682.75,29685.5
1783945800,29685,29657.75,29673
1783946100,29676.5,29655.25,29675
1783946400,29694.75,29666.5,29688.75
1783946700,29715.75,29686,29713
1783947000,29721,29702.25,29710.75
1783947300,29724.75,29709.75,29718.25
1783947600,29748.5,29711,29741
1783947900,29746.25,29719.5,29727.5
1783948200,29729.5,29715.25,29719
1783948500,29719.25,29697.5,29698.75
1783948800,29702,29687.5,29691.25
1783949100,29721,29683,29711
1783949400,29737.25,29630.75,29645.5
1783949700,29674,29610.75,29622.75
1783950000,29623,29552,29595.75
1783950300,29601.25,29536.25,29582.25
1783950600,29595,29517.75,29540.5
1783950900,29639.5,29526,29631
1783951200,29663,29578.5,29585.25
1783951500,29623.75,29560.75,29620.25
1783951800,29656.25,29608,29650.75
1783952100,29659.5,29493.25,29585.75
1783952400,29676.75,29568.25,29665.75
1783952700,29703,29650.5,29701.5
1783953000,29724,29682.5,29700.25
1783953300,29707.25,29655,29685.5
1783953600,29688.75,29624,29637.25
1783953900,29698.5,29603.5,29691.5
1783954200,29701.25,29628.25,29640
1783954500,29721.25,29627.5,29717.75
1783954800,29752.25,29706.5,29710.75
1783955100,29729,29682.5,29692.75
1783955400,29718.75,29671.25,29682.25
1783955700,29705,29661.75,29700
1783956000,29729.75,29689,29720.5
1783956300,29722,29683.75,29708
1783956600,29722.25,29678.5,29693
1783956900,29701.75,29665,29683.25
1783957200,29690.5,29648.5,29654.25
1783957500,29657,29618,29638
1783957800,29642.25,29599.75,29626
1783958100,29631.25,29596.5,29611.5
1783958400,29618.75,29590.25,29595.25
1783958700,29621,29584.25,29619.5
1783959000,29638.75,29596.75,29613.5
1783959300,29616,29566.25,29585.25
1783959600,29585.75,29555.5,29565.75
1783959900,29568.25,29534.5,29558.5
1783960200,29557.75,29510.25,29512
1783960500,29531.25,29460.25,29519
1783960800,29550.75,29497,29537
1783961100,29556.25,29510.75,29512.25
1783961400,29524,29463.25,29504
1783961700,29546.25,29487.75,29526.75
1783962000,29554.25,29516.25,29529.75
1783962300,29572,29523.75,29565.25
1783962600,29581,29532.25,29541.25
1783962900,29552.25,29511.25,29541
1783963200,29545.5,29510,29513.25
1783963500,29524.25,29498,29518.25
1783963800,29533.5,29506.5,29526
1783964100,29526.5,29486.25,29499.5
1783964400,29522,29485.5,29513.5
1783964700,29527,29491,29493.25
1783965000,29497,29468.25,29488.25
1783965300,29498.5,29476.5,29480
1783965600,29520,29476.25,29500.5
1783965900,29539.5,29499,29508
1783966200,29518.5,29476.75,29515.25
1783966500,29522,29467.25,29483
1783966800,29504,29473.5,29502.5
1783967100,29503.75,29471.75,29474.75
1783967400,29497.75,29454,29475
1783967700,29508.25,29471.25,29497.5
1783968000,29517,29492.5,29501
1783968300,29514.25,29489.25,29509.75
1783968600,29521.5,29493,29503.25
1783968900,29511.75,29482.5,29492.75
1783969200,29522.5,29475,29517.5
1783969500,29524.75,29478.75,29479.25
1783969800,29481.75,29451,29463.75
1783970100,29468.75,29453,29456.25
1783970400,29458.75,29418.25,29434.5
1783970700,29436.75,29404.75,29419.25
1783971000,29449.75,29412.5,29437.25
1783971300,29437.75,29395,29406.75
1783971600,29456,29398.75,29450.5
1783971900,29462.25,29434.25,29459.5
1783972200,29500.5,29451,29467.25
1783972500,29505,29460.75,29467.25
1783972800,29474,29450.75,29462.75
1783973100,29471.25,29449.25,29453.25
1783973400,29463,29435.75,29454
1783973700,29455.25,29386.5,29419.75
1783974000,29436,29415.75,29432.5
1783974300,29442,29426.5,29437
1783974600,29437.25,29424.25,29433.25
1783974900,29438,29430.5,29436.75
1783975200,29440,29426,29434.75
1783975500,29437.25,29425,29429
1783975800,29436.75,29419.5,29433.75
1783976100,29444.5,29425.25,29430.75
1783980000,29480,29439.25,29449.5
1783980300,29475.75,29448.75,29466
1783980600,29468.25,29451.25,29453
1783980900,29465.5,29452.25,29457
1783981200,29468.5,29439,29441.5
1783981500,29449.25,29432.5,29433.5
1783981800,29437.25,29427.25,29431.5
1783982100,29436.5,29427,29434.75
1783982400,29444,29433.25,29442.25
1783982700,29460,29437.75,29445.25
1783983000,29448,29409.25,29411
1783983300,29412.5,29394,29399.25
1783983600,29404.5,29372,29374
1783983900,29389.5,29373.5,29385
1783984200,29389.5,29367.75,29381
1783984500,29391.5,29375,29389.75
1783984800,29399.75,29382.25,29392.75
1783985100,29395.75,29361.5,29367
1783985400,29369.5,29348.5,29352
1783985700,29378.25,29350.25,29354.5
1783986000,29357.75,29328.5,29333.5
1783986300,29353.5,29327.5,29342.25
1783986600,29390.25,29334.75,29382.25
1783986900,29423.5,29366,29421.25
1783987200,29450.5,29353.75,29365
1783987500,29378,29325,29361.25
1783987800,29468.25,29361.25,29463.25
1783988100,29476.25,29392,29393.5
1783988400,29450.75,29370,29443.25
1783988700,29444.5,29379,29419.5
1783989000,29471.75,29404.75,29457.75
1783989300,29489,29442.25,29455
1783989600,29479.25,29398.75,29418.5
1783989900,29462,29412,29456.5
1783990200,29512.25,29455,29507.25
1783990500,29534.75,29504.25,29522.5
1783990800,29541,29509.75,29533.75
1783991100,29540,29509,29519.75
1783991400,29523.5,29481.75,29490.5
1783991700,29522.5,29480.75,29515.5
1783992000,29521,29485,29496.75
1783992300,29528.5,29492,29504.75
1783992600,29516,29470.5,29484.5
1783992900,29490,29452.75,29470.25
1783993200,29483,29440.75,29473.25
1783993500,29504.25,29473.25,29498.5
1783993800,29502,29470,29472.75
1783994100,29475.5,29436.5,29448.25
1783994400,29473.5,29430,29464
1783994700,29489,29461.25,29465.5
1783995000,29470,29423.75,29423.75
1783995300,29436,29399.5,29400.75
1783995600,29411,29376.5,29383.75
1783995900,29404,29373,29401.5
1783996200,29410.5,29370.5,29375.25
1783996500,29429.25,29366.25,29427
1783996800,29455.5,29420.5,29445
1783997100,29453.25,29427.75,29443.75
1783997400,29445.5,29386.75,29390.25
1783997700,29399.75,29383,29388.75
1783998000,29392,29354.75,29364
1783998300,29369.5,29351.75,29358
1783998600,29359.75,29328.5,29336
1783998900,29337.75,29307.5,29323.75
1783999200,29350,29303.25,29330.5
1783999500,29378.25,29328.25,29377.5
1783999800,29405.5,29356,29360.75
1784000100,29380.75,29344.5,29372
1784000400,29378.75,29334,29359.75
1784000700,29405.5,29353.5,29385.5
1784001000,29426.5,29382,29418.25
1784001300,29428.25,29407,29425
1784001600,29445.75,29410.75,29432.5
1784001900,29444.5,29393.25,29397.5
1784002200,29401,29371.75,29390.75
1784002500,29405,29380.5,29395.25
1784002800,29432,29394,29426.75
1784003100,29453.75,29421.5,29449.25
1784003400,29463.5,29442.25,29463.25
1784003700,29488.5,29459.75,29484.75
1784004000,29487.25,29466.75,29474.5
1784004300,29499.5,29472,29494.5
1784004600,29502.5,29477.75,29498.25
1784004900,29517,29494.75,29509.25
1784005200,29513.5,29489,29510.5
1784005500,29533,29507,29522.75
1784005800,29550,29521.25,29545.75
1784006100,29551.75,29535,29546.25
1784006400,29593.75,29547.25,29587
1784006700,29610,29581,29603.5
1784007000,29632.25,29600.5,29601.75
1784007300,29610,29585.5,29594
1784007600,29599.25,29577.5,29595
1784007900,29606,29582.25,29595
1784008200,29601.25,29587,29599.5
1784008500,29604.75,29588.75,29592.75
1784008800,29612,29587,29605.5
1784009100,29624.25,29604.5,29618.5
1784009400,29634.25,29610,29629.5
1784009700,29649.5,29620,29641.25
1784010000,29649.75,29615.5,29617.5
1784010300,29622.25,29595.5,29606
1784010600,29634.75,29601.25,29629
1784010900,29633,29609.25,29615.25
1784011200,29614,29593,29597.75
1784011500,29598.25,29574.75,29580.5
1784011800,29588.75,29571.75,29572.5
1784012100,29581,29563,29564.5
1784012400,29586.25,29545.5,29584.75
1784012700,29603,29581.25,29592.75
1784013000,29600.75,29576.75,29599.75
1784013300,29604.75,29582,29592
1784013600,29602.5,29576.75,29595
1784013900,29623.5,29593.75,29606.25
1784014200,29611,29576.5,29602
1784014500,29606.25,29585,29599.75
1784014800,29600.5,29567.5,29576.5
1784015100,29596.75,29556.75,29596.5
1784015400,29609.75,29590.75,29599
1784015700,29602.25,29568.5,29573.75
1784016000,29602,29560.25,29585.75
1784016300,29590,29547.5,29556.75
1784016600,29585.75,29555.75,29581
1784016900,29614.75,29581.5,29605.5
1784017200,29612.25,29591,29596.5
1784017500,29632,29596.5,29618.75
1784017800,29629.5,29607.25,29620.75
1784018100,29636.25,29614,29622.25
1784018400,29626.5,29609.5,29613.5
1784018700,29614.25,29581.25,29582.25
1784019000,29594.25,29571.75,29591.25
1784019300,29595.25,29570.5,29572.5
1784019600,29601.5,29557.75,29598.5
1784019900,29611.25,29584.5,29608
1784020200,29626.25,29599.5,29624.5
1784020500,29629.25,29591.5,29604.25
1784020800,29608,29585.25,29590
1784021100,29595.75,29571.75,29574.25
1784021400,29590.75,29573.25,29586
1784021700,29595.25,29582.75,29594.25
1784022000,29610.5,29590.5,29599.75
1784022300,29623.25,29597.25,29622.25
1784022600,29623.25,29601,29607.75
1784022900,29610,29595.75,29602
1784023200,29610.25,29593.5,29609.5
1784023500,29615.25,29597.75,29612.75
1784023800,29620.75,29597.25,29605.5
1784024100,29609,29592.25,29598.75
1784024400,29601.75,29589.5,29597.25
1784024700,29600,29585.25,29597
1784025000,29609.75,29578,29590.5
1784025300,29633,29587,29614.75
1784025600,29616.25,29594.25,29604.5
1784025900,29615.75,29599.75,29612.5
1784026200,29620,29599,29601.25
1784026500,29608.5,29588.75,29607.25
1784026800,29621.75,29561.25,29572.25
1784027100,29596.75,29563.75,29572.25
1784027400,29608.5,29554,29606.5
1784027700,29635.75,29604,29635
1784028000,29662.5,29626.75,29654.5
1784028300,29670.5,29640.5,29641
1784028600,29668.5,29631.25,29633.75
1784028900,29641.5,29616,29627.25
1784029200,29633.5,29614,29620.25
1784029500,29657.5,29617.25,29641.5
1784029800,29658.25,29638,29645.5
1784030100,29654.5,29627,29633.25
1784030400,29637.75,29597.5,29599.25
1784030700,29601.5,29581.75,29588.5
1784031000,29595.5,29570,29590.5
1784031300,29616.5,29577.25,29609.25
1784031600,29653,29596.25,29651.25
1784031900,29693,29650,29687.75
1784032200,29922,29668,29896.5
1784032500,29896.75,29806.75,29830.75
1784032800,29849,29805.25,29822
1784033100,29838.5,29786.25,29803.5
1784033400,29804.5,29768,29774.25
1784033700,29788.75,29753.5,29772.75
1784034000,29796,29764.75,29775.5
1784034300,29808.25,29770.5,29788.75
1784034600,29801,29771.25,29782.25
1784034900,29787,29755,29756.75
1784035200,29798.75,29742.5,29795.25
1784035500,29832,29793.75,29810.25
1784035800,29815,29690,29693.5
1784036100,29796.5,29685,29770.25
1784036400,29781,29700.5,29754
1784036700,29807,29723.25,29764.75
1784037000,29798.5,29714.25,29757.75
1784037300,29795.25,29738.25,29780.5
1784037600,29804.75,29688.5,29692.75
1784037900,29704.5,29637.25,29667
1784038200,29691,29639.5,29664
1784038500,29664.5,29567.25,29630.75
1784038800,29715,29626.25,29659
1784039100,29733.25,29638.25,29684
1784039400,29810,29659,29770
1784039700,29796.5,29750.75,29785
1784040000,29801.75,29716,29728.25
1784040300,29745.75,29676.5,29686.75
1784040600,29758.5,29660.5,29758.25
1784040900,29784.5,29752,29774
1784041200,29840.5,29753,29805.5
1784041500,29864,29795,29856.5
1784041800,29866,29838.75,29848
1784042100,29867.5,29825.5,29847.5
1784042400,29880.75,29832.5,29875
1784042700,29889.25,29858,29885.5
1784043000,29896,29836,29845.25
1784043300,29866,29825.5,29859.5
1784043600,29859.5,29799,29835.75
1784043900,29852,29826.75,29828.25
1784044200,29836.5,29768.5,29775.75
1784044500,29798.5,29760.25,29785.75
1784044800,29792,29716.5,29735.5
1784045100,29762.5,29711.25,29747.5
1784045400,29755.5,29722,29738.75
1784045700,29749.75,29704.25,29749.5
1784046000,29760.75,29725.5,29756
1784046300,29783.75,29755.25,29779
1784046600,29791,29751.75,29785
1784046900,29796,29766,29787.5
1784047200,29824,29780.5,29809.5
1784047500,29829.75,29783.25,29809.75
1784047800,29821.25,29803.75,29808
1784048100,29827.25,29808.25,29826.75
1784048400,29838,29817.75,29821
1784048700,29847,29814.25,29844
1784049000,29850.75,29821.5,29822.25
1784049300,29836.75,29806.75,29835.75
1784049600,29864.5,29835,29858.25
1784049900,29866.5,29846.25,29850
1784050200,29862.25,29830.25,29831
1784050500,29853.75,29819,29851.5
1784050800,29858.5,29836.75,29845.75
1784051100,29858.5,29829,29850
1784051400,29864.25,29848.5,29860.5
1784051700,29865.25,29853,29862.5
1784052000,29870,29842.75,29866.25
1784052300,29867.75,29844.75,29863.75
1784052600,29872.25,29858.75,29869.25
1784052900,29877.75,29860.5,29866.5
1784053200,29870.5,29850.75,29855.75
1784053500,29867.75,29847.25,29853.75
1784053800,29864.5,29846,29862.25
1784054100,29869.75,29834.25,29848.5
1784054400,29849.25,29810.75,29825
1784054700,29838,29814.75,29816.75
1784055000,29845.25,29812.5,29836.25
1784055300,29836.5,29819.25,29824.25
1784055600,29833,29793.75,29798.5
1784055900,29804.25,29780.25,29788.75
1784056200,29824.5,29784.75,29815.75
1784056500,29828.75,29808.25,29820.25
1784056800,29838.25,29811.5,29835.5
1784057100,29836,29796.5,29797.75
1784057400,29804.25,29771,29800.5
1784057700,29810,29786,29791.75
1784058000,29816.25,29788.25,29811
1784058300,29824.25,29807.25,29820.5
1784058600,29835.75,29795.25,29803.75
1784058900,29818.25,29779,29786
1784059200,29799.75,29772.75,29776
1784059500,29810.25,29773.75,29789.75
1784059800,29792.75,29777.25,29788
1784060100,29792.25,29784.75,29788
1784060400,29788,29768,29775.75
1784060700,29782,29764.5,29775
1784061000,29785.75,29772.25,29784.25
1784061300,29799.5,29784.25,29797.75
1784061600,29799.25,29791.75,29796.5
1784061900,29802,29788.75,29789
1784062200,29798.75,29785.75,29796
1784062500,29801.5,29791.75,29794.75
1784066400,29806.75,29779.25,29786.25
1784066700,29792.25,29767.5,29772
1784067000,29777.75,29745.75,29754.5
1784067300,29774.75,29752,29774.25
1784067600,29796.75,29770.5,29793
1784067900,29794,29784.5,29786.5
1784068200,29796.5,29782.5,29785
1784068500,29789.25,29782,29784.25
1784068800,29786.75,29775.25,29779.5
1784069100,29783.25,29774.75,29775.25
1784069400,29781,29764,29768.25
1784069700,29777.5,29764.5,29774
1784070000,29778.75,29758,29778
1784070300,29790.25,29777,29783.5
1784070600,29798.75,29782.5,29795
1784070900,29799.25,29785.25,29791.75
1784071200,29805.75,29788.25,29802.5
1784071500,29869.75,29800,29866.25
1784071800,29882,29858.25,29867.5
1784072100,29873.75,29862.5,29865.25
1784072400,29876,29847.25,29849
1784072700,29878,29844.25,29874.75
1784073000,29895.75,29866,29891.75
1784073300,29900,29876.25,29888.75
1784073600,29897,29853.75,29864.25
1784073900,29870,29837.75,29869.25
1784074200,29902.75,29864,29891
1784074500,29910,29882.75,29898.75
1784074800,29933.5,29898.75,29911.75
1784075100,29922,29905,29918.75
1784075400,29928.5,29895.75,29898.5
1784075700,29899.75,29868,29889
1784076000,29899,29840.75,29858.5
1784076300,29891.5,29848.25,29882
1784076600,29911.5,29879,29903.75
1784076900,29930,29901,29918.75
1784077200,29928,29866,29886.75
1784077500,29894.5,29862.25,29875.75
1784077800,29890.25,29860.25,29886.75
1784078100,29918,29883.75,29906.75
1784078400,29922.5,29896.75,29910.5
1784078700,29941.5,29906.75,29923.5
1784079000,29934.25,29914.75,29921.25
1784079300,29944,29910.25,29938.5
1784079600,29939.25,29891,29894.25
1784079900,29923.25,29892.75,29919.25
1784080200,29937.5,29912,29934.75
1784080500,29959.25,29933.25,29956
1784080800,29961,29949.25,29959.25
1784081100,29973.75,29952,29965
1784081400,29981.75,29955.5,29966.25
1784081700,29983,29959.75,29973.5
1784082000,29979.5,29959.25,29961.75
1784082300,29973,29958.5,29970
1784082600,29982.5,29966.25,29974
1784082900,29989,29970,29981.25
1784083200,29986.25,29978.5,29983.5
1784083500,29987.25,29976.5,29978
1784083800,29979.25,29963,29969.25
1784084100,29979.25,29959.25,29960
1784084400,29968.25,29955.5,29963.25
1784084700,29963.75,29953.75,29958.25
1784085000,29960,29946.75,29959.5
1784085300,29981.25,29955.25,29978.25
1784085600,29980.5,29968,29970.25
1784085900,29985,29969,29979.25
1784086200,29997.5,29977.25,29995.5
1784086500,29998.5,29990.75,29992
1784086800,30001.75,29987,29987.5
1784087100,30008.25,29987,30008.25
1784087400,30018.5,30008.25,30013.5
1784087700,30019.5,30009.5,30012.5
1784088000,30016.75,30005.5,30008.75
1784088300,30010,29995.75,29998
1784088600,30007,29997,30001
1784088900,30012,29996,30009
1784089200,30013.25,30003,30009.25
1784089500,30011,29989.5,29989.5
1784089800,29999,29983,29988.75
1784090100,30007.5,29987.5,30005.25
1784090400,30012,30001.25,30005.5
1784090700,30013,30004.25,30005
1784091000,30017.75,30003.5,30012
1784091300,30024.75,30007,30021.5
1784091600,30058.5,30000.75,30014
1784091900,30023.75,29991,30022.75
1784092200,30026.75,29995,30000
1784092500,30023.25,29995.25,30018.5
1784092800,30025.25,29996.5,29999
1784093100,29998.75,29976.25,29981.25
1784093400,29995,29967.25,29992.5
1784093700,30009,29988.75,30008.75
1784094000,30009.75,29987.5,29992
1784094300,30006.75,29984.25,30000.75
1784094600,30012.75,29990.5,30010.75
1784094900,30031.5,30008.75,30030.75
1784095200,30049.75,30030.75,30048.25
1784095500,30050,30032.75,30038.75
1784095800,30044.5,30027.75,30043.25
1784096100,30042,30026.5,30039.25
1784096400,30038.75,30022.75,30033.5
1784096700,30045,30032,30039.75
1784097000,30046.25,30009.25,30024.75
1784097300,30030.75,30018.5,30018.75
1784097600,30026,30013.5,30018.5
1784097900,30027.25,30017.25,30023.25
1784098200,30031.25,30014.75,30028.25
1784098500,30036.75,30016,30031.25
1784098800,30052.5,30007.5,30048
1784099100,30062.5,30035,30041.5
1784099400,30049,30033.25,30035.5
1784099700,30036,30014.25,30018.75
1784100000,30020.5,29987.5,29989.75
1784100300,29990.75,29928.25,29967.75
1784100600,29970.5,29945.5,29960.5
1784100900,29980.75,29959.5,29976.5
1784101200,29990,29973.25,29979
1784101500,29997.75,29971,29992.25
1784101800,30005,29989.5,29991.75
1784102100,29998.5,29984.25,29996.75
1784102400,29998.75,29919.25,29932.5
1784102700,29939.75,29922,29927.75
1784103000,29932.75,29908.5,29917.5
1784103300,29926.25,29897,29909
1784103600,29914.5,29871.75,29885.75
1784103900,29913.5,29881.75,29913
1784104200,29920.25,29901.5,29908.75
1784104500,29918,29897.5,29917
1784104800,29926.5,29901.75,29926.5
1784105100,29943.75,29924.75,29929.75
1784105400,29931,29913,29916
1784105700,29940.5,29913.75,29937.5
1784106000,29952,29936,29950.5
1784106300,29955,29943.5,29954.75
1784106600,29958.25,29943.25,29953
1784106900,29957.75,29942.75,29953.75
1784107200,29963.5,29951.5,29958
1784107500,29959.5,29946,29949.75
1784107800,29950.75,29934.25,29936.5
1784108100,29949.5,29927.75,29938.5
1784108400,29959.5,29936.5,29950.75
1784108700,29952.5,29929,29934.75
1784109000,29944.75,29917.75,29929.75
1784109300,29931,29915.5,29923.25
1784109600,29932,29914.75,29928.25
1784109900,29933.75,29923,29926.75
1784110200,29943.75,29924.5,29942.5
1784110500,29947.5,29930.5,29932.5
1784110800,29941,29900.75,29904.5
1784111100,29909.75,29886,29896.25
1784111400,29907,29889.5,29898.75
1784111700,29921.25,29897.25,29915
1784112000,29915.25,29899.25,29902.5
1784112300,29918.75,29900.25,29918
1784112600,29923.75,29912.25,29922.75
1784112900,29934,29920.25,29927.25
1784113200,29953.75,29924.75,29939.5
1784113500,29942.75,29919,29937
1784113800,29940.75,29923.5,29926
1784114100,29942.75,29920,29926
1784114400,29937.25,29924.5,29926.5
1784114700,29932.25,29915.75,29921
1784115000,29932.75,29911,29930.75
1784115300,29938.25,29922.5,29932.75
1784115600,29942.5,29923.5,29929
1784115900,29929.75,29905.75,29911.5
1784116200,29926,29904.5,29910.75
1784116500,29926.75,29908.75,29912.25
1784116800,29918.75,29901,29902.25
1784117100,29902.5,29876.25,29890.75
1784117400,29892.5,29873.75,29880
1784117700,29893.75,29880.25,29881.5
1784118000,29883,29856.5,29866.25
1784118300,29886,29855.5,29878
1784118600,29952,29850,29942.75
1784118900,29958.5,29932.5,29936
1784119200,29973.75,29924,29951.25
1784119500,29978.75,29941,29974.5
1784119800,29989.5,29971.25,29985.75
1784120100,29995.5,29977.75,29980.25
1784120400,29991.75,29975.5,29988
1784120700,29999.25,29967,29970
1784121000,29972.75,29939,29946.5
1784121300,29958,29942.25,29955.5
1784121600,29955.25,29939.75,29949.25
1784121900,29964.25,29936.5,29955
1784122200,29978.25,29912,29953.75
1784122500,29966.25,29852.25,29882.75
1784122800,29884.5,29830.75,29832.75
1784123100,29847.5,29776,29784.5
1784123400,29802.5,29755,29798.75
1784123700,29824.75,29780,29823.75
1784124000,29872.25,29822.75,29844.25
1784124300,29892.25,29825.5,29861
1784124600,29873.25,29805.75,29805.75
1784124900,29830.75,29787.75,29799.5
1784125200,29803.5,29655,29673
1784125500,29728.5,29638,29723.5
1784125800,29736.5,29646.75,29690
1784126100,29702.25,29588,29603.25
1784126400,29624.5,29536.75,29601
1784126700,29646,29561.75,29640
1784127000,29641.75,29578.75,29601.25
1784127300,29633.75,29584.75,29631.25
1784127600,29643,29582.75,29590
1784127900,29655,29577.5,29652.75
1784128200,29661.75,29588.75,29591.25
1784128500,29611.25,29531.25,29609
1784128800,29609.5,29542.75,29582.5
1784129100,29642.75,29572.5,29641
1784129400,29656.25,29612.5,29635.25
1784129700,29652.75,29592,29648
1784130000,29656.25,29604.75,29616.25
1784130300,29618.25,29579,29596.25
1784130600,29598,29562,29583.5
1784130900,29590,29566,29580.75
1784131200,29600,29517,29532
1784131500,29535.75,29479.25,29514.25
1784131800,29523,29472.25,29476
1784132100,29497,29465.25,29474
1784132400,29483.5,29430.75,29441
1784132700,29467.5,29432,29461.5
1784133000,29484,29426,29434.25
1784133300,29435.5,29408.5,29417
1784133600,29449.25,29396.75,29445.5
1784133900,29536.75,29433.25,29477
1784134200,29517.75,29474.5,29495.5
1784134500,29514,29461.75,29513
1784134800,29539.5,29504.5,29526.75
1784135100,29561.25,29520.5,29551.25
1784135400,29560.75,29530.25,29531.75
1784135700,29585.75,29526.5,29581
1784136000,29596.75,29567.25,29587.5
1784136300,29608,29573.5,29603.75
1784136600,29626.25,29604.25,29619.75
1784136900,29632.75,29608.5,29630.75
1784137200,29636.75,29620,29634.25
1784137500,29681,29625,29676.25
1784137800,29705.75,29668.25,29700.75
1784138100,29704.25,29679,29686.25
1784138400,29714,29681.5,29700.5
1784138700,29725,29697.25,29718.5
1784139000,29730,29714.75,29715.75
1784139300,29716.5,29684.25,29705.25
1784139600,29743,29703.25,29736
1784139900,29738,29719,29725
1784140200,29735,29717.5,29722.75
1784140500,29723.25,29687.25,29689
1784140800,29703.5,29658,29662.5
1784141100,29666,29634.75,29641.5
1784141400,29648.75,29603.75,29625.25
1784141700,29635.5,29595,29612.5
1784142000,29661.75,29604.75,29656.25
1784142300,29669,29630.25,29636.5
1784142600,29655.75,29630.5,29644.25
1784142900,29649,29616.75,29617.75
1784143200,29618.5,29592,29602.25
1784143500,29643,29589,29642.75
1784143800,29668.25,29611.25,29622.75
1784144100,29658.5,29608.25,29656
1784144400,29695.75,29653.25,29684
1784144700,29688,29647.25,29654.5
1784145000,29691.75,29653.75,29680.5
1784145300,29706.75,29680.25,29700.75
1784145600,29737.5,29695.25,29725
1784145900,29730.75,29663.25,29691.5
1784146200,29705,29686.75,29701.5
1784146500,29712.5,29696.25,29711.75
1784146800,29720,29709.25,29717.75
1784147100,29720.5,29711.5,29718.75
1784147400,29719.25,29705.5,29706.75
1784147700,29716.25,29706.75,29714
1784148000,29717.25,29711,29716.25
1784148300,29720.25,29716,29718.5
1784148600,29721.5,29712,29713
1784148900,29718.5,29706,29708
1784152800,29741.75,29698,29734.5
1784153100,29749,29734.25,29737
1784153400,29740.75,29725,29728.75
1784153700,29730.25,29720.25,29720.25
1784154000,29726.25,29710,29715.5
1784154300,29719.75,29711,29717
1784154600,29725,29705.75,29707.75
1784154900,29710,29688,29690.5
1784155200,29697,29683.75,29685
1784155500,29700.25,29680.75,29683.25
1784155800,29725,29679.25,29690.25
1784156100,29723.5,29677.75,29717.5
1784156400,29729.5,29711.5,29725.25
1784156700,29726.75,29709.25,29720.5
1784157000,29737,29716,29719.5
1784157300,29720.5,29695.75,29705.5
1784157600,29719.25,29699.25,29707.25
1784157900,29726.25,29695,29717
1784158200,29733.5,29712.75,29730
1784158500,29731.25,29704,29705.75
1784158800,29725,29700,29720.75
1784159100,29728,29688.25,29692.5
1784159400,29706.75,29686.75,29692.75
1784159700,29705.25,29682.25,29690.5
1784160000,29745,29683.25,29740.5
1784160300,29746.25,29719.75,29732.25
1784160600,29757.25,29721.5,29755.5
1784160900,29765.25,29694.5,29696
1784161200,29706,29684,29693.75
1784161500,29703,29662.25,29670.25
1784161800,29696.25,29653,29694.25
1784162100,29694.5,29650.75,29655
1784162400,29655.25,29626.5,29627.5
1784162700,29652,29622.25,29649.5
1784163000,29679.75,29628,29654.5
1784163300,29658,29636.75,29652
1784163600,29666.5,29632.5,29659.75
1784163900,29669,29642.75,29656.5
1784164200,29660.25,29615.5,29625.75
1784164500,29630.5,29602,29603.25
1784164800,29629,29601.75,29612.75
1784165100,29622.25,29602.5,29605.5
1784165400,29618.5,29593.5,29609.75
1784165700,29642.75,29609,29636.25
1784166000,29646.75,29607.75,29614.5
1784166300,29678.75,29612.25,29675.75
1784166600,29683.25,29656,29670.5
1784166900,29686.5,29641.5,29650.75
1784167200,29653,29620.5,29624.75
1784167500,29640,29621,29623.25
1784167800,29643.5,29620,29639.75
1784168100,29669,29633.75,29668.5
1784168400,29695.75,29660,29692.25
1784168700,29706.25,29684.5,29696.25
1784169000,29703.75,29685.5,29698.75
1784169300,29707.25,29690.25,29698.25
1784169600,29701.5,29672,29679
1784169900,29718,29675.25,29702.5
1784170200,29725,29699.75,29721.25
1784170500,29735.75,29718.75,29727.25
1784170800,29734,29721,29728.25
1784171100,29750,29727.75,29749.25
1784171400,29752.5,29741.75,29749.25
1784171700,29751,29718.5,29722.25
1784172000,29732.25,29713.25,29716.75
1784172300,29721.5,29710,29716.75
1784172600,29745.25,29713.75,29739.75
1784172900,29746.75,29719.5,29720
1784173200,29735.25,29716,29721.25
1784173500,29725,29705.75,29708
1784173800,29732.5,29707,29727.5
1784174100,29744,29724.75,29744
1784174400,29749.5,29737.25,29739.25
1784174700,29747,29722.25,29724
1784175000,29756,29722.25,29755
1784175300,29755.5,29722.75,29726
1784175600,29729.75,29710,29723
1784175900,29725,29710.5,29715.75
1784176200,29721.25,29710.5,29712.5
1784176500,29714.75,29702.5,29705.75
1784176800,29713.25,29695.75,29704
1784177100,29709.75,29698,29707
1784177400,29712.75,29701.75,29710.75
1784177700,29717.75,29702.75,29708.75
1784178000,29725.25,29708.5,29720.5
1784178300,29724.75,29706.25,29707
1784178600,29748,29697.25,29747.5
1784178900,29771.25,29739.25,29748.25
1784179200,29770,29748,29762.5
1784179500,29776,29757.75,29766.25
1784179800,29796.5,29708.5,29711.5
1784180100,29711.5,29668.5,29680
1784180400,29717.25,29667,29703.25
1784180700,29712.25,29685.25,29691.25
1784181000,29694,29678,29684.75
1784181300,29707,29683.5,29687
1784181600,29730,29684.25,29707.75
1784181900,29739.25,29646,29718
1784182200,29731,29699.25,29730.75
1784182500,29748.75,29722.75,29736.75
1784182800,29742.75,29690,29696.75
1784183100,29702.25,29683,29685.5
1784183400,29697.25,29662.25,29668.25
1784183700,29676.5,29642.25,29672
1784184000,29684.25,29668.75,29673.25
1784184300,29685.25,29658.5,29681.75
1784184600,29685.25,29669,29674.5
1784184900,29694,29672.25,29685.25
1784185200,29686.75,29637.25,29663
1784185500,29665,29642.75,29649.75
1784185800,29650.75,29620.5,29621
1784186100,29633.25,29612,29625
1784186400,29649.5,29622.5,29633.25
1784186700,29636,29613.25,29622.25
1784187000,29630.25,29598.25,29615.5
1784187300,29617,29582.75,29585.25
1784187600,29587.25,29569,29570.25
1784187900,29584.5,29556.75,29580.75
1784188200,29583.75,29562.75,29566
1784188500,29569.75,29548.5,29563.25
1784188800,29572.75,29522.25,29537.25
1784189100,29549,29523.5,29526.75
1784189400,29529,29488,29491
1784189700,29522,29478,29517.75
1784190000,29556,29514.25,29525.25
1784190300,29539.75,29519.5,29538.75
1784190600,29556,29528.5,29545
1784190900,29577,29543.25,29568.5
1784191200,29576,29543.25,29550
1784191500,29592,29548.75,29586.75
1784191800,29590,29576.5,29583.25
1784192100,29595.75,29580.75,29591.25
1784192400,29622.5,29591.75,29616.5
1784192700,29623.75,29601.25,29606.5
1784193000,29635,29604,29625.25
1784193300,29644.75,29622.75,29628.25
1784193600,29639.25,29619.5,29623.5
1784193900,29640.75,29611,29613.5
1784194200,29632.5,29607,29612.5
1784194500,29618.5,29595.75,29596.75
1784194800,29606.5,29584,29585
1784195100,29585.75,29564.25,29566.25
1784195400,29572.75,29558,29569.5
1784195700,29584,29527.5,29531.25
1784196000,29544.5,29514.75,29541.5
1784196300,29562,29534.5,29558
1784196600,29560.75,29537,29550.75
1784196900,29551.25,29532.75,29538.25
1784197200,29545.25,29510.75,29522.5
1784197500,29540.25,29513.5,29540.25
1784197800,29555.75,29534.5,29554
1784198100,29555,29510,29514.5
1784198400,29529,29510.75,29521.75
1784198700,29532.5,29503.25,29510
1784199000,29524,29502.75,29519.25
1784199300,29538.5,29516,29529.5
1784199600,29531.75,29475,29482.75
1784199900,29489.5,29463.75,29473.75
1784200200,29488,29460,29486.25
1784200500,29491,29447.25,29456
1784200800,29496.75,29454,29496.5
1784201100,29501.5,29465.75,29472.25
1784201400,29473.5,29437.75,29458.5
1784201700,29471,29436.5,29451.75
1784202000,29461.5,29429,29439
1784202300,29456.5,29353.5,29384.25
1784202600,29432.5,29381.75,29424
1784202900,29450.75,29411.75,29446.25
1784203200,29458.25,29410.25,29411.5
1784203500,29424,29392.75,29411
1784203800,29424.25,29399.25,29423.75
1784204100,29438.75,29412,29434.25
1784204400,29441,29382,29385
1784204700,29411,29378,29405
1784205000,29432,29386.75,29418
1784205300,29419.75,29365.5,29380
1784205600,29390.75,29368.75,29374.75
1784205900,29401.25,29363.25,29390.25
1784206200,29414.75,29383.5,29411
1784206500,29411.5,29391.5,29392
1784206800,29437.25,29387.5,29426
1784207100,29445.5,29420.5,29441.75
1784207400,29457.75,29431.5,29450.75
1784207700,29460,29442,29458
1784208000,29488.5,29455.25,29484
1784208300,29484.5,29447,29466
1784208600,29532,29430,29434
1784208900,29472.75,29378.75,29385.25
1784209200,29434,29308.5,29316.75
1784209500,29343.25,29264.75,29272.75
1784209800,29353.75,29265,29290.25
1784210100,29360,29257.75,29346.5
1784210400,29418,29315,29398.25
1784210700,29495,29384.5,29480.25
1784211000,29491.25,29447.25,29469.25
1784211300,29501.25,29442,29482.5
1784211600,29489.5,29398,29439
1784211900,29487.75,29405,29482.75
1784212200,29485.75,29439.25,29462.5
1784212500,29509,29444.75,29456.75
1784212800,29470.25,29425.75,29464.25
1784213100,29478,29438,29439.75
1784213400,29445.25,29376.5,29390
1784213700,29437.25,29362.25,29435.5
1784214000,29459,29402.25,29410
1784214300,29410,29365.5,29393
1784214600,29401.75,29335.75,29358.75
1784214900,29392.75,29336.5,29391.75
1784215200,29392.75,29349,29387.75
1784215500,29451.5,29383.75,29407.25
1784215800,29442,29369,29438.5
1784216100,29466.25,29413.25,29455.25
1784216400,29460,29380.25,29397.5
1784216700,29397.5,29354,29391
1784217000,29435.75,29389.5,29419.25
1784217300,29420,29372.75,29392.5
1784217600,29395.5,29337,29339.5
1784217900,29355.5,29312.5,29339.25
1784218200,29339.5,29289,29293.25
1784218500,29314.5,29279,29298.5
1784218800,29299.5,29263,29280.5
1784219100,29313.75,29268,29299.75
1784219400,29340,29293.25,29313.25
1784219700,29320.5,29289,29292.75
1784220000,29323.25,29285.75,29292.75
1784220300,29307.75,29270.75,29285
1784220600,29327,29272.75,29321.75
1784220900,29352.5,29320,29338.5
1784221200,29342,29285,29315
1784221500,29334.5,29286,29324.5
1784221800,29334,29284.25,29288
1784222100,29311,29277.5,29298.75
1784222400,29306.75,29278.5,29279
1784222700,29343.5,29274.5,29333.25
1784223000,29344.5,29281,29287.5
1784223300,29297.5,29266.75,29270.75
1784223600,29271.5,29231,29243.75
1784223900,29268,29219.25,29257.5
1784224200,29269.25,29235.5,29251.25
1784224500,29253,29224.5,29243.5
1784224800,29260.5,29231.25,29234.5
1784225100,29249.25,29222.75,29235.75
1784225400,29278.25,29233,29233
1784225700,29278.25,29215,29267.5
1784226000,29304.25,29264.25,29289.75
1784226300,29302.5,29260.75,29269.5
1784226600,29269.5,29238,29245.75
1784226900,29245.5,29221.5,29225.5
1784227200,29250,29197.75,29238
1784227500,29253.25,29223,29245
1784227800,29251.25,29210,29213.25
1784228100,29223,29200,29210.5
1784228400,29242.25,29202.25,29227
1784228700,29241,29180.75,29184.75
1784229000,29197,29175.25,29183.25
1784229300,29186,29145.25,29162.75
1784229600,29181.5,29144.25,29149.25
1784229900,29160.25,29119.25,29148
1784230200,29170,29117.25,29149.75
1784230500,29163,29118.25,29151.5
1784230800,29160.75,29118.75,29121.5
1784231100,29125.25,29079,29093
1784231400,29176.25,29094,29173.75
1784231700,29235,29174,29217.25
1784232000,29230.75,29190.5,29199.5
1784232300,29202.25,29176.25,29182.25
1784232600,29186,29165.75,29167.25
1784232900,29193,29162,29186.75
1784233200,29200,29180.5,29191.5
1784233500,29192,29178.5,29180
1784233800,29181.25,29164,29173.5
1784234100,29188,29172,29182.5
1784234400,29190.25,29170.25,29173.25
1784234700,29180,29167.75,29170.75
1784235000,29178.25,29168.25,29175.25
1784235300,29183.25,29170,29178.5
1784239200,29220,29186.75,29213.25
1784239500,29216.25,29198.5,29202
1784239800,29205.5,29171,29185.5
1784240100,29187.75,29165,29165
1784240400,29171.5,29153.5,29161.25
1784240700,29163.5,29137,29139.75
1784241000,29159.25,29133.75,29142.25
1784241300,29156.75,29137.75,29153
1784241600,29155,29130.5,29148.25
1784241900,29151.75,29125,29128.25
1784242200,29139.5,29122.25,29123.5
1784242500,29145.75,29116,29135.75
1784242800,29145.25,29113.5,29133.75
1784243100,29136,29110.75,29114.25
1784243400,29138.25,29108,29131.5
1784243700,29134,29109.25,29111
1784244000,29112.25,29091,29091.25
1784244300,29104,29075.25,29091.75
1784244600,29096.5,29067,29078.5
1784244900,29104.25,29060.5,29104.25
1784245200,29128.75,29103.25,29108.5
1784245500,29113.75,29089.5,29099.25
1784245800,29119.5,29093.25,29110.25
1784246100,29110.75,29082.25,29096.5
1784246400,29124,29092.75,29095.75
1784246700,29098.25,29053.25,29065.75
1784247000,29065.5,29031,29042.75
1784247300,29076.75,29034.75,29048.5
1784247600,29062,29028,29036.75
1784247900,29042,29011,29018.75
1784248200,29030.25,29006,29018
1784248500,29022.75,28997,29006.75
1784248800,29032,28993.5,29026.25
1784249100,29036.75,29018,29035.25
1784249400,29068.25,29029.75,29067.75
1784249700,29082,29055,29057.75
1784250000,29106.5,29053,29091.5
1784250300,29092.75,29041.75,29055
1784250600,29061.25,29024.5,29030.25
1784250900,29046.25,29018.75,29023
1784251200,29034,29011.5,29020.75
1784251500,29041.75,29011.25,29039.75
1784251800,29052.25,28983.5,28987.25
1784252100,29012,28982.75,28996
1784252400,29002,28964.75,28973.75
1784252700,28990.25,28951.5,28961.5
1784253000,28969.25,28946.25,28956.5
1784253300,28979,28950.5,28971.25
1784253600,28987,28962.75,28978
1784253900,28982.25,28950.25,28951.5
1784254200,28970.75,28948.5,28958
1784254500,28961.75,28940.75,28948.25
1784254800,28948.75,28925.5,28930.25
1784255100,28938.5,28917.25,28928.75
1784255400,28929.25,28908.5,28913
1784255700,28923.25,28904,28913.75
1784256000,28938.75,28907.75,28934.75
1784256300,28938.5,28908.5,28914.5
1784256600,28921,28905,28905.5
1784256900,28934.25,28893.75,28925.25
1784257200,28945.75,28912.5,28942.25
1784257500,28957,28941,28952
1784257800,28960.75,28947.25,28954.75
1784258100,28983,28954.5,28982.25
1784258400,29017.75,28979.75,28998.75
1784258700,29026.5,28998.25,29015
1784259000,29017.75,28970.5,28976.5
1784259300,28995.5,28967.25,28969
1784259600,28970.5,28942.75,28956.5
1784259900,28960.75,28934.5,28939.25
1784260200,28941,28919.5,28921.25
1784260500,28926.25,28910.25,28911
1784260800,28912.75,28863.25,28863.25
1784261100,28879.5,28855.25,28861.25
1784261400,28870.5,28841.25,28850.25
1784261700,28859.75,28835.25,28842.25
1784262000,28859.5,28825.75,28828
1784262300,28829.75,28803.25,28808.75
1784262600,28823.75,28783.25,28791
1784262900,28802.25,28773.75,28798
1784263200,28818.25,28784,28809.5
1784263500,28836,28809.5,28824
1784263800,28840.25,28820,28838
1784264100,28841.25,28804.5,28805.5
1784264400,28820,28787.25,28817
1784264700,28819,28789,28806.25
1784265000,28814.5,28788.5,28803
1784265300,28822.5,28788,28810.25
1784265600,28811.75,28788.75,28790.75
1784265900,28802.25,28783.75,28791.25
1784266200,28811.5,28761.75,28772.75
1784266500,28784,28740,28743.25
1784266800,28759.5,28726.5,28758.75
1784267100,28774.5,28739.5,28765.25
1784267400,28768.75,28740.5,28759.5
1784267700,28764,28733.25,28755.75
1784268000,28775,28743.75,28763.5
1784268300,28773.5,28722,28732.75
1784268600,28768.25,28726.5,28756.5
1784268900,28774.75,28748,28772.75
1784269200,28810.75,28771.5,28809.25
1784269500,28825,28807.75,28815.25
1784269800,28825,28805.75,28816.25
1784270100,28817,28774.25,28774.5
1784270400,28783.75,28761.75,28775
1784270700,28775,28741.25,28752.25
1784271000,28755,28733.5,28746.25
1784271300,28752.75,28732,28742.75
1784271600,28767.75,28729,28766.25
1784271900,28766.25,28726.25,28735.25
1784272200,28753,28716.5,28752.25
1784272500,28764.75,28741.75,28757
1784272800,28758.25,28717,28722.5
1784273100,28753.25,28711.5,28747.25
1784273400,28759.75,28725.75,28725.75
1784273700,28726.25,28707.5,28721
1784274000,28730.25,28701.25,28715.5
1784274300,28716.75,28687.5,28708
1784274600,28714.75,28697.5,28703
1784274900,28721.5,28682.75,28686.75
1784275200,28730.75,28679.5,28720.75
1784275500,28735.5,28694.25,28709.5
1784275800,28709.25,28667,28677.5
1784276100,28679,28580.25,28592.25
1784276400,28614.75,28579.25,28600.75
1784276700,28633.5,28576.75,28609.5
1784277000,28618,28577,28583
1784277300,28591.5,28563,28571.5
1784277600,28591.75,28554.75,28585.5
1784277900,28615.5,28581.75,28595
1784278200,28632.25,28591.25,28626.5
1784278500,28660.5,28622.75,28628.75
1784278800,28640.75,28618,28639.5
1784279100,28650.5,28624,28650
1784279400,28676.25,28638,28672.25
1784279700,28672.75,28630,28639.25
1784280000,28668.25,28632.5,28668.25
1784280300,28690.75,28666.25,28690
1784280600,28695,28661.5,28665
1784280900,28715.5,28664.25,28706.5
1784281200,28708.75,28678.5,28686.25
1784281500,28713.5,28684,28690.75
1784281800,28728,28690.5,28714.75
1784282100,28715.25,28696.25,28711.25
1784282400,28728.25,28693,28712.5
1784282700,28742.75,28711.75,28741.5
1784283000,28771.75,28726,28767.75
1784283300,28787.75,28754.25,28759.75
1784283600,28765.75,28724.25,28744.75
1784283900,28777,28733,28773.75
1784284200,28792,28763.5,28791.75
1784284500,28822,28789,28818.5
1784284800,28826,28794.75,28800.5
1784285100,28815.25,28790.25,28798.5
1784285400,28804.75,28787.25,28793.75
1784285700,28803.25,28777,28783.5
1784286000,28808.5,28760,28761.5
1784286300,28782.25,28749.5,28753
1784286600,28779.75,28750.75,28758.5
1784286900,28761.5,28740.25,28742.5
1784287200,28751.5,28728.5,28745.5
1784287500,28769.25,28744.5,28762.5
1784287800,28765.5,28738.5,28748.75
1784288100,28762.75,28748,28749
1784288400,28757.5,28717.5,28729.5
1784288700,28750,28718,28744.5
1784289000,28761.25,28725.75,28757.5
1784289300,28760.5,28735.5,28740.25
1784289600,28745.5,28694.75,28699.5
1784289900,28703,28682.5,28686
1784290200,28696,28675.5,28684.25
1784290500,28689.75,28672.5,28675
1784290800,28697.75,28670.5,28688
1784291100,28693.25,28661.5,28674.75
1784291400,28679.75,28661,28669
1784291700,28683.75,28662.25,28673.25
1784292000,28682.5,28651.25,28674.75
1784292300,28692.25,28651.75,28652.25
1784292600,28673,28645.5,28672.75
1784292900,28686.25,28659.5,28665.25
1784293200,28665.75,28635,28644.75
1784293500,28651.75,28625.25,28627.5
1784293800,28636,28619.25,28622.5
1784294100,28636,28611.75,28614.5
1784294400,28630.5,28596.75,28599
1784294700,28647.25,28581.5,28604.75
1784295000,28685.5,28539.75,28554
1784295300,28571.5,28457.25,28463.5
1784295600,28512.25,28408.25,28419.5
1784295900,28519.75,28411.5,28499.25
1784296200,28612.25,28485.5,28601.25
1784296500,28682,28578.25,28677
1784296800,28783,28665,28717.75
1784297100,28816.75,28717.5,28809.75
1784297400,28863,28783,28803.75
1784297700,28885.5,28778.75,28850.5
1784298000,28879.25,28815.5,28866.25
1784298300,28887.5,28817,28831.5
1784298600,28850.25,28760.25,28792
1784298900,28895,28788,28893
1784299200,28896,28805.5,28825.5
1784299500,28858.5,28768.75,28789
1784299800,28814.5,28748.5,28762
1784300100,28809,28721,28726.5
1784300400,28742,28685,28690
1784300700,28734,28676.75,28730.75
1784301000,28755.25,28689.5,28706.5
1784301300,28747.5,28685.75,28725.5
1784301600,28742.75,28672,28692.25
1784301900,28759.5,28688.25,28753
1784302200,28790.75,28717.25,28753.5
1784302500,28832.25,28725.5,28823
1784302800,28843.5,28765.25,28798.25
1784303100,28828.25,28781.25,28825.75
1784303400,28884.75,28802,28884.25
1784303700,28948.5,28879.25,28933.25
1784304000,28956,28856.75,28885.25
1784304300,28917.75,28845.5,28917
1784304600,28944.5,28896.5,28939.5
1784304900,28960,28924.5,28940.5
1784305200,28949.75,28864,28868
1784305500,28943,28860,28914
1784305800,28931,28885.25,28904
1784306100,28941,28903.5,28928.25
1784306400,28972.5,28902,28971.5
1784306700,29003.25,28962,28997.5
1784307000,29028.75,28983,29010.5
1784307300,29019.5,28961,28974.5
1784307600,29034,28966.25,29010.75
1784307900,29039.5,29001.5,29034.75
1784308200,29047,28994.5,28995.25
1784308500,29042.75,28987,29003.25
1784308800,29006,28979.25,28990.25
1784309100,29041.75,28988,29035.5
1784309400,29042.5,29013,29017.75
1784309700,29023.75,28971.75,28981
1784310000,28984,28943.5,28949.75
1784310300,28968.75,28940.25,28961.25
1784310600,28967,28917.25,28920.25
1784310900,28925.25,28883.25,28896
1784311200,28935.75,28883,28906.5
1784311500,28906.5,28870,28873.5
1784311800,28881.75,28856.25,28863.5
1784312100,28870.75,28831,28847.75
1784312400,28862.5,28825.25,28838
1784312700,28856,28822,28851.75
1784313000,28891.25,28825,28841.5
1784313300,28855.5,28830.5,28838.5
1784313600,28843.75,28796.75,28808.75
1784313900,28867.25,28797.25,28847
1784314200,28881.25,28831.25,28880.25
1784314500,28886,28852,28861.25
1784314800,28869.25,28830.75,28850
1784315100,28857.75,28810,28815.25
1784315400,28820.75,28758,28759.75
1784315700,28775.25,28734.5,28767
1784316000,28768,28734,28734.5
1784316300,28804,28718.5,28795.25
1784316600,28844,28791.25,28801.5
1784316900,28826.5,28766.5,28768
1784317200,28808.5,28753.5,28795.25
1784317500,28830,28786.25,28827.5
1784317800,28853.75,28811,28837.25
1784318100,28848.5,28755.75,28764.25
1784318400,28768,28712.5,28727.75
1784318700,28742.5,28718.5,28736
1784319000,28748.75,28716,28738.25
1784319300,28746.75,28733.5,28744.5
1784319600,28752.75,28742.5,28748.75
1784319900,28754.75,28746.75,28750
1784320200,28769,28749.25,28761.75
1784320500,28761.75,28750.5,28756.25
1784320800,28768.5,28754.5,28767
1784321100,28770.75,28757.25,28758.5
1784321400,28767.75,28754,28765.75
1784321700,28779.25,28761.25,28768.75
1784498400,28813.75,28732.5,28743
1784498700,28750.25,28720.75,28736.5
1784499000,28738,28706.75,28715.75
1784499300,28789.75,28714.75,28782.5
1784499600,28817.25,28780.75,28781.5
1784499900,28788.75,28760.75,28765.5
1784500200,28829.5,28754.5,28827.25
1784500500,28837.75,28804.25,28812.5
1784500800,28851.25,28812.25,28839.25
1784501100,28849.25,28818.5,28829.75
1784501400,28834.75,28813,28818.5
1784501700,28823.75,28809.75,28815.75
1784502000,28825,28784.5,28794.75
1784502300,28824,28785.25,28824
1784502600,28837.5,28807.75,28812.75
1784502900,28817.5,28789.5,28800.5
1784503200,28817.75,28777.25,28814.5
1784503500,28824.75,28786.5,28804.75
1784503800,28819.5,28791.75,28819
1784504100,28838.25,28809.75,28833.5
1784504400,28867,28824.5,28865.25
1784504700,28867.25,28816,28827.5
1784505000,28862,28825.25,28843.25
1784505300,28877,28839.75,28869.5
1784505600,28872.75,28804.25,28870.25
1784505900,28937.75,28866.5,28924.5
1784506200,28955.75,28917.25,28939.5
1784506500,28964,28936.5,28957.5
1784506800,28963.25,28936,28948.5
1784507100,28948.25,28926.5,28934.75
1784507400,28938.25,28876,28876.75
1784507700,28925,28875,28898.25
1784508000,28935.75,28885.5,28886.5
1784508300,28902,28858.5,28883.25
1784508600,28888.5,28860,28866
1784508900,28890,28850,28859.5
1784509200,28888.75,28844.5,28861.5
1784509500,28907.5,28855.25,28904.25
1784509800,28918.5,28846.75,28852.75
1784510100,28870,28829.25,28834.5
1784510400,28879.25,28820.5,28863.5
1784510700,28885.25,28811.25,28816
1784511000,28830,28803,28810
1784511300,28835,28801.25,28825.5
1784511600,28834.25,28776,28797.25
1784511900,28821,28785,28812.75
1784512200,28816.5,28766.75,28770
1784512500,28807,28762.75,28796.5
1784512800,28878.75,28796.25,28873
1784513100,28888.25,28865.5,28868.5
1784513400,28869.75,28833.25,28838.25
1784513700,28847.25,28808.25,28811
1784514000,28815.25,28792.75,28801.25
1784514300,28823.5,28793.25,28812
1784514600,28877,28808.75,28863.25
1784514900,28889,28854.25,28860
1784515200,28915.75,28856.5,28899.25
1784515500,28933,28893.5,28932.5
1784515800,28939.75,28902.75,28906.25
1784516100,28911.25,28883.5,28886.25
1784516400,28913.75,28880,28885.5
1784516700,28888,28856,28873.25
1784517000,28891.5,28866.5,28884.5
1784517300,28914.75,28874.25,28889
1784517600,28898,28862,28893
1784517900,28896,28870,28877.75
1784518200,28904,28863,28867.25
1784518500,28890.5,28849.75,28887
1784518800,28902.5,28868.25,28899
1784519100,28906.75,28884.25,28902.25
1784519400,28937.5,28899.25,28932.25
1784519700,28936,28880.75,28898
1784520000,28919.25,28891,28895.5
1784520300,28898,28870.75,28881.5
1784520600,28887.25,28863.25,28867.25
1784520900,28868,28844,28852.5
1784521200,28867,28842.5,28864
1784521500,28903.5,28860.75,28900.25
1784521800,28935.75,28888.25,28905.75
1784522100,28936,28897.5,28924.25
1784522400,28941,28906.75,28934
1784522700,28942.25,28925,28937
1784523000,28942.75,28913.75,28914.5
1784523300,28921.5,28892,28896.75
1784523600,28903,28873,28877.5
1784523900,28878.25,28843.25,28850.75
1784524200,28869.75,28812,28863
1784524500,28863,28838.25,28853
1784524800,28856.75,28826.75,28841
1784525100,28851.25,28828.5,28832
1784525400,28839.25,28817.5,28826.25
1784525700,28836,28814,28816.5
1784526000,28832.5,28809.25,28812.5
1784526300,28832,28805.5,28820.25
1784526600,28823.25,28790,28794.25
1784526900,28823.75,28788,28807.75
1784527200,28824.75,28799.5,28818.5
1784527500,28822.25,28794.75,28802.25
1784527800,28802.25,28782,28784.5
1784528100,28808,28777.75,28800.5
1784528400,28816,28770.25,28771.75
1784528700,28795.25,28768,28784.75
1784529000,28797,28775,28779.25
1784529300,28788.5,28765.5,28774.25
1784529600,28814,28772,28803.75
1784529900,28805.25,28778.5,28788.25
1784530200,28808.25,28788,28799.25
1784530500,28810.75,28780.75,28804.25
1784530800,28834.5,28805,28820.5
1784531100,28828.75,28805.5,28818.75
1784531400,28828.5,28809,28821.25
1784531700,28824.5,28797.75,28810
1784532000,28852.25,28800,28843.5
1784532300,28885.5,28838.75,28879.5
1784532600,28921.25,28875.5,28910.75
1784532900,28920.75,28897,28913.25
1784533200,28926.25,28890,28905
1784533500,28918,28882,28888
1784533800,28899,28879.25,28892
1784534100,28922.5,28890.5,28909.25
1784534400,28934.5,28904.5,28921.5
1784534700,28928.25,28889.75,28900.25
1784535000,28929.5,28893.25,28926.75
1784535300,28939.75,28913.75,28915.75
1784535600,28919,28900.5,28910
1784535900,28911.75,28895.25,28900.75
1784536200,28906.75,28870.25,28882.75
1784536500,28883.75,28861.25,28875
1784536800,28887,28860,28863.75
1784537100,28888,28860.5,28885.75
1784537400,28890.75,28863.5,28866.25
1784537700,28888,28864.75,28881.25
1784538000,28889.25,28867.5,28876.25
1784538300,28884.25,28854.75,28873
1784538600,28883.75,28869.25,28876.75
1784538900,28902.25,28876.75,28881.25
1784539200,28916.5,28880.25,28905.5
1784539500,28914.25,28900.75,28905.25
1784539800,28919.25,28897.75,28907.75
1784540100,28923.5,28906.5,28923
1784540400,28941.5,28920.25,28941.25
1784540700,28967.5,28940,28967
1784541000,28997.75,28963.25,28970
1784541300,28970,28948.25,28952
1784541600,28958,28936.75,28943.5
1784541900,28943.75,28927.5,28934.75
1784542200,28944.5,28928,28932
1784542500,28938.75,28921,28934.75
1784542800,28953.75,28931,28944.75
1784543100,28962.25,28933,28956.5
1784543400,28976,28949.25,28964.25
1784543700,28966.75,28946,28954.75
1784544000,28971.25,28947.5,28967.25
1784544300,28979.5,28964,28968.25
1784544600,28980,28960.75,28979
1784544900,28979.5,28965,28969.75
1784545200,28994,28963.5,28992
1784545500,29005.25,28988.5,29002.25
1784545800,29025.75,28998.5,29012.25
1784546100,29018.5,28999.5,29002
1784546400,29008.25,28991.25,28993
1784546700,28999.5,28988.25,28999
1784547000,29106.75,28995.5,29098.5
1784547300,29110.5,29084,29087.5
1784547600,29108.5,29075.5,29088
1784547900,29097.75,29062,29063.25
1784548200,29086,29048.25,29080.25
1784548500,29083.75,29067,29072.75
1784548800,29076.5,28981.5,29008.5
1784549100,29026,29000.75,29017
1784549400,29024.75,28990.75,29003.25
1784549700,29020.25,28990,29013.5
1784550000,29018,28998.75,29008
1784550300,29037.75,29000,29035.5
1784550600,29044.25,29017,29035.75
1784550900,29046.75,29032.75,29035.25
1784551200,29039.25,29000.75,29006.25
1784551500,29044,29003.75,29041.25
1784551800,29040.75,29012.25,29014.25
1784552100,29027.25,29003.5,29024.5
1784552400,29058,29016.25,29049
1784552700,29055.75,29040.5,29044.5
1784553000,29057.75,29023,29023.25
1784553300,29041,29021,29039.5
1784553600,29050.75,29037.75,29044.75
1784553900,29059.75,29021.25,29044
1784554200,29137.5,29025.75,29136.75
1784554500,29167.5,29119,29126
1784554800,29182,29121.75,29178.25
1784555100,29192.5,29115.25,29117.25
1784555400,29131.25,29027.25,29064.75
1784555700,29066.25,28979.75,28996.25
1784556000,29048.5,28961,29019.75
1784556300,29028.75,28981.75,29008.25
1784556600,29008.25,28938.25,28973.5
1784556900,29005.5,28939.25,28961.25
1784557200,28985.75,28907.5,28968.25
1784557500,29031.75,28962.5,29030.5
1784557800,29050,28980.25,29002.5
1784558100,29026,28972.25,28992
1784558400,29016.75,28952,28965
1784558700,29004.5,28925.75,28927.75
1784559000,28946.75,28895.75,28912.5
1784559300,28928,28874.25,28891.75
1784559600,28957,28873.25,28927
1784559900,28988.25,28884,28986.5
1784560200,28990.25,28932,28945
1784560500,28998,28928.75,28972.25
1784560800,29025.5,28958,29001.75
1784561100,29020.25,28969,29015.5
1784561400,29031.75,29010.25,29020.75
1784561700,29027.75,28997.5,28999.75
1784562000,29034.5,28986,29027.75
1784562300,29031,28977.75,28985.5
1784562600,29056.25,28974.5,29044.25
1784562900,29065.5,29042.5,29051
1784563200,29069.25,29029,29063.75
1784563500,29106.75,29063,29103.5
1784563800,29118.5,29094.75,29107
1784564100,29109.75,29084.25,29104
1784564400,29113,29094.25,29100.75
1784564700,29106.25,29069.25,29084.5
1784565000,29101,29043.5,29046
1784565300,29076,29041.5,29073.5
1784565600,29083.5,28959,29004
1784565900,29052.25,28991.5,29050.5
1784566200,29051.25,28975.5,28977.25
1784566500,28989.25,28955.5,28983
1784566800,28999.5,28954.5,28961.25
1784567100,28970.5,28937.25,28967.25
1784567400,28970.75,28921.5,28926.5
1784567700,28960.75,28910.5,28956
1784568000,28976,28942.75,28958.25
1784568300,28974.5,28944.5,28957.5
1784568600,28968.5,28946.25,28957.75
1784568900,28973,28939.5,28945.5
1784569200,28948.5,28900.5,28909.75
1784569500,28956.25,28908.25,28946
1784569800,28983,28942.75,28970.25
1784570100,28971.5,28940.25,28957
1784570400,28992,28956.5,28970.5
1784570700,28988.75,28957,28988.5
1784571000,29002.75,28974.75,28993
1784571300,29010.5,28978.75,28993
1784571600,28996.25,28938.25,28941.25
1784571900,28972.25,28931.75,28948
1784572200,28949.25,28894.25,28907
1784572500,28946.75,28897.5,28905.75
1784572800,28913.25,28859,28859.75
1784573100,28891.25,28855.75,28871.75
1784573400,28903.5,28864,28892.5
1784573700,28898.25,28855.25,28870.75
1784574000,28896,28836.5,28846.5
1784574300,28858.75,28832,28849
1784574600,28878.25,28807.75,28808.25
1784574900,28834,28796.25,28814.25
1784575200,28832.5,28796.25,28825
1784575500,28869.5,28798.5,28855
1784575800,28883.25,28834,28867
1784576100,28874.75,28837,28862.25
1784576400,28894.5,28854,28867
1784576700,28880,28841.5,28866.75
1784577000,28866.75,28793.5,28804.75
1784577300,28808.75,28767.75,28785.75
1784577600,28832,28784.25,28794.25
1784577900,28803,28766.75,28771.5
1784578200,28784,28768,28772.75
1784578500,28774.5,28754,28757.75
1784578800,28762.25,28750,28757.5
1784579100,28763.25,28750,28758.5
1784579400,28774,28757.25,28773.25
1784579700,28781.5,28770,28775.25
1784580000,28777,28763,28771
1784580300,28782.25,28769.75,28781
1784580600,28782.75,28768,28779
1784580900,28785,28773.5,28777.75
1784584800,28801.75,28728.25,28730.5
1784585100,28736.75,28704,28731.25
1784585400,28736.25,28720,28720.75
1784585700,28732.75,28711.25,28722
1784586000,28730,28715.5,28725.75
1784586300,28729.5,28709.75,28720
1784586600,28734,28700,28706.75
1784586900,28727.75,28703.25,28718.25
1784587200,28725,28712.25,28724.75
1784587500,28734,28705.75,28712.5
1784587800,28720.75,28707,28716.75
1784588100,28720.5,28714.25,28717.25
1784588400,28734.5,28706.5,28733.25
1784588700,28775.25,28733.25,28773
1784589000,28778.75,28756.25,28768.75
1784589300,28802.25,28765.25,28798.5
1784589600,28820,28794.5,28812.25
1784589900,28822.5,28805.75,28819.75
1784590200,28824.75,28811.25,28815.25
1784590500,28816,28807.5,28809.5
1784590800,28817,28804.5,28811.25
1784591100,28833,28798,28802.25
1784591400,28803,28757.5,28783.25
1784591700,28801.75,28773.5,28779.75
1784592000,28778.25,28722,28740
1784592300,28750.75,28706.5,28726.25
1784592600,28765.25,28709,28736
1784592900,28804.5,28709,28801.25
1784593200,28807,28770.5,28796.25
1784593500,28835,28781.75,28817.25
1784593800,28865,28813.75,28860
1784594100,28868.75,28841.25,28862
1784594400,28879.5,28852.75,28866
1784594700,28896.75,28855,28888.75
1784595000,28897,28875,28881.75
1784595300,28882.25,28856.25,28858.25
1784595600,28878.5,28836.5,28878.5
1784595900,28909.5,28872.5,28898.5
1784596200,28911.5,28893,28903.5
1784596500,28912.5,28872,28897
1784596800,28907.25,28882,28890.25
1784597100,28900.75,28880.75,28891
1784597400,28916.5,28885.25,28912
1784597700,28921.25,28883.75,28889.75
1784598000,28898.25,28866.25,28874.5
1784598300,28911.25,28869.75,28902.75
1784598600,28907.5,28884.25,28896.75
1784598900,28897.25,28871.25,28884
1784599200,28915,28877.25,28909
1784599500,28940,28895.25,28896.75
1784599800,28900,28879.5,28885
1784600100,28890.5,28859.25,28863.25
1784600400,28914,28859.25,28913
1784600700,28920.5,28892,28894
1784601000,28927,28893.25,28921
1784601300,28950,28920.5,28944.75
1784601600,28956.25,28939.5,28949
1784601900,28950,28933.75,28935.5
1784602200,28942,28928,28935.75
1784602500,28956.75,28933.5,28954.75
1784602800,28974.75,28951.25,28967.5
1784603100,28972.25,28964,28966.25
1784603400,28982,28966.25,28975
1784603700,28993.5,28971.5,28990.5
1784604000,28994.75,28985.75,28992.25
1784604300,28997.75,28984,28995.75
1784604600,29017,28992,29014.25
1784604900,29042.75,29012,29039.25
1784605200,29049.25,29033,29033.25
1784605500,29075,29033.5,29067.5
1784605800,29077,29062,29075
1784606100,29077.75,29055.5,29072.5
1784606400,29082.75,29060.25,29061.5
1784606700,29089.5,29058.5,29069
1784607000,29077,29064.75,29066.75
1784607300,29072.25,29059.5,29060
1784607600,29077.5,29054.75,29063
1784607900,29076.75,29061,29066
1784608200,29068.5,29057.75,29060.25
1784608500,29076,29059.25,29070.5
1784608800,29073,29057,29064.25
1784609100,29076.5,29058,29072.25
1784609400,29073,29051.75,29054
1784609700,29064,29048.5,29055
1784610000,29061.25,29052,29056.5
1784610300,29058.5,29047.75,29051.5
1784610600,29052,29033,29034.75
1784610900,29036.75,29016.75,29018.75
1784611200,29049.5,29017.75,29043.75
1784611500,29070.75,29040.25,29066.25
1784611800,29071,29037.25,29057.5
1784612100,29073,29054.5,29062.75
1784612400,29093.75,29062.25,29086.75
1784612700,29091.5,29070.25,29085.25
1784613000,29101,29084.25,29096.75
1784613300,29104.75,29092.75,29098.5
1784613600,29120,29095.5,29118.75
1784613900,29125.75,29106.25,29115.5
1784614200,29141,29109,29132.25
1784614500,29141.5,29125,29128.75
1784614800,29130,29108.25,29116.5
1784615100,29127.75,29110,29112.5
1784615400,29134.75,29112,29133.5
1784615700,29154.5,29127.75,29138
1784616000,29155,29135.75,29154
1784616300,29155.5,29130.5,29148
1784616600,29150.25,29136.5,29140.5
1784616900,29148.5,29137.75,29146.5
1784617200,29161.5,29139,29147.75
1784617500,29156,29134.5,29137.25
1784617800,29145.75,29117.5,29131.75
1784618100,29131.5,29114.25,29125.25
1784618400,29125,29100,29105.25
1784618700,29114,29092.5,29103.5
1784619000,29120,29087.75,29119.75
1784619300,29127,29114,29120
1784619600,29122.75,29108.5,29112.25
1784619900,29115.25,29092,29096.75
1784620200,29111,29091.75,29108
1784620500,29120.75,29104,29117
1784620800,29135,29104.25,29132.5
1784621100,29140.5,29126,29136.25
1784621400,29154.25,29121.75,29152.5
1784621700,29156.25,29140.5,29146.5
1784622000,29163.75,29141,29160.75
1784622300,29168.75,29152.75,29168.75
1784622600,29175.5,29160,29161.5
1784622900,29173.5,29157.5,29161.75
1784623200,29176.75,29156,29167
1784623500,29169.25,29149.25,29160.5
1784623800,29165.75,29154.25,29160.5
1784624100,29175,29156.5,29167.25
1784624400,29181.25,29162.25,29171
1784624700,29179.25,29167.5,29175.25
1784625000,29179.75,29167.75,29171.75
1784625300,29195.5,29171,29188.25
1784625600,29196.5,29176.25,29182
1784625900,29187.5,29162.25,29166.25
1784626200,29179.25,29154.75,29171.5
1784626500,29173,29150.75,29162
1784626800,29170.5,29155,29165.5
1784627100,29185.25,29162,29181.5
1784627400,29182.25,29170.25,29178.25
1784627700,29177.5,29152.75,29154
1784628000,29183.5,29154.75,29162.5
1784628300,29165.75,29155,29157.5
1784628600,29198.75,29155,29172
1784628900,29179.75,29167.75,29175.75
1784629200,29187.75,29173,29179.5
1784629500,29181.75,29164.75,29174.5
1784629800,29186.75,29169.25,29182.25
1784630100,29204,29175,29177.75
1784630400,29179,29164.5,29171.75
1784630700,29188,29155.25,29181
1784631000,29181.75,29164.25,29165.75
1784631300,29177.5,29161.5,29166.5
1784631600,29183.75,29141.75,29142.25
1784631900,29147.5,29134,29136.75
1784632200,29162.75,29133.25,29157.75
1784632500,29159.5,29128,29133.5
1784632800,29141.75,29120.75,29141.5
1784633100,29142.75,29117,29128.5
1784633400,29146.25,29126.5,29141.5
1784633700,29173,29140.25,29158
1784634000,29170.75,29155.25,29166
1784634300,29181.75,29163.25,29179.5
1784634600,29182.75,29152.5,29156
1784634900,29160,29144.5,29153.5
1784635200,29173,29146,29163.25
1784635500,29190,29158.25,29182.75
1784635800,29195.5,29173.5,29178.25
1784636100,29178.75,29138,29150.5
1784636400,29155.5,29135,29152
1784636700,29153.25,29133.25,29134.25
1784637000,29142.25,29127,29134
1784637300,29136.75,29118,29134.75
1784637600,29143.25,29111,29134.75
1784637900,29177.5,29134,29169.25
1784638200,29187.25,29164,29176.5
1784638500,29181.5,29170.5,29172.5
1784638800,29183.5,29163,29163.5
1784639100,29172.25,29156.5,29161.75
1784639400,29167.75,29156.75,29162.75
1784639700,29172.25,29156.25,29169.25
1784640000,29181.5,29167.25,29178.5
1784640300,29224,29178.5,29221.75
1784640600,29246.75,29133,29147.25
1784640900,29225,29137.5,29190
1784641200,29193.25,29129,29144.25
1784641500,29154,29095.25,29143
1784641800,29178.5,29117.5,29141.25
1784642100,29163.75,29092.5,29153.25
1784642400,29189.75,29086.75,29113.5
1784642700,29139,29073.5,29079.75
1784643000,29137.5,29063,29130.5
1784643300,29162.75,29066.5,29158.25
1784643600,29173.25,29111.75,29147.75
1784643900,29218.5,29141.25,29207.5
1784644200,29230.5,29202.75,29217.75
1784644500,29235.5,29186,29204.5
1784644800,29225.75,29162.5,29224.75
1784645100,29257.75,29211.75,29227.75
1784645400,29236.25,29206.25,29230.5
1784645700,29242.25,29211.25,29237.25
1784646000,29245.5,29192,29199.5
1784646300,29282,29181.5,29274
1784646600,29297.5,29269.25,29292
1784646900,29298.5,29280.5,29283.5
1784647200,29309.75,29272,29300.25
1784647500,29319.75,29296.75,29307.5
1784647800,29308.75,29266,29296
1784648100,29306.25,29275,29276
1784648400,29283.75,29258.25,29261.5
1784648700,29292.25,29258.25,29289
1784649000,29301.25,29273.25,29275
1784649300,29283.75,29255.25,29259.25
1784649600,29304.5,29254.25,29302.75
1784649900,29328,29298.25,29309
1784650200,29314.25,29295.75,29302
1784650500,29319.75,29300.75,29315.25
1784650800,29337.5,29313,29325.5
1784651100,29330.75,29304,29312.25
1784651400,29324,29302.75,29314
1784651700,29331.75,29308,29330.25
1784652000,29335,29312.5,29318.5
1784652300,29328.75,29311.25,29323.5
1784652600,29348,29322,29347.25
1784652900,29352,29331,29331.25
1784653200,29350.75,29331,29348.75
1784653500,29356.5,29343.25,29346.5
1784653800,29350.5,29332.75,29335
1784654100,29348,29328.25,29330.25
1784654400,29342,29325,29329.25
1784654700,29337.5,29322.75,29332.75
1784655000,29351.75,29327.5,29337.25
1784655300,29351,29332.25,29346.5
1784655600,29347.75,29334,29341.25
1784655900,29360,29333,29356.5
1784656200,29363.5,29342.75,29344.5
1784656500,29348,29332.25,29341.25
1784656800,29355,29338,29343.25
1784657100,29363,29341.5,29350.75
1784657400,29352.5,29337.5,29337.5
1784657700,29343,29334.25,29338.75
1784658000,29345,29330.5,29339.75
1784658300,29340.5,29319.5,29325.25
1784658600,29329.25,29310.5,29316.5
1784658900,29337,29316,29327
1784659200,29350.25,29318.5,29347.25
1784659500,29356,29334.25,29339.5
1784659800,29342.75,29322.75,29324
1784660100,29333,29316.5,29328.25
1784660400,29336.25,29311.25,29318
1784660700,29327.75,29305.5,29310.25
1784661000,29319,29303,29311
1784661300,29322,29305,29316.5
1784661600,29320,29306.5,29310.25
1784661900,29313,29290.5,29293.75
1784662200,29312.25,29290.75,29306.25
1784662500,29331.5,29302.25,29325.25
1784662800,29341.75,29320,29338
1784663100,29344.75,29325.5,29340
1784663400,29351.25,29313.25,29338.5
1784663700,29348.25,29300.25,29310.75
1784664000,29317,29284.75,29290.75
1784664300,29306,29289,29303.5
1784664600,29309,29292,29306.25
1784664900,29306,29283.25,29289.75
1784665200,29292.5,29286.75,29289.5
1784665500,29294.5,29287.25,29293
1784665800,29301.5,29292.5,29300
1784666100,29302.5,29295.5,29299.75
1784666400,29300.5,29290,29293.25
1784666700,29294.5,29279.25,29283.25
1784667000,29289,29281.25,29284.75
1784667300,29291.5,29279.25,29290
1784671200,29311.75,29285.25,29293
1784671500,29296.5,29280,29288.75
1784671800,29299.75,29282.25,29297.25
1784672100,29302.75,29293,29298.25
1784672400,29306,29271.5,29274
1784672700,29281,29265.25,29270.25
1784673000,29280.75,29257.5,29277.5
1784673300,29283.75,29271,29275.25
1784673600,29281.25,29268.5,29270.25
1784673900,29270.25,29251.75,29259
1784674200,29266,29256,29264.5
1784674500,29277.5,29257.75,29274.5
1784674800,29275,29261.5,29270.5
1784675100,29272.25,29262,29270.75
1784675400,29289.75,29267.5,29281.75
1784675700,29304.75,29272.5,29300.5
1784676000,29300.75,29284,29287.25
1784676300,29298.75,29284.75,29296.5
1784676600,29304,29291,29296
1784676900,29295.75,29281.5,29285.75
1784677200,29289.75,29271.5,29280.25
1784677500,29295.5,29276.25,29292.75
1784677800,29302,29266,29279
1784678100,29304,29278.75,29298
1784678400,29326.5,29286.5,29323.25
1784678700,29336,29312.5,29328
1784679000,29337.25,29308.5,29328.5
1784679300,29330.75,29305.75,29325
1784679600,29327.75,29300,29308.75
1784679900,29316.75,29290.5,29299.25
1784680200,29305.75,29272,29285
1784680500,29294.25,29272.75,29290.5
1784680800,29297.75,29279.5,29284.25
1784681100,29286.75,29258.5,29281.75
1784681400,29283.75,29264.5,29268
1784681700,29292.75,29259.5,29288.25
1784682000,29294.25,29232.75,29242.25
1784682300,29251.5,29234.5,29243.75
1784682600,29262.5,29238,29257
1784682900,29271.25,29255.5,29264.25
1784683200,29266.5,29238.75,29242
1784683500,29263.5,29240.5,29246.75
1784683800,29250,29231.75,29244.25
1784684100,29257,29239.75,29252.5
1784684400,29262.25,29240,29253.75
1784684700,29288.25,29251,29288.25
1784685000,29306.25,29281.75,29301.25
1784685300,29303,29275.25,29276.5
1784685600,29285.5,29247.25,29262.5
1784685900,29270,29238,29246.75
1784686200,29264.5,29243.25,29261.25
1784686500,29269,29255,29259
1784686800,29267.5,29253,29264
1784687100,29285,29249.75,29276.25
1784687400,29277.75,29251.25,29254.25
1784687700,29258.5,29243.25,29244.75
1784688000,29265.5,29243.5,29253
1784688300,29264.75,29246,29261.5
1784688600,29262,29245,29253
1784688900,29254.5,29228.5,29239.25
1784689200,29241.5,29227.5,29236
1784689500,29244.5,29214.75,29217
1784689800,29220.5,29210,29215.5
1784690100,29228,29212.25,29216.5
1784690400,29251,29216.25,29249
1784690700,29262,29247,29261.75
1784691000,29267.75,29219.5,29226.5
1784691300,29233.25,29218.5,29227.75
1784691600,29236.5,29217.5,29223
1784691900,29242.5,29223,29235.25
1784692200,29234.5,29191.5,29198
1784692500,29207.75,29190.25,29198.75
1784692800,29213.25,29188,29213.25
1784693100,29224.25,29207.5,29219.25
1784693400,29224.25,29209,29213.75
1784693700,29227.25,29212.5,29223.75
1784694000,29236,29219.75,29232
1784694300,29239,29223.25,29233.25
1784694600,29234,29214.75,29218
1784694900,29221.75,29211.5,29213
1784695200,29224,29209,29217.75
1784695500,29220.25,29205.5,29209.25
1784695800,29211.25,29202.75,29203
1784696100,29222.25,29193.5,29221.75
1784696400,29226.5,29199.5,29202.5
1784696700,29205.25,29184,29185.75
1784697000,29194.5,29179.25,29187.25
1784697300,29196.75,29177,29187.75
1784697600,29187,29166,29170.75
1784697900,29186.75,29165.25,29165.75
1784698200,29185.75,29162,29181.5
1784698500,29183,29153,29167.5
1784698800,29171,29145.25,29148
1784699100,29157,29140.25,29154.75
1784699400,29178.25,29152.5,29157
1784699700,29173.75,29154.75,29173.25
1784700000,29173,29149.25,29151.75
1784700300,29152.5,29127.5,29129.75
1784700600,29144,29124.75,29133.25
1784700900,29132.75,29094.5,29098.25
1784701200,29100.25,29060,29081.25
1784701500,29087.75,29067.5,29079.25
1784701800,29094.75,29067.5,29094.75
1784702100,29116,29093.5,29109.75
1784702400,29115,29101.25,29102.5
1784702700,29102.5,29068.25,29069.5
1784703000,29103,29062.75,29092.75
1784703300,29099.5,29083,29092.75
1784703600,29102.5,29073,29082.5
1784703900,29084.75,29050.5,29066.75
1784704200,29099.25,29065,29097.5
1784704500,29115,29090.25,29106.25
1784704800,29115,29088.25,29092.5
1784705100,29124.5,29084,29118.5
1784705400,29124.25,29071.25,29071.75
1784705700,29076.5,29047.5,29048.5
1784706000,29065.5,29026,29065
1784706300,29077.75,29044.5,29047.75
1784706600,29068,29040,29062
1784706900,29068.5,29049.25,29056.25
1784707200,29087.75,29038.75,29084
1784707500,29107.5,29067.5,29094
1784707800,29097.25,29063.75,29067
1784708100,29081.75,29061.5,29072.25
1784708400,29104,29069,29100.75
1784708700,29105.25,29087,29101.75
1784709000,29116.5,29097,29111.25
1784709300,29113,29086,29088.75
1784709600,29099.75,29079.5,29086.5
1784709900,29107.5,29085.75,29094.75
1784710200,29108.5,29086,29105.75
1784710500,29118,29094.75,29110.5
1784710800,29139.75,29106.5,29132.25
1784711100,29149.75,29124.5,29137.25
1784711400,29145.5,29126.5,29131.75
1784711700,29136.75,29127.75,29135
1784712000,29146.75,29128.75,29139
1784712300,29142.25,29124.25,29125.5
1784712600,29126.5,29096.5,29098
1784712900,29114.75,29097,29110.25
1784713200,29119.5,29102,29116.5
1784713500,29124,29111.25,29116
1784713800,29115.75,29089,29098.5
1784714100,29128.5,29096.5,29127.75
1784714400,29159.75,29127,29144.25
1784714700,29146.25,29130.5,29133
1784715000,29141.25,29118,29120.5
1784715300,29138.75,29113.5,29130.5
1784715600,29168.5,29130.25,29162.75
1784715900,29167,29153.25,29161
1784716200,29170,29144.25,29146
1784716500,29154.75,29135,29139.75
1784716800,29143.75,29134.5,29135
1784717100,29170.75,29133,29170.25
1784717400,29173.5,29156,29158
1784717700,29162.75,29150.75,29154.25
1784718000,29166,29135.25,29135.25
1784718300,29146.75,29130.25,29137
1784718600,29138.5,29122.25,29123.75
1784718900,29124.25,29111,29112.75
1784719200,29135.75,29113.75,29120.25
1784719500,29121.25,29099,29102.25
1784719800,29111.25,29095.75,29105.25
1784720100,29114,29085.25,29089
1784720400,29089.25,29017.25,29042.25
1784720700,29079.25,29035.75,29071.75
1784721000,29075,29058,29066
1784721300,29069,29043.75,29054.75
1784721600,29072,29028.5,29038
1784721900,29056.5,29026,29035
1784722200,29050.75,29025.25,29045.25
1784722500,29047.75,29020,29026.5
1784722800,29030,28997.25,28998.5
1784723100,29028,28995,29027
1784723400,29067,29026.25,29059.5
1784723700,29068,29042.75,29064.75
1784724000,29068.5,29054.5,29055.75
1784724300,29057,29010.75,29019.75
1784724600,29047.5,29016,29046.25
1784724900,29048.75,28961.25,29016.75
1784725200,29048,29017,29045
1784725500,29061,29036.75,29060
1784725800,29063.25,29049.25,29057
1784726100,29082.25,29054.5,29079.25
1784726400,29089.5,29069,29089.5
1784726700,29099,29073,29090
1784727000,29162.25,29089.75,29152
1784727300,29170,29113.25,29155.5
1784727600,29186.25,29132.5,29179
1784727900,29218,29157,29172.75
1784728200,29239,29152,29236.25
1784728500,29278,29229.25,29277
1784728800,29284.25,29236.5,29258.25
1784729100,29277.25,29221.25,29223.25
1784729400,29263.25,29217.25,29236.5
1784729700,29253.75,29196,29251.75
1784730000,29273.75,29199,29218.25
1784730300,29233,29201.5,29219.25
1784730600,29261,29213.75,29217.75
1784730900,29246,29207,29220.25
1784731200,29233,29172.5,29185.25
1784731500,29231.25,29174,29224.75
1784731800,29227.25,29186.75,29199.5
1784732100,29245,29182.25,29240.5
1784732400,29274.75,29240.25,29269.75
1784732700,29303.25,29262.25,29293
1784733000,29313.75,29289.25,29306.5
1784733300,29313.75,29292,29309.75
1784733600,29329,29296.25,29322.5
1784733900,29342.5,29320,29325
1784734200,29335.5,29288.5,29291.75
1784734500,29310.5,29278,29282
1784734800,29303.5,29274.25,29289.25
1784735100,29309.5,29289,29307
1784735400,29332.75,29303.75,29307.5
1784735700,29332,29298,29330.25
1784736000,29334.5,29312.25,29320.5
1784736300,29333.5,29314,29328.5
1784736600,29333.25,29315.5,29328.5
1784736900,29335.25,29317.75,29329.5
1784737200,29329.25,29307,29314.75
1784737500,29317.5,29300,29311.25
1784737800,29328.5,29307.25,29323
1784738100,29323.5,29301.25,29305.25
1784738400,29306.5,29283.75,29290.75
1784738700,29296.75,29276.5,29288
1784739000,29298,29280.5,29291.5
1784739300,29322,29289.25,29311
1784739600,29326.75,29302.5,29308.25
1784739900,29330.75,29307.25,29326
1784740200,29328.25,29306.5,29310
1784740500,29318.75,29300.25,29310
1784740800,29316.5,29294.75,29312.75
1784741100,29321.25,29298.5,29305.75
1784741400,29320.25,29282,29283.75
1784741700,29315.5,29280.5,29314
1784742000,29314.25,29288.75,29294
1784742300,29298.25,29281.25,29282.25
1784742600,29288,29249.75,29250.25
1784742900,29261.5,29234.25,29244
1784743200,29262.75,29232,29252.75
1784743500,29271,29244.5,29245.5
1784743800,29254.5,29224.25,29224.25
1784744100,29241.75,29222,29231.75
1784744400,29254,29223.75,29229.75
1784744700,29248,29224.75,29239.25
1784745000,29240,29207.75,29214
1784745300,29239.75,29210.75,29233.25
1784745600,29236,29222.5,29228
1784745900,29249.25,29226.25,29232.5
1784746200,29255,29224,29253.25
1784746500,29258.75,29243,29245.75
1784746800,29257.75,29234,29248.75
1784747100,29254,29239.25,29246
1784747400,29245.75,29215,29224.25
1784747700,29246.5,29217.25,29239.5
1784748000,29247.25,29223,29237.5
1784748300,29260.75,29227.5,29253.5
1784748600,29254.25,29225.25,29229
1784748900,29235.75,29192.5,29199.25
1784749200,29223.25,29194.75,29212
1784749500,29229.75,29208.25,29223.5
1784749800,29246,29198,29203
1784750100,29206.25,29158,29161
1784750400,29239.5,29131,29151.75
1784750700,29175.5,29119,29155.75
1784751000,29250.5,29144.5,29249.75
1784751300,29260.25,29221.75,29249
1784751600,29250,29215,29234.5
1784751900,29240.5,29203.75,29217.5
1784752200,29224.75,29200,29215
1784752500,29220.75,29183.5,29196
1784752800,29200.5,29183.25,29184.75
1784753100,29198,29178,29188.25
1784753400,29213,29187.75,29202.25
1784753700,29202.25,29168.75,29169
1784757600,29144,29076,29079.25
1784757900,29082.75,29060,29066.75
1784758200,29093,29065.25,29085.25
1784758500,29093.75,29070.25,29083.25
1784758800,29096,29077.25,29089.25
1784759100,29106.75,29075.25,29082.25
1784759400,29089,29076.5,29080
1784759700,29085,29044.25,29048
1784760000,29056.5,29040,29045.75
1784760300,29065,29039,29062.5
1784760600,29079.25,29056.25,29079
1784760900,29084.75,29068.25,29071.75
1784761200,29081,29025.75,29040.75
1784761500,29043.25,29031.5,29033.75
1784761800,29068,29029,29063.25
1784762100,29067,29035.75,29042.5
1784762400,29057,29042.25,29056.75
1784762700,29064.25,29046,29058.5
1784763000,29077.75,29057.75,29071.5
1784763300,29084,29070.75,29079.75
1784763600,29098.25,29079.25,29097
1784763900,29141.25,29091.25,29128
1784764200,29136,29118,29126.75
1784764500,29144,29119.25,29142.75
1784764800,29163.5,29132,29156
1784765100,29173,29156.25,29165.5
1784765400,29170,29143.5,29167.75
1784765700,29210.5,29155.25,29199
1784766000,29234.75,29200,29232.5
1784766300,29256.5,29224.75,29228
1784766600,29243.25,29218.25,29238.5
1784766900,29249.75,29230.75,29239.75
1784767200,29247,29231,29234.5
1784767500,29246,29229,29243.75
1784767800,29283,29232,29267.25
1784768100,29279,29255,29256
1784768400,29270,29235.5,29262.5
1784768700,29272,29250,29257.5
1784769000,29271.75,29257.75,29268.5
1784769300,29273.75,29237.5,29242.75
1784769600,29257.5,29231.75,29242.5
1784769900,29254,29234.75,29241.25
1784770200,29249.75,29207,29245
1784770500,29260.5,29207.75,29209.5
1784770800,29212.5,29180.5,29182.25
1784771100,29199,29178.25,29183.25
1784771400,29214.75,29175,29211.25
1784771700,29217.25,29176,29177
1784772000,29194.5,29164,29193
1784772300,29200.5,29176.5,29177.5
1784772600,29178.25,29147.5,29149.75
1784772900,29155.75,29125.25,29130.75
1784773200,29133.5,29105,29107.75
1784773500,29109.5,29092.5,29105
1784773800,29126.25,29100,29123.75
1784774100,29124,29070.75,29075
1784774400,29077.75,29058.75,29068.75
1784774700,29093,29067.5,29069
1784775000,29095.25,29062.5,29092.25
1784775300,29097,29083.5,29091.75
1784775600,29097,29068.5,29074.25
1784775900,29079.25,29044,29051.25
1784776200,29059.75,29030,29053.5
1784776500,29060,29040,29055
1784776800,29080,29049.5,29066.5
1784777100,29084.5,29045,29084.25
1784777400,29114.25,29071.75,29082.25
1784777700,29100,29075.5,29098.75
1784778000,29117,29092.5,29116.5
1784778300,29124,29103,29121
1784778600,29128,29112,29124.5
1784778900,29126.25,29110,29110.75
1784779200,29114.5,29089.75,29094
1784779500,29101.5,29067.25,29086.5
1784779800,29135.75,29085,29135.75
1784780100,29140.25,29111.5,29113.25
1784780400,29142,29113.5,29141.25
1784780700,29162.5,29122.75,29150.75
1784781000,29166,29143.5,29163.75
1784781300,29166,29143,29162
1784781600,29164,29137,29140.75
1784781900,29157.5,29128.75,29128.75
1784782200,29129.25,29112.5,29119
1784782500,29129,29112.5,29124.75
1784782800,29129,29106.5,29112.5
1784783100,29121,29107.25,29113.75
1784783400,29119,29100.5,29118
1784783700,29119.25,29101.75,29111.5
1784784000,29133.5,29098.5,29119.5
1784784300,29170.5,29118.5,29170.5
1784784600,29183.75,29166.75,29174
1784784900,29174.25,29140.5,29144
1784785200,29157.5,29135.5,29148
1784785500,29149.25,29106,29107
1784785800,29118.75,29078.5,29078.75
1784786100,29108.25,29078.5,29087.25
1784786400,29117,29085,29100.25
1784786700,29111.25,29077.25,29082
1784787000,29103,29078.75,29098.75
1784787300,29105.75,29085.75,29102.5
1784787600,29110.75,29079,29090.25
1784787900,29111.5,29087.5,29108.75
1784788200,29113.75,29090,29097.25
1784788500,29101.5,29083,29090
1784788800,29099.75,29081,29082.5
1784789100,29119.75,29080.5,29105
1784789400,29108.75,29077.75,29086.25
1784789700,29090,29074.25,29083.75
1784790000,29087.5,29045.25,29061
1784790300,29062.75,29018.25,29019.75
1784790600,29022,28953.75,28994.75
1784790900,29015.25,28992.25,29012.25
1784791200,29034.5,29008.75,29010
1784791500,29038.75,29009,29016
1784791800,29020,28976.5,28982.25
1784792100,28990.5,28974,28975.5
1784792400,28979.75,28937.75,28940.25
1784792700,28952,28922,28942.5
1784793000,28966.5,28934.5,28960
1784793300,28988.75,28958.5,28987.75
1784793600,29001.75,28958.5,28994.5
1784793900,29036.25,28991.25,29035.5
1784794200,29043.75,29019.25,29035.25
1784794500,29061,29025,29049.25
1784794800,29056.25,29018.5,29025.25
1784795100,29052.25,29017.75,29050.75
1784795400,29062,29037.25,29056.5
1784795700,29060.75,29040.5,29043.5
1784796000,29054.75,29028.75,29037.5
1784796300,29057,29034.25,29050.25
1784796600,29078.5,29045.5,29076.25
1784796900,29111,29074.25,29102.75
1784797200,29137.75,29087.25,29126.75
1784797500,29128.25,29105.5,29107
1784797800,29110.25,29079.75,29081
1784798100,29097.5,29077.5,29088.75
1784798400,29103,29081,29096
1784798700,29099.5,29085.25,29091.25
1784799000,29091.75,29067.5,29074
1784799300,29082.75,29070,29076.5
1784799600,29081.75,29068.75,29075.75
1784799900,29087,29073,29073.75
1784800200,29078.5,29058.75,29064
1784800500,29071.5,29044.5,29054.5
1784800800,29065.75,29046,29058.5
1784801100,29067.5,29045,29048
1784801400,29050,29038,29042.25
1784801700,29055.25,29036.75,29041.25
1784802000,29056.75,29037,29049.25
1784802300,29064,29046,29053.25
1784802600,29103.5,29046.25,29093.25
1784802900,29116.5,29092.25,29109.25
1784803200,29122.75,29094.25,29101.5
1784803500,29108.5,29094.75,29106.75
1784803800,29107.25,29096.75,29097.5
1784804100,29108.25,29094.25,29102.5
1784804400,29107.75,29055.25,29057.5
1784804700,29058.5,29035.25,29041.75
1784805000,29059,29033.25,29058
1784805300,29072,29048.5,29050.5
1784805600,29050.75,29009.5,29012.5
1784805900,29020.5,28992.5,28994.5
1784806200,29002,28969.25,28980.5
1784806500,28980.5,28916,28928.5
1784806800,28938.5,28913.25,28925.25
1784807100,28940.25,28913.25,28939.25
1784807400,28984.25,28934.25,28952.75
1784807700,28973.25,28942,28964.75
1784808000,28967.25,28946.5,28949.75
1784808300,28953.25,28915.75,28924.75
1784808600,28942.5,28915.75,28916.75
1784808900,28938,28880.5,28892
1784809200,28899,28862.25,28874.25
1784809500,28879.25,28852.75,28865.75
1784809800,28875.5,28827.5,28837.5
1784810100,28838.5,28790.5,28796
1784810400,28807.5,28769,28788.5
1784810700,28798.25,28753.25,28786
1784811000,28805.5,28776.75,28784
1784811300,28796.5,28772.75,28787.25
1784811600,28804.75,28763.75,28769.75
1784811900,28774.25,28725.5,28728
1784812200,28739.25,28715.25,28726.75
1784812500,28731.5,28702.75,28715.75
1784812800,28721.5,28695.75,28702.75
1784813100,28724.75,28696.75,28718.75
1784813400,28764.75,28656,28759.5
1784813700,28817.5,28735.5,28797.5
1784814000,28883.75,28796.5,28856
1784814300,28868.25,28748.5,28760.5
1784814600,28819.75,28717.25,28816
1784814900,28835.75,28696,28707.5
1784815200,28769.25,28707,28749
1784815500,28801.75,28678,28717.25
1784815800,28771,28694.25,28704.5
1784816100,28743.25,28686.75,28704
1784816400,28780,28689,28708.5
1784816700,28745.75,28694.25,28732.5
1784817000,28752,28640,28670.25
1784817300,28764.75,28646.25,28755
1784817600,28773.25,28625,28644.75
1784817900,28671,28617.25,28630.25
1784818200,28646.5,28578.5,28582
1784818500,28618.75,28577.5,28597
1784818800,28605,28558,28568.25
1784819100,28573.25,28525.25,28528.75
1784819400,28544.5,28482.75,28494.25
1784819700,28538.25,28492,28537.25
1784820000,28569,28456.5,28503.25
1784820300,28508.5,28448.25,28467.25
1784820600,28492.25,28432.5,28488.25
1784820900,28536.75,28487.75,28527.25
1784821200,28551.5,28493.75,28494.25
1784821500,28529,28478.5,28522
1784821800,28557.25,28504,28556.25
1784822100,28590,28550.5,28588
1784822400,28628,28573,28616
1784822700,28623.75,28576.5,28622.75
1784823000,28644,28617.5,28629.75
1784823300,28644.5,28609.5,28630.25
1784823600,28696.25,28630,28687.25
1784823900,28715.5,28673.5,28707
1784824200,28708.25,28685.5,28690.5
1784824500,28739,28682.25,28731.5
1784824800,28734.25,28686.25,28687.75
1784825100,28687.75,28634.75,28637
1784825400,28647.25,28609.5,28611.75
1784825700,28646.5,28610.75,28641.5
1784826000,28662.75,28614.5,28614.75
1784826300,28630.75,28587.75,28626.5
1784826600,28658.75,28624.25,28642.5
1784826900,28657.25,28614.25,28640.25
1784827200,28674.25,28628,28664
1784827500,28677.5,28651,28653
1784827800,28656.75,28605.5,28620.75
1784828100,28625,28586,28590
1784828400,28604.75,28571,28594.5
1784828700,28629.75,28582,28621.5
1784829000,28628.5,28596.25,28596.75
1784829300,28597.5,28565.5,28567.25
1784829600,28583,28551,28561.25
1784829900,28571.25,28542.25,28547.25
1784830200,28578.25,28542.75,28559.75
1784830500,28578.25,28544.75,28555.75
1784830800,28582.25,28548.75,28580
1784831100,28584.5,28555,28574.75
1784831400,28597.5,28568,28597
1784831700,28603.25,28554.25,28568
1784832000,28576,28545,28550.25
1784832300,28579,28549,28564.25
1784832600,28569.5,28530.75,28532.25
1784832900,28553,28524.25,28549.75
1784833200,28566.75,28514.75,28515.5
1784833500,28528.25,28506,28509.25
1784833800,28524,28501,28505.25
1784834100,28541.5,28504.25,28525.25
1784834400,28574.25,28524.25,28574.25
1784834700,28594.75,28561.5,28583
1784835000,28595.5,28532.5,28560.25
1784835300,28565.75,28538.5,28539.5
1784835600,28544.5,28501.75,28502.75
1784835900,28512,28485.75,28499.25
1784836200,28546.5,28498.25,28535.75
1784836500,28633.25,28536.25,28614.25
1784836800,28725.5,28613.25,28708.75
1784837100,28727,28699.75,28714
1784837400,28747,28713.5,28727.75
1784837700,28756.5,28718,28754.5
1784838000,28771,28749,28770
1784838300,28777.5,28757.75,28769
1784838600,28782,28755.75,28766.5
1784838900,28773,28763.25,28767.25
1784839200,28767.5,28727.5,28736.25
1784839500,28739.75,28725.25,28729.75
1784839800,28736.75,28726.5,28732.5
1784840100,28747,28728.5,28740.75
1784844000,28709.5,28656.25,28660
1784844300,28672.5,28650.75,28661.75
1784844600,28661.25,28632.5,28642.25
1784844900,28644,28622,28631
1784845200,28676.75,28627.25,28670.25
1784845500,28673.5,28652.5,28662.75
1784845800,28692.25,28662.75,28678.25
1784846100,28688.5,28666.25,28672.75
1784846400,28686,28668,28683.75
1784846700,28707.75,28683.5,28698
1784847000,28708.75,28694.25,28706.5
1784847300,28732.75,28706,28730.25
1784847600,28734.75,28697.5,28703.5
1784847900,28712.5,28691,28703
1784848200,28705,28687.5,28698
1784848500,28708,28688.25,28696
1784848800,28708.5,28692.75,28702
1784849100,28706.5,28695,28700.25
1784849400,28702,28679.5,28695.5
1784849700,28696.5,28675,28676.25
1784850000,28697,28658.75,28687.25
1784850300,28710.75,28674.75,28680.25
1784850600,28687,28655.5,28664.75
1784850900,28694.5,28660.75,28679.25
1784851200,28725,28652.5,28656
1784851500,28671.75,28628,28636.25
1784851800,28650,28619.25,28643
1784852100,28660.25,28615.5,28630.5
1784852400,28683.75,28622,28667.25
1784852700,28676,28636.75,28644.75
1784853000,28648.5,28622.75,28629.75
1784853300,28666,28620.5,28650.75
1784853600,28676.5,28643,28656
1784853900,28680,28650,28668.25
1784854200,28676,28635.25,28637.5
1784854500,28675.25,28626.5,28671
1784854800,28691.5,28656,28690.25
1784855100,28701.75,28683,28686
1784855400,28692.75,28657.5,28662.5
1784855700,28683.75,28648.5,28666.25
1784856000,28672,28641,28655.25
1784856300,28693.25,28651.75,28656
1784856600,28685,28646.5,28680
1784856900,28685.25,28655,28656.75
1784857200,28684.5,28645.25,28664.25
1784857500,28673.25,28642.75,28643.75
1784857800,28649.75,28628.5,28645.75
1784858100,28652,28608.5,28614
1784858400,28623.5,28602.75,28603.5
1784858700,28616.75,28593.75,28616.75
1784859000,28632,28608.5,28618.25
1784859300,28625,28599.5,28606
1784859600,28612.25,28586.25,28608.25
1784859900,28623.75,28591.75,28594.25
1784860200,28598.75,28570,28572.25
1784860500,28572.5,28552,28553.75
1784860800,28562,28547.5,28548
1784861100,28553.25,28530.75,28538
1784861400,28549.25,28529.25,28532
1784861700,28545.25,28516.25,28519.75
1784862000,28542.25,28518.25,28535.5
1784862300,28545.25,28523.25,28526.25
1784862600,28546.5,28520.5,28538.75
1784862900,28561.5,28530.25,28532.5
1784863200,28542,28521.5,28529.5
1784863500,28557.25,28527.5,28544.75
1784863800,28556,28510,28521.25
1784864100,28537.5,28508.5,28522.75
1784864400,28529.25,28499.5,28504
1784864700,28520,28493.75,28510.75
1784865000,28511.75,28493.75,28498.5
1784865300,28500,28481,28485.5
1784865600,28492.5,28466.25,28476
1784865900,28515,28476.25,28515
1784866200,28516.25,28481.75,28485.5
1784866500,28514,28482,28511.5
1784866800,28534.75,28494,28532.5
1784867100,28556.75,28522,28551.25
1784867400,28558,28538,28546
1784867700,28552.75,28527,28529.5
1784868000,28535.5,28511.75,28528.75
1784868300,28538,28519.25,28529.25
1784868600,28554.5,28526.75,28545
1784868900,28571.5,28541.25,28565
1784869200,28575.75,28547.75,28563
1784869500,28600.25,28562,28586.25
1784869800,28596,28577.75,28592.75
1784870100,28596,28570.25,28585.25
1784870400,28600,28578.25,28591.5
1784870700,28603.25,28579.5,28582.75
1784871000,28590.25,28570,28583.5
1784871300,28588.75,28566,28581.5
1784871600,28595,28567.25,28591
1784871900,28607.25,28585.25,28588.75
1784872200,28593.5,28553.75,28556.25
1784872500,28557.75,28543.5,28545.25
1784872800,28549.5,28521,28523.75
1784873100,28529.25,28513.5,28517.25
1784873400,28527.5,28502.75,28509.25
1784873700,28549.25,28508.5,28548
1784874000,28566,28546.75,28557.5
1784874300,28576.25,28521.75,28536.25
1784874600,28543.25,28525.5,28542
1784874900,28561,28536.5,28542.75
1784875200,28546.25,28505,28507.75
1784875500,28508,28481.5,28485
1784875800,28517.5,28484.75,28514
1784876100,28547.25,28506.75,28544.75
1784876400,28587.25,28540,28572.5
1784876700,28598.25,28557,28597.75
1784877000,28638,28597.25,28635.5
1784877300,28656.5,28622,28646.25
1784877600,28654.5,28632,28637.25
1784877900,28663.5,28635,28652.25
1784878200,28658.5,28634.5,28643.25
1784878500,28648,28630,28632
1784878800,28634,28610,28625.75
1784879100,28632.25,28615.75,28628.75
1784879400,28633.75,28614.25,28624.75
1784879700,28632,28612.5,28615.75
1784880000,28619.5,28589.75,28592.25
1784880300,28597.75,28574.75,28579.5
1784880600,28585,28557,28574.25
1784880900,28601.75,28571.5,28594.25
1784881200,28603,28585.25,28588.5
1784881500,28623,28581,28622.5
1784881800,28641.5,28614,28635
1784882100,28649.5,28628,28632.5
1784882400,28637.5,28619.25,28629.75
1784882700,28634.25,28608.75,28619.75
1784883000,28626.75,28613,28624
1784883300,28633.75,28612.25,28620.5
1784883600,28637.25,28610.75,28621.25
1784883900,28681.25,28614.75,28677.25
1784884200,28681.5,28638.25,28642.5
1784884500,28653,28632,28648.25
1784884800,28663.25,28643,28661.25
1784885100,28677,28659.5,28672.75
1784885400,28690.5,28662.75,28682.5
1784885700,28693.25,28672.25,28691
1784886000,28701.5,28684.5,28696
1784886300,28702.75,28683,28684.75
1784886600,28694.5,28680.75,28682.5
1784886900,28704.25,28682.5,28699.75
1784887200,28705.75,28677.25,28679.75
1784887500,28684.75,28663.25,28670.25
1784887800,28675.25,28658.75,28663.5
1784888100,28670,28655.25,28660.75
1784888400,28672.25,28654,28668
1784888700,28679.25,28653.75,28667.25
1784889000,28685.75,28663.5,28665
1784889300,28666,28643.75,28646.5
1784889600,28652.5,28637.5,28647.25
1784889900,28657,28642.25,28651.5
1784890200,28651.5,28633,28638.5
1784890500,28650,28635.5,28639.25
1784890800,28660.75,28631.75,28653.25
1784891100,28667,28640.5,28641.5
1784891400,28657,28638,28656.5
1784891700,28661.5,28647.5,28653.5
1784892000,28663.75,28640.5,28654.75
1784892300,28655.5,28636.25,28643.5
1784892600,28649,28622,28625.25
1784892900,28647.5,28618.25,28622.5
1784893200,28634.5,28615.75,28616.25
1784893500,28628.5,28602.25,28615.25
1784893800,28629,28611.5,28617.75
1784894100,28699,28601,28678.5
1784894400,28684.25,28630.5,28652.5
1784894700,28677.75,28625,28674.75
1784895000,28695.25,28663.5,28689.75
1784895300,28695,28677,28683.5
1784895600,28689.5,28666.75,28685.75
1784895900,28691.25,28651.5,28686.75
1784896200,28689,28641,28642.5
1784896500,28664.5,28640.75,28650.25
1784896800,28652.25,28623.25,28628.75
1784897100,28635.75,28616.5,28623.75
1784897400,28629.75,28606.75,28610.5
1784897700,28613.75,28588,28591.75
1784898000,28601.5,28581.5,28597
1784898300,28602.5,28571.75,28584.5
1784898600,28597,28576.75,28591.75
1784898900,28609.75,28584.5,28604.25
1784899200,28609,28578.75,28602
1784899500,28616,28538,28539.25
1784899800,28606.5,28499.25,28603.25
1784900100,28622.25,28501.25,28528.5
1784900400,28531.75,28458,28485
1784900700,28510.25,28445.5,28500
1784901000,28501.75,28336,28344.5
1784901300,28368,28313.25,28323
1784901600,28395,28305.25,28339
1784901900,28439.75,28333.5,28427.5
1784902200,28451.75,28386,28421.25
1784902500,28432.25,28299,28333
1784902800,28424,28306,28393
1784903100,28408,28362.5,28391.75
1784903400,28396.25,28304.25,28306.25
1784903700,28344.5,28272.75,28283.75
1784904000,28306.75,28262.75,28287.5
1784904300,28325.5,28254.25,28321
1784904600,28365.5,28311.25,28350
1784904900,28461.75,28349.75,28449
1784905200,28478.5,28404,28405
1784905500,28424,28361.5,28364.25
1784905800,28510,28355,28493.5
1784906100,28556.75,28456.5,28466
1784906400,28525,28458.75,28501
1784906700,28551.75,28492.25,28500.25
1784907000,28542.5,28483.75,28487.5
1784907300,28566.5,28485.75,28562.25
1784907600,28577,28489.5,28506
1784907900,28531,28491.75,28503.25
1784908200,28550.5,28503,28536.5
1784908500,28583.75,28533.5,28576.5
1784908800,28594.5,28548.75,28591
1784909100,28618.25,28579.75,28604.25
1784909400,28631.25,28572,28573.75
1784909700,28576.75,28552.5,28566.5
1784910000,28592.5,28563,28585.25
1784910300,28594,28565.25,28566
1784910600,28569.25,28527.25,28542
1784910900,28555.75,28516.25,28524.25
1784911200,28524.75,28495.25,28499.25
1784911500,28511,28465.5,28482
1784911800,28488.25,28460.5,28474.5
1784912100,28511,28462.5,28494.75
1784912400,28502.5,28467.75,28477.75
1784912700,28488,28433.25,28435.75
1784913000,28471.25,28427,28458.75
1784913300,28490.75,28440.75,28487.25
1784913600,28494.5,28461.75,28490.25
1784913900,28522.5,28472.25,28514.75
1784914200,28544.25,28504.25,28541.25
1784914500,28542.75,28485.5,28488
1784914800,28489.75,28463,28464
1784915100,28485.25,28452,28484.25
1784915400,28501.5,28467.25,28484
1784915700,28492,28464.75,28466.5
1784916000,28487,28451.25,28455.75
1784916300,28468,28443.25,28450
1784916600,28455.5,28419.75,28428.5
1784916900,28430.25,28396,28399
1784917200,28399.75,28373.75,28376.5
1784917500,28380.25,28333.25,28337
1784917800,28346.25,28291.25,28298
1784918100,28321.25,28278.75,28295.25
1784918400,28295.5,28259,28275.75
1784918700,28325.25,28269.5,28304.75
1784919000,28320,28287,28296.75
1784919300,28328,28292.5,28301.5
1784919600,28329.75,28280,28284
1784919900,28311.25,28226,28231.25
1784920200,28259.75,28218.5,28221.25
1784920500,28244,28212.5,28242.25
1784920800,28257.25,28219.25,28229.75
1784921100,28266.5,28220.5,28253.25
1784921400,28298,28252.25,28281.5
1784921700,28303,28268.75,28273.75
1784922000,28283.75,28238.25,28274.5
1784922300,28283.5,28242.25,28276.25
1784922600,28291,28223.25,28271.25
1784922900,28294.75,28246.5,28283.25
1784923200,28303.5,28263.75,28275.25
1784923500,28278.5,28260,28274.5
1784923800,28295.25,28267,28291.25
1784924100,28320.75,28291.5,28305.5
1784924400,28329.25,28305,28312.25
1784924700,28321,28303.5,28304.75
1784925000,28307.75,28285.5,28291.5
1784925300,28303.25,28286.75,28289.75
1784925600,28305.5,28284.75,28305.25
1784925900,28312.75,28293.75,28296
1784926200,28312,28289.5,28309.75
1784926500,28313,28297.25,28306.75
1785103200,28683,28501.5,28614
1785103500,28638,28579,28592.5
1785103800,28623.5,28583.75,28614.25
1785104100,28639.5,28595.5,28638
1785104400,28646.75,28624.75,28626.5
1785104700,28633.75,28609,28623.25
1785105000,28637.25,28618.75,28631
1785105300,28642.25,28625,28631.5
1785105600,28635.5,28625,28625.75
1785105900,28627.25,28615,28620.25
1785106200,28636,28614,28617
1785106500,28622.25,28604,28609.75
1785106800,28620,28596.75,28605.25
1785107100,28640.25,28601.75,28634.5
1785107400,28638,28622.75,28630.75
1785107700,28637.5,28610.25,28612.75
1785108000,28620.75,28610.25,28613.75
1785108300,28629.75,28613.75,28617.5
1785108600,28637,28610,28630.25
1785108900,28632.5,28625,28626.5
1785109200,28669.75,28626.75,28654.5
1785109500,28694.75,28637.5,28690.75
1785109800,28719.5,28684.25,28700.75
1785110100,28733.5,28685,28728.25
1785110400,28732.5,28623,28623.5
1785110700,28655.75,28616,28631.5
1785111000,28667.25,28620,28661.75
1785111300,28664,28581.25,28595.5
1785111600,28616,28584.25,28604.5
1785111900,28644.5,28596.25,28617
1785112200,28656.75,28616.25,28638.75
1785112500,28643.5,28602.5,28606.25
1785112800,28620,28597.5,28598.75
1785113100,28628.5,28598.75,28622.5
1785113400,28656,28613.5,28626.75
1785113700,28629.75,28595,28597.75
1785114000,28635,28593.5,28594.75
1785114300,28627.75,28590,28608.25
1785114600,28608.75,28566,28573.25
1785114900,28581.75,28547,28549.75
1785115200,28566.75,28539,28555.75
1785115500,28556.5,28525.25,28538.75
1785115800,28593.5,28535.25,28576
1785116100,28614,28552,28607.5
1785116400,28621.5,28577,28589.75
1785116700,28612.25,28572,28601.25
1785117000,28605.75,28575,28592
1785117300,28614.5,28586.25,28614.25
1785117600,28628.25,28590.5,28595
1785117900,28620,28587,28615
1785118200,28619.5,28596.75,28608.75
1785118500,28631,28606.25,28625.25
1785118800,28635,28605.25,28626.75
1785119100,28653,28624,28639
1785119400,28639.5,28606,28616
1785119700,28651.25,28608.25,28651
1785120000,28656,28643.25,28647.25
1785120300,28658.25,28619.5,28622.5
1785120600,28627,28612,28616.5
1785120900,28623.75,28611,28614.75
1785121200,28642.5,28607,28611.5
1785121500,28627.5,28603.75,28611.5
1785121800,28646,28605,28643.25
1785122100,28648.75,28636.75,28648
1785122400,28650.75,28625.25,28627.5
1785122700,28641.25,28617.75,28619.25
1785123000,28622,28599.75,28614
1785123300,28617.25,28605,28609.5
1785123600,28636.75,28606.75,28618.75
1785123900,28627,28600.25,28604.75
1785124200,28612.75,28600,28610
1785124500,28625.25,28593.25,28613.25
1785124800,28625,28608.25,28612
1785125100,28623,28597.5,28606.5
1785125400,28622.5,28602,28621
1785125700,28641.5,28611,28639.25
1785126000,28647.25,28625,28625.5
1785126300,28635.5,28607.25,28620.5
1785126600,28644.5,28609.25,28640.75
1785126900,28645.5,28633.5,28640.25
1785127200,28654,28636.75,28648.25
1785127500,28651,28637.5,28643.75
1785127800,28662.25,28641.5,28660
1785128100,28663.5,28642,28644.75
1785128400,28656.5,28636.75,28643
1785128700,28661,28640.75,28658
1785129000,28675,28658.25,28670.25
1785129300,28682,28664.5,28675.25
1785129600,28684.5,28674.75,28676.75
1785129900,28679.75,28672,28679.25
1785130200,28688.25,28673.75,28687
1785130500,28705.5,28685,28698.5
1785130800,28700.75,28683.25,28686.5
1785131100,28694.25,28681.75,28691
1785131400,28699.5,28686,28697.5
1785131700,28704,28692.5,28694.75
1785132000,28717.25,28693.75,28706.5
1785132300,28724.75,28701.25,28723
1785132600,28728.5,28712,28717.5
1785132900,28723.25,28713.25,28721.5
1785133200,28722.25,28698.25,28701.75
1785133500,28704.75,28693.75,28697.5
1785133800,28713.25,28694.5,28709.25
1785134100,28715,28702.25,28703.75
1785134400,28706.75,28694.25,28696.75
1785134700,28699.75,28688.5,28694.5
1785135000,28700.5,28680.25,28688.75
1785135300,28703,28687.5,28693.5
1785135600,28725.25,28689,28722.75
1785135900,28724,28695.25,28705.5
1785136200,28729.25,28703.5,28727.5
1785136500,28732,28715.75,28718.25
1785136800,28723.5,28712.25,28715.75
1785137100,28717.75,28702,28704.75
1785137400,28705.75,28689.75,28696
1785137700,28698.25,28672,28679
1785138000,28698,28675.5,28696
1785138300,28702,28685,28699
1785138600,28699,28674.25,28679.5
1785138900,28686.25,28661.25,28662
1785139200,28701,28658.75,28680.75
1785139500,28697.75,28674.75,28687.5
1785139800,28695,28672.5,28693.5
1785140100,28706.25,28677,28696.75
1785140400,28706,28693.5,28699
1785140700,28724.5,28699.25,28720.5
1785141000,28724.75,28707,28707.25
1785141300,28722.5,28702.75,28721.25
1785141600,28744,28718.25,28736.25
1785141900,28740.25,28726.75,28727
1785142200,28746.5,28724.25,28744
1785142500,28749,28735.5,28736.5
1785142800,28738.75,28719.75,28729.5
1785143100,28731,28721,28723.75
1785143400,28734.25,28721.75,28725.5
1785143700,28733.25,28723.25,28728
1785144000,28739.25,28726,28731.5
1785144300,28737.75,28723.25,28726
1785144600,28734.25,28718,28734.25
1785144900,28745.5,28728.25,28737.25
1785145200,28748,28733.75,28746.25
1785145500,28762.75,28742.25,28758.5
1785145800,28763.75,28755.25,28757.5
1785146100,28759.5,28744.5,28744.5
1785146400,28754,28743.75,28746.25
1785146700,28749.5,28741.5,28743.25
1785147000,28744,28726.75,28738.5
1785147300,28748,28730.5,28736.5
1785147600,28744.75,28734.25,28734.5
1785147900,28745,28733.75,28738
1785148200,28746.75,28736,28738.5
1785148500,28742.5,28733.75,28741.5
1785148800,28751.75,28733.25,28746.5
1785149100,28750.75,28740.5,28749.25
1785149400,28751,28742.25,28745.5
1785149700,28758.75,28739.25,28741
1785150000,28744.5,28713,28721.25
1785150300,28724.5,28712,28713.5
1785150600,28723.75,28708.5,28711.5
1785150900,28720.75,28700.75,28701.5
1785151200,28706.75,28693,28693.5
1785151500,28700.75,28649,28652.5
1785151800,28685.5,28645.75,28662
1785152100,28681,28660.75,28678.75
1785152400,28682.25,28653.75,28667
1785152700,28677,28664.5,28673.5
1785153000,28677.25,28659,28659.25
1785153300,28675,28659.5,28672.75
1785153600,28697.5,28671.75,28690.75
1785153900,28697.75,28681,28684.25
1785154200,28684.25,28632.5,28635.75
1785154500,28651.75,28635,28641
1785154800,28646.5,28628.75,28636.5
1785155100,28653,28633.5,28650
1785155400,28659.5,28631.25,28650.75
1785155700,28669.5,28651.5,28664
1785156000,28671.75,28656.25,28670.5
1785156300,28691.75,28666,28684
1785156600,28691.25,28666.25,28691.25
1785156900,28693,28674.5,28691
1785157200,28702.75,28663,28680
1785157500,28679.25,28648,28657
1785157800,28676.5,28655.25,28662.75
1785158100,28675.5,28637,28640.25
1785158400,28643.25,28633.25,28636.25
1785158700,28645.75,28588,28590
1785159000,28617,28486.75,28537
1785159300,28614,28525.75,28545.5
1785159600,28554.25,28427.5,28455.25
1785159900,28490,28422,28461.25
1785160200,28503.75,28441.25,28459.5
1785160500,28464.25,28341.5,28347
1785160800,28372.5,28286.25,28319.25
1785161100,28347.75,28276.5,28321.5
1785161400,28324.5,28230.75,28251.75
1785161700,28298.75,28224.5,28258.25
1785162000,28261,28167,28182
1785162300,28185,28075.5,28086.25
1785162600,28105.5,28040.75,28050.25
1785162900,28066.5,27994.75,28031.25
1785163200,28045.25,27938.5,27959.25
1785163500,28071.5,27957.5,28064
1785163800,28128.25,28062,28102.5
1785164100,28180.5,28087.25,28170.5
1785164400,28187,28137.5,28160.25
1785164700,28198.75,28138,28151
1785165000,28181,28121.5,28125.25
1785165300,28134.25,28048,28105.5
1785165600,28151.75,28061.25,28077
1785165900,28094.25,28044.5,28072.5
1785166200,28085.5,28011.75,28028
1785166500,28033.75,27980.25,28015.75
1785166800,28047.25,27994,28039.75
1785167100,28049.75,27995,28013.25
1785167400,28037,27996.25,28020.5
1785167700,28073.75,28014.25,28062.5
1785168000,28120.25,28057.25,28119.25
1785168300,28133.75,28090.75,28124.25
1785168600,28154,28072.5,28078.25
1785168900,28086,28044.5,28063.75
1785169200,28097,28046,28095.5
1785169500,28204.5,28092.25,28154.5
1785169800,28196.25,28132.5,28149.75
1785170100,28180.5,28112.5,28170.5
1785170400,28179.25,28118,28133.25
1785170700,28156.5,28114.75,28117
1785171000,28117.25,28049.5,28058.5
1785171300,28060,28025,28047.25
1785171600,28056.25,27998.25,28006.75
1785171900,28030.75,27993.75,28015.25
1785172200,28044.25,28001,28034.75
1785172500,28043,27986.75,28001.75
1785172800,28035.25,27995,28012
1785173100,28022.5,27993.5,27998.25
1785173400,28061.25,27997.25,28059.5
1785173700,28065,28026.75,28030.5
1785174000,28043.25,28015,28035.25
1785174300,28058.75,28013.5,28032.75
1785174600,28087,28026,28084.5
1785174900,28106.25,28070.75,28104.5
1785175200,28121.5,28089.5,28093
1785175500,28116.25,28085.25,28097.5
1785175800,28112.75,28092.25,28100.25
1785176100,28105.25,28049.25,28062.5
1785176400,28087,28053,28079.75
1785176700,28092,28068.75,28082
1785177000,28082.75,28035.75,28041
1785177300,28055,28027.25,28032.75
1785177600,28087.75,28018.75,28083
1785177900,28100.25,28069,28073.25
1785178200,28160.75,28069.75,28151
1785178500,28191,28150.75,28188.25
1785178800,28196.75,28170,28173
1785179100,28224.25,28164.75,28214.25
1785179400,28232.25,28192.25,28201.25
1785179700,28218,28194.75,28214.5
1785180000,28236,28201.5,28224.5
1785180300,28244.75,28204,28243.25
1785180600,28255,28231,28233.25
1785180900,28242,28177.75,28185.25
1785181200,28205.25,28171.75,28176.5
1785181500,28188,28154.25,28186
1785181800,28199.75,28163.25,28178.25
1785182100,28205.25,28158.5,28193
1785182400,28220,28182,28196.75
1785182700,28198.75,28178.25,28196.75
1785183000,28196.75,28169.25,28190.75
1785183300,28193.75,28180.5,28187
1785183600,28188.25,28174,28184.75
1785183900,28194.75,28184,28194.5
1785184200,28220.75,28189.75,28218
1785184500,28231,28211,28219
1785184800,28221,28205.5,28207.5
1785185100,28210,28193.25,28193.75
1785185400,28204,28186.5,28194
1785185700,28211,28190.25,28210.25
1785189600,28229,28188,28189.75
1785189900,28195.25,28172,28177.25
1785190200,28178.75,28155.25,28158.25
1785190500,28167.5,28153,28158.25
1785190800,28166,28146,28149.25
1785191100,28154.25,28125.25,28129.25
1785191400,28148.75,28128.25,28146
1785191700,28157.75,28137,28144.5
1785192000,28144.25,28124.25,28134
1785192300,28143,28125.25,28137.75
1785192600,28149.25,28132.75,28135.5
1785192900,28138.5,28125,28132.75
1785193200,28135.75,28105,28111.25
1785193500,28152.25,28107.75,28129.5
1785193800,28138.25,28123.5,28130.5
1785194100,28149,28117.75,28144.5
1785194400,28160,28137.25,28146.75
1785194700,28163.5,28143,28161.25
1785195000,28161.25,28150.5,28155
1785195300,28155.5,28134.25,28143.75
1785195600,28145.75,28129.75,28131.75
1785195900,28143.5,28120.75,28129.5
1785196200,28178.75,28123.75,28172.75
1785196500,28178.5,28155.5,28163.25
1785196800,28195,28152,28184.5
1785197100,28189,28127.5,28140.75
1785197400,28152.5,28094.5,28111.5
1785197700,28133,28100.5,28115.75
1785198000,28124.25,28080,28089.5
1785198300,28105,28068.25,28105
1785198600,28127.5,28060.25,28119.25
1785198900,28139.75,28114,28120.25
1785199200,28139.25,28108,28121
1785199500,28121.5,28070.5,28077.25
1785199800,28080,28062,28071.75
1785200100,28084.25,28055,28071
1785200400,28078.75,28041,28042.25
1785200700,28048.75,27988.25,28006.25
1785201000,28011.5,27969.25,27992.25
1785201300,28011,27986.75,28002.75
1785201600,28021.25,27990.5,28005.25
1785201900,28078.25,27994.5,28058.75
1785202200,28091,28052.5,28088.75
1785202500,28097,28057,28065
1785202800,28083.25,28046.5,28079.75
1785203100,28094.75,28064.75,28081.25
1785203400,28084.5,28019.5,28022.75
1785203700,28027.75,28007.75,28020.25
1785204000,28024.5,27986.25,27988
1785204300,28004.75,27983.75,27995.75
1785204600,28010.5,27985.75,27995.5
1785204900,28014.25,27972.5,28011.75
1785205200,28030.25,28005.75,28022
1785205500,28023.5,27981,27987.25
1785205800,27989,27951.5,27970.25
1785206100,27988.75,27957.25,27977.5
1785206400,27982.25,27960.75,27971.25
1785206700,27979.75,27962.75,27972.25
1785207000,28007.25,27955,27992.25
1785207300,27997.5,27977.75,27992.75
1785207600,27999.5,27953.25,27964.5
1785207900,27967.5,27941.5,27944
1785208200,27974.5,27932.5,27967.75
1785208500,28024.25,27963.75,28022.25
1785208800,28046.25,28017.75,28033
1785209100,28046.75,27982.25,27987
1785209400,28016.25,27951.5,28013
1785209700,28046,28004,28041.25
1785210000,28063.5,28034.5,28056.5
1785210300,28071,28039.5,28058.5
1785210600,28063.75,28030.5,28046.5
1785210900,28053.75,28025.75,28048.75
1785211200,28049,28031.75,28034
1785211500,28035.25,28006.25,28006.25
1785211800,28012.75,27978.25,27985
1785212100,28014,27976.25,28013
1785212400,28016.75,27970,27976.5
1785212700,27984.75,27970,27973.75
1785213000,27981.5,27962,27972
1785213300,27983,27960.5,27978.25
1785213600,27983.75,27963.5,27975
1785213900,28003.75,27970.75,27975.5
1785214200,27978.75,27953.5,27963.25
1785214500,27970.5,27951.25,27956.25
1785214800,27984,27947,27972.25
1785215100,27975.25,27949.25,27973.25
1785215400,27974.25,27942,27946.25
1785215700,27956.5,27939,27939.25
1785216000,27947.75,27923.75,27932.25
1785216300,27933.25,27914.25,27920.25
1785216600,27924.25,27887.5,27888.5
1785216900,27914,27876.75,27899.75
1785217200,27900.5,27880,27897.5
1785217500,27913,27894,27910.5
1785217800,27924.25,27894,27898.75
1785218100,27906.75,27871.25,27881.25
1785218400,27901.5,27860.75,27862.5
1785218700,27869.75,27853.25,27857.5
1785219000,27861,27839.25,27845.25
1785219300,27869.75,27844.5,27858
1785219600,27882.75,27848,27866.25
1785219900,27908.5,27860.5,27902.25
1785220200,27912.5,27892,27905.5
1785220500,27931,27906.25,27924.5
1785220800,27937,27917.75,27918
1785221100,27919,27901.5,27909.25
1785221400,27927,27906.25,27927
1785221700,27959,27924.75,27945.75
1785222000,27967.75,27940,27948
1785222300,27980,27934.25,27973
1785222600,27980.75,27959.75,27971.75
1785222900,27988.25,27969,27969.25
1785223200,27977.5,27954.75,27956
1785223500,27963.25,27938.25,27943.25
1785223800,27948.25,27933.25,27941.25
1785224100,27955.25,27927.25,27951.25
1785224400,27962,27936,27939.75
1785224700,27942.5,27907.5,27921.25
1785225000,27955,27910.25,27944.75
1785225300,27952,27927.5,27932.5
1785225600,27946,27899.5,27926.75
1785225900,27948,27895.5,27899
1785226200,27899,27879.25,27888.75
1785226500,27976.25,27884.25,27961
1785226800,28008,27954.25,28001.5
1785227100,28004,27985.5,28002.5
1785227400,28010.25,27974,28007.5
1785227700,28024,27983.75,28014.25
1785228000,28046.5,28011.75,28037.75
1785228300,28052.75,28016.5,28020.5
1785228600,28034.25,28001,28008.5
1785228900,28010.25,27986,27994
1785229200,28007,27985.25,27993.75
1785229500,28011.5,27990.25,28003.5
1785229800,28015,27981.5,27988.5
1785230100,28003.75,27984.5,28003
1785230400,28008.75,27998.25,28004.5
1785230700,28018.5,27995.5,28013
1785231000,28013.5,27982.25,27983
1785231300,27987.75,27966.75,27977.25
1785231600,27992,27966.5,27972.75
1785231900,27981,27966.25,27974
1785232200,27981,27959.5,27964
1785232500,27965.5,27941.75,27956.5
1785232800,27964.5,27948.5,27962.75
1785233100,27966.25,27950.75,27962
1785233400,27965,27947,27952
1785233700,27969.75,27948,27968.5
1785234000,27969,27937.25,27946.25
1785234300,27968.75,27933.25,27968.5
1785234600,27981.25,27943.5,27949
1785234900,27954.25,27918,27924.25
1785235200,27933.75,27904.25,27931.75
1785235500,27951.5,27926,27930.75
1785235800,27951.5,27925.25,27950.75
1785236100,27952.75,27931.5,27944.25
1785236400,27952.75,27890.5,27894
1785236700,27910,27881.25,27889.75
1785237000,27895.75,27864.75,27869.25
1785237300,27948.75,27869.25,27945.75
1785237600,27958.75,27915.5,27916.5
1785237900,27918,27882,27883.75
1785238200,27895.75,27868,27876.5
1785238500,27928.5,27871.75,27873.75
1785238800,27878.5,27849,27862.75
1785239100,27920.25,27859.75,27909.5
1785239400,27927.75,27898.25,27919.25
1785239700,27974,27918.75,27963.5
1785240000,27994.5,27951.75,27983
1785240300,28001.5,27969.75,27979
1785240600,27982.75,27949,27963.25
1785240900,27973,27946.75,27969.5
1785241200,27981,27954.25,27975
1785241500,28019,27968.5,28010.5
1785241800,28028,27966.25,27978.75
1785242100,27998.5,27963.75,27965.5
1785242400,28018.5,27955.75,28010
1785242700,28034,28000.25,28007.25
1785243000,28013.5,27978.75,28008.5
1785243300,28018.5,27992,27993.75
1785243600,28005.25,27973.75,27978.5
1785243900,28027.5,27974,28017
1785244200,28023.5,27996,28001.25
1785244500,28028.5,27995.25,28014.25
1785244800,28021.25,27986.25,27999.25
1785245100,27998.25,27937.75,27949
1785245400,27993,27871,27876.75
1785245700,27926.25,27788,27791.5
1785246000,27841,27728.25,27750
1785246300,27764.5,27658.5,27755.25
1785246600,27797.75,27682.75,27696.75
1785246900,27723,27640.25,27666
1785247200,27749.5,27650.25,27714.75
1785247500,27793,27667.25,27673.5
1785247800,27731.25,27608,27630.75
1785248100,27657,27603.25,27614.5
1785248400,27717.75,27606,27677.25
1785248700,27713.5,27659.5,27706.25
1785249000,27729,27668.75,27678.5
1785249300,27762.75,27672.25,27723.75
1785249600,27793,27713.5,27772.25
1785249900,27855.75,27744.75,27850.5
1785250200,27892.5,27847.75,27853
1785250500,27876,27797.25,27802.5
1785250800,27838.75,27779.75,27780.5
1785251100,27837.5,27767.25,27824.75
1785251400,27883.25,27801,27854
1785251700,27918.5,27836.25,27915.75
1785252000,27976,27914.25,27974.25
1785252300,28010.75,27955.5,27964.5
1785252600,27995,27948.75,27979.75
1785252900,28017.25,27975.75,28005.75
1785253200,28035,27989.25,28031.75
1785253500,28062.5,28029.25,28044.5
1785253800,28057.25,28010.25,28033.25
1785254100,28062.75,28015.25,28048.5
1785254400,28068.75,28033.25,28051.25
1785254700,28065,28007,28008
1785255000,28029,27997,28008
1785255300,28032.5,27992.25,28030.5
1785255600,28047,27988,27998.75
1785255900,28010.5,27984.5,27994.75
1785256200,27997,27954,27976
1785256500,28024.5,27967.75,28023.75
1785256800,28043.75,28013.25,28032
1785257100,28041,27992.5,28016.75
1785257400,28079.75,28015,28068.75
1785257700,28078,28052,28057.75
1785258000,28066.5,28017,28020.5
1785258300,28030.75,27982.25,27986.25
1785258600,28009.25,27968.75,27988.5
1785258900,27997.25,27973.25,27992.75
1785259200,28045.75,27985.25,27987.5
1785259500,28020.75,27975,27996
1785259800,28032.75,27988.5,28021.75
1785260100,28042.25,27991.5,27993.75
1785260400,28010,27949.25,27954.5
1785260700,27985.75,27939,27979.5
1785261000,27979.25,27936.5,27941.25
1785261300,27974.5,27924.5,27974
1785261600,27999.75,27952.75,27969.25
1785261900,27974,27937.25,27944.5
1785262200,27949.75,27915,27917.25
1785262500,27938,27912,27929
1785262800,27948,27922,27926.25
1785263100,27936.5,27914,27926.5
1785263400,27963.25,27920,27946.5
1785263700,27958,27930.25,27932
1785264000,27945.25,27920.25,27938.25
1785264300,27975.25,27928.75,27955.25
1785264600,27978,27943.75,27952.25
1785264900,27979.5,27938.75,27972.5
1785265200,28020,27971.75,28016
1785265500,28021.75,27975.75,27979.25
1785265800,27993.25,27972,27987
1785266100,27995.25,27964.25,27989.75
1785266400,28017.75,27982.5,28017.5
1785266700,28021.25,27984.75,28017.75
1785267000,28024,27994,28000.25
1785267300,28001,27941,27947.75
1785267600,27962.5,27942,27954.75
1785267900,27958,27929.25,27954
1785268200,27988.5,27934.75,27982.25
1785268500,27982.75,27911.25,27919.5
1785268800,27954.75,27912.25,27917
1785269100,27967.75,27884,27907
1785269400,27937.5,27898.5,27919.5
1785269700,27951.75,27910.75,27948.25
1785270000,27963.5,27937,27960.25
1785270300,27991.75,27958.5,27977.75
1785270600,27980.75,27961.25,27966.75
1785270900,27984,27940,27948
1785271200,27952.5,27936.5,27948
1785271500,27960.25,27945.75,27954.25
1785271800,27955.25,27935.75,27951.25
1785272100,27963,27948.5,27959.75
1785276000,27998.75,27956,27995
1785276300,28010.5,27993.5,28000.75
1785276600,28014,27962.75,27971.75
1785276900,27979,27922.25,27935.5
1785277200,27942,27913.75,27918.5
1785277500,27944,27906.5,27939.5
1785277800,27943,27883.5,27894.5
1785278100,27910.5,27854.5,27862
1785278400,27890.5,27860,27862.75
1785278700,27863.75,27814.75,27824.25
1785279000,27836.5,27783,27790.75
1785279300,27810.25,27756.5,27757
1785279600,27787.5,27731.5,27784.75
1785279900,27807.5,27743.75,27748
1785280200,27857.75,27739.75,27841.5
1785280500,27844.5,27814.5,27824.5
1785280800,27886.75,27808.75,27875
1785281100,27891.75,27864,27889.5
1785281400,27921.75,27883.5,27903.25
1785281700,27911,27890.75,27896.25
1785282000,28025.5,27890,28012.5
1785282300,28070.25,27990.5,28059.75
1785282600,28096.25,28045.75,28080.5
1785282900,28105,28065.5,28102.75
1785283200,28177.25,28076.75,28142.25
1785283500,28168.75,28130.5,28140.25
1785283800,28160.75,28130,28142
1785284100,28152,28109.25,28142.75
1785284400,28165.5,28091.5,28097.25
1785284700,28099.5,28052,28074.75
1785285000,28081.25,28018.5,28038
1785285300,28080,28031.75,28061
1785285600,28075,28030.75,28070.5
1785285900,28085.25,28035.75,28041.25
1785286200,28062.5,28027.75,28059.25
1785286500,28059,28000.75,28010.25
1785286800,28042,28003.25,28021.75
1785287100,28026.5,27973,27977.25
1785287400,27979.75,27911.75,27920.75
1785287700,27943.75,27896.5,27928.75
1785288000,27988.5,27927.75,27980.75
1785288300,28002.75,27971.25,27972.75
1785288600,27982.5,27945,27964.75
1785288900,27969.75,27933.5,27943.25
1785289200,27944.75,27878.5,27878.5
1785289500,27892.75,27852,27860.25
1785289800,27870.75,27809,27818.25
1785290100,27824.5,27784,27785.25
1785290400,27825.25,27770,27809.25
1785290700,27850,27794.75,27839.75
1785291000,27869.75,27835,27844.25
1785291300,27848.25,27795.75,27819
1785291600,27870.5,27811.75,27844.5
1785291900,27897,27837.25,27894.75
1785292200,27912,27870,27884.75
1785292500,27895.75,27858.75,27892.5
1785292800,27904.75,27879.75,27887.25
1785293100,27890,27850,27852.75
1785293400,27870,27833.25,27845.25
1785293700,27850.5,27823.5,27840.5
1785294000,27840.25,27788,27797.25
1785294300,27873.75,27793.25,27867.75
1785294600,27882,27825,27829.75
1785294900,27836.5,27807.25,27813.75
1785295200,27841.5,27794.75,27802.75
1785295500,27804.5,27775.5,27777
1785295800,27783.25,27745.75,27782.5
1785296100,27793.25,27752.25,27754.75
1785296400,27773.75,27742.5,27773
1785296700,27786.25,27751,27753.5
1785297000,27757,27705.5,27716.75
1785297300,27720,27701.25,27717
1785297600,27723.25,27685.5,27702
1785297900,27714.75,27683.75,27713.5
1785298200,27714.5,27677,27693
1785298500,27695.5,27647.75,27675.25
1785298800,27705,27653.5,27700.25
1785299100,27714,27670.25,27684.25
1785299400,27696.75,27661.25,27677.25
1785299700,27720,27676.5,27696.25
1785300000,27697.25,27647,27650
1785300300,27681.75,27640.5,27665.25
1785300600,27732.25,27664,27727.25
1785300900,27759.75,27725.25,27757
1785301200,27789.5,27735.5,27773.25
1785301500,27821.75,27749,27812.5
1785301800,27834.75,27804.25,27832.75
1785302100,27834,27775,27784.5
1785302400,27810,27772.25,27810
1785302700,27829.5,27802.5,27815.75
1785303000,27826.75,27785,27823.5
1785303300,27847.5,27817.75,27844.25
1785303600,27854.75,27813.25,27827.5
1785303900,27842.75,27814,27822.25
1785304200,27838.25,27805.5,27829.5
1785304500,27834.25,27789.5,27794.75
1785304800,27799,27744.5,27747.25
1785305100,27756.75,27736.75,27745.5
1785305400,27768,27736.75,27764.5
1785305700,27792.25,27756,27774.5
1785306000,27792,27754.5,27781
1785306300,27813,27777.75,27809.75
1785306600,27872.25,27809,27867.75
1785306900,27901.75,27863.75,27887.25
1785307200,27913.5,27887.5,27909
1785307500,27923,27894.25,27917
1785307800,27935,27915.25,27930
1785308100,27941.75,27926,27929.75
1785308400,27946.5,27897.75,27907
1785308700,27929.75,27899,27926.25
1785309000,27943.75,27919.25,27923.25
1785309300,27952.5,27919.5,27930.5
1785309600,27946,27905.25,27914
1785309900,27949.5,27909.5,27946.75
1785310200,27961.25,27936.25,27941
1785310500,27963.75,27935,27939.5
1785310800,27949,27920.5,27921.25
1785311100,27923.75,27906,27906.75
1785311400,27910,27892.75,27895.25
1785311700,27922,27890.5,27907.25
1785312000,27924.5,27893,27906.25
1785312300,27911.75,27881.75,27891.75
1785312600,27903.5,27857.25,27861
1785312900,27885.25,27855.25,27868
1785313200,27870.5,27828.25,27831.75
1785313500,27842.5,27819.75,27841
1785313800,27909.25,27830.25,27898.5
1785314100,27907.25,27883.75,27886.75
1785314400,27929.25,27879,27923
1785314700,27939.75,27913,27931.5
1785315000,27938.75,27899.5,27907.5
1785315300,27913.5,27895.75,27904
1785315600,27946.5,27900.25,27937.5
1785315900,27967,27931.25,27961
1785316200,27979,27950.25,27977.5
1785316500,27980.5,27950.25,27962.5
1785316800,27985.5,27954.5,27970.5
1785317100,27987.75,27964,27977.25
1785317400,27980.5,27957.75,27972.25
1785317700,28000,27962,27978.5
1785318000,28012.75,27978,27999.5
1785318300,28038.75,27998.5,28035.5
1785318600,28060,28033.25,28033.75
1785318900,28033.25,28007.25,28019.5
1785319200,28031.25,28008,28025.5
1785319500,28046,28004.75,28022.25
1785319800,28030.25,28003.5,28009.25
1785320100,28024.25,28001.75,28014.5
1785320400,28020.25,28004.75,28006.75
1785320700,28018.25,27985.5,28017.5
1785321000,28023.5,27977,27979.5
1785321300,27982.5,27954,27962.25
1785321600,27984.5,27956.5,27967.75
1785321900,27968.75,27949,27958.5
1785322200,27970.75,27931.5,27941.75
1785322500,27958,27936.5,27949
1785322800,27982.5,27940.25,27964.5
1785323100,27992.5,27928.5,27988.25
1785323400,28004.25,27986,27992.25
1785323700,28017.5,27983.5,28006
1785324000,28024,28002.25,28003
1785324300,28021.75,27996.75,27999.75
1785324600,28008,27973.75,27982
1785324900,27983,27960.25,27967.75
1785325200,27979.75,27961.5,27966.25
1785325500,27997,27957.25,27987
1785325800,27988,27958.25,27959
1785326100,28004,27955.5,28002.75
1785326400,28004.25,27977.5,27984.75
1785326700,28007.25,27953.25,27961
1785327000,27979.25,27934,27940.5
1785327300,27948,27868.5,27887.25
1785327600,27900.75,27852.75,27868.5
1785327900,27903,27866.5,27867
1785328200,27888.25,27844.75,27888.25
1785328500,27892,27870.25,27887.75
1785328800,27918.75,27879.5,27911.75
1785329100,27928.5,27905.25,27924.75
1785329400,27930,27911.5,27926.25
1785329700,27931.75,27903.25,27908.75
1785330000,27917.75,27878,27880.75
1785330300,27896,27871.25,27892.75
1785330600,27895.5,27870,27873.75
1785330900,27886.75,27861.75,27869.5
1785331200,27899,27856.25,27896.25
1785331500,27940,27881.5,27915.75
1785331800,27984.25,27836.5,27957.5
1785332100,27997,27863.25,27886
1785332400,27919.75,27858.5,27917.25
1785332700,27949,27816.25,27849.5
1785333000,27856,27721.75,27753.5
1785333300,27753.75,27667.75,27734.5
1785333600,27790,27733,27787.25
1785333900,27827,27716.75,27727.25
1785334200,27747.5,27636.25,27648.25
1785334500,27690,27643.5,27663.5
1785334800,27696.25,27605.75,27619.75
1785335100,27623.5,27538.5,27572.5
1785335400,27652.25,27567,27621.75
1785335700,27625,27554.75,27563.75
1785336000,27572.5,27510,27537.5
1785336300,27574.75,27517.75,27566
1785336600,27615.5,27557,27599
1785336900,27613.75,27550.75,27600.25
1785337200,27647.25,27579.25,27638.5
1785337500,27656.25,27590.25,27643
1785337800,27650,27565.5,27577
1785338100,27624.25,27558,27562.25
1785338400,27605.5,27546,27603.25
1785338700,27618,27550,27555.75
1785339000,27584.25,27538.75,27559
1785339300,27596,27534,27535.25
1785339600,27557.75,27518.5,27533.75
1785339900,27565.75,27518.5,27557.5
1785340200,27566.75,27487,27493
1785340500,27521.75,27464.5,27519
1785340800,27540,27453.75,27460.5
1785341100,27463.25,27425.75,27462
1785341400,27466.5,27418.75,27420
1785341700,27451.75,27409,27446.25
1785342000,27529,27437.25,27515.75
1785342300,27556.75,27514,27551
1785342600,27586,27525,27525.25
1785342900,27533.25,27494.75,27527
1785343200,27539,27484,27504
1785343500,27554.25,27490,27552.25
1785343800,27576,27533.25,27563.5
1785344100,27603.5,27555.75,27603.5
1785344400,27666,27595,27659.75
1785344700,27662.5,27634.25,27652.5
1785345000,27737.25,27647.75,27736
1785345300,27740,27708.5,27715.75
1785345600,27749.75,27691.75,27694.25
1785345900,27703.25,27650,27650.5
1785346200,27695.75,27629.25,27673.75
1785346500,27680,27638,27658
1785346800,27690.5,27651.75,27680
1785347100,27698.5,27655,27695.75
1785347400,27728,27694.5,27711.5
1785347700,27727.25,27677.75,27721.75
1785348000,27889,27717.75,27801.5
1785348300,27886.5,27788.5,27855.75
1785348600,27872.25,27774.5,27799
1785348900,27843.5,27748.75,27764
1785349200,27776,27728,27748.5
1785349500,27778,27727.75,27777
1785349800,27820.25,27703.75,27756
1785350100,27889.25,27725.5,27868.75
1785350400,27987.75,27865.25,27974.5
1785350700,28053.5,27960.25,28042.75
1785351000,28087.25,28000.25,28085.25
1785351300,28097,28022.5,28057.75
1785351600,28099.75,27965.75,27993.75
1785351900,27999.5,27877.25,27878.5
1785352200,27929.5,27839.25,27905.5
1785352500,27938.75,27805,27821.75
1785352800,27828,27682.25,27711
1785353100,27724,27641,27711
1785353400,27744,27571.75,27610.25
1785353700,27631.25,27503,27508.5
1785354000,27542,27459,27473.75
1785354300,27511,27421.25,27501
1785354600,27500.25,27393.5,27434.25
1785354900,27434.75,27317.5,27336.5
1785355200,27361.75,27200,27253
1785355500,27361.25,27242,27256.75
1785355800,27332,27231.75,27299.25
1785356100,27339,27265.5,27280.5
1785356400,27307,27256,27265.75
1785356700,27284.25,27208,27242.5
1785357000,27279.25,27205.75,27274.5
1785357300,27333.25,27265,27328.5
1785357600,27330.25,27285.5,27312.5
1785357900,27321.75,27270,27274.5
1785358200,27308.25,27263.5,27307.25
1785358500,27312,27259.75,27259.75
1785362400,27355.5,27204.75,27354.25
1785362700,27450,27349.25,27439
1785363000,27489.75,27429,27435.5
1785363300,27484.5,27428.75,27476.5
1785363600,27479.25,27433,27437.5
1785363900,27446.75,27395.25,27434
1785364200,27442.75,27412.75,27431.75
1785364500,27465.75,27427.75,27447
1785364800,27462.75,27433.5,27458.5
1785365100,27478.5,27439,27442.75
1785365400,27462,27420.5,27434.75
1785365700,27452.75,27425,27450.5
1785366000,27485.5,27444,27479.25
1785366300,27524.75,27468.5,27508.25
1785366600,27508.5,27456,27478
1785366900,27514,27468.25,27511.75
1785367200,27528.5,27495.75,27513.25
1785367500,27541.5,27509.75,27534
1785367800,27559.25,27533,27540.75
1785368100,27557,27528,27535.75
1785368400,27536,27500.75,27523.25
1785368700,27555.5,27508.5,27514.5
1785369000,27539.5,27496,27539
1785369300,27550.25,27518.5,27522.25
1785369600,27544.25,27472.25,27502.5
1785369900,27592.25,27497.5,27582.75
1785370200,27607.5,27566.5,27579
1785370500,27602.25,27558.25,27572.5
1785370800,27591,27550,27570.75
1785371100,27603,27566.25,27594
1785371400,27611.5,27554.75,27557.75
1785371700,27559.75,27527.75,27534
1785372000,27544.75,27489,27506.25
1785372300,27545.5,27490,27528.75
1785372600,27549.5,27503.75,27537
1785372900,27550.5,27510.25,27546.5
1785373200,27591,27533.75,27591
1785373500,27660.5,27579,27599.75
1785373800,27615.25,27565,27570
1785374100,27606.75,27563.75,27590.5
1785374400,27619.25,27580.25,27615.75
1785374700,27648,27613.5,27638.25
1785375000,27682.25,27635,27670.75
1785375300,27691.75,27660,27680.25
1785375600,27694,27667.5,27677
1785375900,27697,27663,27681.25
1785376200,27687.25,27652.75,27671.25
1785376500,27688.75,27647.5,27651
1785376800,27687.75,27639.25,27640.75
1785377100,27661.5,27632.75,27647.75
1785377400,27674,27629.5,27637
1785377700,27637.25,27617.5,27624
1785378000,27649.5,27619.25,27636.75
1785378300,27653.25,27603.25,27611.75
1785378600,27613.5,27585,27587.5
1785378900,27587.25,27565,27568
1785379200,27612,27559.25,27610
1785379500,27630.75,27583.25,27597.25
1785379800,27612,27578.25,27591
1785380100,27605,27539,27540.75
1785380400,27577.25,27536,27559.75
1785380700,27568.25,27516.75,27519.25
1785381000,27522,27486,27498.25
1785381300,27506.75,27471.5,27485.25
1785381600,27494.5,27474,27493.75
1785381900,27524.25,27486.75,27515.5
1785382200,27549.25,27480.5,27547
1785382500,27557.5,27490.5,27493
1785382800,27533,27486,27532
1785383100,27563.5,27517,27550
1785383400,27562.5,27531.75,27549.5
1785383700,27562.75,27520,27529.75
1785384000,27545.25,27516.75,27531.75
1785384300,27538.5,27488.25,27489
1785384600,27497.75,27481.25,27485.25
1785384900,27489.25,27459.25,27471.5
1785385200,27499.5,27461.75,27491.5
1785385500,27542,27487.75,27535
1785385800,27543.5,27522.25,27530
1785386100,27543,27483.75,27492.75
1785386400,27503.75,27460.5,27471.25
1785386700,27513,27465.75,27483.75
1785387000,27486.5,27445,27457.75
1785387300,27460.25,27435,27446.75
1785387600,27454.5,27421.25,27440.5
1785387900,27453,27422.25,27432.25
1785388200,27458,27420.5,27456.75
1785388500,27492,27452.75,27492
1785388800,27499.5,27455.25,27484.25
1785389100,27499.75,27460.5,27478.25
1785389400,27509.75,27465,27491.75
1785389700,27502,27469.75,27489.5
1785390000,27527.5,27486,27521
1785390300,27547.25,27484.5,27497
1785390600,27501.75,27475.25,27483.5
1785390900,27494,27463.75,27487.75
1785391200,27493,27471.5,27489.25
1785391500,27506.25,27468.5,27471
1785391800,27487.25,27458.75,27468.5
1785392100,27467.75,27447,27461
1785392400,27481.5,27447,27480
1785392700,27498.75,27474.25,27481
1785393000,27485.25,27449.5,27462.25
1785393300,27473,27450.75,27456
1785393600,27459,27433.75,27435.5
1785393900,27463.75,27431,27444.75
1785394200,27452.75,27435.5,27448.25
1785394500,27458.75,27414.5,27434.5
1785394800,27521.5,27415,27487.5
1785395100,27521.25,27451.75,27471.5
1785395400,27501.75,27456.25,27477.5
1785395700,27483.5,27425.25,27428
1785396000,27432.75,27395.25,27430.25
1785396300,27438.75,27396.25,27409.5
1785396600,27412.75,27375.75,27382
1785396900,27419.75,27351.75,27418.75
1785397200,27448.25,27413.25,27431.5
1785397500,27443.25,27417,27422
1785397800,27439.75,27408.5,27412.5
1785398100,27419.25,27390.5,27395
1785398400,27396.75,27337,27372.75
1785398700,27446.5,27346.75,27444.75
1785399000,27456.75,27433.5,27437.5
1785399300,27457.5,27424,27444.25
1785399600,27502,27443,27496
1785399900,27522.75,27484,27507.75
1785400200,27525,27501.25,27506.25
1785400500,27527,27488,27492.25
1785400800,27502.75,27488.25,27494.5
1785401100,27511.75,27478.5,27483
1785401400,27489.25,27469.75,27474.5
1785401700,27485.5,27460.5,27485.25
1785402000,27512.25,27470.75,27501.75
1785402300,27512,27490.25,27505.25
1785402600,27556.25,27496.5,27534.5
1785402900,27551.25,27524.5,27540.25
1785403200,27575,27536.75,27564.75
1785403500,27570.75,27548.75,27554.25
1785403800,27577.75,27538.75,27574.75
1785404100,27586,27552,27554.75
1785404400,27558.25,27537,27544.5
1785404700,27556,27538,27553
1785405000,27556,27540,27555.25
1785405300,27555.5,27513.5,27517
1785405600,27523.75,27488,27506.25
1785405900,27561.5,27505.25,27553.25
1785406200,27564,27535,27542.25
1785406500,27599,27541,27596
1785406800,27617,27595.25,27604.5
1785407100,27629.5,27602.5,27617.25
1785407400,27638,27606,27613.25
1785407700,27632.25,27610.25,27620.5
1785408000,27646.75,27615.5,27631.75
1785408300,27648,27626.25,27633
1785408600,27647.25,27613.25,27614.75
1785408900,27625.75,27610.5,27618.25
1785409200,27660.5,27612.75,27658.25
1785409500,27684.25,27655.25,27679
1785409800,27686.5,27655.25,27665.75
1785410100,27702,27661,27682
1785410400,27705,27670.25,27701.5
1785410700,27723.75,27697.75,27714.5
1785411000,27717,27673.5,27681
1785411300,27727,27679.75,27699.75
1785411600,27723,27688.25,27700.75
1785411900,27733.5,27700.5,27728.25
1785412200,27744,27719,27740.25
1785412500,27745,27721,27724.25
1785412800,27753,27695.5,27745.75
1785413100,27759.75,27738,27754.75
1785413400,27766,27735.75,27762.5
1785413700,27766,27737,27742.75
1785414000,27752,27714.25,27746.25
1785414300,27759.25,27721,27741
1785414600,27790.75,27715,27742.5
1785414900,27787.25,27733,27784.5
1785415200,27805,27764,27776.75
1785415500,27798.75,27762.75,27794.75
1785415800,27805,27780,27799
1785416100,27819.75,27783,27806.25
1785416400,27860,27793.25,27848.75
1785416700,27876.75,27838.25,27841
1785417000,27864.25,27827,27840
1785417300,27860.25,27831.25,27850.75
1785417600,27851.75,27834.75,27842.25
1785417900,27883.75,27836.75,27876
1785418200,27892.75,27813.25,27871
1785418500,27919.75,27846.25,27889.5
1785418800,27996.25,27849.5,27977
1785419100,28067.25,27973.25,28065
1785419400,28126.25,28043,28103.25
1785419700,28155,28083,28151.25
1785420000,28183.75,28127,28160.25
1785420300,28166,28073.5,28086.25
1785420600,28117.5,28067,28107.75
1785420900,28140.25,28080,28113.75
1785421200,28175,28102,28163.25
1785421500,28240,28149.25,28225.75
1785421800,28245.75,28188.5,28234.75
1785422100,28244,28202,28219.5
1785422400,28240.5,28160.25,28175.25
1785422700,28196,28130.5,28166
1785423000,28177.25,28063.25,28069
1785423300,28095.5,28022.75,28070.75
1785423600,28114.25,28012,28104.5
1785423900,28138,28055,28134.75
1785424200,28137,28018.5,28024.25
1785424500,28076,28007.75,28046.75
1785424800,28099.5,28030.5,28049.75
1785425100,28079.5,27995.5,28010.25
1785425400,28074,28001,28073.5
1785425700,28090,28036.5,28072
1785426000,28109.25,28055,28089.5
1785426300,28133.75,28089.25,28114.25
1785426600,28121.75,28048.5,28108.25
1785426900,28131.5,28071,28078.5
1785427200,28156.5,28059.5,28150
1785427500,28167.75,28135.75,28144.5
1785427800,28189.75,28141.5,28186
1785428100,28192.75,28167.75,28172
1785428400,28186.5,28147.25,28156.5
1785428700,28163.5,28140.25,28143.5
1785429000,28150.25,28111.25,28120
1785429300,28142,28114,28117
1785429600,28118.25,28055.25,28068.75
1785429900,28108,28066,28098.25
1785430200,28137,28077.75,28113.75
1785430500,28136.25,28109,28126.75
1785430800,28174.25,28126.25,28167.25
1785431100,28184.25,28159.5,28168.5
1785431400,28182.5,28153,28158.5
1785431700,28208.5,28156,28202.75
1785432000,28207.25,28178.5,28188.75
1785432300,28191.25,28164,28169
1785432600,28184.5,28153.25,28163
1785432900,28181,28138.5,28147.25
1785433200,28198.5,28147.25,28188.25
1785433500,28202.5,28183,28183.25
1785433800,28207.5,28174,28175.5
1785434100,28188.5,28165.5,28177.25
1785434400,28201.5,28168,28169.5
1785434700,28196.25,28167.5,28192.5
1785435000,28205.5,28182.5,28200.25
1785435300,28203.75,28160,28168
1785435600,28192.75,28162.25,28184.25
1785435900,28191.25,28173.5,28182.5
1785436200,28199.25,28170.25,28174.75
1785436500,28176.25,28147.75,28158
1785436800,28170.75,28150.5,28167.25
1785437100,28189.75,28166,28179
1785437400,28186.25,28162.75,28164.25
1785437700,28186.5,28154.5,28181.25
1785438000,28212,28180,28199
1785438300,28255.5,28195,28254
1785438600,28295.75,28252.5,28274.5
1785438900,28298,28262,28286
1785439200,28287.75,28257.25,28264
1785439500,28272,28241.5,28243.75
1785439800,28258.25,28235.5,28243.25
1785440100,28247.75,28219.5,28238.5
1785440400,28242,28221,28232.5
1785440700,28245.5,28215,28235.25
1785441000,28243.5,28206.25,28224.25
1785441300,28263,28202.25,28230
1785441600,28365.5,28203.75,28336.75
1785441900,28336.75,28297.5,28301.5
1785442200,28330.25,28283.25,28325
1785442500,28356.5,28322.25,28355.5
1785442800,28369,28339.25,28360.25
1785443100,28367.5,28345.5,28364.75
1785443400,28410,28311,28359
1785443700,28359.25,28325,28344.75
1785444000,28363.5,28322.75,28361
1785444300,28363.75,28337.75,28342.5
1785444600,28347.25,28325.5,28334
1785444900,28342,28323.25,28333.5
1785448800,28416.5,28304.25,28404.5
1785449100,28406.75,28375,28399
1785449400,28410,28376.5,28385
1785449700,28407,28381.5,28389
1785450000,28391.75,28352.75,28358
1785450300,28378.5,28350,28354.25
1785450600,28368,28332,28364.25
1785450900,28389,28356.75,28385.5
1785451200,28406,28379.75,28402.75
1785451500,28405.75,28392.25,28399.25
1785451800,28410,28388,28402.5
1785452100,28408.75,28392,28394.25
1785452400,28425.5,28391.75,28416.5
1785452700,28422.25,28393.5,28395.25
1785453000,28398.5,28377,28384.25
1785453300,28387.75,28373.5,28376
1785453600,28379,28361.25,28370.5
1785453900,28396,28369.75,28378.25
1785454200,28389.25,28357.75,28384
1785454500,28399.5,28375,28393.5
1785454800,28422,28392.5,28406
1785455100,28425.5,28398,28419.25
1785455400,28440,28391.25,28433.75
1785455700,28445.75,28421.75,28423.5
1785456000,28444,28395,28432.25
1785456300,28457.75,28424.75,28442
1785456600,28476.25,28430.25,28468
1785456900,28480.25,28447,28477.75
1785457200,28488.25,28453.25,28473.5
1785457500,28483,28463.75,28483
1785457800,28510,28480.5,28505.5
1785458100,28508.75,28489.5,28494.75
1785458400,28499.5,28482,28499
1785458700,28502.25,28468.5,28473
1785459000,28493,28471.75,28481.75
1785459300,28525,28480,28522
1785459600,28552.25,28522.75,28548.75
1785459900,28570,28545.25,28566.5
1785460200,28568.5,28555,28561
1785460500,28580,28557.5,28560.25
1785460800,28572.5,28547.5,28555.25
1785461100,28571.25,28542.75,28550
1785461400,28559.25,28525,28536.5
1785461700,28537.5,28500,28508
1785462000,28512.5,28488.5,28497.5
1785462300,28500.25,28465,28467.75
1785462600,28487,28455,28466.25
1785462900,28485.25,28458.5,28476.75
1785463200,28499.75,28444,28446.25
1785463500,28476.5,28441.25,28471.5
1785463800,28472.5,28433,28437.25
1785464100,28439,28401.5,28406.25
1785464400,28428.5,28400.5,28409.25
1785464700,28427.5,28404.25,28422.5
1785465000,28433.5,28407.5,28421
1785465300,28422,28389.75,28410.25
1785465600,28422.5,28401.75,28420.75
1785465900,28438.5,28401.25,28406
1785466200,28423,28397.75,28413.5
1785466500,28436.25,28410.25,28432.25
1785466800,28433.25,28410,28426.75
1785467100,28434.5,28421.5,28427
1785467400,28436.25,28396,28418.5
1785467700,28459,28416.25,28455.25
1785468000,28471.5,28451.5,28461
1785468300,28476.5,28458,28464.5
1785468600,28478.75,28453.25,28454.75
1785468900,28470.25,28452,28465.75
1785469200,28469,28453.25,28463
1785469500,28466.25,28427.25,28431.25
1785469800,28469,28428.25,28464.5
1785470100,28471,28456.25,28458.75
1785470400,28459.75,28421.75,28441.75
1785470700,28465.5,28438,28462.25
1785471000,28467.25,28452,28462.5
1785471300,28496.25,28451.75,28493.5
1785471600,28502.25,28484.25,28500
1785471900,28512.25,28492.75,28511
1785472200,28535,28507,28531.5
1785472500,28542.25,28520.25,28541.5
1785472800,28553,28535,28551
1785473100,28557,28544.75,28546.75
1785473400,28552.5,28535.5,28549.25
1785473700,28554.5,28545.25,28549
1785474000,28557,28543.5,28545.75
1785474300,28565,28538.25,28563.5
1785474600,28570,28545.25,28557.25
1785474900,28561.5,28551.75,28557
1785475200,28572,28556,28564.75
1785475500,28582.75,28560,28573
1785475800,28580,28543.5,28547
1785476100,28561,28540.25,28558.5
1785476400,28586.5,28550.25,28551
1785476700,28576.25,28548.75,28573.25
1785477000,28592,28570.5,28587.25
1785477300,28591.25,28565.25,28586.25
1785477600,28598.75,28576.5,28584
1785477900,28600,28583.5,28595
1785478200,28612.25,28594,28607.25
1785478500,28611,28600.75,28605.5
1785478800,28606.25,28584.25,28588
1785479100,28593,28580.5,28590.75
1785479400,28593.5,28520,28522.5
1785479700,28525,28486.25,28508
1785480000,28507.75,28457.5,28485
1785480300,28486,28450.25,28474.75
1785480600,28502.5,28454.75,28501.75
1785480900,28512,28480.5,28486.25
1785481200,28485.75,28455,28480
1785481500,28512.25,28478.5,28511.25
1785481800,28543,28509.5,28536.25
1785482100,28550,28505,28549.25
1785482400,28551.25,28517.25,28536.25
1785482700,28574.25,28536,28547.25
1785483000,28555.5,28533.75,28540.25
1785483300,28570.5,28540,28556.75
1785483600,28574.25,28553,28565.75
1785483900,28584,28554.75,28554.75
1785484200,28582.5,28542.75,28579.75
1785484500,28579.5,28563.75,28573.25
1785484800,28590.75,28530,28539
1785485100,28573.75,28529.25,28534.5
1785485400,28580,28523.75,28578
1785485700,28601,28568.5,28593.25
1785486000,28596.75,28564.5,28577.5
1785486300,28609,28573.5,28598
1785486600,28611.25,28586.5,28597.75
1785486900,28597.75,28576,28576.75
1785487200,28580.5,28560.75,28567.75
1785487500,28601,28563,28593.5
1785487800,28603,28581.5,28583.75
1785488100,28608,28581.25,28602.5
1785488400,28623.25,28597.75,28617.25
1785488700,28629.75,28598.75,28624.25
1785489000,28642,28623,28628.5
1785489300,28631.25,28609.5,28610.25
1785489600,28621.25,28600.75,28607.75
1785489900,28614.25,28584.25,28589.75
1785490200,28592.25,28563.25,28565
1785490500,28569.75,28534,28545.25
1785490800,28560,28541.25,28552.25
1785491100,28567.25,28550.75,28566
1785491400,28569.5,28545.75,28548.25
1785491700,28557,28529.25,28532.25
1785492000,28547,28519.75,28531.5
1785492300,28545.5,28519.25,28539.25
1785492600,28565,28532.25,28555.25
1785492900,28566.75,28546.25,28565.5
1785493200,28576.75,28554.75,28556
1785493500,28584,28555.25,28572.25
1785493800,28578,28563.75,28567.75
1785494100,28576.75,28561.5,28575.75
1785494400,28583.5,28570,28578.5
1785494700,28592,28550.25,28556
1785495000,28581,28554,28580
1785495300,28585,28556.75,28565.25
1785495600,28621,28563,28614.5
1785495900,28626,28606.25,28612.75
1785496200,28614,28589,28596.5
1785496500,28599.25,28554.5,28561.75
1785496800,28573.75,28553.5,28567.75
1785497100,28585,28547,28555
1785497400,28556,28524.5,28536.75
1785497700,28560.75,28524.5,28531.5
1785498000,28544,28522.25,28537.5
1785498300,28549,28531.75,28544.75
1785498600,28561.5,28544.5,28553.25
1785498900,28560,28545,28553.5
1785499200,28555.75,28506.5,28512
1785499500,28515.75,28495,28500
1785499800,28500.5,28476,28480.75
1785500100,28482.5,28449.75,28456.25
1785500400,28488,28447.75,28484.25
1785500700,28507.5,28478,28495.25
1785501000,28503.5,28453,28461.5
1785501300,28473.75,28442.5,28452.25
1785501600,28469.75,28432,28452.5
1785501900,28462.75,28437.75,28452.75
1785502200,28490,28441.75,28486
1785502500,28491,28463.25,28468
1785502800,28496.75,28456.5,28489
1785503100,28514.5,28485.75,28508.5
1785503400,28530.75,28508.5,28529.75
1785503700,28546.25,28529.25,28539.25
1785504000,28553,28528.25,28548.75
1785504300,28584.25,28544,28576.75
1785504600,28710,28540.75,28682
1785504900,28725.75,28556.25,28562.25
1785505200,28588.75,28415,28419.25
1785505500,28473.25,28319.75,28359.25
1785505800,28408.25,28294.75,28334
1785506100,28416,28310.5,28359.5
1785506400,28392,28240.5,28242.5
1785506700,28274,28122.75,28153
1785507000,28192.25,28100.25,28137.5
1785507300,28215,28079.75,28177
1785507600,28247.75,28153.5,28195.75
1785507900,28258.5,28160,28250.75
1785508200,28281.75,28210.75,28236.75
1785508500,28293.5,28234,28270.25
1785508800,28295.75,28211.5,28269
1785509100,28339.75,28236,28333.25
1785509400,28347.25,28290.5,28298.5
1785509700,28333.75,28255.25,28307.75
1785510000,28331.25,28273.25,28321.25
1785510300,28342.5,28256.5,28277.25
1785510600,28299.5,28214.75,28269.75
1785510900,28339,28236,28260.5
1785511200,28271,28193,28196.25
1785511500,28208,28121.75,28151.5
1785511800,28179.5,28115.5,28175.5
1785512100,28260.5,28171.75,28235.25
1785512400,28249,28163.5,28214.75
1785512700,28225.75,28165.25,28193.75
1785513000,28287.75,28188.5,28280.25
1785513300,28295.25,28251.25,28273.75
1785513600,28309,28257.25,28290.5
1785513900,28298.25,28242,28274.75
1785514200,28308.5,28268.25,28300.5
1785514500,28310,28256,28292
1785514800,28341,28285.75,28332.5
1785515100,28364,28305.25,28364
1785515400,28387.75,28350.25,28376.5
1785515700,28389,28356,28363.5
1785516000,28371.5,28313.75,28321.25
1785516300,28349.5,28308,28348
1785516600,28383.25,28343.5,28354.5
1785516900,28391,28351.25,28366.75
1785517200,28409.5,28359.75,28394.5
1785517500,28405.5,28364.25,28378.75
1785517800,28412,28367.25,28403
1785518100,28422.75,28395.5,28417.25
1785518400,28455.75,28396.75,28453.75
1785518700,28477.75,28449.25,28462.25
1785519000,28486,28448.75,28481.75
1785519300,28502.75,28454.5,28455
1785519600,28472,28443.25,28456.25
1785519900,28475.75,28417.75,28421.25
1785520200,28465.25,28416,28443.5
1785520500,28458.75,28424.75,28429
1785520800,28460,28418,28427
1785521100,28454,28413.75,28429
1785521400,28437.25,28395.25,28402.25
1785521700,28446,28398,28427.75
1785522000,28446.75,28420.25,28437.25
1785522300,28439,28412.5,28422.25
1785522600,28449,28422.25,28435
1785522900,28436.75,28415.25,28426.25
1785523200,28442.5,28416,28432.75
1785523500,28451.25,28422,28447.75
1785523800,28461.75,28443.5,28445.75
1785524100,28453,28416.25,28433.75
1785524400,28458.75,28418.25,28420.5
1785524700,28432.75,28405.25,28428
1785525000,28443.25,28419,28432.5
1785525300,28488,28426.5,28485
1785525600,28498.5,28467.5,28470.25
1785525900,28480.5,28460.5,28475.25
1785526200,28481.75,28441.75,28459.5
1785526500,28473.75,28451.25,28458.75
1785526800,28485,28434.25,28477.25
1785527100,28510.75,28477.25,28509
1785527400,28524.5,28473.75,28507
1785527700,28517.5,28383.5,28403
1785528000,28436,28340.5,28363.5
1785528300,28400.5,28347.75,28391.25
1785528600,28406,28387.5,28393.75
1785528900,28395.5,28364.25,28381.75
1785529200,28388.75,28374.25,28374.75
1785529500,28380.25,28360.25,28371.75
1785529800,28400.5,28355.75,28394.5
1785530100,28396.5,28381.75,28392.25
1785530400,28394.5,28378,28381.5
1785530700,28386.75,28378.25,28383.25
1785531000,28386.25,28314,28344.25
1785531300,28344.5,28266,28284
1785708000,28627.75,28550,28615
1785708300,28617.5,28578.75,28604.5
1785708600,28642,28600.25,28623.75
1785708900,28631.75,28580.5,28595.75
1785709200,28633,28595.5,28612
1785709500,28629.5,28600.5,28613.5
1785709800,28624.25,28607,28613.75
1785710100,28622.25,28609.5,28613
1785710400,28622.5,28595,28599.5
1785710700,28605.5,28587.25,28587.75
1785711000,28593.25,28581.25,28585.5
1785711300,28591.25,28560,28570.5
1785711600,28591.25,28567,28577
1785711900,28589.75,28552,28552.25
1785712200,28566.75,28541.5,28557.5
1785712500,28565.5,28553,28561
1785712800,28598,28555.5,28590.5
1785713100,28595,28578.5,28585.25
1785713400,28622,28579,28589.75
1785713700,28591.75,28579,28581
1785714000,28609.25,28573.75,28604.25
1785714300,28616,28570.5,28603
1785714600,28637.75,28559,28591
1785714900,28621.25,28577.25,28613.5
1785715200,28611.75,28562,28571
1785715500,28600,28554.25,28597.25
1785715800,28614.75,28572.75,28610
1785716100,28630.25,28594.5,28599.5
1785716400,28614,28578.25,28579
1785716700,28587.75,28536.5,28555
1785717000,28588,28542,28583.25
1785717300,28611,28577,28598.25
1785717600,28611.25,28573.25,28582.5
1785717900,28618,28572,28617
1785718200,28624,28582.25,28613.5
1785718500,28627,28604.25,28622.25
1785718800,28630,28601.25,28624.5
1785719100,28635,28603.5,28616.75
1785719400,28627.75,28584,28591.75
1785719700,28594.25,28564,28569.5
1785720000,28594.75,28565.75,28591.5
1785720300,28615.75,28590.25,28608.25
1785720600,28618,28595,28598.75
1785720900,28601.75,28578.25,28601.75
1785721200,28630,28598.75,28629.25
1785721500,28633,28618,28620.25
1785721800,28641.25,28618.75,28631.25
1785722100,28650,28625.25,28643.75
1785722400,28663.75,28631,28654.75
1785722700,28659.75,28633.5,28640
1785723000,28668.75,28638.75,28663
1785723300,28676.25,28654.5,28675.25
1785723600,28680.75,28658.25,28661.75
1785723900,28662.75,28634.5,28640
1785724200,28662.5,28634.5,28662
1785724500,28670,28653,28656.25
1785724800,28664.25,28644.75,28644.75
1785725100,28651.5,28638.75,28645.5
1785725400,28660.25,28644.5,28656.5
1785725700,28666.25,28652.75,28660.75
1785726000,28676,28657.75,28660.75
1785726300,28675.5,28657.25,28666.5
1785726600,28671,28662,28664.25
1785726900,28671.75,28657.5,28671.75
1785727200,28676.25,28641.25,28645
1785727500,28659,28641.75,28646.75
1785727800,28660,28640.5,28654
1785728100,28667.75,28648.75,28664
1785728400,28674.5,28662.25,28671.75
1785728700,28678,28664.75,28674.75
1785729000,28698.25,28673.75,28692.5
1785729300,28693.25,28667.5,28670.5
1785729600,28673,28660,28661.5
1785729900,28668.25,28655.25,28658.5
1785730200,28662.75,28652.5,28661.75
1785730500,28673,28660.75,28670.5
1785730800,28685,28666.5,28683.25
1785731100,28688.5,28677.5,28682.5
1785731400,28686,28673,28674.5
1785731700,28681.75,28672.25,28672.5
1785732000,28674.75,28667,28674.5
1785732300,28689.5,28666.75,28681.25
1785732600,28682.25,28657.75,28662
1785732900,28663.25,28647.25,28651
1785733200,28667.5,28646,28650.5
1785733500,28650.5,28632.5,28642
1785733800,28660,28636.5,28639.5
1785734100,28638.75,28622.5,28625.75
1785734400,28637,28625,28636
1785734700,28649,28631,28638
1785735000,28648.75,28632.75,28632.75
1785735300,28647,28628,28644
1785735600,28652,28632.25,28634.75
1785735900,28647.75,28633.25,28639.25
1785736200,28640,28617.5,28621.5
1785736500,28642,28621,28641.75
1785736800,28657.25,28631,28650.75
1785737100,28656,28632.5,28641
1785737400,28661.25,28640.25,28641.75
1785737700,28647,28633.75,28642
1785738000,28651.75,28630,28632
1785738300,28632.5,28617.75,28625.75
1785738600,28645.75,28624,28638
1785738900,28641.75,28613.75,28621.25
1785739200,28623.75,28610,28610.5
1785739500,28618,28592.5,28598
1785739800,28601.75,28583.5,28596
1785740100,28596.25,28576,28592.75
1785740400,28603.75,28562.75,28597.5
1785740700,28629.25,28598.25,28612.75
1785741000,28635.25,28609.25,28619
1785741300,28631,28569,28583.25
1785741600,28609.5,28577.5,28601.5
1785741900,28609.5,28584.75,28603.25
1785742200,28609.75,28595.5,28605.5
1785742500,28616.25,28580.25,28583
1785742800,28583,28560,28563
1785743100,28587.75,28560.5,28576.5
1785743400,28578.5,28558,28570.75
1785743700,28590,28567.5,28587.5
1785744000,28592,28526.75,28535
1785744300,28549.25,28519,28540.5
1785744600,28568,28537,28562.25
1785744900,28564.5,28511.75,28513.75
1785745200,28522,28488.5,28493.5
1785745500,28497.75,28473,28487.5
1785745800,28495.75,28472,28483.25
1785746100,28540,28483.5,28538.5
1785746400,28554.75,28526.5,28536
1785746700,28553.5,28527.25,28545.75
1785747000,28566.5,28541.75,28561.5
1785747300,28595.5,28560.5,28593.75
1785747600,28601.5,28568.25,28570.75
1785747900,28596.75,28567.5,28573
1785748200,28575.75,28543,28558.5
1785748500,28582.25,28554.75,28574
1785748800,28576,28551.75,28552
1785749100,28560.25,28547.25,28556.5
1785749400,28566.5,28547.5,28556.25
1785749700,28581,28546.25,28551.25
1785750000,28561.75,28543,28544.5
1785750300,28560.75,28538.5,28545
1785750600,28547,28520.5,28542.5
1785750900,28563.5,28535.5,28558.5
1785751200,28566,28537,28549.25
1785751500,28551.75,28535.75,28541.25
1785751800,28544.75,28525.25,28527.25
1785752100,28540.75,28520.5,28525.25
1785752400,28528,28491.25,28493.5
1785752700,28511.5,28488.5,28509.5
1785753000,28524,28490,28523.25
1785753300,28532.5,28512.75,28527.25
1785753600,28529.25,28514.5,28527
1785753900,28537.25,28519.25,28520.5
1785754200,28533.25,28513.5,28528.5
1785754500,28547.75,28527.75,28541
1785754800,28547.25,28481,28500.25
1785755100,28503.5,28466.5,28478
1785755400,28490.75,28473.5,28488
1785755700,28513,28481,28504
1785756000,28510.25,28486.5,28488.25
1785756300,28493,28468.75,28469.75
1785756600,28511.75,28466.75,28506
1785756900,28513.5,28457.25,28459.75
1785757200,28477,28450.5,28475
1785757500,28477.5,28442.5,28457.75
1785757800,28457.5,28410,28412.75
1785758100,28423,28403.5,28420
1785758400,28420.75,28389.25,28395.75
1785758700,28419,28382.75,28416.5
1785759000,28435.75,28406.25,28435.5
1785759300,28447.5,28425.25,28440.25
1785759600,28457.75,28432,28434.25
1785759900,28462,28421.5,28449.75
1785760200,28463.25,28440.5,28454.25
1785760500,28456.25,28440,28446.75
1785760800,28487.75,28437.25,28487.5
1785761100,28491.5,28454.25,28458.5
1785761400,28474.5,28441,28469.75
1785761700,28479.75,28453,28459.25
1785762000,28472.5,28439,28466
1785762300,28478.25,28456,28459.5
1785762600,28468.25,28442.25,28460.25
1785762900,28496.5,28458.75,28487
1785763200,28490,28461.75,28471.25
1785763500,28471,28396,28417
1785763800,28436.25,28313,28381.5
1785764100,28540.25,28374,28502.5
1785764400,28522.25,28416,28492.25
1785764700,28539,28443.75,28475
1785765000,28526.25,28455,28524
1785765300,28629.25,28513.75,28629.25
1785765600,28630,28534.75,28554.25
1785765900,28597.5,28525,28571.75
1785766200,28616.75,28558.5,28571
1785766500,28639,28555.5,28613.75
1785766800,28666.5,28605.75,28661.5
1785767100,28684.75,28635,28678.25
1785767400,28692.25,28661,28685
1785767700,28731.25,28683.25,28716.5
1785768000,28735.75,28702.5,28707.75
1785768300,28744.5,28699.5,28738.75
1785768600,28798.5,28731.5,28779.5
1785768900,28805,28779.5,28802
1785769200,28802.25,28781.5,28791.25
1785769500,28796,28760.25,28766
1785769800,28781.5,28747.25,28757.5
1785770100,28788,28755.75,28780.75
1785770400,28798.75,28768.5,28780
1785770700,28792,28723.25,28734.75
1785771000,28780.5,28731.5,28764.25
1785771300,28779.25,28744.5,28766.25
1785771600,28789.75,28764.5,28782
1785771900,28796,28776.25,28785.5
1785772200,28813,28776,28804.25
1785772500,28806.25,28779.25,28792
1785772800,28827.5,28790.25,28806.25
1785773100,28821.5,28799.5,28812.75
1785773400,28818.75,28800.75,28814.25
1785773700,28847.5,28812.25,28845.25
1785774000,28846.75,28827,28833.5
1785774300,28840,28825.5,28837
1785774600,28845,28823.25,28835.25
1785774900,28838.75,28814.5,28822.25
1785775200,28835.25,28810,28834
1785775500,28842.75,28830.5,28832.75
1785775800,28843,28819.5,28822.75
1785776100,28834.5,28819.75,28821.75
1785776400,28832.75,28812.75,28827.5
1785776700,28842.5,28823.25,28836.75
1785777000,28863.25,28835.75,28857.5
1785777300,28871.5,28855.5,28870.5
1785777600,28882.5,28860.25,28878.75
1785777900,28890.5,28872.5,28885.5
1785778200,28895,28875,28891.25
1785778500,28894.25,28877.25,28879
1785778800,28888.25,28874,28885.5
1785779100,28899.5,28884.75,28892.25
1785779400,28900,28890,28898.75
1785779700,28921.75,28898.25,28917.75
1785780000,28948,28917.25,28945.75
1785780300,28958.5,28939.75,28953.75
1785780600,28965,28934.25,28940.25
1785780900,28959.5,28925.5,28928.25
1785781200,28934.75,28919,28921.25
1785781500,28927.25,28890.25,28892.75
1785781800,28907,28884.75,28893.25
1785782100,28902.75,28882.25,28890
1785782400,28914.25,28885.75,28913.25
1785782700,28923,28892.5,28921.5
1785783000,28928.75,28909.5,28915
1785783300,28918.5,28904,28907.5
1785783600,28943.75,28906.25,28933.5
1785783900,28936.75,28900,28909.25
1785784200,28920,28894.25,28900
1785784500,28926.75,28898.75,28923.25
1785784800,28926,28911,28916.5
1785785100,28924.25,28908,28913.25
1785785400,28926,28903.5,28911.75
1785785700,28923.5,28902,28905.25
1785786000,28919.75,28898.5,28915
1785786300,28921.75,28901.5,28915.25
1785786600,28935.75,28890.25,28899.75
1785786900,28904.75,28865.75,28900.75
1785787200,28902.25,28877.75,28884.75
1785787500,28923,28883.5,28909
1785787800,28918.75,28904,28911.5
1785788100,28933.25,28910,28928.75
1785788400,28942.5,28920.5,28920.75
1785788700,28926,28910.25,28914.25
1785789000,28921.5,28909.5,28913.75
1785789300,28929.5,28912.75,28923.5
1785789600,28932.25,28922.5,28929.5
1785789900,28933.25,28917.5,28921.25
1785790200,28923.25,28914.5,28919.75
1785790500,28930.5,28919,28929.25
1785794400,28944.25,28918,28928.25
1785794700,28945.75,28927.25,28940.5
1785795000,28950.5,28923,28928
1785795300,28948.25,28928,28944.5
1785795600,28947.25,28936.25,28945
1785795900,28946,28937.25,28942.75
1785796200,28958.5,28932.25,28951.25
1785796500,28956,28937,28951.25
1785796800,28962.25,28951,28957.5
1785797100,28957.5,28940.5,28946
1785797400,28952.5,28942,28951.75
1785797700,28952.5,28944.5,28945.75
1785798000,28948.25,28935.75,28940
1785798300,28943.5,28929.5,28937.75
1785798600,28941.75,28934.25,28938.25
1785798900,28957,28936.5,28951.25
1785799200,28958.25,28947,28947
1785799500,28952,28941.25,28948.75
1785799800,28960,28940.25,28956.25
1785800100,28957,28932,28937.5
1785800400,28946.75,28936,28940.5
1785800700,28964.75,28939.5,28956.5
1785801000,28964,28948,28953
1785801300,28972.25,28948.5,28971.5
1785801600,28979,28940.25,28966.75
1785801900,28974,28947.25,28961.25
1785802200,28963.25,28925.75,28931.5
1785802500,28933.5,28902.5,28912.75
1785802800,28927,28900,28913.5
1785803100,28923.75,28903,28906.25
1785803400,28906.75,28881.5,28884
1785803700,28893,28871.75,28882.25
1785804000,28896.25,28864,28892
1785804300,28900,28870.5,28891.75
1785804600,28909,28882.5,28894.75
1785804900,28898.25,28868.5,28877.25
1785805200,28876.75,28831.5,28849.25
1785805500,28863,28837.75,28855.5
1785805800,28871.75,28851,28860
1785806100,28880,28851.25,28875.75
1785806400,28893.75,28874.25,28884.5
1785806700,28902.5,28872.25,28902
1785807000,28925,28899,28923.5
1785807300,28933.25,28904.25,28906.5
1785807600,28943.75,28905.5,28942.5
1785807900,28971,28941.5,28965
1785808200,29049.25,28964.75,29038.5
1785808500,29044.75,29025.25,29041
1785808800,29045,29011.75,29012.5
1785809100,29014.75,28980.75,28999.5
1785809400,29000,28967.5,28971
1785809700,28977,28958.5,28970.75
1785810000,28978,28942.75,28964.5
1785810300,28969.75,28947.5,28949.25
1785810600,28982,28948,28974.25
1785810900,28994.25,28966.75,28984.75
1785811200,28993.75,28973.75,28985.5
1785811500,28987.5,28958.5,28971
1785811800,28992.25,28964.75,28987.25
1785812100,28988.25,28970,28972.75
1785812400,28993,28963.75,28968
1785812700,28971.75,28949,28958.25
1785813000,28960.25,28932,28942.5
1785813300,28953,28930,28944.75
1785813600,28975.25,28938.75,28971.75
1785813900,28986.25,28966.75,28977
1785814200,29005,28977,28996.75
1785814500,29000,28984.25,28988.25
1785814800,28990,28957.5,28968
1785815100,28985.75,28958,28981.75
1785815400,28991.5,28979.75,28984
1785815700,29008,28982.5,28995.5
1785816000,29006.25,28982.5,28984.75
1785816300,28998,28978,28990.5
1785816600,28990,28968.5,28977.25
1785816900,29011.75,28974.25,29006.5
1785817200,29009.25,28998.5,29007
1785817500,29016.75,29004.5,29007
1785817800,29015,29005,29006.5
1785818100,29009.25,28997,28997.5
1785818400,29004.25,28995,28999
1785818700,29011,28994.25,29010
1785819000,29022.75,29003.75,29018.75
1785819300,29023.5,29002,29015.75
1785819600,29022.25,28993,29003
1785819900,29009,28994.25,29006.25
1785820200,29006.25,28978.5,28988
1785820500,29005,28982.75,29004.25
1785820800,29019.75,29001.5,29018.75
1785821100,29030.5,29005.75,29025.75
1785821400,29045,29024,29041
1785821700,29074.75,29041,29049.5
1785822000,29062.25,29045.75,29058.25
1785822300,29058.75,29043.75,29050.25
1785822600,29065,29043.5,29059.5
1785822900,29074.5,29053.75,29072.75
1785823200,29081.75,29067,29075.75
1785823500,29090,29068,29081.75
1785823800,29094,29079.25,29089
1785824100,29094,29076.25,29082.25
1785824400,29095.5,29079.25,29086
1785824700,29099,29079.5,29081.75
1785825000,29089.5,29069.75,29070.5
1785825300,29071.25,29050,29056.5
1785825600,29060,29042.25,29054.5
1785825900,29063,29051,29057.5
1785826200,29065,29054.5,29061.25
1785826500,29074.25,29052.25,29072.75
1785826800,29100.75,29070,29095.25
1785827100,29096.25,29053.25,29055
1785827400,29070,29037.25,29069.25
1785827700,29088.25,29062.5,29069.25
1785828000,29091.75,29065.5,29090.5
1785828300,29109,29088.25,29099
1785828600,29118.25,29097,29104
1785828900,29106,29080,29088.25
1785829200,29093,29074.25,29081.5
1785829500,29109.75,29078.75,29104.75
1785829800,29105.25,29074.5,29076.5
1785830100,29079.5,29065.75,29070.75
1785830400,29117.75,29067,29109
1785830700,29124.75,29106.25,29119.25
1785831000,29119.5,29100,29108.5
1785831300,29125.75,29104.75,29118.5
1785831600,29132.25,29099,29103
1785831900,29112.5,29096.75,29111.5
1785832200,29111,29063.75,29076
1785832500,29081.25,29060,29074.75
1785832800,29076.5,29060,29068.75
1785833100,29069,29037.75,29060.25
1785833400,29067.5,29056.5,29064
1785833700,29077.75,29060,29069.25
1785834000,29069.25,29039.5,29046
1785834300,29051.5,29016.5,29023.5
1785834600,29038.75,29012,29033.5
1785834900,29036.25,29007.5,29022.75
1785835200,29030.75,29014.75,29027.5
1785835500,29045.75,29021,29045.25
1785835800,29057,29042.25,29053
1785836100,29066.25,29050.5,29065.75
1785836400,29081,29065.75,29077
1785836700,29086,29060.25,29082
1785837000,29081.25,29058,29063.75
1785837300,29077.75,29058.25,29077.75
1785837600,29088.25,29066,29075.5
1785837900,29097,29072.75,29095
1785838200,29112,29090.5,29106
1785838500,29107.25,29086.5,29095.75
1785838800,29115.75,29089.75,29111.25
1785839100,29114,29094,29095.5
1785839400,29111.25,29093,29093.5
1785839700,29096,29073.5,29086.75
1785840000,29131.5,29083,29121.5
1785840300,29145.5,29113.25,29132.5
1785840600,29134.25,29111,29119.5
1785840900,29123.75,29103.75,29116.5
1785841200,29147,29114,29142
1785841500,29147,29124.75,29128.75
1785841800,29149.5,29119.75,29143.75
1785842100,29153.75,29139.5,29150.25
1785842400,29167.25,29148.75,29149.25
1785842700,29171.5,29147.75,29170.5
1785843000,29173.75,29161,29170
1785843300,29174.5,29158.5,29167
1785843600,29212.5,29151,29204.25
1785843900,29217,29189.75,29215.75
1785844200,29246,29214.75,29239.25
1785844500,29243.5,29223.5,29237.75
1785844800,29238.5,29213.75,29222.75
1785845100,29225.75,29203.5,29216
1785845400,29218,29199.75,29206
1785845700,29227,29204.5,29224.75
1785846000,29234.25,29216.25,29220.25
1785846300,29226.25,29216.75,29222
1785846600,29230.25,29197.75,29213.25
1785846900,29222.25,29205.25,29215.25
1785847200,29222.75,29211,29219.25
1785847500,29222.5,29194.5,29198
1785847800,29206.5,29191.5,29195
1785848100,29213.5,29186.5,29202.75
1785848400,29227.5,29185,29219
1785848700,29231.75,29217.75,29227.5
1785849000,29235.75,29224.75,29230.75
1785849300,29238,29221,29225.25
1785849600,29284,29221.5,29240.25
1785849900,29254.5,29218,29233.75
1785850200,29386.25,29208,29382.5
1785850500,29413.25,29352.5,29393
1785850800,29452.5,29384.5,29411.5
1785851100,29463,29410.25,29459.5
1785851400,29504.5,29454.75,29500.75
1785851700,29502.25,29425,29469
1785852000,29498,29432.5,29487.5
1785852300,29533,29485,29518.25
1785852600,29544,29506.25,29540.25
1785852900,29546.25,29498.5,29523.25
1785853200,29524.75,29482.25,29508.5
1785853500,29564.25,29505.5,29559
1785853800,29567.75,29524.5,29543.75
1785854100,29579.25,29515,29527
1785854400,29558.5,29521.75,29557
1785854700,29562.75,29542,29545.75
1785855000,29556.5,29527.5,29544.75
1785855300,29552.5,29523.25,29549.5
1785855600,29589.25,29544,29584.75
1785855900,29596,29566.25,29594
1785856200,29624.75,29587.5,29619
1785856500,29635.75,29613.25,29632.5
1785856800,29662.5,29630.5,29658.5
1785857100,29664.5,29634.25,29639.75
1785857400,29646,29621.75,29629.25
1785857700,29681.75,29628.25,29667.75
1785858000,29679.5,29655.75,29676.75
1785858300,29690.5,29676.25,29682.75
1785858600,29697,29672.75,29676.25
1785858900,29685.5,29667.25,29671.25
1785859200,29699.5,29669.5,29687.75
1785859500,29698,29675.5,29676
1785859800,29685.25,29660.75,29675.25
1785860100,29707.75,29673.75,29705.5
1785860400,29720,29702.75,29715.5
1785860700,29716.25,29704,29706.5
1785861000,29726,29695,29721.25
1785861300,29731.5,29708,29715.5
1785861600,29730.25,29705.25,29726.25
1785861900,29743.5,29726.25,29743
1785862200,29744.75,29734.5,29736.5
1785862500,29746.25,29731.75,29743
1785862800,29782.75,29739,29781.25
1785863100,29795,29768.75,29785.75
1785863400,29799.75,29781.25,29796.5
1785863700,29804.25,29784.25,29790.5
1785864000,29808,29780.25,29803
1785864300,29826,29801,29818.75
1785864600,29824,29800.25,29819.5
1785864900,29848.25,29815,29846.5
1785865200,29865.75,29845,29865.25
1785865500,29898.25,29865.5,29880.25
1785865800,29880.25,29841.25,29846.25
1785866100,29865,29832,29834.5
1785866400,29855.75,29809.5,29818.5
1785866700,29847.75,29810,29839
1785867000,29860.25,29823.75,29859.25
1785867300,29874.5,29855.25,29868.75
1785867600,29884.25,29858.25,29870
1785867900,29880.5,29859.75,29879.75
1785868200,29893,29868.75,29872.25
1785868500,29877.75,29853.5,29859.75
1785868800,29863.5,29840,29853.75
1785869100,29895.5,29854.25,29881.75
1785869400,29895.75,29875.5,29880.25
1785869700,29886.75,29874.5,29881
1785870000,29926.25,29878.25,29914
1785870300,29931.25,29903.25,29929.75
1785870600,29936.5,29922.75,29926.75
1785870900,29945.75,29923,29940.25
1785871200,29943.25,29916.5,29922.75
1785871500,29927.5,29888.5,29900.5
1785871800,29916.5,29889,29912.75
1785872100,29931.75,29903.25,29921.75
1785872400,29951.75,29919.5,29950
1785872700,29956.5,29919.5,29921.5
1785873000,29930.75,29870.25,29871
1785873300,29895,29847.5,29874.75
1785873600,29902.25,29851.25,29878.25
1785873900,29949.5,29879.25,29914.5
1785874200,29923.75,29891.5,29915.5
1785874500,29879.75,29757.75,29782
1785874800,29838.5,29774.25,29801.25
1785875100,29828.25,29786.5,29792.25
1785875400,29815,29774.25,29779
1785875700,29791,29764.5,29787.25
1785876000,29817.5,29780.75,29797.25
1785876300,29823.75,29791.25,29820
1785876600,29821,29785.25,29793.75
1785876900,29827,29791.75,29819
1785880800,29813,29775.5,29796.5
1785881100,29837,29797.5,29826
1785881400,29837.25,29823.75,29835.25
1785881700,29841.25,29826.5,29835
1785882000,29844.25,29820,29821.25
1785882300,29839.75,29810.25,29833.25
1785882600,29841,29824.75,29835.5
1785882900,29841.75,29822.25,29825.5
1785883200,29826.75,29794.25,29800
1785883500,29811.25,29793,29802.75
1785883800,29811.5,29800.5,29806.5
1785884100,29828.5,29802.75,29826
1785884400,29849.25,29809.25,29838.5
1785884700,29846,29832.25,29838.5
1785885000,29844.75,29833.25,29837.75
1785885300,29846,29838.5,29844
1785885600,29844.75,29823.5,29829
1785885900,29832.25,29816.25,29825
1785886200,29834.5,29802.75,29804.75
1785886500,29818.75,29802.75,29816.25
1785886800,29845,29811.25,29842.75
1785887100,29857.25,29825.25,29837.75
1785887400,29849.75,29830.25,29839
1785887700,29855.75,29831,29835.5
1785888000,29854,29818.75,29845.75
1785888300,29863.5,29825.5,29836.5
1785888600,29858.25,29830,29857
1785888900,29858.25,29837.25,29851.75
1785889200,29858.75,29834.25,29851
1785889500,29864,29847.5,29862.5
1785889800,29877.5,29860.25,29871.25
1785890100,29874.25,29837.75,29852.5
1785890400,29858.25,29838,29838.75
1785890700,29846.75,29812.5,29831.5
1785891000,29862.25,29820.25,29840.5
1785891300,29851,29831.5,29848.5
1785891600,29850.25,29816.5,29833.75
1785891900,29849.25,29829.75,29847.25
1785892200,29861,29837.25,29840.5
1785892500,29842.75,29804.75,29817.5
1785892800,29832.5,29809.75,29812
1785893100,29820.5,29796.75,29819.75
1785893400,29839.5,29810.75,29818.5
1785893700,29844,29813.5,29840.5
1785894000,29845,29818.25,29833.75
1785894300,29874.75,29833.5,29869.25
1785894600,29873.25,29861.5,29870
1785894900,29887,29863.25,29869.75
1785895200,29889,29869.5,29871.25
1785895500,29883,29862.5,29872
1785895800,29878.5,29865,29871.25
1785896100,29874.5,29862.5,29874.25
1785896400,29876.25,29865,29866
1785896700,29868.25,29850,29853.75
1785897000,29860.75,29842.25,29860
1785897300,29862.5,29845,29846.25
1785897600,29860.5,29843,29859
1785897900,29873.75,29855,29857
1785898200,29875,29855.5,29868.75
1785898500,29871,29858.75,29860.25
1785898800,29876.25,29853.5,29874
1785899100,29881.5,29873,29876.25
1785899400,29890.75,29873.25,29883.75
1785899700,29892.75,29880.5,29882
1785900000,29890.75,29873,29874.5
1785900300,29877,29863.5,29864
1785900600,29869.75,29858.5,29868.25
1785900900,29878,29864.75,29877
1785901200,29891.25,29874.75,29885.5
1785901500,29892.25,29867.75,29877.5
1785901800,29892.25,29874,29887
1785902100,29894.25,29885.5,29889.75
1785902400,29891.5,29884.5,29885.75
1785902700,29897.5,29882,29894.25
1785903000,29898.25,29883,29884
1785903300,29884.25,29869.5,29872
1785903600,29873.25,29859.25,29866
1785903900,29872.75,29863.25,29871
1785904200,29891,29869,29888.25
1785904500,29896.75,29888,29895.5
1785904800,29909.5,29895,29904.75
1785905100,29907.25,29900,29901.5
1785905400,29904,29883,29896.5
1785905700,29916.75,29896,29903.25
1785906000,29924.5,29894.5,29917.25
1785906300,29935.25,29912.75,29927
1785906600,29940.5,29926.75,29936.5
1785906900,29944.25,29934,29941.5
1785907200,29947.25,29937,29942.75
1785907500,29949,29935.75,29936.75
1785907800,29945,29921.25,29925
1785908100,29932.75,29920.25,29929.25
1785908400,29942.25,29926.25,29941.75
1785908700,29952.75,29940.75,29950.25
1785909000,29978.75,29948.75,29976.5
1785909300,29986.75,29973.75,29980.25
1785909600,29984,29964,29965.5
1785909900,29980,29961,29979
1785910200,29990.75,29978.5,29980.75
1785910500,29983.25,29962.75,29971.5
1785910800,29974.25,29931.25,29938
1785911100,29941.75,29925.25,29929.5
1785911400,29964.75,29925.25,29955.75
1785911700,29963,29944.25,29947.5
1785912000,29950,29934,29939.25
1785912300,29960.5,29936,29957.25
1785912600,29961.75,29948.5,29950.75
1785912900,29972,29950,29970
1785913200,29987.25,29960.5,29967
1785913500,29983.75,29953.25,29961.25
1785913800,29962.5,29936.5,29951
1785914100,29954.75,29932.5,29938.25
1785914400,29944.75,29926.5,29929.5
1785914700,29932,29901.25,29907.5
1785915000,29920,29895.75,29900
1785915300,29911.75,29885.25,29908.5
1785915600,29911.75,29884,29886.75
1785915900,29909.75,29885,29895.25
1785916200,29903.5,29885.75,29894.75
1785916500,29913.25,29891.25,29903.5
1785916800,29926,29897.75,29922.25
1785917100,29925.25,29886,29889
1785917400,29891,29853.75,29864.25
1785917700,29873.75,29851.25,29855
1785918000,29859.5,29825,29827
1785918300,29842.25,29820,29834.75
1785918600,29837.75,29806.75,29819.25
1785918900,29844,29805,29807
1785919200,29820,29798.25,29812.75
1785919500,29832.25,29796.75,29831.25
1785919800,29840.75,29822.5,29825.75
1785920100,29843.75,29822.75,29837.5
1785920400,29848,29820.25,29844
1785920700,29854.5,29839.25,29846.75
1785921000,29850.5,29831.75,29833.25
1785921300,29835.5,29814.5,29829.75
1785921600,29854.25,29829.25,29850
1785921900,29864,29844.5,29862
1785922200,29873.25,29860,29873
1785922500,29889,29871.25,29881.25
1785922800,29885.5,29871.25,29883.25
1785923100,29894.5,29855.25,29857.75
1785923400,29868,29852.5,29864.5
1785923700,29872.5,29856.5,29858.25
1785924000,29871.75,29851.5,29865
1785924300,29869,29850.25,29854.25
1785924600,29853.75,29833,29840
1785924900,29858.5,29836,29850
1785925200,29860.5,29844.25,29857.75
1785925500,29866.5,29854,29857.25
1785925800,29872,29849.25,29868.25
1785926100,29871.25,29858.25,29858.5
1785926400,29864,29850.5,29857.5
1785926700,29870.25,29833.75,29845.75
1785927000,29869.25,29839.25,29860.75
1785927300,29870.5,29857,29864.25
1785927600,29905.25,29863.75,29896.75
1785927900,29918.5,29882.75,29916.5
1785928200,29921.25,29897.25,29904.25
1785928500,29911.5,29896.75,29907
1785928800,29916.75,29899.25,29915.5
1785929100,29923.25,29900.25,29900.25
1785929400,29929.75,29890.5,29926.25
1785929700,29931.75,29916,29925.25
1785930000,29931.5,29915.75,29915.75
1785930300,29942,29903,29940
1785930600,29943.75,29908.25,29914.5
1785930900,29923.75,29908,29919.5
1785931200,29926,29901.75,29903
1785931500,29908.25,29892.25,29905.5
1785931800,29923.25,29900.75,29918.75
1785932100,29933.5,29900,29915.5
1785932400,29935.75,29909.25,29925.25
1785932700,29939.75,29910.5,29934.75
1785933000,29941.75,29888.5,29919
1785933300,29947,29918.5,29935.75
1785933600,29943.75,29930.5,29942.5
1785933900,29946.5,29930,29939.25
1785934200,29942,29915.5,29918.75
1785934500,29927.75,29908,29915.5
1785934800,29944,29915,29938.5
1785935100,29950,29935.5,29937.5
1785935400,29946.5,29923,29929.5
1785935700,29929.75,29910.25,29917.25
1785936000,29922.25,29895.75,29909.75
1785936300,29978.25,29908,29975.25
1785936600,30013.5,29935,30012
1785936900,30031,29909.5,30006.5
1785937200,30059,29980.5,30050.25
1785937500,30073.25,30018,30055.25
1785937800,30065.25,29966.75,30026.75
1785938100,30058.75,29978.5,30049.5
1785938400,30048.25,29918,29965
1785938700,30031,29957.75,30003.25
1785939000,30021,29968.25,29998.5
1785939300,30026.5,29971.25,29973.5
1785939600,29978.75,29901,29959.5
1785939900,29989.75,29910.5,29915.25
1785940200,29918.75,29853.25,29885
1785940500,29914.75,29840.25,29841.5
1785940800,29873.25,29824.75,29862.25
1785941100,29907.5,29838.5,29891.5
1785941400,29905.75,29787.75,29823.5
1785941700,29863.5,29801.25,29848
1785942000,29881.5,29825,29846.25
1785942300,29886,29827.5,29871.75
1785942600,29891,29833.5,29839
1785942900,29850.75,29762.25,29832.5
1785943200,29847.75,29813.25,29818
1785943500,29832.25,29793.75,29809.75
1785943800,29861.75,29805.25,29820
1785944100,29854.5,29818.25,29843.5
1785944400,29852.75,29810.5,29819.75
1785944700,29820,29786.5,29793
1785945000,29807,29771.5,29777.5
1785945300,29777.25,29712.75,29738
1785945600,29765.75,29710,29757.25
1785945900,29763,29703,29721
1785946200,29733.75,29701.75,29731.75
1785946500,29761.75,29719.5,29739.5
1785946800,29796.5,29735.75,29769
1785947100,29833.5,29768.75,29829.25
1785947400,29840,29769.75,29796
1785947700,29812.25,29773.5,29797.25
1785948000,29821.5,29784.25,29788.25
1785948300,29802,29778,29791
1785948600,29825.75,29785.5,29815.5
1785948900,29822.75,29802,29809
1785949200,29819.75,29770.75,29777
1785949500,29786.5,29752,29759.75
1785949800,29784.5,29743.75,29766.75
1785950100,29781.75,29748.25,29759.25
1785950400,29766.75,29740,29765
1785950700,29781.75,29750,29754.5
1785951000,29770.5,29735,29757
1785951300,29769.5,29750.25,29759.75
1785951600,29778.75,29753,29757.25
1785951900,29773.75,29734.25,29765.75
1785952200,29774.5,29748.75,29752.25
1785952500,29769.75,29744.75,29757
1785952800,29786.25,29752.5,29782.5
1785953100,29783.75,29754.5,29769
1785953400,29785,29761.5,29762
1785953700,29782,29755.5,29772.75
1785954000,29778,29758.75,29765.5
1785954300,29780.75,29764.75,29776.5
1785954600,29776.75,29727,29739.5
1785954900,29758.25,29735.75,29742.5
1785955200,29751,29734,29742.25
1785955500,29766.25,29737,29753.25
1785955800,29761.75,29742.25,29744.75
1785956100,29746.5,29722.75,29726.25
1785956400,29762.5,29718,29760
1785956700,29778.5,29754.25,29768.25
1785957000,29776.25,29761,29773.75
1785957300,29780,29763.25,29766.25
1785957600,29776.25,29753.5,29766
1785957900,29776.75,29755.25,29756.5
1785958200,29763.5,29725,29731.25
1785958500,29736.5,29710.5,29715
1785958800,29734.5,29706,29711.75
1785959100,29719.25,29688.75,29714.5
1785959400,29733,29700,29711
1785959700,29716.5,29593,29606.75
1785960000,29614.75,29544.25,29601.75
1785960300,29604,29530.75,29565.75
1785960600,29618.5,29561.5,29604.5
1785960900,29618,29570.75,29572.25
1785961200,29584.75,29560,29574
1785961500,29577.5,29562.5,29569.75
1785961800,29594.5,29566.25,29591.25
1785962100,29593.5,29572,29584
1785962400,29603.5,29580.75,29598.5
1785962700,29602.25,29579.5,29589.25
1785963000,29599.5,29576.25,29596
1785963300,29607,29587,29594.75
1785967200,29597,29560,29574.75
1785967500,29595.75,29569,29578.25
1785967800,29579.5,29566.5,29572.25
1785968100,29599,29570.75,29594.25
1785968400,29638.5,29594.25,29636.25
1785968700,29636.25,29620.5,29627.75
1785969000,29670,29623,29667.75
1785969300,29670.75,29658.75,29662.25
1785969600,29667,29650.5,29655
1785969900,29678.75,29642.25,29643.75
1785970200,29647.75,29617,29629
1785970500,29631.75,29618.5,29621.75
1785970800,29625.25,29611.75,29617.25
1785971100,29625,29614.75,29621.25
1785971400,29636.25,29618.5,29630.75
1785971700,29630.75,29616.5,29627.5
1785972000,29640.75,29625.25,29636.75
1785972300,29650.5,29623.75,29628.25
1785972600,29636.75,29590.75,29592
1785972900,29609.5,29575.75,29594
1785973200,29608.25,29581.75,29587.5
1785973500,29589.75,29566.5,29574.5
1785973800,29587,29571.5,29579.5
1785974100,29584.75,29568.5,29583.75
1785974400,29589,29546.25,29571.5
1785974700,29601.25,29567.75,29596
1785975000,29597.25,29553.25,29581.25
1785975300,29589,29556,29588.5
1785975600,29607.5,29578,29605
1785975900,29608.75,29553.5,29561
1785976200,29568.75,29548.25,29555.75
1785976500,29574.75,29548,29558
1785976800,29587.25,29553.75,29560
1785977100,29580.75,29551,29564
1785977400,29564.25,29536.5,29540.75
1785977700,29548.75,29535.25,29539
1785978000,29541.25,29506.75,29511.25
1785978300,29529.75,29502.75,29517.5
1785978600,29532,29501.75,29521.75
1785978900,29523,29492.5,29497.25
1785979200,29497.5,29471,29487
1785979500,29490,29454.25,29473.5
1785979800,29509.75,29469,29486.25
1785980100,29501.5,29473.25,29500.5
1785980400,29506,29474.75,29474.75
1785980700,29519,29472.75,29515.25
1785981000,29517.25,29495.75,29511.25
1785981300,29514,29491.75,29498
1785981600,29518.5,29487.75,29506
1785981900,29529.5,29505.75,29528
1785982200,29556.75,29521.25,29541.75
1785982500,29554.75,29535.5,29551
1785982800,29578.5,29547.75,29568
1785983100,29569,29547.75,29548.25
1785983400,29586,29529.25,29579
1785983700,29583.25,29565,29576
1785984000,29618.75,29573.25,29616.75
1785984300,29621,29592,29605.25
1785984600,29611,29594,29600.25
1785984900,29599.75,29585.25,29594
1785985200,29608.75,29583.5,29605
1785985500,29607.75,29576,29580.75
1785985800,29587,29571.25,29578.25
1785986100,29585.75,29554.5,29555.75
1785986400,29561.75,29541.25,29542.5
1785986700,29546.75,29535,29543.5
1785987000,29554.25,29522.75,29539.75
1785987300,29563.75,29536,29557.5
1785987600,29563.5,29545.25,29553
1785987900,29571.5,29545.75,29568.5
1785988200,29576,29539.75,29552.75
1785988500,29584.75,29547,29581.75
1785988800,29584,29535.25,29548.75
1785989100,29578,29546.75,29566.5
1785989400,29576,29553.5,29556.5
1785989700,29581.5,29556.25,29571.25
1785990000,29590.5,29568.75,29589
1785990300,29597.75,29581.75,29586
1785990600,29600.5,29563,29570.75
1785990900,29580,29544.75,29549.75
1785991200,29560,29546.5,29555.5
1785991500,29563,29543.5,29552.25
1785991800,29574.5,29550,29572.75
1785992100,29577.25,29560.25,29575
1785992400,29593.5,29557.75,29583
1785992700,29596,29576.5,29579.75
1785993000,29582.5,29568,29582
1785993300,29594,29565,29577.25
1785993600,29589.5,29573.75,29585.5
1785993900,29590.5,29574.75,29579.5
1785994200,29583.75,29554.75,29564.75
1785994500,29575,29548.75,29558.75
1785994800,29583.75,29557,29583.25
1785995100,29584.25,29545.25,29549.5
1785995400,29571.75,29544.25,29565.25
1785995700,29581.75,29556,29580.25
1785996000,29581.5,29541,29551
1785996300,29551.75,29528.5,29532.25
1785996600,29537,29499,29506
1785996900,29510.25,29484,29493.25
1785997200,29531,29486.75,29526.5
1785997500,29549,29525.75,29547
1785997800,29548.75,29515.5,29528.5
1785998100,29532.25,29509,29509
1785998400,29509,29494,29504.75
1785998700,29507.75,29486.25,29493
1785999000,29511.25,29488.5,29510.5
1785999300,29528.5,29508,29521.5
1785999600,29527.75,29506,29517.75
1785999900,29551,29511.25,29537.25
1786000200,29564,29536,29551.5
1786000500,29562.75,29544.75,29559.75
1786000800,29561.25,29539.25,29539.25
1786001100,29552.5,29525.25,29536.75
1786001400,29542.25,29526.75,29534.5
1786001700,29536,29501.75,29511.75
1786002000,29519.25,29506.75,29517.25
1786002300,29538,29510,29533.25
1786002600,29533.25,29500,29506.25
1786002900,29515.5,29501.5,29506.25
1786003200,29525.5,29462,29481.25
1786003500,29511.25,29460.5,29464
1786003800,29468,29444.25,29460
1786004100,29480.75,29446.75,29469
1786004400,29491.5,29467,29484.75
1786004700,29514,29484,29508
1786005000,29532.75,29505,29523.5
1786005300,29531.5,29502.5,29512.5
1786005600,29518.5,29500.5,29503.75
1786005900,29512,29489.75,29500.75
1786006200,29524.5,29493.25,29522
1786006500,29524.25,29508.5,29517.25
1786006800,29518.5,29470.25,29475
1786007100,29479.75,29450.25,29454.5
1786007400,29455.75,29437.75,29449.25
1786007700,29482.25,29446.5,29472.75
1786008000,29487.75,29471.25,29479
1786008300,29494,29473.75,29482.5
1786008600,29492,29475.5,29482.5
1786008900,29488.5,29475.25,29484.5
1786009200,29499,29480.5,29489
1786009500,29509.5,29489,29508.75
1786009800,29511.5,29494.5,29510.75
1786010100,29531,29508.75,29526.75
1786010400,29537.5,29513.25,29516.75
1786010700,29519.5,29505.75,29508.5
1786011000,29509.25,29495,29503.75
1786011300,29515.5,29492.75,29509.25
1786011600,29518,29499.75,29516.25
1786011900,29526.5,29513.75,29517.5
1786012200,29519.5,29502.75,29507
1786012500,29511.75,29489,29490.5
1786012800,29494,29474.75,29480
1786013100,29493.25,29468,29490.25
1786013400,29492.25,29472,29476
1786013700,29485.5,29466.25,29485.5
1786014000,29488.25,29378.5,29397.75
1786014300,29414.5,29364.75,29411.75
1786014600,29423.5,29403.75,29419.25
1786014900,29459.75,29417.5,29457
1786015200,29461.25,29443.25,29453.25
1786015500,29474.5,29447.75,29469
1786015800,29504,29468.5,29492.5
1786016100,29509.5,29487.75,29499.5
1786016400,29516,29490.25,29493.5
1786016700,29512,29449,29457.25
1786017000,29460.25,29439.25,29452.5
1786017300,29476.5,29448.75,29466.25
1786017600,29476.25,29423.5,29438.25
1786017900,29447,29416.75,29425.5
1786018200,29431.25,29409,29412
1786018500,29420,29388.25,29395
1786018800,29444,29394.25,29435.5
1786019100,29451.75,29430.25,29432
1786019400,29448.75,29413,29437.5
1786019700,29462.75,29434.75,29453.25
1786020000,29453,29424.5,29432
1786020300,29440,29417.5,29432.75
1786020600,29439.25,29415.5,29418.75
1786020900,29422.25,29389,29399
1786021200,29404,29374.25,29380.25
1786021500,29380.75,29351.5,29362.25
1786021800,29369.75,29350,29351.25
1786022100,29362.25,29337,29349
1786022400,29367.25,29343.25,29356.75
1786022700,29361.25,29327.5,29334.75
1786023000,29371,29241,29340.5
1786023300,29448.75,29322,29385.5
1786023600,29473.25,29376,29457.75
1786023900,29534.25,29447.25,29526.25
1786024200,29551,29490,29500.25
1786024500,29539,29486.25,29528
1786024800,29558.5,29487.75,29517.25
1786025100,29584.25,29506.75,29579.25
1786025400,29619.25,29578,29608.5
1786025700,29652.75,29586.5,29641.25
1786026000,29666.5,29626,29634
1786026300,29640.75,29563.5,29587
1786026600,29639,29576,29632.75
1786026900,29651.25,29550.5,29552.5
1786027200,29622.25,29545.5,29583.5
1786027500,29585.75,29532.75,29558.25
1786027800,29615.25,29548.5,29614.75
1786028100,29658.75,29598.75,29657.25
1786028400,29678.25,29598.75,29612.25
1786028700,29674.75,29612.25,29671.5
1786029000,29686.25,29640.75,29645.5
1786029300,29663.25,29579,29580
1786029600,29606,29564,29577.5
1786029900,29612.25,29564.5,29607.75
1786030200,29627.75,29552.25,29552.5
1786030500,29580.5,29540.25,29565.5
1786030800,29585.5,29533.25,29534.75
1786031100,29614,29530.75,29590
1786031400,29625.5,29521.5,29526.5
1786031700,29556,29505.75,29516.25
1786032000,29523.75,29478.5,29502.75
1786032300,29542.75,29494,29526.25
1786032600,29542,29483.5,29488
1786032900,29505,29452.5,29494.25
1786033200,29498.75,29448.75,29487.5
1786033500,29493.75,29463.25,29471.25
1786033800,29509.5,29461,29478.5
1786034100,29523,29467.25,29522.75
1786034400,29527.75,29476.5,29478.75
1786034700,29514.25,29468,29513
1786035000,29534.5,29503.25,29510.25
1786035300,29558.25,29508.75,29556.75
1786035600,29574,29541.25,29546.75
1786035900,29574.25,29531.25,29538
1786036200,29550.25,29515.5,29523.75
1786036500,29552.75,29512.25,29542.5
1786036800,29551,29518.75,29523.25
1786037100,29550.75,29522.75,29528
1786037400,29543,29521.25,29531.75
1786037700,29542.25,29505.25,29513.25
1786038000,29521,29493.25,29509.5
1786038300,29522,29496.75,29497.25
1786038600,29530.5,29494.5,29521.75
1786038900,29533.75,29508.75,29529.25
1786039200,29538.5,29505.75,29531.25
1786039500,29540,29517.25,29533.25
1786039800,29547.25,29519,29543.25
1786040100,29573,29498.5,29553.25
1786040400,29576,29549.75,29568
1786040700,29572.25,29547,29557.25
1786041000,29560.75,29531.25,29534.75
1786041300,29547,29514.5,29518.5
1786041600,29524.75,29500.75,29520.5
1786041900,29537,29509,29512
1786042200,29522,29506,29513.25
1786042500,29530,29508.25,29515.75
1786042800,29564,29510,29562.5
1786043100,29569,29534.5,29565.5
1786043400,29570.75,29532.25,29535.75
1786043700,29539.25,29524.5,29527.75
1786044000,29551.25,29506.5,29508.75
1786044300,29526,29496,29508.5
1786044600,29546,29488.75,29538.5
1786044900,29538.5,29508.75,29509.5
1786045200,29515,29492.25,29503.75
1786045500,29512,29485.25,29508.25
1786045800,29536.25,29475,29531.25
1786046100,29531,29477.5,29497.25
1786046400,29548.25,29496.25,29539.25
1786046700,29551.5,29534.75,29547.75
1786047000,29551,29532.5,29536
1786047300,29549,29514.25,29523.5
1786047600,29532.25,29494.75,29496.5
1786047900,29506.5,29482.75,29493.5
1786048200,29504.75,29481.25,29502
1786048500,29503.25,29480,29492.25
1786048800,29499.5,29489,29494
1786049100,29498.5,29487.25,29496.5
1786049400,29500,29492.5,29495.25
1786049700,29507,29494.75,29504.5
1786053600,29529.75,29494,29521.25
1786053900,29549.5,29520.75,29548.5
1786054200,29580,29542.5,29572
1786054500,29581,29565.75,29567.5
1786054800,29571.75,29546.5,29555.5
1786055100,29570,29542.5,29549.5
1786055400,29552,29529.25,29539
1786055700,29543,29536,29540.5
1786056000,29562.75,29536.75,29554
1786056300,29559.5,29546.75,29550.25
1786056600,29560.25,29548.75,29555.5
1786056900,29568,29552.5,29564.75
1786057200,29571,29560,29565.75
1786057500,29567,29553.75,29558.5
1786057800,29561.75,29555.75,29557.75
1786058100,29597.25,29558.5,29573.25
1786058400,29592.5,29571.5,29590
1786058700,29597.5,29569.25,29573.25
1786059000,29588,29570,29588
1786059300,29589,29570.75,29579.25
1786059600,29586,29562.25,29582.75
1786059900,29596.75,29574.5,29595.25
1786060200,29604,29587.5,29591
1786060500,29597.25,29585.75,29595.25
1786060800,29615.75,29577.75,29610.75
1786061100,29619.25,29578.75,29579.5
1786061400,29587.5,29562.5,29574.75
1786061700,29575.5,29518.25,29528.25
1786062000,29529,29496.25,29510.5
1786062300,29527,29503.75,29513.75
1786062600,29573.75,29500.5,29571.5
1786062900,29574.75,29517.75,29544
1786063200,29552.25,29505.75,29539.5
1786063500,29557.25,29503.25,29514
1786063800,29563.5,29505.25,29549.25
1786064100,29573.75,29528.75,29561.75
1786064400,29582.5,29556.5,29566.75
1786064700,29576.25,29553.25,29560.75
1786065000,29565,29515,29525
1786065300,29536,29502.5,29507.5
1786065600,29510.75,29482.75,29496.25
1786065900,29535.5,29486.5,29529.25
1786066200,29581.5,29526.25,29551.5
1786066500,29553.75,29498.75,29499.75
1786066800,29522.75,29493.75,29522.75
1786067100,29539.75,29501.75,29532.5
1786067400,29534.5,29505.75,29523.5
1786067700,29537.5,29515,29526.5
1786068000,29548.25,29519,29542
1786068300,29548.5,29507.75,29510.5
1786068600,29539,29489.25,29531.25
1786068900,29539.5,29526.5,29536.25
1786069200,29542.25,29514.75,29539
1786069500,29538.5,29519.5,29526
1786069800,29527.5,29503,29505.25
1786070100,29517.5,29477,29486
1786070400,29504.75,29476,29499
1786070700,29534.25,29493,29533.75
1786071000,29535.75,29526.5,29531.25
1786071300,29533.75,29522.25,29525.75
1786071600,29547,29525.25,29538.5
1786071900,29549.25,29533.25,29542.75
1786072200,29545.5,29528.25,29530.25
1786072500,29534,29497.5,29499.25
1786072800,29508.5,29490,29506.75
1786073100,29514,29494,29503.75
1786073400,29522.75,29497.75,29501.75
1786073700,29519.75,29499.25,29500.75
1786074000,29509.75,29496.5,29506
1786074300,29510.75,29490,29508
1786074600,29513,29491,29495
1786074900,29495.25,29485.5,29487.75
1786075200,29489.5,29480,29484.5
1786075500,29497.5,29482.25,29493
1786075800,29501.5,29463.75,29478.5
1786076100,29485,29455,29484.25
1786076400,29517.25,29483.25,29510.5
1786076700,29512.5,29491.75,29508
1786077000,29525.75,29500,29513.5
1786077300,29516.25,29494.75,29500.5
1786077600,29502,29492.25,29494.75
1786077900,29505.5,29490.25,29501
1786078200,29508.5,29488.75,29507.5
1786078500,29513.25,29502.25,29509.5
1786078800,29531.75,29505.5,29527.5
1786079100,29557,29526.75,29540.75
1786079400,29550,29533.75,29538.25
1786079700,29550,29536.5,29544.5
1786080000,29553.75,29537.25,29543.25
1786080300,29555,29541.5,29547.5
1786080600,29551,29534,29534.25
1786080900,29538.75,29527.5,29529
1786081200,29540,29519.25,29533.5
1786081500,29534.5,29525,29532.75
1786081800,29538.75,29527,29537
1786082100,29537.5,29522,29522.75
1786082400,29547,29520.5,29541.25
1786082700,29560,29540,29552.75
1786083000,29564.5,29552.5,29559.75
1786083300,29562.25,29547.5,29553
1786083600,29569.5,29543.75,29569.5
1786083900,29584.75,29560,29581
1786084200,29582.5,29565.75,29571.5
1786084500,29575,29562.5,29566
1786084800,29566.75,29539.25,29545.75
1786085100,29548.75,29536.75,29542
1786085400,29545.25,29538.75,29543
1786085700,29555,29540,29552.75
1786086000,29558,29531.75,29537.25
1786086300,29578.5,29536.25,29576.25
1786086600,29592.75,29573.5,29592.75
1786086900,29593,29580,29585.75
1786087200,29586.75,29574.5,29580.25
1786087500,29592,29576,29588
1786087800,29590.25,29570,29575
1786088100,29583.5,29572,29574.25
1786088400,29591.5,29574,29582.75
1786088700,29586.75,29570,29580.25
1786089000,29581.5,29562.25,29580.75
1786089300,29588.75,29579.75,29583.25
1786089600,29614.25,29583.25,29598.75
1786089900,29613,29596,29609.25
1786090200,29627.75,29606.75,29624.25
1786090500,29628.75,29601,29602.25
1786090800,29621,29599,29614
1786091100,29630,29614.75,29624
1786091400,29647.5,29621,29635.5
1786091700,29639.25,29609,29619.5
1786092000,29632,29611.5,29625.75
1786092300,29635.75,29616,29623
1786092600,29624,29615,29618
1786092900,29639.25,29616.5,29633.25
1786093200,29648.75,29626.75,29637.75
1786093500,29642,29625.75,29634.75
1786093800,29645.25,29628.5,29641.5
1786094100,29646.75,29623.75,29627.5
1786094400,29648,29624.25,29644
1786094700,29650.5,29630.25,29634.5
1786095000,29647.25,29629.75,29633.75
1786095300,29644,29633.75,29636.75
1786095600,29636.25,29621,29628.75
1786095900,29636.25,29622.25,29626.25
1786096200,29633.75,29622,29628.25
1786096500,29628.5,29615.75,29617.25
1786096800,29629.75,29613.75,29623
1786097100,29628,29611,29613.75
1786097400,29622.25,29608.75,29609
1786097700,29613.75,29600.25,29606.75
1786098000,29608,29592.25,29604.5
1786098300,29621.5,29604.25,29621.25
1786098600,29622,29609.75,29616
1786098900,29621.5,29611.25,29620.25
1786099200,29625.75,29616,29622.25
1786099500,29624.5,29608,29616.75
1786099800,29622.25,29600.5,29605.75
1786100100,29608.25,29602.25,29607.25
1786100400,29641.75,29606.25,29635
1786100700,29646.75,29629.5,29638.5
1786101000,29648.5,29635,29638
1786101300,29648.25,29635.75,29640
1786101600,29647.75,29638,29646
1786101900,29662,29645,29653
1786102200,29656.75,29646.75,29655.5
1786102500,29666.75,29649,29660.75
1786102800,29669.75,29658.25,29665.5
1786103100,29666.5,29659.5,29661.5
1786103400,29663.75,29636.25,29638.25
1786103700,29645,29612,29613.75
1786104000,29673,29604.75,29650
1786104300,29653,29633.75,29644.5
1786104600,29665,29640.5,29658.75
1786104900,29671.75,29655.25,29655.75
1786105200,29660.5,29639.5,29655
1786105500,29685.5,29596,29674.5
1786105800,29771,29647.5,29752.5
1786106100,29798.75,29738,29797.5
1786106400,29814,29784.25,29802
1786106700,29854.5,29801.75,29846
1786107000,29867.25,29844,29848.75
1786107300,29849.5,29831.75,29843.5
1786107600,29851.25,29784.5,29786.25
1786107900,29805,29763.75,29780.25
1786108200,29783.5,29734,29741
1786108500,29745.5,29714.25,29731.25
1786108800,29736.25,29720,29728.75
1786109100,29744,29686,29714.75
1786109400,29813,29683,29805.75
1786109700,29809.75,29696.25,29731.75
1786110000,29796,29703.5,29787.25
1786110300,29821.75,29708.25,29773.5
1786110600,29800,29744.5,29753.5
1786110900,29761.75,29644.25,29678.75
1786111200,29713,29616.5,29619.25
1786111500,29685.25,29613.5,29630.75
1786111800,29649.5,29564.25,29584.75
1786112100,29720.25,29568.25,29718.75
1786112400,29745.5,29687.25,29702.5
1786112700,29779,29700.75,29761
1786113000,29774.75,29713.5,29730.75
1786113300,29744.5,29668.75,29678.5
1786113600,29720.5,29660,29676
1786113900,29732.25,29668.25,29708
1786114200,29727,29666.25,29682
1786114500,29733.5,29674.75,29720.25
1786114800,29748,29708.75,29744.5
1786115100,29769,29741.25,29756.25
1786115400,29783,29738.25,29759.75
1786115700,29768,29746.75,29758.25
1786116000,29799,29752.75,29795.25
1786116300,29828.75,29793.75,29826.75
1786116600,29855,29826,29839.75
1786116900,29843.5,29818.5,29824.25
1786117200,29837.5,29793.75,29811.75
1786117500,29834.5,29801.5,29829.75
1786117800,29843.25,29797,29816.25
1786118100,29821.75,29796.25,29814.25
1786118400,29820.75,29794.25,29811.75
1786118700,29830.25,29809,29824.5
1786119000,29829.5,29798.25,29799.75
1786119300,29818.75,29785.25,29793.5
1786119600,29821.5,29746.25,29747.75
1786119900,29753.25,29689,29714.25
1786120200,29738.75,29669,29735.75
1786120500,29757.75,29718.75,29752.25
1786120800,29761.25,29734.5,29754.25
1786121100,29774.5,29753.5,29767.5
1786121400,29780.75,29739.5,29745.75
1786121700,29765,29738,29739.75
1786122000,29758,29726.25,29744.75
1786122300,29768.5,29741.5,29764.75
1786122600,29767,29733.75,29735.5
1786122900,29760.25,29731.25,29756
1786123200,29765,29731.25,29732.5
1786123500,29756.75,29725.5,29747.75
1786123800,29754.75,29727,29736.25
1786124100,29764.5,29734.25,29761.75
1786124400,29763,29739,29745.25
1786124700,29755.25,29740.25,29746.25
1786125000,29759.25,29735,29751
1786125300,29758,29743,29743.25
1786125600,29754.75,29741.25,29746.75
1786125900,29753.25,29734,29743.25
1786126200,29747.5,29712.75,29721
1786126500,29734.25,29716.25,29727.25
1786126800,29731.75,29711.5,29718.5
1786127100,29722.75,29702.75,29706
1786127400,29724.5,29700.25,29704.25
1786127700,29710.75,29690.75,29698.75
1786128000,29702,29678.75,29681
1786128300,29701.75,29676.75,29699.75
1786128600,29711.75,29695,29698
1786128900,29731,29690,29725.25
1786129200,29772.5,29722.75,29745.75
1786129500,29793.75,29744,29792.25
1786129800,29810,29792,29799.75
1786130100,29823.25,29791.75,29793
1786130400,29815,29793,29798.75
1786130700,29811.75,29795,29811
1786131000,29812,29776.25,29778.75
1786131300,29802,29772.5,29795
1786131600,29797.5,29772,29779.75
1786131900,29796.75,29778,29790.5
1786132200,29835.75,29785,29828
1786132500,29860.5,29817.75,29833.5
1786132800,29850.5,29812,29814.75
1786133100,29822.5,29807.5,29809.25
1786133400,29826.5,29805,29820
1786133700,29829.5,29816.25,29817
1786134000,29818.25,29805.25,29811.25
1786134300,29813.5,29803.75,29804.5
1786134600,29820,29802.5,29816.75
1786134900,29824.25,29815.75,29820.25
1786135200,29826,29813.5,29814.25
1786135500,29818.75,29812.75,29815.25
1786135800,29827.25,29814.25,29821.25
1786136100,29844,29818.75,29841
1786312800,29897,29850,29866
1786313100,29867.75,29842,29850.25
1786313400,29860.75,29820,29828
1786313700,29829.25,29805,29821
1786314000,29839.75,29818.25,29835.5
1786314300,29855,29822,29838.5
1786314600,29853.25,29816.5,29821.5
1786314900,29833,29814,29829
1786315200,29845.25,29828.5,29836
1786315500,29849.5,29830.5,29837
1786315800,29852.25,29837,29849.75
1786316100,29850,29842.25,29844.25
1786316400,29853.75,29833,29850.75
1786316700,29876.5,29847.25,29861.75
1786317000,29868,29858.75,29861.75
1786317300,29864.75,29855,29861.75
1786317600,29881.75,29860.5,29870
1786317900,29875.25,29858,29863.5
1786318200,29865.75,29834.25,29841.5
1786318500,29859.25,29837.75,29855.25
1786318800,29865.5,29850.25,29862.25
1786319100,29873.5,29861,29869
1786319400,29869.5,29855.25,29861.5
1786319700,29862,29827.75,29829.75
1786320000,29838.5,29797.75,29826
1786320300,29885,29822.5,29872
1786320600,29906.5,29869,29892.25
1786320900,29899.75,29873,29874.75
1786321200,29888,29843.25,29849
1786321500,29862,29839,29847
1786321800,29865.5,29842,29856
1786322100,29859.25,29809.75,29811
1786322400,29824,29800,29806.75
1786322700,29827.25,29805,29826.75
1786323000,29831.25,29803.25,29812.5
1786323300,29818,29788,29803
1786323600,29835.5,29791.5,29825.5
1786323900,29838.5,29809.25,29828.75
1786324200,29855,29822.75,29853
1786324500,29865.5,29846,29865.5
1786324800,29882.75,29858.5,29879
1786325100,29884.5,29863,29864.25
1786325400,29869.75,29841.25,29851.5
1786325700,29881.25,29845.25,29877.5
1786326000,29879,29860.75,29875.5
1786326300,29891.5,29871.5,29890
1786326600,29895,29885.75,29888.75
1786326900,29889.5,29881.75,29884.5
1786327200,29890,29873.75,29885.75
1786327500,29895.25,29875.25,29876
1786327800,29885.75,29869,29872.25
1786328100,29874,29852.25,29863
1786328400,29868.5,29857,29858
1786328700,29871.5,29858.25,29870
1786329000,29874,29854,29855.75
1786329300,29883.25,29848.5,29882.75
1786329600,29891.25,29880,29890
1786329900,29892.75,29886.5,29887.25
1786330200,29899.25,29887,29892.75
1786330500,29899,29880.5,29881
1786330800,29892,29877.25,29879.5
1786331100,29881.25,29871.75,29876.75
1786331400,29880.5,29868.5,29876.5
1786331700,29891.25,29871,29888.25
1786332000,29891.5,29877.5,29879.75
1786332300,29885,29871.25,29880.5
1786332600,29888.5,29873,29888.5
1786332900,29897.75,29882.75,29894.25
1786333200,29897.75,29889.25,29897.25
1786333500,29899,29888,29893
1786333800,29898.75,29881.25,29883.5
1786334100,29883.25,29870.5,29878.5
1786334400,29888.25,29872,29881.5
1786334700,29897.25,29872.5,29896.75
1786335000,29898,29885.25,29894.75
1786335300,29902,29891.5,29896.75
1786335600,29899.75,29893.25,29897.25
1786335900,29904,29890.25,29899.25
1786336200,29900,29887.25,29889.75
1786336500,29893,29882,29884
1786336800,29889.25,29863.75,29886.75
1786337100,29897.75,29882,29889.5
1786337400,29902,29884.25,29884.75
1786337700,29885,29872.25,29882.25
1786338000,29899.75,29880.75,29898.5
1786338300,29914,29897.5,29906.75
1786338600,29919.25,29906.25,29917.25
1786338900,29920.75,29911,29915
1786339200,29924.25,29912.5,29921.75
1786339500,29924,29909,29910.25
1786339800,29916,29907.25,29913.25
1786340100,29919.5,29906.25,29909
1786340400,29910.5,29903,29905.25
1786340700,29910.5,29899.25,29904.75
1786341000,29926.25,29903,29924.75
1786341300,29930.5,29924.25,29929.5
1786341600,29942.5,29926.5,29937.75
1786341900,29946,29934.5,29943.5
1786342200,29962,29943,29956.5
1786342500,29963.75,29947.25,29959.5
1786342800,29959.75,29923.75,29926.5
1786343100,29928,29907.75,29914.25
1786343400,29925,29907,29918
1786343700,29919.5,29907.75,29916
1786344000,29922,29912.5,29917.75
1786344300,29920.5,29911,29913.75
1786344600,29924,29911,29913
1786344900,29917,29904.25,29908.75
1786345200,29923.25,29902.5,29917
1786345500,29922,29904.25,29910.25
1786345800,29915.25,29886.75,29913.25
1786346100,29932,29911,29930.5
1786346400,29952.5,29931,29948
1786346700,29953.25,29936.5,29952
1786347000,29957.75,29947.5,29952
1786347300,29967.5,29951.75,29963.5
1786347600,29969.5,29958.25,29965.75
1786347900,29985,29935.75,29938.75
1786348200,29949,29936.75,29944.25
1786348500,29959.5,29944,29952.75
1786348800,29981.25,29947.5,29978
1786349100,29980.75,29953.75,29959.75
1786349400,29963.75,29946.5,29962.5
1786349700,29973.5,29957.75,29967.25
1786350000,29968,29939,29953.25
1786350300,29960.5,29946.25,29952.25
1786350600,29959.25,29943.75,29958
1786350900,29971.25,29956.5,29968.5
1786351200,29972.25,29952,29956
1786351500,29957,29949,29954.5
1786351800,29964.5,29949.75,29963
1786352100,29975.75,29960.25,29971.75
1786352400,29976.75,29965.5,29976.25
1786352700,29979.25,29969,29976
1786353000,29984.25,29971.25,29976
1786353300,29982.25,29963,29965.25
1786353600,29978,29965,29977.25
1786353900,29978.5,29965,29968.5
1786354200,29971.75,29959.75,29970.5
1786354500,29970.75,29943,29946
1786354800,29949.75,29936,29944.75
1786355100,29947.5,29936,29945.5
1786355400,29952.25,29943,29945.5
1786355700,29949.25,29937.5,29938.25
1786356000,29959.25,29933,29956.25
1786356300,29959,29941,29941
1786356600,29944.25,29916,29918
1786356900,29929.25,29915.25,29927
1786357200,29952,29927.25,29951.25
1786357500,29951.5,29939.25,29945.5
1786357800,29945.75,29928.75,29937
1786358100,29937.5,29917.25,29918.5
1786358400,29920,29909.25,29919.25
1786358700,29925,29917,29920
1786359000,29938.25,29918.25,29927.75
1786359300,29932.25,29909.25,29912.75
1786359600,29926.25,29882.75,29888.25
1786359900,29889.25,29873,29875.5
1786360200,29883.75,29851.75,29876.5
1786360500,29882.25,29864.25,29870
1786360800,29892,29868.5,29881
1786361100,29913,29874,29909.25
1786361400,29915,29904.5,29911
1786361700,29912.75,29890.5,29892.25
1786362000,29908.5,29872.5,29875
1786362300,29885.25,29845.75,29848.5
1786362600,29874,29845.25,29862.75
1786362900,29881,29859,29871
1786363200,29882.5,29854.25,29877.75
1786363500,29882.25,29863.75,29880.25
1786363800,29884.25,29843,29846
1786364100,29847.75,29826.5,29829.5
1786364400,29834.75,29810.25,29820
1786364700,29827.5,29816,29822.75
1786365000,29829.25,29794.25,29794.5
1786365300,29812.5,29780.25,29792.5
1786365600,29809.75,29789.5,29804
1786365900,29809.75,29791,29797.5
1786366200,29797.25,29773.25,29778
1786366500,29783.25,29771,29777.75
1786366800,29797,29771.75,29794.5
1786367100,29808.5,29789,29807.25
1786367400,29816.25,29796.75,29804.5
1786367700,29819,29792.75,29815.5
1786368000,29820.75,29793,29813.75
1786368300,29823.5,29789,29805.5
1786368600,29841.25,29736.75,29741
1786368900,29811.25,29726.75,29763.75
1786369200,29788.25,29719,29775.5
1786369500,29826,29767,29818.25
1786369800,29832.75,29754.25,29776.5
1786370100,29819.5,29757,29806.75
1786370400,29831.5,29788.25,29819.25
1786370700,29876.25,29817.5,29874.5
1786371000,29894,29871,29881.25
1786371300,29900,29855.5,29862.75
1786371600,29885,29824.5,29837.5
1786371900,29869.5,29801.25,29857.75
1786372200,29882.25,29847.75,29860.75
1786372500,29893,29838.75,29860
1786372800,29883,29854.5,29866.25
1786373100,29886.25,29862,29869.75
1786373400,29877.5,29793,29795.75
1786373700,29816,29776.75,29779.5
1786374000,29815.75,29771,29800
1786374300,29823.5,29782.75,29783
1786374600,29806.5,29764.75,29793
1786374900,29817.5,29790.25,29799.75
1786375200,29809.25,29772.75,29783.75
1786375500,29788,29753.5,29777.75
1786375800,29788,29747.5,29750.5
1786376100,29770.75,29741.25,29761.5
1786376400,29809,29752.5,29808
1786376700,29818.5,29786.5,29795.5
1786377000,29849.75,29793.25,29846.5
1786377300,29855,29837.25,29844
1786377600,29858.75,29841,29848.5
1786377900,29850.75,29815.5,29826
1786378200,29833.25,29811.5,29822
1786378500,29835.25,29803.75,29821.75
1786378800,29841.25,29815.75,29839
1786379100,29844,29807.75,29810
1786379400,29817.25,29745.75,29778
1786379700,29796.25,29760.25,29769.25
1786380000,29774.75,29730.25,29742.5
1786380300,29768.5,29732.5,29766.5
1786380600,29768,29741.75,29755.75
1786380900,29781,29755.75,29779.75
1786381200,29783.75,29760.25,29773.5
1786381500,29801.75,29769,29800.5
1786381800,29808.75,29792.75,29800.75
1786382100,29811.5,29788.75,29796
1786382400,29804.5,29791.75,29796.75
1786382700,29800,29776,29786.75
1786383000,29797.5,29784.5,29787.5
1786383300,29791,29764,29769.75
1786383600,29778.75,29756,29759.75
1786383900,29763.5,29752.5,29754
1786384200,29761.75,29744.25,29752.5
1786384500,29767.5,29745.5,29759.25
1786384800,29768,29749.75,29754.75
1786385100,29770.5,29748.25,29765
1786385400,29772.25,29750,29751.25
1786385700,29756.25,29742.25,29747.75
1786386000,29755.75,29742.5,29750
1786386300,29756.5,29743.25,29746.75
1786386600,29764.75,29742.25,29763.25
1786386900,29770.5,29746,29755
1786387200,29774.5,29754,29772
1786387500,29775.75,29759.5,29766
1786387800,29780.25,29765.5,29774.75
1786388100,29784.75,29767.25,29782
1786388400,29793.25,29778.5,29782.75
1786388700,29788.75,29775.5,29787.25
1786389000,29794.75,29782.5,29789.5
1786389300,29796.5,29781.5,29784.75
1786389600,29794.25,29781,29793
1786389900,29795.75,29779.25,29781.75
1786390200,29788.75,29772.75,29777
1786390500,29793.5,29773.75,29787.75
1786390800,29789.5,29770.25,29775.75
1786391100,29784.5,29766.25,29781.75
1786391400,29781.75,29733.75,29736.5
1786391700,29756.75,29722.75,29744
1786392000,29755,29740,29745.75
1786392300,29755,29739.5,29753.5
1786392600,29753.75,29741,29744.75
1786392900,29753,29741.5,29743.75
1786393200,29750.5,29737,29743.5
1786393500,29755,29742.25,29751.25
1786393800,29753.5,29743,29747.75
1786394100,29753.25,29743,29750.25
1786394400,29759.5,29747.5,29757.5
1786394700,29767.25,29757.75,29761
1786395000,29770,29755.75,29768.5
1786395300,29770,29761.75,29763.75
1786399200,29788.5,29760.25,29773.25
1786399500,29775.25,29756.25,29761.25
1786399800,29764.5,29752.25,29761
1786400100,29763.75,29745.75,29745.75
1786400400,29751,29732.75,29739.75
1786400700,29750.25,29738.75,29745.5
1786401000,29747.5,29724.25,29726.75
1786401300,29732,29723.25,29727.75
1786401600,29731.25,29720.25,29724.75
1786401900,29733,29724,29727.5
1786402200,29735.5,29725,29729.75
1786402500,29736.75,29729.5,29732.5
1786402800,29734.75,29719.25,29730.25
1786403100,29733.75,29727.5,29730
1786403400,29733,29728,29731
1786403700,29732,29722.25,29724.5
1786404000,29725.5,29702.5,29710.75
1786404300,29717,29705,29708.25
1786404600,29710.25,29701.75,29707.25
1786404900,29715.5,29706.5,29709.25
1786405200,29715.75,29706,29714.25
1786405500,29726.5,29705,29717.25
1786405800,29719.75,29692.75,29696.25
1786406100,29706.5,29677.75,29703.5
1786406400,29704.75,29666,29687.25
1786406700,29718.25,29681,29704.5
1786407000,29753.75,29701.25,29748.5
1786407300,29751,29728,29736.25
1786407600,29755.75,29724.75,29742.75
1786407900,29765,29740,29762.75
1786408200,29769,29755.75,29757.5
1786408500,29771.75,29756,29761.75
1786408800,29782.75,29761.5,29779
1786409100,29792,29777,29778.25
1786409400,29794.25,29778,29791.25
1786409700,29792.5,29783.25,29784.75
1786410000,29798.5,29766,29771.75
1786410300,29789.5,29764.25,29789
1786410600,29826.25,29787.75,29826
1786410900,29828.5,29809.75,29814.25
1786411200,29839.75,29812,29834
1786411500,29834.5,29812,29820
1786411800,29828,29812.5,29816
1786412100,29821.25,29810,29813.5
1786412400,29826.25,29811,29822.25
1786412700,29842.75,29817,29842
1786413000,29842,29831.25,29836.5
1786413300,29837.25,29818.25,29818.5
1786413600,29829.25,29813.75,29828.75
1786413900,29830.75,29812,29815.5
1786414200,29823.75,29814,29820.75
1786414500,29827.75,29814.25,29823
1786414800,29824.25,29812.75,29819.75
1786415100,29827,29814,29823.5
1786415400,29839,29823.5,29833.75
1786415700,29834,29824.25,29826.75
1786416000,29839.75,29826.5,29839.5
1786416300,29846.25,29832.25,29834.25
1786416600,29834.75,29820,29826.25
1786416900,29827,29815,29818.75
1786417200,29832.25,29814.75,29830
1786417500,29830.75,29815.75,29826.25
1786417800,29828.75,29818,29821.75
1786418100,29826,29817.75,29822.25
1786418400,29841.75,29819.25,29840.75
1786418700,29847.5,29836,29841.5
1786419000,29843.25,29826.25,29828.75
1786419300,29842.75,29827.5,29838
1786419600,29842.25,29831,29832.5
1786419900,29836.5,29828.25,29834.75
1786420200,29843.25,29832,29841.5
1786420500,29842,29829.25,29831.75
1786420800,29839.5,29832.25,29835.25
1786421100,29841.5,29834.25,29837
1786421400,29850.75,29837,29848
1786421700,29849.75,29844,29845.25
1786422000,29846.5,29838.5,29841.5
1786422300,29854.75,29839.25,29853.5
1786422600,29862,29847,29847.25
1786422900,29851.5,29843.5,29849.5
1786423200,29849.5,29834.75,29838.5
1786423500,29847.25,29837.75,29841
1786423800,29843,29833.75,29836
1786424100,29840.25,29835.25,29839.25
1786424400,29846.25,29832.75,29834.5
1786424700,29848,29830.25,29845.5
1786425000,29855,29842.75,29852
1786425300,29853.5,29827,29827.25
1786425600,29828.5,29815.25,29815.75
1786425900,29821,29813,29814.5
1786426200,29818,29798.75,29817
1786426500,29829.5,29814.75,29820.75
1786426800,29825,29810,29815
1786427100,29817.75,29796.5,29799.25
1786427400,29801,29788.25,29793.5
1786427700,29801.25,29788.75,29792.75
1786428000,29816.75,29787,29811.75
1786428300,29818.5,29805.5,29815.5
1786428600,29827.5,29813.25,29819.75
1786428900,29822,29791.5,29792.25
1786429200,29794.25,29777.5,29778.25
1786429500,29780.25,29765.75,29771
1786429800,29780,29732.25,29745.25
1786430100,29776.75,29738,29775.25
1786430400,29789.5,29774.25,29783.5
1786430700,29787,29762,29765.5
1786431000,29770.25,29740.5,29741.5
1786431300,29756.25,29738.25,29754.75
1786431600,29770.5,29745.25,29761.5
1786431900,29763.25,29733.5,29748.75
1786432200,29767.75,29744.5,29759
1786432500,29765,29739,29743.25
1786432800,29747,29726,29735.75
1786433100,29760.25,29734.75,29743.75
1786433400,29774.75,29742.5,29772
1786433700,29780,29769.75,29770.75
1786434000,29776.25,29761,29768.75
1786434300,29776.5,29757.75,29762.25
1786434600,29775,29752.75,29757.25
1786434900,29779.5,29756.25,29775.25
1786435200,29805.5,29767,29779
1786435500,29782,29741.25,29749
1786435800,29760.75,29730,29731.5
1786436100,29738.75,29723.25,29728
1786436400,29737,29718,29733.5
1786436700,29748.5,29733,29733
1786437000,29745.75,29717.5,29723
1786437300,29736.25,29717.75,29736
1786437600,29755,29731,29754
1786437900,29763.75,29749.5,29757.25
1786438200,29763.5,29750.75,29758
1786438500,29758.25,29742,29749
1786438800,29754,29724.5,29738.75
1786439100,29756.25,29719.25,29721.25
1786439400,29734.75,29718.5,29732.75
1786439700,29760,29731.25,29758.25
1786440000,29765.75,29747.5,29753.25
1786440300,29762.25,29743,29759.25
1786440600,29774.75,29755,29767.25
1786440900,29775.75,29763.5,29772.75
1786441200,29784.25,29767.5,29768
1786441500,29781.25,29768,29774
1786441800,29773.5,29764.25,29767.25
1786442100,29773,29764.25,29769.5
1786442400,29774.75,29760.25,29761
1786442700,29765.75,29751.25,29764.75
1786443000,29765.25,29754.75,29755.75
1786443300,29774.25,29749.5,29774
1786443600,29807.5,29772.25,29799.25
1786443900,29833.25,29795.5,29821.5
1786444200,29823.75,29804.5,29811.25
1786444500,29814.5,29803,29803.5
1786444800,29818,29801.75,29815
1786445100,29828,29811,29826.5
1786445400,29826.75,29816.5,29816.5
1786445700,29818.75,29813,29817.75
1786446000,29887,29817.25,29879
1786446300,29886.5,29869,29876.75
1786446600,29883,29867.25,29872.25
1786446900,29873.5,29837.25,29839.25
1786447200,29846.25,29830.5,29831.5
1786447500,29840,29828.5,29834.5
1786447800,29836.75,29816.25,29821.25
1786448100,29828.5,29810.5,29817.5
1786448400,29835.5,29812.75,29825
1786448700,29827.75,29812,29823
1786449000,29835.5,29823,29833
1786449300,29834.25,29825.75,29832.5
1786449600,29834.75,29819,29830.25
1786449900,29854.25,29829.75,29853.25
1786450200,29864.75,29852.5,29861.75
1786450500,29871.5,29855.25,29862.75
1786450800,29871,29820.5,29823
1786451100,29835,29822.75,29829
1786451400,29837.5,29819.75,29831.5
1786451700,29857.5,29830.5,29853
1786452000,29856.75,29841.75,29846.25
1786452300,29853.75,29839,29841.25
1786452600,29843.25,29827.75,29838.75
1786452900,29846.5,29832,29832.25
1786453200,29852,29830.5,29836.25
1786453500,29849.75,29836,29845.75
1786453800,29847.5,29820.25,29828
1786454100,29839.5,29813,29829.5
1786454400,29837.5,29822,29831.25
1786454700,29846,29816,29839.75
1786455000,29842.75,29726.25,29736.5
1786455300,29743,29678.75,29701.75
1786455600,29756.5,29700.5,29723.5
1786455900,29725.25,29636,29660.75
1786456200,29696.25,29642.75,29663.25
1786456500,29735,29656.75,29732.5
1786456800,29770.75,29718.25,29756.5
1786457100,29793,29751.75,29778.5
1786457400,29790.5,29756.75,29762.25
1786457700,29791,29738.5,29748.75
1786458000,29773.75,29736.75,29748.5
1786458300,29782,29742.5,29777.75
1786458600,29785,29733,29772.5
1786458900,29778,29742.5,29744.5
1786459200,29759.25,29723.25,29742.25
1786459500,29783.5,29739.75,29780.25
1786459800,29805,29765.5,29794.25
1786460100,29804,29770.75,29776.25
1786460400,29793,29771.25,29776.75
1786460700,29777,29712.25,29713.75
1786461000,29728,29703.25,29712
1786461300,29719.25,29697.25,29709
1786461600,29735.5,29702.25,29707.25
1786461900,29722.25,29700.25,29703
1786462200,29719.5,29666.25,29674.25
1786462500,29693.25,29666.75,29670.75
1786462800,29695,29664,29693.5
1786463100,29693.75,29667.5,29667.5
1786463400,29685.5,29660.25,29666
1786463700,29676,29658.25,29663
1786464000,29674.5,29647,29652.5
1786464300,29681.75,29651,29679.75
1786464600,29682,29649,29652.5
1786464900,29669.75,29643.25,29648.25
1786465200,29661.25,29640,29643.25
1786465500,29647.25,29622,29646
1786465800,29651,29631.5,29634
1786466100,29665.5,29632.25,29661.5
1786466400,29662,29633,29636.75
1786466700,29638.5,29616,29632.5
1786467000,29643.25,29630.25,29641.5
1786467300,29642.5,29622.25,29625.75
1786467600,29634.75,29604.25,29605.75
1786467900,29624.75,29602.5,29613
1786468200,29613.25,29577.25,29578.25
1786468500,29608,29573,29600.5
1786468800,29617.5,29592.25,29607.75
1786469100,29618.5,29598.5,29606.5
1786469400,29615,29599,29614.25
1786469700,29628.5,29604.75,29611.25
1786470000,29638.25,29609,29634.75
1786470300,29641,29624.5,29629.75
1786470600,29639.75,29630,29638.75
1786470900,29639.5,29622.5,29629
1786471200,29635.75,29617.25,29629.75
1786471500,29634.25,29601.25,29604.75
1786471800,29615,29602.5,29607.75
1786472100,29614.25,29601.25,29604.5
1786472400,29604.5,29574,29583.5
1786472700,29587.5,29533.5,29544.25
1786473000,29570,29540.75,29568.25
1786473300,29576.75,29556,29562.75
1786473600,29563,29543.25,29548.5
1786473900,29589,29548.25,29585.25
1786474200,29599.5,29580.25,29594.75
1786474500,29597,29582.5,29582.5
1786474800,29596.25,29575.25,29593
1786475100,29593.75,29571.5,29583.25
1786475400,29614.75,29580,29607.75
1786475700,29615.25,29601.75,29605.5
1786476000,29617.25,29602.75,29612.75
1786476300,29627.25,29606.25,29624.25
1786476600,29639,29620,29637
1786476900,29660,29632,29659.5
1786477200,29660.25,29637.25,29639.75
1786477500,29643,29619.75,29627.5
1786477800,29649,29606.75,29645.75
1786478100,29650,29612.25,29635.5
1786478400,29652,29617.25,29621.25
1786478700,29635.5,29620,29632
1786479000,29641.25,29615,29640.25
1786479300,29652.5,29639.25,29649.5
1786479600,29669.75,29649.25,29665.5
1786479900,29677,29663.25,29674.5
1786480200,29677.5,29668,29669.5
1786480500,29673.75,29665.75,29668.75
1786480800,29671.25,29665,29670.75
1786481100,29671.5,29660.25,29661.5
1786481400,29662.75,29651.5,29656.75
1786481700,29659.75,29643.5,29647.25
1786485600,29664,29628.5,29643.25
1786485900,29647.5,29632.25,29640.5
1786486200,29660.25,29631,29658.75
1786486500,29661.5,29651.75,29654.75
1786486800,29657.5,29653.25,29655.5
1786487100,29657,29650.25,29654.25
1786487400,29667.25,29642,29650.75
1786487700,29656,29648.75,29649.5
1786488000,29652.75,29636.75,29639
1786488300,29648.25,29633.75,29643.75
1786488600,29650.75,29640,29647.75
1786488900,29654,29647.25,29649.75
1786489200,29655,29644.25,29649.25
1786489500,29652.25,29638,29649.25
1786489800,29650.5,29640,29643
1786490100,29646.25,29640.5,29642.75
1786490400,29647,29641.5,29644.5
1786490700,29654.75,29643.75,29652.5
1786491000,29653,29636,29641.5
1786491300,29643.75,29636,29637.75
1786491600,29642.75,29638,29640.5
1786491900,29642.75,29634,29635
1786492200,29662.5,29635,29656
1786492500,29665.25,29653.75,29662.5
1786492800,29671.5,29625,29639.5
1786493100,29648,29625.75,29634.25
1786493400,29650.75,29626.25,29650
1786493700,29668.75,29638.25,29666.75
1786494000,29676,29660,29673
1786494300,29675.75,29660.75,29664.75
1786494600,29674.5,29656.5,29668.5
1786494900,29681.5,29653.75,29656.5
1786495200,29666,29652.5,29661.5
1786495500,29672,29655.5,29664
1786495800,29667.75,29656.5,29660.75
1786496100,29670.25,29659.25,29667.5
1786496400,29677,29659.75,29675.5
1786496700,29681,29662.25,29679.5
1786497000,29680.75,29671.25,29674
1786497300,29675.5,29653.25,29662.5
1786497600,29664,29639,29647.5
1786497900,29666.25,29641.75,29663
1786498200,29663,29646.25,29647
1786498500,29659.5,29645.25,29649.25
1786498800,29678.75,29648,29678.25
1786499100,29680.75,29667.75,29678.5
1786499400,29684.75,29664.25,29672
1786499700,29672,29646,29658.5
1786500000,29671,29656,29661
1786500300,29663,29649.5,29657.75
1786500600,29662.25,29651.25,29657.75
1786500900,29665.75,29654,29664
1786501200,29665.75,29657.25,29658.5
1786501500,29678.5,29658.5,29677
1786501800,29693.75,29675.25,29688.25
1786502100,29693,29687,29688
1786502400,29694.5,29686.25,29688
1786502700,29699.25,29687.75,29698.75
1786503000,29701.25,29694.5,29699.75
1786503300,29703.75,29696.5,29702.25
1786503600,29710.5,29700.5,29703.75
1786503900,29707.75,29695,29699
1786504200,29708.75,29698.25,29706
1786504500,29708.5,29696.25,29699.25
1786504800,29704.25,29694,29696
1786505100,29705,29695.5,29702.75
1786505400,29705,29697.25,29699
1786505700,29704.75,29692.5,29696
1786506000,29698,29688.5,29691.75
1786506300,29701.25,29691.75,29701
1786506600,29701,29684,29687.25
1786506900,29696.25,29686.25,29694.5
1786507200,29700.25,29689,29699.25
1786507500,29704,29691.5,29694.5
1786507800,29698,29691.5,29697
1786508100,29698.25,29691,29691.75
1786508400,29702,29689.75,29700.5
1786508700,29702.75,29695.75,29697.5
1786509000,29699.5,29683,29687.75
1786509300,29699.25,29687,29696.5
1786509600,29698.25,29692,29697.25
1786509900,29715,29691.5,29712.25
1786510200,29714.25,29709,29711
1786510500,29716.75,29710.75,29713.5
1786510800,29714.5,29700.25,29702
1786511100,29704.5,29688.75,29696
1786511400,29696.75,29684.75,29684.75
1786511700,29691.25,29676.5,29685
1786512000,29686,29668,29680.75
1786512300,29689.25,29680,29688.25
1786512600,29706,29686.5,29704.25
1786512900,29707.75,29701.25,29704.75
1786513200,29708.75,29698.5,29700
1786513500,29704,29697,29703
1786513800,29713.25,29699.25,29713
1786514100,29718.5,29710.25,29715.5
1786514400,29724.25,29713,29723.25
1786514700,29724.5,29718,29721.25
1786515000,29723.5,29707,29713.75
1786515300,29721,29704.5,29717.75
1786515600,29719.5,29698.75,29702.25
1786515900,29713,29697.75,29709.75
1786516200,29718,29705.25,29714.75
1786516500,29730.5,29712.5,29725.25
1786516800,29725.75,29709,29718.5
1786517100,29734.75,29717.75,29727
1786517400,29730.75,29724.25,29724.75
1786517700,29737.5,29722.5,29736.25
1786518000,29750.25,29735,29746.75
1786518300,29754.75,29741.75,29743.5
1786518600,29748.75,29738.25,29741
1786518900,29748.25,29737.5,29738
1786519200,29739.5,29731.75,29733.75
1786519500,29742,29728,29738.75
1786519800,29739.75,29729.75,29732.5
1786520100,29744.25,29732.25,29739.25
1786520400,29742.75,29733,29741
1786520700,29741.5,29730.5,29730.75
1786521000,29738,29730.25,29734.75
1786521300,29751,29733,29750.75
1786521600,29781.25,29748,29772.75
1786521900,29776.75,29763,29767.25
1786522200,29773,29765.5,29771
1786522500,29781.5,29763.5,29779.5
1786522800,29792.75,29778,29791.75
1786523100,29791.75,29782.75,29785.75
1786523400,29787,29762.5,29765.5
1786523700,29775.75,29763.75,29775
1786524000,29778.25,29769.5,29774
1786524300,29791.75,29771,29791.75
1786524600,29797.75,29791,29797
1786524900,29799.5,29793,29793.5
1786525200,29809,29793,29804.75
1786525500,29811.75,29797.75,29809.75
1786525800,29812,29806.5,29808
1786526100,29815.75,29804.25,29808.5
1786526400,29847.5,29804.5,29845.25
1786526700,29849,29817,29823.5
1786527000,29838.75,29822.75,29830.75
1786527300,29839,29828.75,29834.25
1786527600,29837.5,29828.25,29829
1786527900,29830.75,29815.25,29819.75
1786528200,29834.75,29803.5,29804
1786528500,29817,29802.5,29815.75
1786528800,29828.25,29814.5,29824.5
1786529100,29828.75,29818.25,29825
1786529400,29842.5,29824.25,29838.25
1786529700,29840,29833.5,29837.75
1786530000,29845.25,29837.5,29843.25
1786530300,29844.5,29833.5,29839
1786530600,29841,29833,29839.25
1786530900,29840.25,29832.25,29836
1786531200,29844,29835.25,29841.25
1786531500,29841.5,29782.25,29814.75
1786531800,29820.75,29803.25,29817.25
1786532100,29819.25,29807.25,29815.5
1786532400,29831,29813.75,29822
1786532700,29837.75,29818.25,29836.25
1786533000,29836.75,29821.25,29821.25
1786533300,29822,29807.5,29809.25
1786533600,29818,29805.5,29805.75
1786533900,29819,29805.5,29810.5
1786534200,29824.5,29806,29821.25
1786534500,29827.75,29806,29827
1786534800,29832,29824,29825.5
1786535100,29828.25,29819.5,29823.5
1786535400,29836.25,29819,29832.25
1786535700,29847.75,29832.25,29845.5
1786536000,29858,29836.75,29849.75
1786536300,29850.5,29831,29832.5
1786536600,29839.5,29829,29829.5
1786536900,29843.25,29820.75,29829.75
1786537200,29846.5,29825.5,29842.75
1786537500,29917.5,29836.75,29909.5
1786537800,29950,29745,29898
1786538100,29924,29873.75,29922.5
1786538400,29934.25,29913.75,29917.5
1786538700,29921.75,29900.75,29908.5
1786539000,29922.25,29900,29917.5
1786539300,29922,29906.5,29919.75
1786539600,29932.75,29916.25,29926.5
1786539900,29941.5,29922.5,29929.5
1786540200,29940,29925.75,29940
1786540500,29963,29935.75,29961.5
1786540800,29981.75,29961,29970.25
1786541100,29992.25,29957,29991.75
1786541400,30001.5,29877.5,29878.25
1786541700,29942.25,29866.5,29890
1786542000,29905.75,29853.25,29899.75
1786542300,29970,29870.25,29961.25
1786542600,29962.75,29885.75,29896
1786542900,29921.75,29860,29907.25
1786543200,29914.5,29856.25,29857
1786543500,29930,29848.25,29920.75
1786543800,29937,29884.25,29893.5
1786544100,29918.25,29876.5,29878
1786544400,29924.5,29864.25,29921.25
1786544700,29946.25,29903.75,29916.5
1786545000,29924.75,29835.75,29878
1786545300,29928.75,29861.75,29921
1786545600,29928,29894.5,29924.75
1786545900,29931.75,29890.25,29904
1786546200,29904.75,29855.75,29861.5
1786546500,29879.25,29848.5,29867.25
1786546800,29878.75,29838.75,29851.25
1786547100,29879.25,29841.25,29870.5
1786547400,29891.25,29848.5,29879.5
1786547700,29887.5,29862.25,29870.75
1786548000,29878,29845,29849.25
1786548300,29874.5,29843.5,29874.5
1786548600,29880,29818.75,29832
1786548900,29858.25,29830,29833
1786549200,29843,29818.75,29828.5
1786549500,29847.5,29819,29847
1786549800,29854,29834.25,29837.5
1786550100,29843.5,29829.25,29831.75
1786550400,29863.5,29829,29850.5
1786550700,29872.5,29845.25,29871.5
1786551000,29878.25,29860,29873.25
1786551300,29876.5,29858,29861.75
1786551600,29884,29858,29881.5
1786551900,29888,29868.75,29873.5
1786552200,29880,29850.75,29852
1786552500,29886.25,29851,29885
1786552800,29894.75,29881.25,29885
1786553100,29899,29879.25,29896.5
1786553400,29917.5,29896.25,29911
1786553700,29914,29902.75,29905.5
1786554000,29924.5,29902.5,29919.5
1786554300,29924.5,29907.75,29909
1786554600,29913.25,29896.75,29911.25
1786554900,29911.75,29888.25,29899
1786555200,29910.75,29898,29904.75
1786555500,29920,29903.75,29910
1786555800,29919.75,29900.75,29909.75
1786556100,29917.75,29906.5,29914.25
1786556400,29922.25,29907.75,29915.25
1786556700,29920.5,29910.75,29912.5
1786557000,29924,29903.75,29907.25
1786557300,29913,29901.5,29909.75
1786557600,29915.5,29899.25,29901
1786557900,29904.5,29891,29899.5
1786558200,29918.75,29898.75,29907.5
1786558500,29909.5,29893.25,29901.25
1786558800,29909.75,29889.75,29908.5
1786559100,29914,29892.75,29894.25
1786559400,29912.5,29893.5,29903.25
1786559700,29912.75,29902,29911
1786560000,29928.75,29910,29919
1786560300,29920.5,29909,29918.5
1786560600,29923.25,29909,29909.25
1786560900,29909.25,29884.75,29890.25
1786561200,29903,29888.5,29891
1786561500,29905,29890,29892.25
1786561800,29894.25,29877.5,29884.25
1786562100,29898.5,29882,29889.25
1786562400,29890.25,29864.75,29865.5
1786562700,29874,29856,29867.5
1786563000,29868.25,29852,29859
1786563300,29864.25,29850.75,29853.75
1786563600,29855,29831.75,29849.75
1786563900,29868.5,29840.5,29865.5
1786564200,29870,29838.75,29856.25
1786564500,29862,29825.5,29853
1786564800,29880.5,29846.5,29869.25
1786565100,29906,29854.5,29863.5
1786565400,29865.75,29831.25,29847
1786565700,29851.5,29829.75,29830.25
1786566000,29836.5,29824,29826.75
1786566300,29827.25,29814,29819.5
1786566600,29822,29809.5,29818
1786566900,29823.5,29813.25,29820
1786567200,29822.75,29817,29820.5
1786567500,29821.25,29812.5,29814
1786567800,29823,29812.75,29813.5
1786568100,29814.75,29802,29807.25
1786572000,29832.75,29806,29809.25
1786572300,29826.25,29805.75,29818.5
1786572600,29822.5,29800.5,29805.5
1786572900,29809,29791.75,29793.25
1786573200,29802.5,29788.5,29798.25
1786573500,29800,29784,29793.75
1786573800,29793.75,29781.5,29786
1786574100,29788.5,29780.5,29787.5
1786574400,29796,29786.25,29792.25
1786574700,29804,29788.25,29797.25
1786575000,29801,29795.25,29800.5
1786575300,29801,29795,29797.25
1786575600,29808,29796.25,29802.75
1786575900,29807.75,29802,29806.25
1786576200,29817.25,29805.25,29809.25
1786576500,29810.5,29804.5,29809
1786576800,29812.75,29807.25,29808.25
1786577100,29809.25,29801.75,29805.5
1786577400,29806,29792.5,29799
1786577700,29813.75,29797.25,29812.5
1786578000,29816.25,29803.5,29811
1786578300,29812.75,29793,29795
1786578600,29809.5,29794.25,29807
1786578900,29808,29797.5,29805.25
1786579200,29856.5,29796.5,29841.25
1786579500,29864.25,29839,29855
1786579800,29861.5,29846.25,29847
1786580100,29862.25,29838.5,29861.25
1786580400,29866.5,29850.5,29861
1786580700,29865,29838,29838.75
1786581000,29852.75,29826.75,29837.5
1786581300,29842.75,29830.25,29841.5
1786581600,29845.75,29832,29841.75
1786581900,29849.75,29831.25,29848.5
1786582200,29850,29830,29834.75
1786582500,29850,29829,29845.75
1786582800,29849.75,29821.25,29830.5
1786583100,29844.25,29829,29841.75
1786583400,29852.25,29826.25,29830.5
1786583700,29838.25,29823.75,29834.25
1786584000,29835.5,29821.75,29828
1786584300,29828.5,29808.25,29817.75
1786584600,29837.75,29813.75,29835.75
1786584900,29843.75,29834,29840
1786585200,29843.25,29828.5,29836.75
1786585500,29841.5,29828,29830.25
1786585800,29856.75,29829.5,29855
1786586100,29865.75,29853.25,29857.5
1786586400,29872,29853.75,29859.75
1786586700,29871.75,29857.25,29862.75
1786587000,29865.75,29859.5,29862
1786587300,29868,29858.5,29861.75
1786587600,29869.5,29857,29863.75
1786587900,29869,29858.75,29861.75
1786588200,29862.75,29831,29834.25
1786588500,29856.75,29833.75,29854.75
1786588800,29877.75,29854,29873.75
1786589100,29874.75,29866,29870
1786589400,29872,29865,29869.75
1786589700,29875,29866.5,29868.75
1786590000,29873.75,29865.5,29868.75
1786590300,29876,29868,29870.75
1786590600,29875.5,29868,29874
1786590900,29879.5,29871.5,29876.5
1786591200,29878.75,29871.25,29874.25
1786591500,29877.5,29871.25,29874
1786591800,29877,29865.5,29870
1786592100,29880.25,29868.75,29875.25
1786592400,29876.75,29872.5,29875.75
1786592700,29881,29875.25,29876.25
1786593000,29880.25,29876,29878.75
1786593300,29880,29875,29878.25
1786593600,29886.25,29876.25,29882.25
1786593900,29889.5,29881,29889
1786594200,29892.25,29869,29870
1786594500,29873.75,29868,29871.5
1786594800,29871.25,29854,29867.25
1786595100,29884,29867.5,29876.75
1786595400,29888.75,29876,29886.75
1786595700,29895.75,29880.75,29881.75
1786596000,29886,29876.5,29879
1786596300,29894,29873,29889.5
1786596600,29895,29887.75,29890.5
1786596900,29892,29877.5,29878.5
1786597200,29897.5,29874,29894.5
1786597500,29902.25,29892,29901.25
1786597800,29916.75,29899.5,29915
1786598100,29921.5,29909.25,29910.75
1786598400,29919.75,29908,29911
1786598700,29922.5,29910.5,29920.75
1786599000,29924.25,29902.25,29912.5
1786599300,29915.25,29896.75,29907.25
1786599600,29912.5,29898.5,29903
1786599900,29908.5,29899,29904.75
1786600200,29908.5,29895.25,29898
1786600500,29903,29882.5,29883.75
1786600800,29887.5,29868.5,29880.5
1786601100,29887.5,29877.5,29886.5
1786601400,29896.5,29880.25,29893
1786601700,29897.5,29885.25,29894.25
1786602000,29905.25,29891.5,29904.5
1786602300,29905.75,29892.25,29897.5
1786602600,29905.5,29885.75,29889.5
1786602900,29894.25,29874.25,29876.25
1786603200,29878,29860.75,29862.75
1786603500,29868.25,29858.5,29862
1786603800,29873,29862,29869.25
1786604100,29890.5,29867.5,29888.25
1786604400,29893.5,29852.25,29856.5
1786604700,29858,29845.5,29851.5
1786605000,29855,29843.75,29853
1786605300,29863.25,29847.5,29855.75
1786605600,29872.75,29851,29870.25
1786605900,29873.5,29865,29871
1786606200,29872.5,29863.25,29863.25
1786606500,29876,29861,29874.25
1786606800,29882,29869.5,29879.5
1786607100,29881,29866,29873.25
1786607400,29875.75,29863.5,29864.75
1786607700,29868,29858,29860
1786608000,29872,29828.75,29833.5
1786608300,29866.5,29833,29847.5
1786608600,29848,29829.75,29838.25
1786608900,29848.75,29827.5,29848.25
1786609200,29853.5,29838.75,29852.75
1786609500,29864.75,29851.75,29858.5
1786609800,29861.75,29851.75,29858.25
1786610100,29860.25,29846,29858
1786610400,29865.75,29850.25,29862.75
1786610700,29865,29854.5,29857
1786611000,29875.25,29855.75,29861.75
1786611300,29871.25,29859.25,29861.5
1786611600,29868.5,29851.75,29856.75
1786611900,29858,29845.5,29847.5
1786612200,29854.25,29832.5,29832.5
1786612500,29840.75,29821.25,29840
1786612800,29849.75,29837.5,29847.25
1786613100,29849,29835,29837.5
1786613400,29856.25,29836.25,29854.25
1786613700,29857.5,29849,29851.5
1786614000,29861.75,29851,29860.75
1786614300,29865.5,29857.5,29863.75
1786614600,29873.75,29862.75,29871.5
1786614900,29879.75,29869.75,29877.5
1786615200,29877.75,29863.75,29866
1786615500,29877,29863,29871
1786615800,29878.25,29869,29875
1786616100,29881.5,29873.25,29878.25
1786616400,29884.5,29871.75,29871.75
1786616700,29878.25,29864,29872.5
1786617000,29881.25,29869.75,29871
1786617300,29877.75,29868.25,29874.5
1786617600,29878,29871.75,29877.75
1786617900,29885,29874.75,29882.75
1786618200,29886.25,29875.25,29884.5
1786618500,29885,29880.5,29880.5
1786618800,29892.25,29877.25,29879.75
1786619100,29887,29875.5,29877.75
1786619400,29880,29870,29872.5
1786619700,29876,29856.75,29861.5
1786620000,29866.25,29859.25,29863.5
1786620300,29864.5,29855.25,29862.25
1786620600,29873.75,29856.75,29871.75
1786620900,29885,29867.5,29883.75
1786621200,29888.75,29876,29888
1786621500,29895,29885.25,29888
1786621800,29889,29867,29884.25
1786622100,29886.25,29867.75,29869
1786622400,29872,29839.25,29840.25
1786622700,29854.25,29838.25,29847.25
1786623000,29850.75,29831.5,29841
1786623300,29841,29813,29816.5
1786623600,29830,29816.75,29826
1786623900,29868.25,29814.75,29836.75
1786624200,29894,29820,29846.5
1786624500,29856.25,29840,29853.25
1786624800,29872,29836.25,29846
1786625100,29864.75,29839.5,29858.25
1786625400,29877,29854.25,29872.75
1786625700,29881.5,29868.75,29880.75
1786626000,29910.75,29878.75,29909
1786626300,29921,29905.25,29918
1786626600,29918.5,29902.5,29908.5
1786626900,29910.5,29899.75,29907.5
1786627200,29915.5,29903,29907.75
1786627500,29920,29904.25,29910.25
1786627800,29947,29862.75,29945.75
1786628100,30040,29940,30038.5
1786628400,30053.75,29995.5,30013
1786628700,30145.5,30005.5,30135
1786629000,30155.5,30119,30145.75
1786629300,30181,30120,30175.75
1786629600,30186.25,30155.75,30176.5
1786629900,30190.25,30160.5,30179.5
1786630200,30214.5,30178.25,30205.5
1786630500,30219,30194.25,30197.75
1786630800,30216.75,30185,30205.5
1786631100,30237.75,30198,30233.5
1786631400,30266.75,30227.5,30263
1786631700,30267,30240.25,30251.5
1786632000,30260.75,30232.5,30236
1786632300,30241.5,30212,30218.5
1786632600,30228.75,30208,30227
1786632900,30227.5,30197.75,30199.5
1786633200,30233.5,30194,30198.5
1786633500,30224,30198,30214.25
1786633800,30229.75,30206,30217.5
1786634100,30226.75,30202.25,30226.25
1786634400,30240.25,30220.5,30230.75
1786634700,30236,30179.25,30188.5
1786635000,30198.25,30143.5,30146
1786635300,30166,30128.5,30151.75
1786635600,30177,30131.25,30156.75
1786635900,30156.75,30125.5,30140.5
1786636200,30142.5,30104,30119.75
1786636500,30137.25,30104.75,30115.25
1786636800,30165.75,30114,30150.25
1786637100,30173.25,30150.25,30164.5
1786637400,30172.5,30138.5,30141.5
1786637700,30152,30133.25,30143.75
1786638000,30169.25,30136.75,30165.25
1786638300,30189.25,30163.75,30187
1786638600,30199.75,30184,30187.5
1786638900,30194.75,30168,30176
1786639200,30187.75,30170,30183.5
1786639500,30196,30182.5,30192.25
1786639800,30203.5,30181.25,30181.5
1786640100,30194,30176.25,30193.5
1786640400,30219.75,30192.75,30218.25
1786640700,30232.25,30216.5,30227
1786641000,30233,30223.75,30226
1786641300,30243.5,30224.25,30243
1786641600,30250.25,30235.5,30240.75
1786641900,30246.25,30235.75,30237.5
1786642200,30244.5,30230,30234
1786642500,30237,30221,30225.25
1786642800,30231.5,30212.25,30214.5
1786643100,30228.25,30213.75,30217.25
1786643400,30222.25,30205,30207
1786643700,30219.5,30203.5,30204.25
1786644000,30212,30201,30207.5
1786644300,30215.5,30194.25,30197.25
1786644600,30204.75,30189.25,30201.25
1786644900,30208,30192.75,30195
1786645200,30201,30181,30184
1786645500,30195.75,30183.25,30192
1786645800,30220.5,30191.5,30215.75
1786646100,30223,30212.25,30220.25
1786646400,30236.75,30216.25,30228.5
1786646700,30243,30228.25,30239.75
1786647000,30244,30231.25,30239.25
1786647300,30246,30236,30244
1786647600,30255,30241.5,30246.25
1786647900,30273.25,30239.5,30266.75
1786648200,30267.5,30231.75,30238.75
1786648500,30241,30221.25,30240.5
1786648800,30245.75,30232.25,30233
1786649100,30235.25,30214.75,30222.75
1786649400,30227.75,30210.75,30216.25
1786649700,30224,30212,30219.75
1786650000,30223.25,30202.75,30204.75
1786650300,30207.5,30194.75,30201.75
1786650600,30205.25,30182.75,30191.75
1786650900,30197.75,30173.5,30194.75
1786651200,30218,30141,30204
1786651500,30219.5,30193,30200.5
1786651800,30214.75,30195,30208.75
1786652100,30214.25,30202,30204
1786652400,30204.75,30191.25,30197
1786652700,30206.5,30193.75,30198.5
1786653000,30208.75,30194.5,30202.75
1786653300,30212.75,30200.5,30212.25
1786653600,30215.5,30207,30209.75
1786653900,30214.25,30206.5,30210
1786654200,30215.5,30208.5,30213.25
1786654500,30219.5,30209.5,30216.25
1786658400,30218,30186.75,30200.75
1786658700,30216.5,30195.5,30199.75
1786659000,30203.5,30192,30196.5
1786659300,30206.5,30189.75,30203.25
1786659600,30204.5,30190.25,30197.5
1786659900,30200,30195.75,30198.25
1786660200,30206.75,30197.5,30205.5
1786660500,30209.25,30201.5,30202
1786660800,30210,30201.5,30207.25
1786661100,30207.5,30199.75,30201
1786661400,30207,30200,30203.25
1786661700,30204.75,30200.5,30204.5
1786662000,30205.75,30199.25,30204.25
1786662300,30214.25,30204,30212.75
1786662600,30225.75,30212.75,30224.75
1786662900,30227.25,30207,30213.25
1786663200,30214.25,30192.25,30198.75
1786663500,30203.75,30197.5,30199
1786663800,30204.25,30195.25,30201.5
1786664100,30203.5,30195,30197.5
1786664400,30201.75,30193,30196.5
1786664700,30203.25,30188.75,30195.75
1786665000,30199.25,30192.5,30197.75
1786665300,30205.25,30196,30203.25
1786665600,30232.5,30198.75,30228.25
1786665900,30232,30196,30211
1786666200,30213.5,30198.75,30200.5
1786666500,30204.5,30178,30184.25
1786666800,30190,30179.75,30181.75
1786667100,30192,30177,30185
1786667400,30191.75,30173.75,30182.75
1786667700,30189,30180,30186
1786668000,30190,30175.75,30178.5
1786668300,30186.75,30171.5,30173.5
1786668600,30181,30167.75,30171.75
1786668900,30174.75,30165.25,30169.75
1786669200,30169.75,30128.25,30136.5
1786669500,30152,30135.75,30144.25
1786669800,30145.25,30124.25,30128.75
1786670100,30137.5,30124.25,30134.75
1786670400,30153.75,30128.75,30143.75
1786670700,30154.75,30133.25,30152.5
1786671000,30155.25,30140.5,30149.25
1786671300,30160.25,30146,30157
1786671600,30164.75,30152.5,30160.25
1786671900,30168.25,30159,30164.25
1786672200,30168.5,30151.25,30154.25
1786672500,30158.25,30149.5,30151.75
1786672800,30173.25,30149,30168
1786673100,30170.25,30160.5,30164.75
1786673400,30172,30162.5,30167.5
1786673700,30170.25,30156.25,30158.5
1786674000,30170,30156.25,30164.75
1786674300,30168.75,30159.25,30168
1786674600,30177,30167,30175
1786674900,30181,30173,30173
1786675200,30180.25,30168.5,30174.5
1786675500,30179.5,30159.5,30161.75
1786675800,30165.75,30157.75,30159.75
1786676100,30160.75,30149,30154.25
1786676400,30158,30150.75,30151
1786676700,30160.5,30151,30159.75
1786677000,30165.25,30157,30162.5
1786677300,30169.75,30161,30167.25
1786677600,30175.75,30165.75,30175.25
1786677900,30180.75,30174,30180
1786678200,30188.25,30166,30166.5
1786678500,30167.5,30160.25,30161.5
1786678800,30163.5,30155.5,30158.25
1786679100,30162.75,30154.25,30158
1786679400,30162,30154.75,30157
1786679700,30160.5,30151.75,30152.25
1786680000,30156.25,30144.25,30151.5
1786680300,30161,30149.5,30153.25
1786680600,30160.75,30147.5,30155.5
1786680900,30164,30154.5,30158.75
1786681200,30160.75,30150.25,30157.5
1786681500,30165.5,30155,30157.75
1786681800,30159.5,30147.25,30148.25
1786682100,30154.75,30136.5,30153.5
1786682400,30164,30148.75,30154.5
1786682700,30155.25,30147,30150.25
1786683000,30150,30145,30148.25
1786683300,30150.75,30145,30147.25
1786683600,30152.25,30136.25,30136.25
1786683900,30139.75,30128.25,30133.25
1786684200,30145.5,30128,30143
1786684500,30153.75,30138,30143.25
1786684800,30151.25,30141.25,30150.25
1786685100,30152,30144,30149.75
1786685400,30155.75,30140,30153
1786685700,30164.5,30151.75,30161.25
1786686000,30168,30152.25,30166.75
1786686300,30175,30164.75,30172.75
1786686600,30178.25,30170.5,30178
1786686900,30184,30172.75,30174
1786687200,30178.5,30149.5,30152.5
1786687500,30162.75,30152.25,30156.5
1786687800,30159.25,30151,30152.5
1786688100,30161,30145.75,30159.5
1786688400,30160.25,30150.25,30159
1786688700,30164.75,30153.75,30162.5
1786689000,30165.5,30153.5,30155
1786689300,30161,30149.25,30155
1786689600,30160.75,30152.5,30160
1786689900,30169,30160,30167
1786690200,30175.75,30167,30171.5
1786690500,30177.5,30168.75,30172.5
1786690800,30193.5,30171.25,30190.5
1786691100,30194.5,30178.25,30190
1786691400,30192,30171,30175.25
1786691700,30181.75,30174,30179.75
1786692000,30181.25,30171,30177.75
1786692300,30180.5,30172,30176.75
1786692600,30188,30173,30185.75
1786692900,30191.5,30182.75,30190.5
1786693200,30203.75,30188.5,30203.25
1786693500,30203.25,30192.75,30196.75
1786693800,30202,30194.25,30197.5
1786694100,30201.75,30191,30194.5
1786694400,30211.25,30187,30206.5
1786694700,30235,30204.75,30227.25
1786695000,30232.75,30208.25,30214
1786695300,30231.75,30206.5,30211.25
1786695600,30215.75,30200.25,30211.75
1786695900,30225.25,30206.75,30225.25
1786696200,30238,30221.5,30232
1786696500,30239,30230.75,30236.75
1786696800,30241,30227.25,30228
1786697100,30244.5,30227.75,30235.25
1786697400,30236.75,30227.5,30227.75
1786697700,30229,30220.5,30221.75
1786698000,30222,30210.25,30216.5
1786698300,30221.5,30212.25,30214.75
1786698600,30220.25,30210.75,30218.75
1786698900,30224.5,30214.5,30222.25
1786699200,30231.75,30216.5,30231.5
1786699500,30232.75,30224.5,30226.5
1786699800,30226.75,30211.5,30214.5
1786700100,30217.75,30206,30216.75
1786700400,30216.5,30207,30210.5
1786700700,30226.25,30207.25,30222.75
1786701000,30232,30220,30226.5
1786701300,30236.5,30223.25,30235
1786701600,30245.5,30233.25,30245.25
1786701900,30249.5,30241.25,30243.5
1786702200,30250,30239,30240.75
1786702500,30241.5,30233.25,30234.5
1786702800,30239.25,30228.25,30237.25
1786703100,30238,30222.5,30229
1786703400,30238.5,30225.5,30234.5
1786703700,30235.75,30226,30232.25
1786704000,30237.75,30223.5,30236.75
1786704300,30241.5,30233,30233.5
1786704600,30248.25,30233.25,30246.75
1786704900,30252.5,30238.75,30251.75
1786705200,30260.5,30246.75,30248.5
1786705500,30262.25,30248.25,30256
1786705800,30258.5,30250.75,30254.25
1786706100,30254.75,30245.25,30248.25
1786706400,30254.75,30241.75,30249.5
1786706700,30254.5,30245,30247.5
1786707000,30255,30238.25,30252.25
1786707300,30259.25,30248.25,30249
1786707600,30252.5,30237.25,30251.25
1786707900,30265,30249.75,30262.75
1786708200,30268,30258,30259.25
1786708500,30267.75,30256,30264
1786708800,30280.25,30260.25,30262.5
1786709100,30268,30255.25,30265.25
1786709400,30265.75,30206.75,30237
1786709700,30238.25,30226.25,30235.5
1786710000,30244,30230.75,30232.75
1786710300,30257,30228.75,30248.75
1786710600,30279.5,30246.75,30272.5
1786710900,30279,30257.5,30264
1786711200,30266.25,30258,30266
1786711500,30274.25,30254,30270.25
1786711800,30278.75,30265.25,30275.25
1786712100,30279.5,30266.25,30268.5
1786712400,30276.5,30261.25,30270.25
1786712700,30287.25,30265,30265.5
1786713000,30266.5,30252.5,30253.5
1786713300,30259.75,30245.25,30246.75
1786713600,30257,30244.75,30254
1786713900,30262,30235.25,30241.5
1786714200,30269.5,30205.75,30206.25
1786714500,30222.75,30170,30221
1786714800,30262.75,30193,30260.5
1786715100,30280.75,30225,30239.25
1786715400,30265.5,30217.5,30238.5
1786715700,30251,30205,30226.5
1786716000,30257.75,30203,30254.25
1786716300,30272.25,30226.5,30234
1786716600,30244.5,30215,30221.25
1786716900,30229.5,30166,30173
1786717200,30193.25,30149.25,30160
1786717500,30170,30134.25,30159.5
1786717800,30163.75,30129,30138.5
1786718100,30176.25,30136,30168.75
1786718400,30169,30141.75,30155.5
1786718700,30166,30142.5,30149.75
1786719000,30166,30143,30144
1786719300,30150.25,30122.75,30122.75
1786719600,30145,30109.25,30123
1786719900,30131.25,30101,30106.75
1786720200,30116.75,30087.5,30090.25
1786720500,30111,30089.75,30104.25
1786720800,30110,30044.5,30047
1786721100,30074.75,30032.5,30072.75
1786721400,30074.5,30040.25,30048.25
1786721700,30065.25,30038.5,30042.5
1786722000,30049.75,30028.5,30049.25
1786722300,30069,30030.75,30037.75
1786722600,30063.75,30025,30056.5
1786722900,30073,30052,30066
1786723200,30084.5,30065.5,30073.5
1786723500,30077.5,30049.75,30059.5
1786723800,30082.5,30057,30080
1786724100,30088.25,30076.25,30082
1786724400,30094.5,30075.5,30093
1786724700,30107.5,30091.5,30101.5
1786725000,30102.25,30065.75,30073.25
1786725300,30097.75,30071,30081.5
1786725600,30082.5,30062.25,30067.25
1786725900,30076.75,30060.75,30074.25
1786726200,30074,30055.5,30062.25
1786726500,30069.75,30054.25,30059
1786726800,30066.75,30052.25,30060.75
1786727100,30074.5,30059,30067.25
1786727400,30079.75,30063.5,30069.25
1786727700,30074.25,30057.25,30068.5
1786728000,30076.5,30050.75,30054.25
1786728300,30066.25,30047,30059.75
1786728600,30072.25,30057,30068.5
1786728900,30072,30051,30057
1786729200,30066,30052,30058.25
1786729500,30064.75,30054.5,30058.25
1786729800,30077.5,30050,30073.5
1786730100,30084.5,30066.25,30081.25
1786730400,30091.75,30072.5,30089
1786730700,30091,30078.75,30088
1786731000,30090.75,30076.75,30079.25
1786731300,30090.75,30078.25,30084.5
1786731600,30093.5,30078.5,30081
1786731900,30087.5,30065,30067.25
1786732200,30076,30062.5,30072.75
1786732500,30079.25,30066,30076
1786732800,30090.25,30073.5,30087.25
1786733100,30089,30078,30087
1786733400,30104,30087,30096.75
1786733700,30097.5,30085.25,30088.25
1786734000,30091,30073,30082.75
1786734300,30094.75,30076.75,30092
1786734600,30093.25,30081,30083.25
1786734900,30092.25,30075,30088
1786735200,30089.5,30080.5,30087
1786735500,30103.75,30085.25,30096.25
1786735800,30104,30091.25,30102
1786736100,30109.5,30096.25,30105.5
1786736400,30115.5,30103.5,30108.75
1786736700,30119.75,30101,30119.5
1786737000,30129.75,30114.25,30126.5
1786737300,30148,30113.75,30144.5
1786737600,30153,30137.5,30146
1786737900,30146.25,30130,30133.5
1786738200,30142.75,30130.75,30133
1786738500,30135.25,30128.25,30131.5
1786738800,30133,30127.25,30129.5
1786739100,30133.25,30126.5,30131.25
1786739400,30143.25,30128.25,30140.75
1786739700,30143.25,30136.75,30137.5
1786740000,30144.5,30137.5,30142.25
1786740300,30147,30138.5,30141.25
1786740600,30147.25,30142.25,30145.75
1786740900,30154.75,30143.75,30154.75
1786917600,30195.25,30166.25,30188
1786917900,30200.5,30187.25,30192.25
1786918200,30203,30188.5,30197
1786918500,30201.25,30192,30194.5
1786918800,30199.25,30189.75,30194
1786919100,30196,30192.25,30193.5
1786919400,30196.5,30189,30195
1786919700,30195.5,30189.75,30193
1786920000,30195,30191,30191.25
1786920300,30206.75,30187.75,30203.75
1786920600,30212,30202.75,30208.25
1786920900,30209.25,30198,30206
1786921200,30207,30199,30203
1786921500,30207.25,30202.5,30204.5
1786921800,30206.75,30195,30196.5
1786922100,30198,30192.25,30194.25
1786922400,30204.5,30191.5,30200.75
1786922700,30200.75,30194.25,30197.75
1786923000,30199.5,30193,30193.75
1786923300,30203,30193,30199.25
1786923600,30206.5,30197.25,30205.5
1786923900,30222,30204.5,30218.25
1786924200,30228,30217.75,30218.75
1786924500,30219.5,30212.75,30215
1786924800,30227.25,30207.75,30215
1786925100,30225,30211.75,30211.75
1786925400,30223.5,30211.25,30218.75
1786925700,30219.25,30189.5,30192
1786926000,30200.5,30191,30197.75
1786926300,30204,30195,30195.5
1786926600,30198.25,30185.25,30190
1786926900,30194,30185.5,30186.5
1786927200,30196.25,30186.5,30190.25
1786927500,30197.5,30185.75,30193.5
1786927800,30199.25,30189.75,30196.25
1786928100,30203,30192,30201.25
1786928400,30227.5,30200,30227.5
1786928700,30237.25,30223.75,30227
1786929000,30227.5,30213.5,30213.75
1786929300,30221.75,30204,30219.75
1786929600,30245,30219.5,30228.75
1786929900,30234.75,30227.75,30229.5
1786930200,30232.75,30199,30204.25
1786930500,30212,30196.5,30211.75
1786930800,30214,30191,30199
1786931100,30203,30192.25,30198.75
1786931400,30199.5,30186.5,30193
1786931700,30195.25,30189,30192
1786932000,30195,30187.5,30189
1786932300,30197.75,30185.75,30196
1786932600,30201.5,30191.75,30200.75
1786932900,30205.5,30197.75,30201.25
1786933200,30222.25,30200,30214.5
1786933500,30218.25,30211,30216.5
1786933800,30225.75,30211.25,30218
1786934100,30219,30212,30217.25
1786934400,30225,30216.25,30221.5
1786934700,30230,30220.25,30224.75
1786935000,30231,30222,30224.25
1786935300,30224.75,30219.75,30221.75
1786935600,30229,30221.25,30229
1786935900,30235,30223.5,30232.75
1786936200,30235,30222.75,30226.5
1786936500,30235.75,30226,30231.25
1786936800,30234.25,30231,30231.25
1786937100,30234.5,30228.75,30234
1786937400,30237.25,30225,30236
1786937700,30240.25,30234,30238.75
1786938000,30249,30237.5,30241
1786938300,30244.5,30239.25,30244.25
1786938600,30245.5,30239.5,30244.25
1786938900,30246.5,30243.25,30246.5
1786939200,30248.5,30243.75,30247
1786939500,30252,30245.25,30247
1786939800,30254.75,30246,30251.5
1786940100,30251.25,30246,30250.5
1786940400,30251.25,30243.25,30244.25
1786940700,30246.25,30240,30240.25
1786941000,30241,30234,30236
1786941300,30240.25,30234.75,30239.25
1786941600,30244.75,30238.5,30244.75
1786941900,30248.75,30240,30240.75
1786942200,30242.5,30233,30235.5
1786942500,30238.75,30234,30235.25
1786942800,30246,30234.25,30241.5
1786943100,30247,30237,30246
1786943400,30246,30238.5,30242.25
1786943700,30246.5,30241.75,30244.25
1786944000,30246,30235.5,30235.5
1786944300,30244.25,30230.25,30244.25
1786944600,30260.25,30237.25,30256.25
1786944900,30259,30249.25,30258.25
1786945200,30262.75,30257.75,30262.75
1786945500,30272.5,30260.5,30271.5
1786945800,30274.25,30266.5,30270
1786946100,30275.25,30268,30272.75
1786946400,30291.5,30267.25,30290.25
1786946700,30295,30289,30291
1786947000,30292,30285.75,30287.5
1786947300,30288.25,30272.25,30276.75
1786947600,30289,30272.5,30286.25
1786947900,30299.75,30285.25,30296.75
1786948200,30310,30293.25,30307.5
1786948500,30323.5,30307,30322.25
1786948800,30327.5,30311.5,30313.75
1786949100,30325.25,30311.25,30325
1786949400,30325.5,30315.5,30316.25
1786949700,30325,30314.5,30324.75
1786950000,30331.75,30306,30311.25
1786950300,30313.25,30297.5,30300.75
1786950600,30302,30273.75,30275.5
1786950900,30277.25,30261,30268.25
1786951200,30275,30264,30269.25
1786951500,30280.5,30260,30280
1786951800,30300.25,30276.75,30296.75
1786952100,30321.75,30296.25,30318.75
1786952400,30324.25,30315.25,30318.25
1786952700,30322.75,30312.5,30313.75
1786953000,30319.25,30307,30309.5
1786953300,30314.5,30305.5,30312.25
1786953600,30318.25,30296.25,30314
1786953900,30320,30300,30319
1786954200,30328,30305,30307
1786954500,30320,30302.75,30303.75
1786954800,30318,30303,30315
1786955100,30319.5,30310,30315
1786955400,30319.5,30308.5,30308.5
1786955700,30318.25,30304.75,30306.25
1786956000,30306.75,30287.5,30288.25
1786956300,30297.5,30287,30293.75
1786956600,30296.5,30283.75,30293.75
1786956900,30306,30290.25,30298.25
1786957200,30303,30289.5,30291.5
1786957500,30296.25,30288,30295.5
1786957800,30299.5,30288.75,30297.5
1786958100,30298.25,30277.75,30283.5
1786958400,30284.25,30271.5,30273.75
1786958700,30277.25,30267,30274.5
1786959000,30280.75,30269,30273.25
1786959300,30282.75,30267.5,30270.25
1786959600,30283,30268.75,30281.75
1786959900,30291.5,30280,30285.25
1786960200,30288.5,30276.25,30286.25
1786960500,30289.75,30280.5,30281
1786960800,30285.5,30278.25,30284.25
1786961100,30292.75,30273.75,30280
1786961400,30304.5,30278.75,30295.25
1786961700,30311,30285,30293.5
1786962000,30295.5,30283.25,30286.5
1786962300,30339.75,30279,30337.5
1786962600,30338.25,30293.75,30297.5
1786962900,30305.25,30292,30302.75
1786963200,30311.5,30298.5,30310.5
1786963500,30311.5,30304.5,30307
1786963800,30313.5,30305.5,30310.25
1786964100,30317.25,30307.5,30315
1786964400,30322.25,30295.75,30310.75
1786964700,30325.25,30310.25,30320
1786965000,30321,30298,30299.75
1786965300,30301.25,30284,30287.75
1786965600,30302,30288.25,30301.75
1786965900,30307.25,30294,30299.25
1786966200,30306,30294.5,30302
1786966500,30302.25,30292.25,30298
1786966800,30306.75,30295.5,30304.5
1786967100,30311,30304.25,30309.5
1786967400,30309.5,30289.75,30295.25
1786967700,30299,30286,30286
1786968000,30288.75,30249.25,30250
1786968300,30272,30246.75,30272
1786968600,30282.25,30266.25,30278.75
1786968900,30280.5,30269,30275.75
1786969200,30280.75,30270,30272.5
1786969500,30277.5,30221.25,30236.5
1786969800,30250.25,30224.5,30230.5
1786970100,30232.25,30194,30195.5
1786970400,30212.75,30183,30190
1786970700,30198,30180,30193.75
1786971000,30211,30185,30197.75
1786971300,30213.5,30192,30202
1786971600,30214.25,30198.75,30206.25
1786971900,30222.75,30206.5,30220.75
1786972200,30227.5,30214.75,30218.75
1786972500,30220,30210.75,30211
1786972800,30214.75,30205.25,30209.25
1786973100,30238.25,30207.25,30218.75
1786973400,30265.75,30190.5,30196.75
1786973700,30239.5,30165.25,30178.75
1786974000,30230.5,30167,30196
1786974300,30228.75,30174.25,30226
1786974600,30254.75,30210.25,30249.25
1786974900,30252.25,30214.75,30234.5
1786975200,30244.25,30186,30207.25
1786975500,30214,30160.5,30196.75
1786975800,30227,30194.75,30224.75
1786976100,30225.75,30173.75,30180.5
1786976400,30185,30156.5,30176.25
1786976700,30199,30166,30197
1786977000,30207.25,30185.75,30203.5
1786977300,30206.75,30187,30194.5
1786977600,30217,30191.5,30203.5
1786977900,30223.5,30199.75,30215.5
1786978200,30232,30202.5,30209.5
1786978500,30246,30208.25,30243.5
1786978800,30276.75,30232.5,30269.5
1786979100,30286.75,30257,30259.25
1786979400,30276.5,30255.75,30257.5
1786979700,30278,30255,30271.75
1786980000,30279,30265,30269.5
1786980300,30277.5,30255.25,30269.25
1786980600,30273,30241,30244
1786980900,30253,30222.5,30224.25
1786981200,30233.25,30201.25,30227.75
1786981500,30233.25,30215.25,30218.25
1786981800,30250,30214.75,30242.75
1786982100,30247.25,30237.75,30239.25
1786982400,30243.75,30215.75,30217.5
1786982700,30222,30200.5,30207.75
1786983000,30215.5,30200,30203.75
1786983300,30218.5,30200.25,30212.5
1786983600,30217.25,30195,30199
1786983900,30210.25,30197.25,30207
1786984200,30213,30193,30197.5
1786984500,30202.75,30193,30201.75
1786984800,30202,30182.25,30183.75
1786985100,30191.25,30178.75,30189.75
1786985400,30192.5,30175.25,30190.25
1786985700,30193.25,30177.5,30183.5
1786986000,30188,30171.5,30173.75
1786986300,30174.25,30155,30160.75
1786986600,30164.25,30128,30129.25
1786986900,30142.25,30115,30129.25
1786987200,30129.75,30095.5,30108.75
1786987500,30116.25,30093.5,30097
1786987800,30113.75,30089.5,30094.5
1786988100,30116.25,30090.75,30092.25
1786988400,30128.5,30086.25,30123.25
1786988700,30127.75,30109,30111
1786989000,30117.5,30105.25,30112
1786989300,30113.5,30096.5,30102
1786989600,30114.5,30089,30093
1786989900,30097.25,30079,30087
1786990200,30107.5,30084,30100.25
1786990500,30104.75,30092.25,30098
1786990800,30107.25,30089.25,30106.25
1786991100,30114,30095,30103.5
1786991400,30110.25,30092.5,30101.5
1786991700,30110,30101.25,30107.25
1786992000,30120,30104,30117.5
1786992300,30125,30115.25,30123.5
1786992600,30136.5,30119.5,30122.25
1786992900,30125,30116.5,30122
1786993200,30124.25,30106.5,30107
1786993500,30114.75,30098,30102.25
1786993800,30104.25,30083.5,30084.5
1786994100,30108,30082,30092.25
1786994400,30097.75,30082.5,30096
1786994700,30114.25,30091.25,30093.25
1786995000,30105,30088.25,30097.5
1786995300,30106,30094.75,30105.75
1786995600,30111.75,30096.5,30102.5
1786995900,30120,30103,30119.5
1786996200,30123.5,30089,30093.75
1786996500,30105.5,30066.5,30091
1786996800,30097.75,30076.75,30079.75
1786997100,30082,30069.75,30080.75
1786997400,30085.25,30077.25,30078
1786997700,30081.75,30068.5,30081.25
1786998000,30082.25,30077.25,30077.5
1786998300,30079.5,30075,30078.25
1786998600,30080.25,30070.75,30073.25
1786998900,30073.75,30060,30065
1786999200,30071.5,30063,30064.5
1786999500,30066.5,30053.25,30058.75
1786999800,30073.25,30057,30073
1787000100,30080.25,30067.75,30080.25
1787004000,30091.5,30069.75,30082
1787004300,30087.75,30071.75,30085.25
1787004600,30086,30070.5,30073.5
1787004900,30079.25,30062,30079.25
1787005200,30087,30072.25,30081
1787005500,30084.25,30075.25,30076
1787005800,30077.25,30068,30071.5
1787006100,30075,30067.25,30068.75
1787006400,30074.75,30067,30071.25
1787006700,30077.25,30069.25,30074
1787007000,30080.25,30072.5,30079.75
1787007300,30083.75,30076,30078.25
1787007600,30080.5,30070,30072.5
1787007900,30086.5,30072.5,30084
1787008200,30087.5,30079.5,30081.5
1787008500,30089.75,30071.5,30082.25
1787008800,30082.75,30076.75,30079.75
1787009100,30085,30076.75,30084
1787009400,30101.25,30081.75,30094.5
1787009700,30100.25,30093,30099.25
1787010000,30099.25,30093.75,30096.5
1787010300,30099.25,30080.5,30086
1787010600,30099.5,30083.75,30097.75
1787010900,30100.5,30093,30095
1787011200,30104,30081.5,30097.75
1787011500,30102,30092.75,30094.75
1787011800,30102,30089.75,30100.25
1787012100,30110.75,30091.25,30109.25
1787012400,30114.25,30106.75,30108.5
1787012700,30110.75,30096.5,30101.25
1787013000,30112.75,30098.25,30110
1787013300,30113.25,30106,30109
1787013600,30113,30100.5,30112.5
1787013900,30115.75,30108,30111.5
1787014200,30124.25,30101,30104.5
1787014500,30106.75,30095,30098.5
1787014800,30103.75,30092,30093.75
1787015100,30104,30089.5,30094.75
1787015400,30110,30094.5,30109.75
1787015700,30109.75,30090,30095.75
1787016000,30103.5,30084.75,30103.5
1787016300,30102.75,30075,30087.25
1787016600,30090,30072,30078.25
1787016900,30095,30074,30074
1787017200,30074.25,30040.5,30049.25
1787017500,30058.25,30016.75,30021.5
1787017800,30022,29968.5,29992.25
1787018100,30013.75,29986,30012.25
1787018400,30021.75,30006.5,30012
1787018700,30014,29989.75,30004.25
1787019000,30007.75,29961.25,29966.25
1787019300,29971.25,29929.75,29954.5
1787019600,29965.75,29933,29938.75
1787019900,29940.5,29920.5,29933
1787020200,29938.5,29916.75,29929
1787020500,29959.5,29925.5,29949
1787020800,29957,29906,29910
1787021100,29918,29879.25,29916.5
1787021400,29921,29899.25,29899.5
1787021700,29913.5,29886.75,29908.5
1787022000,29916,29906,29908.75
1787022300,29915.5,29899,29902.25
1787022600,29904,29888.25,29894.5
1787022900,29897.5,29874,29880.5
1787023200,29887.25,29860,29867.5
1787023500,29886,29864.5,29879.75
1787023800,29879.5,29853,29863
1787024100,29894.5,29858.25,29889.5
1787024400,29898,29885,29895.5
1787024700,29905.5,29883.25,29883.75
1787025000,29915,29881.75,29903.75
1787025300,29904.75,29886,29893
1787025600,29893.75,29871,29871.5
1787025900,29897,29870,29896
1787026200,29899.75,29889.5,29897.75
1787026500,29905.5,29892.25,29900.5
1787026800,29903,29882.25,29883.75
1787027100,29920,29878.75,29911.25
1787027400,29919.25,29903.25,29910.25
1787027700,29921.25,29891.5,29895.5
1787028000,29906,29893.5,29901
1787028300,29911.25,29895.25,29911.25
1787028600,29925.75,29910,29922
1787028900,29927.75,29915.5,29917.75
1787029200,29919.25,29878.75,29887.75
1787029500,29906.25,29885.5,29896.25
1787029800,29897.5,29862,29879.5
1787030100,29884.25,29873.75,29882.25
1787030400,29885.75,29874,29879.25
1787030700,29887.25,29873.5,29875.75
1787031000,29876.75,29863.5,29867.5
1787031300,29876.25,29861.75,29868.25
1787031600,29871.25,29861.5,29865.5
1787031900,29878.25,29861.75,29877.5
1787032200,29881.5,29860.25,29861
1787032500,29870,29820,29840.25
1787032800,29841.5,29798.5,29806.5
1787033100,29810.25,29785.5,29806.75
1787033400,29845,29806,29835.75
1787033700,29841.25,29820,29835.5
1787034000,29858.5,29836,29852
1787034300,29866.75,29844.5,29860
1787034600,29872.75,29852.25,29864.25
1787034900,29876.5,29858.75,29873.25
1787035200,29874.75,29862,29866
1787035500,29878,29862.75,29873.25
1787035800,29878,29866.75,29868.25
1787036100,29895.75,29868.75,29893
1787036400,29894.25,29875,29881.5
1787036700,29897,29871.5,29878
1787037000,29879.5,29861.25,29861.5
1787037300,29871.5,29852.5,29862.25
1787037600,29871.25,29857,29860
1787037900,29865.25,29845.75,29847.25
1787038200,29854.5,29823.25,29825.75
1787038500,29846.75,29821.5,29843.5
1787038800,29849.5,29824.5,29826
1787039100,29834.75,29822.5,29832.25
1787039400,29842,29816.25,29824
1787039700,29827.5,29808.75,29810.25
1787040000,29814.25,29759.5,29762.5
1787040300,29766.25,29737.5,29758
1787040600,29778.5,29740,29766.5
1787040900,29785.5,29766.75,29768.25
1787041200,29773,29735,29740.75
1787041500,29765.25,29735.5,29758.25
1787041800,29781.25,29747.75,29778
1787042100,29793,29775,29784.5
1787042400,29789.75,29769.5,29782.25
1787042700,29783,29745.25,29746
1787043000,29764.25,29743,29756.75
1787043300,29772.75,29747.75,29766.75
1787043600,29778.5,29744.25,29765.25
1787043900,29764.75,29744,29751.25
1787044200,29775,29751.5,29765
1787044500,29771,29735.75,29740
1787044800,29747,29726.75,29728
1787045100,29749,29721.5,29735.25
1787045400,29741,29717.25,29733.25
1787045700,29741.75,29722.25,29726.5
1787046000,29727.5,29698.5,29712
1787046300,29722.25,29697,29698.75
1787046600,29715.5,29687,29714
1787046900,29737.5,29713.75,29733
1787047200,29743,29715.75,29733.5
1787047500,29739,29723.5,29737.5
1787047800,29739.25,29717.5,29722
1787048100,29745.75,29710.5,29713.75
1787048400,29718,29706,29708
1787048700,29728.5,29704,29727.5
1787049000,29744.25,29722.25,29737
1787049300,29747,29732.5,29733.25
1787049600,29736,29720.5,29728
1787049900,29752.5,29720.5,29750
1787050200,29753,29743.5,29748.5
1787050500,29751.25,29737,29739
1787050800,29765,29730.25,29760.25
1787051100,29767.5,29755.25,29757
1787051400,29772.5,29756.75,29768.25
1787051700,29773.5,29762,29770.5
1787052000,29774.25,29753.5,29755.75
1787052300,29769.75,29753.75,29757.5
1787052600,29758.5,29738.5,29742.5
1787052900,29751.25,29729,29730.5
1787053200,29760.5,29727,29755
1787053500,29773,29755.25,29769.5
1787053800,29774,29744.75,29750.5
1787054100,29764.25,29747,29747.5
1787054400,29783,29741.75,29781.5
1787054700,29785.5,29742,29746.25
1787055000,29748.5,29724.25,29734.5
1787055300,29740.25,29725.5,29733
1787055600,29760.25,29723,29728.75
1787055900,29730,29711.25,29713
1787056200,29723.75,29696.75,29708.5
1787056500,29710.5,29685.5,29695.25
1787056800,29698.25,29687,29688.75
1787057100,29710.25,29680.75,29708.5
1787057400,29721.25,29705.5,29707.75
1787057700,29716.5,29706.25,29714
1787058000,29726.75,29701.25,29701.75
1787058300,29709.75,29692.5,29693.5
1787058600,29703.5,29690.25,29696.25
1787058900,29704.75,29690.75,29699.5
1787059200,29709.25,29687.5,29690
1787059500,29701,29675,29690.75
1787059800,29755,29631,29685.5
1787060100,29742,29673,29734
1787060400,29770,29686.25,29687.5
1787060700,29700.5,29644.5,29657.5
1787061000,29683,29633.75,29637.25
1787061300,29665.75,29605,29647.5
1787061600,29706.5,29620.75,29673.25
1787061900,29679.5,29617.5,29619
1787062200,29621.25,29568.25,29587.25
1787062500,29636,29577.75,29619.25
1787062800,29671.5,29595,29641.75
1787063100,29684.5,29637.25,29669.25
1787063400,29691,29648.25,29651.25
1787063700,29684.5,29649.25,29665.75
1787064000,29672.75,29612.5,29613.25
1787064300,29625,29595.5,29604.75
1787064600,29619.75,29557,29558
1787064900,29567.5,29536.75,29547.75
1787065200,29569.75,29526.5,29561.75
1787065500,29571.25,29522.25,29530.25
1787065800,29547.5,29514,29546.75
1787066100,29561.25,29534.75,29535.5
1787066400,29577.25,29531.75,29568
1787066700,29600.25,29564.25,29591.25
1787067000,29610,29581.75,29591.75
1787067300,29592.75,29567.25,29571.75
1787067600,29606.5,29565.5,29598.5
1787067900,29630.25,29598.5,29622
1787068200,29637,29599,29633.75
1787068500,29641.25,29617.5,29636.5
1787068800,29653.5,29630.5,29639.25
1787069100,29650.75,29625.5,29635.5
1787069400,29662.75,29633.75,29646
1787069700,29650.75,29621.25,29625.25
1787070000,29657.25,29624.25,29644.25
1787070300,29645.5,29609.25,29610.25
1787070600,29628.25,29603.5,29624
1787070900,29640,29612.75,29633.75
1787071200,29650,29616.75,29629.75
1787071500,29669.25,29619,29664.5
1787071800,29671,29655.25,29668
1787072100,29668.5,29647.25,29650
1787072400,29661.25,29632.5,29644.75
1787072700,29647.75,29626.25,29635.5
1787073000,29642,29618.25,29635.25
1787073300,29635.75,29605.5,29606
1787073600,29620.25,29596.25,29600.25
1787073900,29618.25,29593,29615.5
1787074200,29622,29605.5,29609
1787074500,29621.5,29591.5,29609.75
1787074800,29616.5,29602,29603.75
1787075100,29615,29594.25,29596
1787075400,29600,29589,29593.25
1787075700,29594.25,29565.5,29566
1787076000,29576.5,29561.75,29569
1787076300,29578,29550,29555
1787076600,29580.5,29547.25,29575.25
1787076900,29607,29570.5,29605.5
1787077200,29614.75,29592.25,29600
1787077500,29604.25,29588.75,29603.25
1787077800,29609,29584.75,29599.75
1787078100,29613.5,29599.75,29605.5
1787078400,29607.25,29582.25,29586
1787078700,29597.75,29583.75,29585.75
1787079000,29587,29570,29571.5
1787079300,29580.5,29565.5,29571.5
1787079600,29583,29564.5,29570.75
1787079900,29585,29566,29581.25
1787080200,29586.25,29567.5,29572
1787080500,29578.25,29564.75,29574
1787080800,29595.5,29566.25,29595.25
1787081100,29606.25,29590,29599.5
1787081400,29605.75,29589,29592
1787081700,29600.5,29584.25,29593.75
1787082000,29604.75,29583,29600.5
1787082300,29607.25,29588,29597.5
1787082600,29609.5,29559,29569
1787082900,29602,29568,29586.25
1787083200,29597.25,29575.75,29588.75
1787083500,29592.5,29572.25,29575.75
1787083800,29580.25,29566,29573
1787084100,29577.5,29568,29570.25
1787084400,29573.5,29561,29565
1787084700,29580.75,29563.75,29578.5
1787085000,29585,29573.5,29584.25
1787085300,29586,29581.25,29585.5
1787085600,29585.75,29576.75,29577.25
1787085900,29578.75,29551,29551.5
1787086200,29560.75,29550.25,29556.75
1787086500,29568.5,29554.5,29560
1787090400,29582.5,29551.5,29569.25
1787090700,29578,29556.25,29575.75
1787091000,29577,29568.5,29574.25
1787091300,29584.25,29569.75,29583.75
1787091600,29593.75,29575.5,29578
1787091900,29577.75,29544.25,29546.5
1787092200,29552.5,29536.5,29545
1787092500,29544.75,29522.75,29524.75
1787092800,29534,29521.25,29531.75
1787093100,29533.75,29520.25,29528.75
1787093400,29537.25,29517,29522.75
1787093700,29525,29516.75,29520.25
1787094000,29532.75,29514.25,29528.75
1787094300,29543.5,29519,29533.25
1787094600,29535.5,29526.5,29533
1787094900,29538.5,29520.75,29525.25
1787095200,29568,29525.25,29552
1787095500,29556.5,29543,29546.5
1787095800,29549.5,29535.75,29542
1787096100,29544,29521,29536.75
1787096400,29541.75,29530.5,29534
1787096700,29539,29524.5,29529.75
1787097000,29554.25,29526.25,29542.75
1787097300,29542.5,29526.5,29528.25
1787097600,29529.25,29441,29472.5
1787097900,29499,29462.5,29476.75
1787098200,29480,29450.5,29460
1787098500,29493,29450,29490.25
1787098800,29523.75,29484.75,29504.25
1787099100,29530.25,29498.5,29530
1787099400,29557.5,29529.5,29545.25
1787099700,29573.25,29543.75,29568.5
1787100000,29575.75,29560,29570
1787100300,29586.25,29564.75,29567.75
1787100600,29571.5,29553.5,29554.75
1787100900,29565,29533.5,29541
1787101200,29575,29530.25,29573.75
1787101500,29599,29570.75,29595
1787101800,29596.5,29580.75,29585.75
1787102100,29603,29569.25,29602.25
1787102400,29609.75,29588.5,29589
1787102700,29607.75,29579,29601
1787103000,29605,29563.5,29564
1787103300,29590.75,29564.25,29588.75
1787103600,29590.5,29563.75,29576.5
1787103900,29579,29562.5,29573.25
1787104200,29577.75,29566.75,29573.75
1787104500,29584,29566.75,29577.5
1787104800,29583.75,29560.75,29561.25
1787105100,29563.5,29543.5,29545.5
1787105400,29549,29525.75,29533.25
1787105700,29552.25,29520.5,29526.25
1787106000,29562.5,29525,29554.5
1787106300,29564,29538.5,29543
1787106600,29546.5,29519.75,29523
1787106900,29527.5,29515.25,29524
1787107200,29529,29510,29523.25
1787107500,29543.75,29517.75,29538.5
1787107800,29542.75,29518.5,29521
1787108100,29535,29519.25,29531.5
1787108400,29555,29531.75,29549.25
1787108700,29554,29521,29524.25
1787109000,29535,29520,29531
1787109300,29551,29530.75,29539.25
1787109600,29541.25,29519.5,29534.25
1787109900,29535.75,29526,29534.25
1787110200,29550,29528.75,29548.75
1787110500,29567.5,29536.25,29542.75
1787110800,29543,29529.25,29531
1787111100,29530.5,29516.25,29528.5
1787111400,29545.75,29527,29527
1787111700,29535.25,29523,29525.5
1787112000,29529.75,29515,29522
1787112300,29524,29510.5,29516.75
1787112600,29522.25,29504.75,29516.5
1787112900,29519,29507,29514.25
1787113200,29543.5,29513,29532.5
1787113500,29541.5,29528.75,29533.75
1787113800,29541,29500.25,29509.5
1787114100,29522.25,29503.5,29504.5
1787114400,29510.75,29496.5,29500
1787114700,29504,29473.5,29476.25
1787115000,29477.25,29464,29473.75
1787115300,29507.25,29465.5,29505.75
1787115600,29535,29498,29532
1787115900,29534.5,29505.5,29517.5
1787116200,29520,29482,29489
1787116500,29492.75,29466,29472
1787116800,29491.5,29466.75,29485.75
1787117100,29510,29479,29508.5
1787117400,29512.25,29484,29484
1787117700,29492.75,29465.5,29472.5
1787118000,29478.25,29459.5,29473.5
1787118300,29478,29460.75,29469.75
1787118600,29469,29452.25,29456.25
1787118900,29463.25,29446.75,29456.5
1787119200,29466.75,29444.25,29447.5
1787119500,29452.75,29430.25,29433.5
1787119800,29447.75,29430.25,29435.25
1787120100,29487,29434.75,29478.5
1787120400,29500,29477,29498.75
1787120700,29504.25,29472.25,29482.25
1787121000,29495,29472.75,29482
1787121300,29490,29475.5,29477.5
1787121600,29492,29459.5,29491
1787121900,29532.25,29491,29521
1787122200,29544.25,29516.75,29542.25
1787122500,29561.75,29538.75,29558.25
1787122800,29559.5,29525.75,29531.5
1787123100,29552.5,29520.25,29547
1787123400,29563.75,29540.5,29558.75
1787123700,29562,29533,29546.25
1787124000,29575.75,29546.25,29574.25
1787124300,29578.75,29564.75,29578.5
1787124600,29589.75,29567,29578.5
1787124900,29587.25,29565.5,29567.75
1787125200,29574.75,29546.75,29571
1787125500,29590.5,29569.25,29581.75
1787125800,29585,29570,29578
1787126100,29606.75,29574.25,29600.25
1787126400,29635.25,29592,29632
1787126700,29637.75,29619.5,29628.75
1787127000,29641.25,29620.25,29624.25
1787127300,29633.75,29607.5,29628.25
1787127600,29639.5,29611.25,29626
1787127900,29629.5,29610.5,29622.75
1787128200,29622.75,29600,29607.75
1787128500,29619.75,29607.5,29618
1787128800,29632.5,29612.75,29626.25
1787129100,29633,29624,29625
1787129400,29631.5,29611,29617.25
1787129700,29619.25,29607,29607.5
1787130000,29627.25,29602.75,29625.25
1787130300,29630.5,29598.75,29598.75
1787130600,29605.25,29593.5,29593.5
1787130900,29598.25,29585,29593.25
1787131200,29595.5,29583.5,29584
1787131500,29587.25,29566,29572
1787131800,29589,29563.5,29581.25
1787132100,29584.5,29569.5,29573
1787132400,29574.75,29549.75,29551.75
1787132700,29563,29548.5,29559.75
1787133000,29559.75,29544.5,29552.75
1787133300,29557,29536.25,29554
1787133600,29558,29522.25,29522.25
1787133900,29529.75,29513.25,29520.25
1787134200,29544.5,29510.5,29540
1787134500,29540.5,29522.5,29530.5
1787134800,29534.75,29516.5,29524
1787135100,29541,29504.25,29535.75
1787135400,29543.75,29528.5,29537.5
1787135700,29558,29534.75,29554.5
1787136000,29557.75,29546,29554.75
1787136300,29559.75,29539.5,29539.5
1787136600,29542.75,29530,29532.25
1787136900,29533,29517.25,29522
1787137200,29563.25,29508.25,29561
1787137500,29578,29545,29545.5
1787137800,29556.75,29541,29547.5
1787138100,29553.25,29534.5,29548
1787138400,29560.25,29529.25,29553.5
1787138700,29561.25,29533.75,29537
1787139000,29541.5,29512.75,29518.75
1787139300,29530,29516,29524.5
1787139600,29527.5,29507.5,29514.25
1787139900,29527,29506.5,29516.5
1787140200,29525.75,29510,29517.75
1787140500,29537.5,29517.25,29536
1787140800,29550.75,29511,29525.75
1787141100,29558.25,29521.75,29545.75
1787141400,29555.75,29533.5,29552
1787141700,29573.75,29549.5,29570
1787142000,29571.75,29557.25,29566
1787142300,29583,29550.25,29574.25
1787142600,29623.75,29548,29617
1787142900,29668,29578,29661.25
1787143200,29683.5,29654.5,29682.75
1787143500,29722,29683.25,29721
1787143800,29759,29721.5,29743
1787144100,29747.75,29724.25,29742.75
1787144400,29742.25,29679.75,29684
1787144700,29717.5,29682.25,29708
1787145000,29736,29706.5,29722.75
1787145300,29726.5,29707.5,29720
1787145600,29748,29714.75,29742.5
1787145900,29748.25,29695.25,29696.25
1787146200,29742,29648.25,29672.75
1787146500,29688,29587.75,29589.75
1787146800,29628.75,29560.5,29609.75
1787147100,29636.25,29458.75,29470
1787147400,29492.75,29407.75,29471
1787147700,29526,29460.5,29496.5
1787148000,29514.75,29455.25,29473
1787148300,29504.5,29433.5,29451.25
1787148600,29462.25,29377,29382.5
1787148900,29471.75,29375.75,29419
1787149200,29457,29385.25,29414.75
1787149500,29484.75,29394.75,29482.75
1787149800,29517.5,29468,29494
1787150100,29567.25,29483.25,29565.5
1787150400,29575,29535,29564
1787150700,29566.5,29527.5,29531.75
1787151000,29596.25,29527,29596
1787151300,29624.25,29582.5,29623.25
1787151600,29629.75,29593,29595
1787151900,29609.75,29579.75,29586
1787152200,29624,29584.5,29616.75
1787152500,29629.25,29594.75,29623.5
1787152800,29631.75,29601.5,29602.5
1787153100,29620.5,29588.5,29613.5
1787153400,29617,29586.5,29592
1787153700,29598.75,29571,29572.75
1787154000,29598.25,29550.5,29597
1787154300,29616,29586.25,29587
1787154600,29595,29569.5,29574
1787154900,29608.25,29571,29607.25
1787155200,29639.75,29587.5,29638.25
1787155500,29653.75,29629,29650.5
1787155800,29653.25,29636.5,29636.75
1787156100,29667.25,29627.75,29659.5
1787156400,29665.5,29633,29638.5
1787156700,29639.25,29602.5,29609.25
1787157000,29617,29595,29610.75
1787157300,29621.75,29593,29609.5
1787157600,29620.75,29602,29610
1787157900,29611.25,29587,29588.5
1787158200,29588.75,29564,29571.5
1787158500,29572.25,29553,29559.25
1787158800,29569.5,29547.25,29556.25
1787159100,29572.75,29539.5,29542.5
1787159400,29562.75,29541.75,29547.75
1787159700,29556.75,29526.25,29527
1787160000,29529,29510.25,29519
1787160300,29543.25,29513,29539.75
1787160600,29543.25,29518.75,29519.5
1787160900,29538.5,29514.5,29523
1787161200,29545.25,29522,29536.25
1787161500,29551.5,29533.75,29541
1787161800,29560.5,29537.75,29551.5
1787162100,29553.5,29538,29545
1787162400,29591.75,29535.25,29562.75
1787162700,29572,29493,29502
1787163000,29540.75,29500,29519.75
1787163300,29523.75,29491.75,29511.25
1787163600,29524,29506.5,29512.75
1787163900,29540.5,29509.25,29539.25
1787164200,29579,29538,29567.25
1787164500,29567.75,29536.5,29542
1787164800,29564,29542,29560.5
1787165100,29561.25,29541.5,29555
1787165400,29557.75,29534.5,29548
1787165700,29548.75,29527.75,29535
1787166000,29553,29529.25,29541.25
1787166300,29559.25,29531.25,29556.5
1787166600,29559.25,29544,29547.25
1787166900,29566.75,29543.25,29566.25
1787167200,29574,29550.5,29564.25
1787167500,29579.75,29553.25,29556
1787167800,29590.75,29551.25,29581.5
1787168100,29582.25,29536.5,29537.25
1787168400,29547,29527,29530.75
1787168700,29532.75,29501,29511.75
1787169000,29520.5,29485,29511.25
1787169300,29525.75,29488.75,29521.75
1787169600,29542.25,29520.75,29533.75
1787169900,29536.75,29517.75,29532.75
1787170200,29535.25,29518.25,29519.25
1787170500,29522.25,29514.25,29519.5
1787170800,29520.75,29516.25,29518.5
1787171100,29526.25,29518.5,29524.75
1787171400,29532.5,29522.25,29527.5
1787171700,29531,29523,29523
1787172000,29531.25,29520,29528.75
1787172300,29541,29527.5,29541
1787172600,29556.75,29540,29553.5
1787172900,29562.5,29552.5,29559
1787176800,29616.5,29554.75,29605.75
1787177100,29611.5,29591,29609.5
1787177400,29638.25,29590.75,29627
1787177700,29629,29613.25,29614.25
1787178000,29632.75,29607.5,29631.5
1787178300,29633,29615.75,29620.5
1787178600,29621.5,29613,29618.25
1787178900,29638.25,29615.5,29636
1787179200,29638.25,29629,29631
1787179500,29637.25,29628.5,29632.75
1787179800,29640.25,29632,29636.75
1787180100,29653.75,29622.5,29650.5
1787180400,29688.5,29632.25,29647
1787180700,29666.75,29644.25,29662.25
1787181000,29664.25,29649.5,29652
1787181300,29661.75,29650.5,29655.5
1787181600,29656,29642,29647.75
1787181900,29653,29647,29651.25
1787182200,29660.75,29643.5,29649.75
1787182500,29657,29645.75,29649.75
1787182800,29666.75,29649.75,29659.5
1787183100,29660.5,29649.25,29651.25
1787183400,29662,29640,29645.25
1787183700,29647.75,29625.25,29629.75
1787184000,29629.5,29595.25,29617.75
1787184300,29625.5,29581.25,29598
1787184600,29632,29589.75,29630.75
1787184900,29661.75,29628.25,29655.25
1787185200,29666,29628,29647.25
1787185500,29648,29624.5,29631
1787185800,29642.25,29616.75,29642.25
1787186100,29660.75,29627,29659.75
1787186400,29665,29651.5,29654.5
1787186700,29668.75,29642.5,29645.75
1787187000,29670.25,29645,29669.25
1787187300,29675.5,29664.5,29670.5
1787187600,29684.5,29665.25,29674.25
1787187900,29682,29652.25,29657.25
1787188200,29662,29640,29644.5
1787188500,29668.25,29633.25,29661.5
1787188800,29664.25,29630,29632.75
1787189100,29645.75,29623.5,29634.25
1787189400,29647.75,29623.5,29643.25
1787189700,29656.5,29638.5,29654.5
1787190000,29671.25,29651.25,29668.75
1787190300,29673.5,29651.25,29665.5
1787190600,29675,29645.25,29663.75
1787190900,29664,29630.25,29643.25
1787191200,29683,29640,29673.5
1787191500,29683.75,29670.5,29671.25
1787191800,29675,29654.5,29667.25
1787192100,29670,29643.75,29647.75
1787192400,29647.25,29613,29626.75
1787192700,29636.75,29619.5,29632.5
1787193000,29658.75,29609,29658.5
1787193300,29662.5,29635.25,29648.75
1787193600,29652,29638.75,29646.75
1787193900,29647.75,29620.75,29622.5
1787194200,29627,29611,29617.5
1787194500,29632.75,29612.25,29629.5
1787194800,29641.25,29620.25,29635.25
1787195100,29655.25,29631.25,29634.25
1787195400,29634.25,29604.5,29624.5
1787195700,29643,29620.75,29641
1787196000,29657,29639,29643.5
1787196300,29645,29625,29626.75
1787196600,29629.25,29600.75,29603.25
1787196900,29611.75,29595,29610.75
1787197200,29627,29605,29619.25
1787197500,29628,29613,29626.5
1787197800,29631.25,29616.5,29619.75
1787198100,29630.75,29610,29617.75
1787198400,29634.75,29610.75,29634
1787198700,29652.5,29633.5,29651.25
1787199000,29655.25,29647.75,29654.25
1787199300,29656,29647.75,29653.75
1787199600,29653.75,29636.25,29638.75
1787199900,29646.5,29635.5,29640
1787200200,29640.75,29610.25,29612.5
1787200500,29622,29608,29620.25
1787200800,29630,29618.75,29627.75
1787201100,29632,29624.25,29629.5
1787201400,29641.5,29621.25,29621.5
1787201700,29622,29611.75,29617
1787202000,29623.75,29609.75,29618.5
1787202300,29620,29606.25,29608.5
1787202600,29609,29588.25,29596.75
1787202900,29630.5,29594,29624.75
1787203200,29634,29607.75,29632.5
1787203500,29641,29615.25,29616.75
1787203800,29635,29608,29612.75
1787204100,29614.75,29604.25,29612.5
1787204400,29627.75,29606.25,29614
1787204700,29618.75,29602,29612.25
1787205000,29615.5,29598,29601.25
1787205300,29612,29600.75,29606
1787205600,29633.5,29602,29631.75
1787205900,29657.75,29630.75,29656.75
1787206200,29667.25,29650.75,29659.25
1787206500,29661.25,29638.75,29653
1787206800,29656.5,29645,29655.5
1787207100,29656.5,29640.5,29653.75
1787207400,29677,29647.5,29674.75
1787207700,29677.5,29657.75,29658.75
1787208000,29677,29656,29671.25
1787208300,29686,29670.75,29673.25
1787208600,29686.75,29667.25,29675.75
1787208900,29679.25,29666.75,29672
1787209200,29672.75,29632,29652.25
1787209500,29668.5,29644.75,29666
1787209800,29671.25,29637,29637.5
1787210100,29644,29632.5,29638.5
1787210400,29648.25,29612.75,29619
1787210700,29627.75,29604.5,29615
1787211000,29629.5,29595.75,29623.75
1787211300,29634.75,29612.25,29620.25
1787211600,29625.5,29604.25,29606.25
1787211900,29637,29603.25,29633.75
1787212200,29633.5,29604.75,29609.5
1787212500,29614.5,29592.75,29594.5
1787212800,29606,29557,29559.75
1787213100,29578,29549.25,29559.5
1787213400,29560.25,29520,29537.75
1787213700,29549,29515.25,29534.75
1787214000,29543,29503.75,29509.25
1787214300,29514.5,29496.5,29501
1787214600,29503,29467,29467.5
1787214900,29517,29464.5,29516.75
1787215200,29526.25,29500,29501
1787215500,29505,29455.25,29473.75
1787215800,29494.75,29471.75,29486.5
1787216100,29487,29464.5,29477.5
1787216400,29515.75,29466.75,29513.25
1787216700,29542.5,29497,29539
1787217000,29543.75,29511,29523.75
1787217300,29535.5,29512,29523.5
1787217600,29535.25,29516.75,29533
1787217900,29542.75,29527.25,29528
1787218200,29532.5,29511.5,29514.25
1787218500,29524.5,29507.5,29522.75
1787218800,29538,29510,29534.5
1787219100,29547.25,29530.5,29532.75
1787219400,29537.75,29513,29530.5
1787219700,29536,29527.25,29527.25
1787220000,29540,29512,29535.25
1787220300,29548,29527,29548
1787220600,29562.5,29542.25,29556.75
1787220900,29559.5,29539.75,29547.5
1787221200,29553.75,29541.25,29552
1787221500,29554.25,29526.25,29537.5
1787221800,29548.75,29528.75,29530.25
1787222100,29547.75,29516,29525.75
1787222400,29532.5,29517.5,29524.75
1787222700,29560.75,29524.25,29555
1787223000,29560.25,29541.5,29544
1787223300,29566.75,29538.75,29566.5
1787223600,29583,29498,29499.25
1787223900,29500,29478.25,29491.25
1787224200,29495,29463.25,29488
1787224500,29498.5,29468.5,29474
1787224800,29473.25,29441,29448
1787225100,29458.25,29422.25,29425.25
1787225400,29444.25,29420,29431
1787225700,29449.5,29418.25,29448.5
1787226000,29454.25,29417.25,29423.5
1787226300,29425,29372.25,29385
1787226600,29397,29372.75,29372.75
1787226900,29379.75,29348.75,29360.75
1787227200,29374.75,29300,29317
1787227500,29325.25,29290,29298.5
1787227800,29299.25,29263.5,29271.75
1787228100,29294.5,29263.5,29272.25
1787228400,29306,29270,29300.5
1787228700,29300.25,29274.75,29275.75
1787229000,29282.25,29252.75,29268.5
1787229300,29269,29240.25,29267.5
1787229600,29292.5,29260,29289.75
1787229900,29314.25,29283.25,29312.5
1787230200,29347.5,29312,29345.5
1787230500,29350.75,29335.5,29346
1787230800,29373.75,29343.5,29364.75
1787231100,29372.75,29344,29345.5
1787231400,29351.5,29333,29338.75
1787231700,29348.75,29329.5,29338.75
1787232000,29348.25,29324,29347.75
1787232300,29369.5,29335.75,29350.75
1787232600,29433.75,29338.5,29404
1787232900,29470.25,29371,29439.25
1787233200,29457.5,29390,29442.5
1787233500,29460,29350.25,29384.5
1787233800,29392,29309.25,29368.75
1787234100,29408.75,29323.25,29353
1787234400,29395.25,29318.75,29328.5
1787234700,29392.25,29316,29391.5
1787235000,29407.5,29362,29368.25
1787235300,29382.25,29313.5,29315.75
1787235600,29413,29304.5,29396.25
1787235900,29402.25,29334.25,29350.25
1787236200,29386.75,29336.25,29337.5
1787236500,29418.75,29329,29413
1787236800,29430,29393,29421.75
1787237100,29435,29372.25,29376.25
1787237400,29398.5,29352.25,29360
1787237700,29396.5,29348.5,29392.5
1787238000,29457.25,29388.25,29430.5
1787238300,29431.75,29343.5,29357
1787238600,29383,29325,29365
1787238900,29370.25,29341.75,29354.25
1787239200,29359.75,29306.5,29320.75
1787239500,29346.25,29300,29344.75
1787239800,29350.25,29292,29300.75
1787240100,29315.5,29277,29279.25
1787240400,29303,29276.5,29278
1787240700,29308.5,29269.25,29295.25
1787241000,29330.75,29290.75,29323.5
1787241300,29333,29314.25,29330.5
1787241600,29346,29311.75,29316
1787241900,29335,29302.5,29333.25
1787242200,29342,29306,29306.75
1787242500,29323.5,29305.25,29322.75
1787242800,29355.25,29311,29348.25
1787243100,29356.5,29334.25,29340.75
1787243400,29349.5,29309.75,29347.25
1787243700,29360.75,29341.25,29358.5
1787244000,29378.5,29354.25,29377.5
1787244300,29389,29364,29369
1787244600,29380.5,29356,29370.25
1787244900,29385.5,29361,29379.75
1787245200,29382.25,29352.25,29358.5
1787245500,29361,29334.75,29343
1787245800,29354.25,29335.25,29337.25
1787246100,29338.75,29304,29305
1787246400,29324.5,29298,29310.5
1787246700,29317,29292,29294.5
1787247000,29304.25,29286,29287.5
1787247300,29300.25,29282,29289.75
1787247600,29293.5,29282.75,29290.25
1787247900,29312.75,29287,29305.25
1787248200,29326.25,29299.25,29301.75
1787248500,29310.5,29290.5,29292.25
1787248800,29292.75,29254,29260.75
1787249100,29265.5,29228,29234.25
1787249400,29239.25,29215,29230.25
1787249700,29236.25,29202.5,29234.5
1787250000,29248.25,29228.25,29230
1787250300,29239.5,29220.75,29233.25
1787250600,29237.25,29211.5,29216.75
1787250900,29232,29213,29222.5
1787251200,29236,29212.25,29234.25
1787251500,29254,29227,29251
1787251800,29255,29239.75,29249.25
1787252100,29259.25,29243.25,29244
1787252400,29275.5,29242,29271.75
1787252700,29293,29264,29289.75
1787253000,29293.5,29273.25,29281
1787253300,29294.75,29267.75,29271.25
1787253600,29304.75,29268,29296.5
1787253900,29308,29295.25,29304.25
1787254200,29310.5,29290.5,29303.75
1787254500,29335.5,29299,29328
1787254800,29333.5,29302,29311.25
1787255100,29321.75,29293,29319.75
1787255400,29331,29299,29304.5
1787255700,29316,29286.25,29306
1787256000,29321,29304.25,29314.25
1787256300,29314,29277.5,29289
1787256600,29300,29276.75,29281
1787256900,29285.25,29263.5,29274
1787257200,29289.25,29273.5,29289
1787257500,29294,29284.25,29287.75
1787257800,29297.25,29285,29296.5
1787258100,29312.5,29294.75,29302.5
1787258400,29307.75,29298,29302.75
1787258700,29305.5,29300.5,29305.25
1787259000,29305.5,29295.75,29304
1787259300,29319.5,29303.5,29317
1787263200,29345.25,29280,29281
1787263500,29293,29273.5,29289
1787263800,29290,29276.25,29278.5
1787264100,29291.75,29277.5,29284.5
1787264400,29288.25,29281.25,29283
1787264700,29289.75,29278.75,29287
1787265000,29304.5,29281.75,29303.5
1787265300,29309,29296.75,29298.75
1787265600,29304.25,29285.25,29301.5
1787265900,29313.25,29296,29310.25
1787266200,29326.25,29307.75,29321.75
1787266500,29324.5,29320,29322
1787266800,29323,29317.5,29319.5
1787267100,29324,29315.25,29318.25
1787267400,29319.5,29312,29318.25
1787267700,29328.75,29314,29322
1787268000,29323,29317.25,29318.75
1787268300,29321.75,29311.25,29315.75
1787268600,29320.25,29312,29313.5
1787268900,29313,29296.25,29301.5
1787269200,29324,29301.5,29316.75
1787269500,29318,29286.25,29307.75
1787269800,29315.25,29294.25,29306
1787270100,29305,29291.25,29294
1787270400,29331.75,29290.5,29316
1787270700,29344.75,29314.75,29325.75
1787271000,29365,29316.25,29361.5
1787271300,29361.75,29321.75,29326.75
1787271600,29346,29319.75,29326.75
1787271900,29332,29315.5,29326.5
1787272200,29338.75,29311.5,29335.75
1787272500,29352,29325,29349.75
1787272800,29356.5,29330,29353.75
1787273100,29363,29347.75,29355.5
1787273400,29361.5,29326.25,29327.25
1787273700,29333.75,29318.25,29321.5
1787274000,29335.75,29317.5,29320.75
1787274300,29322.25,29291.75,29306
1787274600,29332,29299.75,29331
1787274900,29353.75,29313.75,29353.5
1787275200,29354.25,29316.75,29333
1787275500,29357.25,29329.5,29340
1787275800,29357,29333,29340
1787276100,29340.75,29320,29325
1787276400,29356.25,29323.75,29350.25
1787276700,29369,29340.25,29367.5
1787277000,29373,29342.75,29342.75
1787277300,29355.75,29333,29353.25
1787277600,29362.5,29345.25,29348.25
1787277900,29366,29342.75,29364.75
1787278200,29373.25,29353.75,29372.75
1787278500,29375.75,29366.5,29369.25
1787278800,29395,29368.75,29383
1787279100,29389.75,29378.25,29389.75
1787279400,29396.5,29386.75,29391.5
1787279700,29396.25,29381.5,29383.5
1787280000,29390,29376,29380.75
1787280300,29397.75,29377.25,29391.25
1787280600,29399.75,29386,29387
1787280900,29391.75,29383.5,29384.5
1787281200,29388,29380,29381
1787281500,29381.5,29360.5,29367.75
1787281800,29368.25,29354.75,29356.75
1787282100,29368.25,29349.25,29353.75
1787282400,29371.25,29352.5,29366.25
1787282700,29367.5,29358.75,29362.75
1787283000,29377,29362.5,29374.25
1787283300,29375.5,29357.25,29364
1787283600,29364.5,29354,29357.5
1787283900,29357.25,29345.25,29352.75
1787284200,29358,29345.75,29348.25
1787284500,29364,29341.75,29352.25
1787284800,29363.25,29348.5,29363.25
1787285100,29367.5,29354.75,29359.5
1787285400,29369.75,29352.75,29367
1787285700,29373.5,29348.5,29351.25
1787286000,29353,29331.5,29337.5
1787286300,29339.25,29330.5,29331
1787286600,29338.75,29322.75,29331.75
1787286900,29334.75,29321.25,29326.5
1787287200,29338.5,29326,29334.75
1787287500,29360.75,29333,29360
1787287800,29364.5,29354.25,29361
1787288100,29362.5,29351.5,29358.25
1787288400,29369.75,29352.5,29369.25
1787288700,29371.25,29354,29355.5
1787289000,29370.5,29354,29365.75
1787289300,29381,29364.25,29378.25
1787289600,29379.5,29360.25,29360.75
1787289900,29366.25,29351,29353
1787290200,29371.75,29348.75,29371
1787290500,29377.5,29365,29367
1787290800,29368,29350,29360.75
1787291100,29362,29342.25,29345.5
1787291400,29354.75,29340,29351
1787291700,29367,29348.75,29366.25
1787292000,29369,29354.25,29358.75
1787292300,29371,29355.5,29362.25
1787292600,29376.25,29362.5,29373.75
1787292900,29378.75,29366,29371
1787293200,29377.75,29367,29369
1787293500,29381.25,29368,29376
1787293800,29394.25,29369,29393.5
1787294100,29402.25,29386,29389.5
1787294400,29391,29372,29372.25
1787294700,29386.5,29364.75,29385
1787295000,29385,29373.75,29380.75
1787295300,29390.25,29377.75,29387.25
1787295600,29405.75,29380.25,29404
1787295900,29415.5,29402.75,29412
1787296200,29428.5,29406.25,29428
1787296500,29435.75,29415,29434.75
1787296800,29456,29430,29453.75
1787297100,29454.5,29425,29426
1787297400,29453.75,29421,29443.75
1787297700,29446.75,29432.75,29439
1787298000,29446,29421.5,29423.25
1787298300,29445.75,29423,29437.25
1787298600,29438.5,29430,29430.75
1787298900,29447,29425.25,29446.5
1787299200,29462.75,29439.25,29456.25
1787299500,29455.5,29409,29421.5
1787299800,29430.25,29408.25,29416.5
1787300100,29424.75,29405,29418.25
1787300400,29421,29390.5,29403.25
1787300700,29423.75,29402.5,29422.75
1787301000,29434,29416.75,29427.5
1787301300,29446.25,29427.75,29443.5
1787301600,29456.5,29440,29454.75
1787301900,29455.5,29447.75,29448.5
1787302200,29468,29447,29457.5
1787302500,29463.75,29450.75,29453.25
1787302800,29455,29430.25,29432.75
1787303100,29434.5,29414,29420.75
1787303400,29440,29410.75,29437.5
1787303700,29445,29429.75,29439.75
1787304000,29444,29435.5,29437.25
1787304300,29444.25,29433.75,29435
1787304600,29446,29429.5,29441.25
1787304900,29469,29441.25,29468.25
1787305200,29483.25,29462,29475
1787305500,29483,29464.75,29482.5
1787305800,29491,29472.75,29487.75
1787306100,29492,29484.25,29485.25
1787306400,29512.5,29485.5,29508.5
1787306700,29515.5,29486.5,29493
1787307000,29496.25,29476.5,29485
1787307300,29487.5,29475.25,29476.5
1787307600,29479.25,29470,29476.5
1787307900,29491.5,29476,29490
1787308200,29493.5,29475.25,29478.75
1787308500,29484,29472,29480.75
1787308800,29484,29473.5,29478
1787309100,29483.25,29477.5,29481.25
1787309400,29487.5,29475.25,29479.25
1787309700,29488.25,29470.25,29479
1787310000,29486.25,29452.75,29467.5
1787310300,29486.5,29465.5,29477.75
1787310600,29480,29460.25,29467.25
1787310900,29482.5,29466.5,29477.5
1787311200,29523.75,29476.25,29518.25
1787311500,29525.5,29503.5,29518.75
1787311800,29523.25,29500,29511.25
1787312100,29539.75,29510.75,29517.25
1787312400,29531.75,29507,29530.75
1787312700,29531.75,29504.5,29511.5
1787313000,29511.75,29501.5,29507.5
1787313300,29511.5,29498,29499.25
1787313600,29504.75,29479.75,29484.25
1787313900,29501,29479.5,29497.5
1787314200,29497.75,29486.25,29486.75
1787314500,29503.25,29483,29488.75
1787314800,29505.25,29472,29502
1787315100,29517,29499.75,29516.25
1787315400,29523.5,29508,29514.25
1787315700,29523.25,29508.75,29515.25
1787316000,29530,29510.75,29528.75
1787316300,29533.75,29518.75,29531.25
1787316600,29532,29505.75,29510.25
1787316900,29513.5,29503.5,29511.5
1787317200,29516.25,29501.5,29506.75
1787317500,29507.5,29485,29488
1787317800,29489.5,29466.75,29469.25
1787318100,29472.25,29449,29450
1787318400,29452.75,29441.25,29447.75
1787318700,29485.25,29417.25,29469.75
1787319000,29472.5,29357.75,29362.5
1787319300,29373.25,29319.25,29349.5
1787319600,29361.5,29312.25,29323.25
1787319900,29359.5,29305.75,29340
1787320200,29345.5,29257.25,29292.25
1787320500,29320.25,29271.5,29303.75
1787320800,29321.75,29263,29291
1787321100,29335.75,29289.75,29312.25
1787321400,29328.5,29248,29253.25
1787321700,29283,29228.25,29230.5
1787322000,29294.5,29220.25,29255.25
1787322300,29312.75,29251.25,29279.25
1787322600,29307,29274,29275.75
1787322900,29299,29263.75,29278.75
1787323200,29310.75,29258.25,29296.25
1787323500,29321,29289,29310.5
1787323800,29323.75,29288.75,29296
1787324100,29333,29286.75,29331.75
1787324400,29365,29326.25,29360.25
1787324700,29368.75,29342.5,29350.25
1787325000,29362.5,29344,29352.25
1787325300,29367,29335,29342
1787325600,29360,29330.75,29337.75
1787325900,29371.25,29334.5,29368.5
1787326200,29405.25,29364.25,29403.5
1787326500,29445.5,29399.25,29442.5
1787326800,29471.75,29437.25,29451.75
1787327100,29458.25,29425.5,29431.25
1787327400,29488.5,29431.25,29472.5
1787327700,29473.5,29436.5,29443.75
1787328000,29447.75,29414.25,29419.75
1787328300,29428,29392,29394.75
1787328600,29409,29389.25,29394.25
1787328900,29419.75,29390,29399
1787329200,29454.5,29386,29404.25
1787329500,29414,29396.75,29410
1787329800,29413.5,29394.75,29394.75
1787330100,29418.25,29393.75,29416.5
1787330400,29425.75,29411.25,29417.5
1787330700,29417.5,29399,29400.25
1787331000,29401.5,29380.5,29390.25
1787331300,29414.5,29382.5,29412.25
1787331600,29423.75,29408.5,29410.5
1787331900,29422.5,29403,29411
1787332200,29412,29398.25,29408.5
1787332500,29410.5,29398.5,29401.5
1787332800,29402.5,29375,29388.75
1787333100,29407.5,29378.25,29395.25
1787333400,29401.5,29385.25,29386.25
1787333700,29404.75,29382.75,29394.75
1787334000,29404.25,29386,29403.75
1787334300,29410.75,29395.75,29399.5
1787334600,29402.5,29387.5,29393.75
1787334900,29393.5,29381.25,29383.5
1787335200,29405.5,29378.25,29400.5
1787335500,29401,29373.75,29376.75
1787335800,29387.5,29371.25,29374.25
1787336100,29383.75,29367.5,29379.75
1787336400,29392,29376.75,29384.75
1787336700,29386.75,29362,29363
1787337000,29367.75,29353.75,29357.25
1787337300,29367.75,29356.25,29361.75
1787337600,29372.25,29361,29366.5
1787337900,29385,29363.5,29383
1787338200,29396,29382.25,29391
1787338500,29403.5,29383.25,29400.25
1787338800,29414.75,29390.75,29392.25
1787339100,29406.75,29388.75,29397.5
1787339400,29398.5,29384.25,29388.5
1787339700,29397.75,29380,29388.25
1787340000,29400.25,29383.5,29399
1787340300,29405,29393.25,29393.25
1787340600,29409.75,29393.5,29404
1787340900,29412,29398.5,29409.75
1787341200,29411.5,29396.25,29410.75
1787341500,29432.5,29408,29427.5
1787341800,29433.25,29390,29396
1787342100,29413.25,29375.25,29395.5
1787342400,29397.75,29375.5,29387.75
1787342700,29387.75,29371.5,29382.5
1787343000,29386.5,29375.75,29382
1787343300,29388.75,29377,29377
1787343600,29381.25,29368,29371.5
1787343900,29375,29367.75,29370.5
1787344200,29379.25,29370,29378.25
1787344500,29382.5,29375.5,29380.75
1787344800,29387.25,29380,29385.25
1787345100,29385.5,29372.5,29374
1787345400,29379.25,29372,29376.75
1787345700,29378.25,29370,29370
1787522400,29409,29302.25,29323
1787522700,29335.75,29310.5,29321
1787523000,29334.5,29316.5,29330.75
1787523300,29334.75,29313.5,29323.25
1787523600,29341.5,29322.25,29337
1787523900,29343,29334.5,29338.75
1787524200,29345.75,29335.25,29340
1787524500,29362,29336.75,29355.5
1787524800,29384.75,29351,29381
1787525100,29399.75,29380.5,29392.25
1787525400,29393.25,29382,29384.75
1787525700,29392.25,29384.25,29389.75
1787526000,29392,29384.25,29388.5
1787526300,29393.75,29385.25,29391.25
1787526600,29393.5,29385.25,29386.25
1787526900,29409.75,29385,29400
1787527200,29418.5,29400,29415.5
1787527500,29428.75,29415.25,29428.75
1787527800,29447.75,29423.75,29438
1787528100,29443.5,29433.25,29435.75
1787528400,29436.75,29417.5,29420.75
1787528700,29473.25,29420,29469.75
1787529000,29480.5,29453.25,29457
1787529300,29476.25,29455.75,29467.25
1787529600,29472.75,29431.25,29434.5
1787529900,29454.75,29423.25,29450.25
1787530200,29458,29428.5,29435
1787530500,29438,29362.25,29367.5
1787530800,29381.5,29350.75,29375.75
1787531100,29375.5,29334.75,29356.75
1787531400,29360,29337.5,29351.25
1787531700,29375.75,29340,29363.25
1787532000,29377,29353.75,29355.25
1787532300,29387.75,29350,29386.75
1787532600,29388.5,29371.25,29383.5
1787532900,29429,29380.5,29426
1787533200,29436.5,29398,29413.75
1787533500,29434.25,29405,29418.25
1787533800,29443.5,29418,29434.75
1787534100,29448.75,29431.25,29441.5
1787534400,29442.5,29414,29420.75
1787534700,29434.5,29407.5,29409.25
1787535000,29411.75,29387.75,29405
1787535300,29407,29383.5,29399
1787535600,29408.5,29389,29392.75
1787535900,29395.25,29369.75,29382.5
1787536200,29404.5,29366,29367.25
1787536500,29368,29320.25,29322.5
1787536800,29337.5,29306.5,29331.25
1787537100,29334.75,29301,29321.5
1787537400,29357.5,29300.5,29352.75
1787537700,29371.5,29350.25,29364.25
1787538000,29369.25,29347,29353
1787538300,29374,29349.75,29363
1787538600,29371.25,29356,29369.25
1787538900,29373.75,29358.75,29367.75
1787539200,29372,29359.75,29370
1787539500,29377.5,29350.5,29358.25
1787539800,29364,29340.75,29349
1787540100,29378.75,29341.25,29370.25
1787540400,29372.5,29339.25,29344
1787540700,29345,29318.75,29323
1787541000,29325.75,29303.25,29304.75
1787541300,29314,29291.5,29295.5
1787541600,29310.5,29290,29302
1787541900,29304,29290.5,29295
1787542200,29297.75,29283,29297
1787542500,29304.25,29285,29291.75
1787542800,29305.5,29282.25,29284.25
1787543100,29302,29278.75,29299
1787543400,29305,29265.5,29270.75
1787543700,29274.25,29264.25,29271.25
1787544000,29281.25,29269,29279.5
1787544300,29281.5,29269.75,29273.25
1787544600,29299.25,29273,29298
1787544900,29300.75,29284.5,29291
1787545200,29301,29274.25,29277.25
1787545500,29293.5,29271,29291
1787545800,29299.25,29279.25,29286.25
1787546100,29293,29275.5,29287
1787546400,29301.25,29281.25,29299.75
1787546700,29303.75,29285,29285.5
1787547000,29292.75,29271.75,29274.75
1787547300,29277,29263.25,29266.25
1787547600,29275.25,29262.25,29267
1787547900,29297.75,29266.25,29288.25
1787548200,29295.5,29281.75,29293
1787548500,29293.5,29264.5,29267
1787548800,29270.75,29257.75,29258.25
1787549100,29260.5,29247.25,29247.75
1787549400,29250.25,29207.75,29218.75
1787549700,29256,29210.25,29233
1787550000,29266.75,29233,29238.75
1787550300,29246.5,29219.75,29225.75
1787550600,29236.25,29214,29215.25
1787550900,29218.5,29192.25,29200
1787551200,29219.75,29162,29165.5
1787551500,29171.75,29147.25,29159
1787551800,29160.75,29143.5,29152.5
1787552100,29179,29137.5,29139.25
1787552400,29168,29124.75,29167
1787552700,29180,29162.5,29165.5
1787553000,29171.75,29150.25,29168
1787553300,29180.75,29161,29175.25
1787553600,29178.25,29143,29150.5
1787553900,29157.25,29142,29153
1787554200,29177,29152,29177
1787554500,29179.25,29160.25,29164
1787554800,29181.75,29146.75,29166.75
1787555100,29198.5,29159.5,29193.75
1787555400,29204.25,29181.75,29200.25
1787555700,29209,29185.5,29196.75
1787556000,29196.5,29180.25,29187.75
1787556300,29204.5,29178,29181.5
1787556600,29208,29173,29206.25
1787556900,29212.5,29190.5,29190.75
1787557200,29191.25,29161.25,29162
1787557500,29175.5,29156.25,29159
1787557800,29161.5,29132.25,29147.25
1787558100,29153,29133.75,29146.5
1787558400,29155.75,29116.75,29129.25
1787558700,29208.25,29126.75,29163.25
1787559000,29188.25,29163.25,29184.25
1787559300,29209.75,29171,29205.75
1787559600,29209,29184.25,29192.5
1787559900,29201.5,29173.25,29191
1787560200,29203.5,29179.75,29197.75
1787560500,29225.5,29192,29223
1787560800,29226,29209,29224
1787561100,29224.75,29214.25,29216.25
1787561400,29240,29215.25,29231.75
1787561700,29233.5,29213.5,29214.25
1787562000,29245.75,29201,29241.75
1787562300,29247.75,29229,29242.25
1787562600,29248,29232.25,29234
1787562900,29235.75,29218.25,29220.5
1787563200,29224.75,29212,29216.5
1787563500,29217.5,29207.25,29209.75
1787563800,29226.25,29209.5,29224.5
1787564100,29242.25,29221,29238.75
1787564400,29238.75,29223.5,29235.5
1787564700,29249.75,29231.5,29244.5
1787565000,29245.5,29228.5,29232.75
1787565300,29238,29227,29231.5
1787565600,29245,29227.25,29245
1787565900,29246.75,29231.5,29232.5
1787566200,29236.25,29213.5,29215.25
1787566500,29220,29211.75,29212.5
1787566800,29237,29205.75,29232.25
1787567100,29232.75,29207.25,29210.5
1787567400,29239.5,29205,29237.25
1787567700,29238.25,29219.75,29221.25
1787568000,29221.75,29198,29208.25
1787568300,29210.75,29195,29198
1787568600,29199.75,29179.25,29186.75
1787568900,29194,29183,29184.5
1787569200,29193,29152.25,29156.25
1787569500,29166.75,29145.5,29162.25
1787569800,29172.5,29150.5,29168.25
1787570100,29179.5,29164.75,29177.75
1787570400,29189.75,29174.75,29187.75
1787570700,29204,29180,29182.5
1787571000,29229.75,29183.25,29226.5
1787571300,29283.5,29223,29259.5
1787571600,29278.25,29250,29260.25
1787571900,29260.5,29230.75,29239.25
1787572200,29250,29232.75,29249.5
1787572500,29254.75,29237.5,29247.25
1787572800,29247,29220.75,29222
1787573100,29236.5,29217.25,29222.5
1787573400,29226.75,29207.5,29211.75
1787573700,29223,29203,29212.5
1787574000,29231.75,29211,29225
1787574300,29231,29213.5,29229.5
1787574600,29232.25,29171.5,29198.75
1787574900,29226.75,29195.5,29212
1787575200,29242,29192,29203.5
1787575500,29225,29199.25,29224.25
1787575800,29232.5,29214,29219.25
1787576100,29225.25,29205.25,29205.5
1787576400,29218,29203.75,29213.75
1787576700,29219,29195.75,29203.75
1787577000,29220,29202.25,29207.75
1787577300,29225,29201,29201.5
1787577600,29214.25,29196,29196.75
1787577900,29237.5,29196,29235.25
1787578200,29243.75,29082.5,29112.75
1787578500,29145.25,29066,29079.75
1787578800,29091.25,28976.25,28977.75
1787579100,29031,28953.5,28991
1787579400,29013.75,28947.75,29009.75
1787579700,29038,28998.75,29021.75
1787580000,29037,28962.75,28975.75
1787580300,28998.75,28960.5,28977.75
1787580600,28996.25,28953.5,28993.5
1787580900,29008.75,28967.5,28977.5
1787581200,29033.75,28975,29001.5
1787581500,29018.75,28979.5,29011.75
1787581800,29081.25,29001.5,29077
1787582100,29096,29064.5,29082.25
1787582400,29110.25,29071,29085.25
1787582700,29110,29078,29107
1787583000,29110,29081.5,29097
1787583300,29107,29076.5,29083
1787583600,29097.5,29055.5,29058.75
1787583900,29069.5,29042.5,29060
1787584200,29080,29045.75,29048.5
1787584500,29064.5,29046.5,29057.75
1787584800,29085.5,29034.25,29081.25
1787585100,29137.5,29079,29121.5
1787585400,29139,29110.5,29135.25
1787585700,29163.75,29127.5,29158
1787586000,29182,29156.5,29176
1787586300,29205,29175.75,29186
1787586600,29197.5,29177.5,29182
1787586900,29182.75,29150,29168.5
1787587200,29189.75,29156.75,29172.25
1787587500,29180,29158,29159.5
1787587800,29181.25,29156.75,29180.75
1787588100,29209.5,29178.75,29198.25
1787588400,29224.25,29194.75,29204.25
1787588700,29208.25,29197,29203
1787589000,29212,29181.75,29188
1787589300,29203.25,29183.75,29186.5
1787589600,29189.5,29174,29184.5
1787589900,29189,29172.25,29188.25
1787590200,29193,29171.25,29182
1787590500,29183.25,29170.25,29170.5
1787590800,29172.25,29154,29159
1787591100,29198.5,29157,29190.5
1787591400,29211.25,29180.5,29194.25
1787591700,29195.25,29166,29167
1787592000,29170,29138,29144.25
1787592300,29157.5,29132,29139.75
1787592600,29142.5,29128.25,29129
1787592900,29135.25,29120,29132.25
1787593200,29137,29118.5,29119.5
1787593500,29138.25,29117.75,29131.75
1787593800,29143.25,29118,29120.75
1787594100,29126,29116,29123
1787594400,29156.5,29122.5,29149
1787594700,29184.75,29145.5,29180
1787595000,29189,29167.5,29187.25
1787595300,29199.75,29172.75,29176.75
1787595600,29222,29174.5,29217.25
1787595900,29223.5,29213.25,29218
1787596200,29233.25,29212.5,29220
1787596500,29224.75,29180.5,29187
1787596800,29196.75,29182.75,29190
1787597100,29194.75,29174,29178.75
1787597400,29187.5,29164.5,29168
1787597700,29174.25,29153.25,29153.75
1787598000,29162,29148.75,29154
1787598300,29162.75,29143.25,29147.25
1787598600,29161.5,29143,29155.75
1787598900,29160.5,29142.75,29158
1787599200,29166,29149.25,29155.5
1787599500,29163.25,29153,29158.25
1787599800,29173,29140,29142.25
1787600100,29144,29127.25,29131.75
1787600400,29137.5,29125,29131
1787600700,29134.5,29120.5,29132.5
1787601000,29142.5,29100.75,29125
1787601300,29125.5,29094.5,29099.75
1787601600,29116.5,29097,29108.5
1787601900,29123.75,29107,29112
1787602200,29114.25,29106.25,29109
1787602500,29113,29106,29112.25
1787602800,29112.5,29085,29087.25
1787603100,29088.25,29080.5,29084
1787603400,29092.25,29083,29089.75
1787603700,29101,29087.75,29099.25
1787604000,29102.75,29096,29100
1787604300,29104.5,29095,29095.75
1787604600,29099.25,29089.25,29098.25
1787604900,29136.25,29098,29131
1787608800,29152.25,29121.5,29127
1787609100,29149.75,29124.25,29126.75
1787609400,29131.75,29118.5,29123.5
1787609700,29130,29117.5,29123.75
1787610000,29131,29119.75,29128.5
1787610300,29128.75,29121,29124
1787610600,29130.75,29112.5,29122.75
1787610900,29129,29122.25,29126
1787611200,29127,29116,29117.75
1787611500,29121,29115,29117.75
1787611800,29121.75,29113.25,29120
1787612100,29121.75,29110.25,29120.25
1787612400,29124.75,29116,29120.25
1787612700,29124.75,29118,29123.75
1787613000,29124.75,29120.5,29124
1787613300,29128.25,29112.25,29117.75
1787613600,29126.75,29115.75,29118.75
1787613900,29121,29106,29106.25
1787614200,29109.75,29096.75,29103.75
1787614500,29104.25,29091.25,29092.5
1787614800,29117,29071.5,29084.25
1787615100,29091.25,29081,29085.75
1787615400,29100.25,29083.25,29083.25
1787615700,29097.75,29081.5,29095.5
1787616000,29102.75,29064.75,29065.75
1787616300,29084.25,29059.5,29062.5
1787616600,29063,29038.5,29042
1787616900,29043.75,29016.75,29021.25
1787617200,29076,29019.75,29051.5
1787617500,29085,29040,29080.5
1787617800,29091.75,29070.5,29086.25
1787618100,29102.25,29082.75,29086.25
1787618400,29130.75,29081.75,29124.25
1787618700,29145.25,29106,29117.5
1787619000,29144,29116.25,29137.5
1787619300,29142,29125.25,29126.75
1787619600,29135,29114.25,29134.5
1787619900,29141.5,29113.25,29137.75
1787620200,29143.75,29120.75,29129.5
1787620500,29137.5,29114.75,29128.75
1787620800,29130.25,29098,29098.75
1787621100,29125,29095.75,29114.25
1787621400,29150,29107.5,29117.5
1787621700,29156.5,29114,29148
1787622000,29152.25,29122,29134.75
1787622300,29152.5,29132.25,29145.75
1787622600,29148.5,29127.25,29146
1787622900,29146.75,29125,29126
1787623200,29146.25,29124.25,29138
1787623500,29141.5,29105.75,29110.25
1787623800,29117.75,29103.5,29116.75
1787624100,29140.25,29103.5,29137.75
1787624400,29144.5,29116.5,29144.5
1787624700,29149.25,29118.75,29146
1787625000,29169,29138,29157.5
1787625300,29161.25,29134.5,29147.5
1787625600,29166.5,29135.25,29136.75
1787625900,29138.5,29118.25,29120.5
1787626200,29121.25,29104.25,29112.25
1787626500,29113.75,29093.25,29102.25
1787626800,29128,29100.25,29120.5
1787627100,29166.5,29120.75,29152
1787627400,29165,29146.5,29151.5
1787627700,29175,29150.5,29169.5
1787628000,29170.75,29153.5,29155.5
1787628300,29176.75,29151,29174.75
1787628600,29190,29167.5,29186.75
1787628900,29188.75,29166,29171.5
1787629200,29176.25,29163,29168.5
1787629500,29169.5,29153.25,29155.75
1787629800,29167.25,29151.5,29157.25
1787630100,29165.75,29153.25,29165
1787630400,29189.25,29157.5,29189
1787630700,29199.25,29180.5,29195
1787631000,29196.75,29183.5,29195.25
1787631300,29200.25,29187.75,29191.75
1787631600,29202.5,29190.5,29202
1787631900,29207,29193.5,29201
1787632200,29217.5,29197.75,29206
1787632500,29208.25,29190,29202
1787632800,29214.5,29196.75,29212
1787633100,29216.25,29202.25,29209.25
1787633400,29209.5,29184.25,29196.75
1787633700,29202,29189.5,29199.75
1787634000,29216,29189.5,29208
1787634300,29211.25,29200,29203
1787634600,29225,29199.25,29203.75
1787634900,29223.75,29203,29212.75
1787635200,29227,29207,29222
1787635500,29226,29213.75,29220
1787635800,29230.5,29214.75,29228.25
1787636100,29234.5,29219.25,29223.75
1787636400,29232.75,29201.25,29204.75
1787636700,29221,29200.5,29214.75
1787637000,29229.5,29209.5,29225
1787637300,29241.25,29224.75,29232
1787637600,29252,29230,29250.5
1787637900,29261.75,29246.75,29250.75
1787638200,29259.5,29244.25,29247.75
1787638500,29265.5,29241.5,29262.5
1787638800,29288,29254,29274
1787639100,29283,29263.75,29266.25
1787639400,29271.75,29253.75,29261.25
1787639700,29263.75,29243,29248
1787640000,29263.25,29246.5,29262
1787640300,29263.5,29240.25,29242.25
1787640600,29247.75,29236.25,29247
1787640900,29263.5,29242.25,29262.75
1787641200,29290.5,29262.75,29289
1787641500,29289.5,29265.5,29270.25
1787641800,29273.5,29250,29253
1787642100,29263.25,29226.25,29230.5
1787642400,29257.75,29227,29246.25
1787642700,29253.5,29232.25,29247.75
1787643000,29260,29241,29245.75
1787643300,29248.5,29232,29238.25
1787643600,29262,29232.5,29257.5
1787643900,29259.25,29234.75,29239
1787644200,29240,29227,29229.25
1787644500,29241.5,29228.25,29233.25
1787644800,29255,29214.25,29220
1787645100,29240,29213.75,29233.25
1787645400,29233.5,29211,29218.25
1787645700,29254.5,29218.25,29238.25
1787646000,29327.75,29232.75,29317
1787646300,29315.75,29271.25,29274.5
1787646600,29298,29264.25,29286.5
1787646900,29291.5,29256.5,29263.5
1787647200,29282.75,29261.25,29281.5
1787647500,29302,29281,29292
1787647800,29306.75,29288.5,29289
1787648100,29306,29282.5,29302.25
1787648400,29310.25,29285.5,29309
1787648700,29334.5,29298.25,29319.25
1787649000,29333.75,29314,29323.5
1787649300,29335,29321.75,29329.5
1787649600,29334,29321,29321.75
1787649900,29321.75,29305.5,29317.5
1787650200,29366.75,29314.25,29361.75
1787650500,29362.75,29342,29344.75
1787650800,29374.5,29342.25,29361.25
1787651100,29390,29355.5,29388.75
1787651400,29404.5,29384,29400.5
1787651700,29420,29388.25,29391
1787652000,29393.5,29369.75,29377.5
1787652300,29408,29377.75,29405.5
1787652600,29411.25,29384,29391
1787652900,29392.75,29378.75,29383.5
1787653200,29385.25,29376,29380.25
1787653500,29383,29367,29370.75
1787653800,29380,29360.25,29369
1787654100,29370.5,29362.75,29366
1787654400,29369.75,29346.5,29347.5
1787654700,29363,29346.25,29360.25
1787655000,29369.25,29357.25,29362.25
1787655300,29365.5,29349.75,29359
1787655600,29363,29333,29335.25
1787655900,29336.75,29302.5,29329
1787656200,29343,29325,29340.5
1787656500,29344.75,29320.25,29330.25
1787656800,29355,29330.75,29349.5
1787657100,29351,29326.25,29341.25
1787657400,29358,29339.75,29345.75
1787657700,29360.25,29344.25,29358.5
1787658000,29362,29353,29357
1787658300,29381,29355,29379.5
1787658600,29390.75,29370.25,29372.75
1787658900,29379,29364.25,29373.5
1787659200,29382.75,29355.5,29378.5
1787659500,29380.75,29367.25,29378
1787659800,29382.75,29358,29381.5
1787660100,29409.25,29377,29399.75
1787660400,29401,29364,29377.5
1787660700,29382.75,29370.75,29373.75
1787661000,29374,29332.75,29338.75
1787661300,29339.25,29315,29320.25
1787661600,29337.5,29312.25,29328.5
1787661900,29331.25,29320,29327.75
1787662200,29347.5,29326,29334.5
1787662500,29342.5,29332.5,29333.75
1787662800,29341.75,29316,29324.75
1787663100,29332,29311.75,29324.25
1787663400,29345,29323,29327.5
1787663700,29342,29321.25,29333.25
1787664000,29335.25,29317.5,29319.25
1787664300,29341.25,29294.75,29296.75
1787664600,29377,29279.25,29375
1787664900,29376,29301,29316
1787665200,29374.75,29315,29348.75
1787665500,29416,29342,29392.75
1787665800,29396.75,29335.5,29342.5
1787666100,29345.25,29288,29311.5
1787666400,29316,29247,29262
1787666700,29280,29243.5,29259
1787667000,29285,29239.5,29245.5
1787667300,29269.75,29233.5,29243.5
1787667600,29255.5,29209.25,29229.25
1787667900,29252.25,29213,29215
1787668200,29249.25,29145.5,29207
1787668500,29272.75,29205,29259.25
1787668800,29261.25,29192,29218.5
1787669100,29230.75,29206.25,29218.5
1787669400,29260.25,29208,29245.25
1787669700,29250.25,29218,29232.5
1787670000,29235.75,29197.25,29204.25
1787670300,29226.5,29197.75,29213
1787670600,29230.75,29207.75,29224
1787670900,29244.75,29219,29237
1787671200,29261.25,29225.25,29236.5
1787671500,29282,29230,29276.75
1787671800,29310,29263.5,29268
1787672100,29301.75,29264.75,29271.75
1787672400,29276.5,29255,29267.5
1787672700,29266.75,29222.75,29228.75
1787673000,29264.25,29223,29257.5
1787673300,29273.25,29255,29262.5
1787673600,29290,29260.5,29273.5
1787673900,29287.25,29266.25,29268
1787674200,29280.25,29262.75,29278
1787674500,29290.5,29274.25,29286.25
1787674800,29295.5,29277,29286.5
1787675100,29299.25,29283.5,29293.75
1787675400,29299.75,29285.75,29287.5
1787675700,29294,29271.75,29292.25
1787676000,29292.25,29258.75,29266
1787676300,29284.25,29262.5,29270.5
1787676600,29272.25,29254.75,29258.25
1787676900,29282.25,29252.75,29275.5
1787677200,29279,29242.75,29242.75
1787677500,29248.25,29224,29234.5
1787677800,29245.75,29223.75,29243
1787678100,29258.5,29237.25,29256.75
1787678400,29257.25,29236,29236.5
1787678700,29237,29214,29224.75
1787679000,29232.25,29215.75,29228.25
1787679300,29234.25,29222,29229.25
1787679600,29230.25,29219,29222.25
1787679900,29231.5,29218,29225.75
1787680200,29231.25,29216.75,29228.25
1787680500,29232.25,29218.5,29226.75
1787680800,29227.25,29203.25,29204.5
1787681100,29217.75,29202.25,29211.25
1787681400,29221,29204.25,29205.75
1787681700,29214.25,29202.75,29213.75
1787682000,29227.5,29212.75,29221.5
1787682300,29223,29208,29219.5
1787682600,29243.75,29218.5,29242
1787682900,29251.25,29236.75,29246.75
1787683200,29259.75,29241,29257.75
1787683500,29274.75,29257.75,29269.75
1787683800,29270.75,29257.75,29259.75
1787684100,29264.75,29253,29255.75
1787684400,29266,29245.25,29246.5
1787684700,29252.5,29242.75,29247.75
1787685000,29249,29230.5,29235
1787685300,29237.75,29221.75,29225.5
1787685600,29226.5,29212.5,29223.5
1787685900,29227.75,29216.75,29225.75
1787686200,29227.5,29212,29226.5
1787686500,29241,29224.75,29234.25
1787686800,29258,29233.75,29238.75
1787687100,29247.5,29229,29243.25
1787687400,29288.5,29233.75,29283
1787687700,29290.25,29264,29270.25
1787688000,29285,29262.5,29274.5
1787688300,29292,29270,29288.75
1787688600,29293.25,29285.5,29288.75
1787688900,29295.5,29283,29294.25
1787689200,29313,29292.75,29308.5
1787689500,29313.25,29300,29303
1787689800,29309,29302,29305
1787690100,29305.5,29292.25,29292.5
1787690400,29293,29281.25,29282.25
1787690700,29285.5,29269,29270.25
1787691000,29287.5,29269.25,29284.75
1787691300,29287.25,29280.75,29287
1787695200,29310,29286,29302
1787695500,29306.5,29290.5,29297.5
1787695800,29300,29290.75,29294.25
1787696100,29294.75,29289,29290.5
1787696400,29294,29280,29289.25
1787696700,29293.25,29285.25,29290.75
1787697000,29292.5,29287,29290
1787697300,29291.75,29282,29284.75
1787697600,29289.75,29280.25,29287.5
1787697900,29287.75,29280.5,29280.75
1787698200,29283.5,29280.75,29282.5
1787698500,29287.75,29281.75,29283.5
1787698800,29287.75,29284,29285.5
1787699100,29287.25,29273.75,29278.5
1787699400,29279,29275,29276.25
1787699700,29278.75,29272.25,29273.75
1787700000,29274.5,29255.75,29261.5
1787700300,29262.75,29245,29245.25
1787700600,29248.5,29231,29239.5
1787700900,29245,29236.25,29239
1787701200,29242.75,29227.75,29234.75
1787701500,29235.75,29218.25,29219.75
1787701800,29224.5,29206.75,29220
1787702100,29226.75,29208.75,29210.25
1787702400,29222.5,29184.25,29212.75
1787702700,29221.75,29192.25,29221
1787703000,29228,29207.75,29209
1787703300,29238.75,29208.25,29222.75
1787703600,29225,29198.75,29203.75
1787703900,29205.75,29164.25,29184.75
1787704200,29188,29165,29166.5
1787704500,29172.25,29146.5,29154.25
1787704800,29157.5,29137.25,29150.75
1787705100,29160,29142,29150.25
1787705400,29152,29126.5,29131
1787705700,29133.25,29110,29112.25
1787706000,29142.25,29106.5,29141.75
1787706300,29147.75,29117.5,29126.5
1787706600,29138,29120.5,29124.25
1787706900,29133.75,29115.25,29118
1787707200,29134,29100.25,29105.75
1787707500,29111,29097.5,29109.5
1787707800,29118.25,29095.5,29104
1787708100,29129,29096,29125.75
1787708400,29128,29110.75,29116.25
1787708700,29122,29104,29110.5
1787709000,29127,29106,29123
1787709300,29135.5,29121.25,29133
1787709600,29144,29122.75,29134.25
1787709900,29137,29118.75,29127.75
1787710200,29145,29127.75,29143.75
1787710500,29158.25,29140.25,29153.75
1787710800,29169.25,29151.75,29161.5
1787711100,29175.75,29161,29173
1787711400,29187,29170.5,29182
1787711700,29199,29177.5,29197.25
1787712000,29217.75,29195,29217
1787712300,29228.25,29211.25,29220.75
1787712600,29230,29215.25,29216.75
1787712900,29227.25,29216,29220.25
1787713200,29230,29212,29228.75
1787713500,29231.5,29215.25,29218.25
1787713800,29234,29216,29231.25
1787714100,29231.25,29221.25,29226
1787714400,29232,29220.5,29223.25
1787714700,29224,29213,29214.25
1787715000,29226.75,29205,29226.25
1787715300,29245,29226,29239.5
1787715600,29239.5,29231.5,29237.5
1787715900,29263.5,29235.5,29263.5
1787716200,29275.5,29261.75,29266.75
1787716500,29272.75,29262.25,29265
1787716800,29279.75,29258.5,29269.75
1787717100,29277.25,29263.25,29269
1787717400,29280,29260,29272.75
1787717700,29275,29261.75,29272.75
1787718000,29277.75,29267.75,29269.5
1787718300,29281.75,29267,29271.5
1787718600,29275,29262,29265
1787718900,29268.5,29253.5,29255.5
1787719200,29260.75,29248.25,29250.25
1787719500,29252,29217,29224.5
1787719800,29236.25,29220.25,29231.5
1787720100,29236.75,29222.5,29228.5
1787720400,29258.5,29226.5,29250.75
1787720700,29259.75,29235.25,29257.25
1787721000,29257.25,29236,29239
1787721300,29248.75,29230,29240.25
1787721600,29246,29235.25,29244
1787721900,29248,29232.75,29245.5
1787722200,29262.5,29245.25,29254.5
1787722500,29254.5,29241.5,29246.75
1787722800,29251.5,29242,29248.75
1787723100,29249,29231.75,29235.75
1787723400,29239.5,29227,29227.5
1787723700,29244,29225.5,29241.75
1787724000,29248.75,29215.75,29218.5
1787724300,29221.25,29211.25,29218.5
1787724600,29231.25,29214.75,29216.25
1787724900,29218.75,29203,29212
1787725200,29214.75,29205,29213
1787725500,29226.75,29203.5,29218.5
1787725800,29234,29209.5,29233.25
1787726100,29242,29229,29237.25
1787726400,29257.75,29235,29256.25
1787726700,29277,29254.75,29261
1787727000,29262.5,29236,29239
1787727300,29257,29232.5,29251.75
1787727600,29256,29232,29251.75
1787727900,29258,29213,29216.75
1787728200,29237.5,29200.75,29236.25
1787728500,29244.25,29225.5,29231
1787728800,29231.75,29210.25,29215.5
1787729100,29217.75,29194.25,29198.75
1787729400,29205.5,29186.25,29196.25
1787729700,29210.5,29193,29200.5
1787730000,29205.75,29190.5,29198.25
1787730300,29219,29193,29197.5
1787730600,29205.5,29187.25,29205.25
1787730900,29215.5,29199,29212
1787731200,29235.5,29198.75,29229.5
1787731500,29240.5,29211.75,29237.25
1787731800,29244.5,29202,29205.5
1787732100,29228,29193.5,29197.75
1787732400,29200.5,29187,29196.75
1787732700,29236,29195.75,29236
1787733000,29242.75,29211.25,29230
1787733300,29239.5,29227.25,29239
1787733600,29250.75,29233.5,29242.25
1787733900,29242.5,29229.5,29230.75
1787734200,29236,29223.75,29225.75
1787734500,29228.25,29209,29227.75
1787734800,29235.25,29216.75,29221.25
1787735100,29223.5,29212.75,29213.5
1787735400,29223.75,29213,29219
1787735700,29221.75,29205,29210.25
1787736000,29220,29196.5,29197.25
1787736300,29206.25,29191,29198.75
1787736600,29219.25,29197.75,29206.25
1787736900,29211.25,29203,29209.75
1787737200,29219,29206.75,29214.25
1787737500,29225.75,29213.25,29225.25
1787737800,29236.5,29220.75,29231.25
1787738100,29238.25,29229,29234.5
1787738400,29234.75,29212.5,29216.75
1787738700,29222.25,29210.25,29214.25
1787739000,29214,29196,29198
1787739300,29212.5,29197,29211.25
1787739600,29217,29195.5,29216.25
1787739900,29217.75,29200.5,29200.75
1787740200,29228.25,29188.5,29228.25
1787740500,29241,29225.25,29235.25
1787740800,29242.75,29225.5,29229.25
1787741100,29240.25,29223.75,29238.5
1787741400,29240,29224.25,29229.75
1787741700,29239.5,29227.25,29236.25
1787742000,29264.75,29235.25,29258.25
1787742300,29260,29236,29239.25
1787742600,29258,29238.5,29254
1787742900,29278.75,29251.5,29257.75
1787743200,29260,29247.5,29247.75
1787743500,29253.75,29234.25,29252.75
1787743800,29262.25,29240.75,29242.25
1787744100,29245,29201.75,29204.5
1787744400,29215.25,29194,29210.25
1787744700,29212.75,29186.5,29192
1787745000,29227.5,29193,29218
1787745300,29222.75,29212.5,29220
1787745600,29224.25,29202,29219.5
1787745900,29222.75,29202.25,29212
1787746200,29222,29200.75,29215.75
1787746500,29216.75,29189.75,29203.75
1787746800,29235.25,29199.25,29230
1787747100,29259,29227.25,29258.25
1787747400,29270,29164,29176.25
1787747700,29181,29149,29172.5
1787748000,29188,29162.5,29164.75
1787748300,29181.25,29149.5,29175.25
1787748600,29181.75,29133,29145.25
1787748900,29163,29139.25,29152
1787749200,29164.75,29143.75,29153.25
1787749500,29166.5,29136.5,29138.75
1787749800,29173.25,29134.25,29172.25
1787750100,29174.25,29159.25,29164.5
1787750400,29165,29153,29162
1787750700,29174.25,29154.75,29174.25
1787751000,29281,29174.25,29256
1787751300,29275.5,29206.75,29236.75
1787751600,29313,29223.25,29291
1787751900,29317.5,29267.5,29268.5
1787752200,29309,29252.5,29308.25
1787752500,29333.25,29294.5,29331.5
1787752800,29332.25,29296.5,29305.25
1787753100,29311.5,29273.75,29281.75
1787753400,29284,29235.75,29246.25
1787753700,29264.5,29230.25,29238.25
1787754000,29244.5,29200.25,29202.5
1787754300,29209,29156.25,29178.5
1787754600,29204.75,29176,29197.25
1787754900,29240,29183.25,29213.75
1787755200,29238.75,29210.5,29221.5
1787755500,29246.25,29205.75,29238.5
1787755800,29268,29237.75,29241.75
1787756100,29259,29235.25,29252.25
1787756400,29273.5,29246,29261.25
1787756700,29283.25,29259.75,29269.25
1787757000,29276,29249.75,29257.75
1787757300,29258.5,29222.25,29244
1787757600,29260.5,29233.75,29240.5
1787757900,29267,29235.75,29256.25
1787758200,29260,29220.75,29230.25
1787758500,29257,29228.25,29251
1787758800,29290,29248.25,29282.5
1787759100,29289.25,29274.5,29289
1787759400,29292.25,29231.75,29235.5
1787759700,29245.75,29215.5,29217.5
1787760000,29219.75,29190,29213.75
1787760300,29224.25,29201,29206.25
1787760600,29214,29197.75,29201.25
1787760900,29206.25,29192,29202.75
1787761200,29215,29199.5,29211
1787761500,29213,29199,29207
1787761800,29220.25,29205,29213.25
1787762100,29218.5,29181.75,29183
1787762400,29194.5,29170,29174.5
1787762700,29199,29171.75,29183
1787763000,29193,29175.25,29185.75
1787763300,29226,29184.75,29217
1787763600,29232.5,29210.5,29228.25
1787763900,29238.5,29217.75,29234.25
1787764200,29242,29230,29238
1787764500,29262,29237.75,29253.75
1787764800,29270,29253,29268.75
1787765100,29271,29256.25,29267.25
1787765400,29281.5,29263.25,29278.5
1787765700,29288,29274.5,29280.5
1787766000,29291.25,29272.5,29281.25
1787766300,29286,29267.75,29269.75
1787766600,29288.5,29269.5,29287
1787766900,29296.75,29282.75,29284
1787767200,29285,29271.5,29277.75
1787767500,29296,29277,29290.25
1787767800,29291.75,29266,29270.25
1787768100,29286.5,29264,29282.25
1787768400,29292,29276,29276.25
1787768700,29285,29271.25,29280
1787769000,29304,29275.25,29297.25
1787769300,29299.75,29290.25,29292.25
1787769600,29298,29288.5,29295
1787769900,29329,29294.75,29319.75
1787770200,29325,29310,29318.5
1787770500,29329.5,29315.75,29321.25
1787770800,29368.75,29317.75,29366.25
1787771100,29368.5,29347.25,29347.5
1787771400,29352.25,29330.25,29340.75
1787771700,29357.5,29339.25,29353.75
1787772000,29355,29332,29345.75
1787772300,29356.25,29335,29338.25
1787772600,29345.5,29328.5,29343.25
1787772900,29344.5,29322.5,29322.75
1787773200,29329,29307.5,29309.75
1787773500,29337.25,29305.25,29335.5
1787773800,29343.75,29280.75,29291
1787774100,29310.75,29280.25,29297.25
1787774400,29345.25,29284,29335.75
1787774700,29375,29335.25,29354.25
1787775000,29366.25,29349.75,29361.5
1787775300,29385.75,29355,29380
1787775600,29383,29291,29345
1787775900,29362,29320.75,29342
1787776200,29346,29316.5,29327.75
1787776500,29354.75,29326,29343.75
1787776800,29356.5,29333.25,29339.5
1787777100,29382,29336.75,29381.75
1787777400,29396.75,29376.75,29390.75
1787777700,29437.25,29386,29431
1787781600,29583.25,29497.75,29572.5
1787781900,29576.75,29551,29561.5
1787782200,29574.5,29550,29565.75
1787782500,29596.75,29553.75,29584
1787782800,29602.75,29578.75,29590
1787783100,29595,29578.25,29584.25
1787783400,29599.75,29581.5,29598.5
1787783700,29618.75,29599,29602.5
1787784000,29617.25,29596.5,29617.25
1787784300,29617.25,29606.5,29612.25
1787784600,29628.75,29604.75,29606.25
1787784900,29612,29599.25,29605.75
1787785200,29614.75,29602.75,29605.5
1787785500,29608.25,29591.5,29598
1787785800,29602.75,29590.75,29592.75
1787786100,29594,29585.25,29588.75
1787786400,29606.75,29587.25,29606
1787786700,29612.5,29590.75,29602
1787787000,29605.75,29594.25,29604
1787787300,29611.5,29598,29606.75
1787787600,29609.25,29603.75,29607.25
1787787900,29626.75,29604.25,29622.25
1787788200,29626.75,29608.75,29616.5
1787788500,29653.75,29615.5,29647.5
1787788800,29655.75,29613.5,29614.25
1787789100,29634.75,29605,29608.25
1787789400,29612,29578.25,29591
1787789700,29591,29558,29565.5
1787790000,29583.75,29563.25,29580.5
1787790300,29583.5,29562,29581.25
1787790600,29581.5,29532.75,29535
1787790900,29539.25,29504,29515
1787791200,29521.5,29476.25,29479
1787791500,29480,29446.25,29461.5
1787791800,29466,29440.25,29444.5
1787792100,29455.75,29438,29445
1787792400,29470,29432.25,29466.25
1787792700,29486.5,29461,29484.75
1787793000,29490.5,29445.25,29452.25
1787793300,29484,29449,29482.25
1787793600,29498.25,29478.5,29496.75
1787793900,29509.5,29490.25,29503.25
1787794200,29524,29496.75,29517.25
1787794500,29534.75,29514,29529.25
1787794800,29531.5,29490.5,29492.75
1787795100,29539.75,29491.5,29538
1787795400,29553.75,29533.5,29552.75
1787795700,29554.25,29526,29531
1787796000,29541,29525.75,29539
1787796300,29540.5,29516.25,29540
1787796600,29544.25,29529.5,29540.25
1787796900,29543,29527.5,29534.75
1787797200,29541.75,29528,29533.75
1787797500,29543.75,29525.5,29538
1787797800,29556.75,29536.5,29553
1787798100,29553.25,29542.75,29552
1787798400,29553,29530.5,29542.25
1787798700,29547.75,29536.5,29541
1787799000,29560.25,29538.75,29552
1787799300,29556.75,29543.75,29550
1787799600,29563.75,29543.5,29553.75
1787799900,29555.25,29536,29539.5
1787800200,29541,29530,29540.75
1787800500,29556.75,29541,29556.75
1787800800,29573.5,29551.25,29573.5
1787801100,29575.5,29561.5,29564.25
1787801400,29572.5,29550,29561.25
1787801700,29561.5,29548,29550.5
1787802000,29555,29541.5,29542.25
1787802300,29552.5,29534.5,29539
1787802600,29546.5,29526,29539.25
1787802900,29551,29533.75,29538
1787803200,29548,29534,29536
1787803500,29537.25,29528,29536.25
1787803800,29536.5,29529,29533.75
1787804100,29550.25,29532.75,29544.5
1787804400,29550.5,29537.25,29546.75
1787804700,29551.75,29528.25,29528.75
1787805000,29531.25,29517.5,29521.25
1787805300,29523.25,29504.75,29505.5
1787805600,29513,29497.5,29503.5
1787805900,29521,29495,29504.5
1787806200,29510.5,29494.5,29496.75
1787806500,29502.75,29493.25,29499.75
1787806800,29504.75,29474.5,29481.5
1787807100,29493,29474.75,29476
1787807400,29490.25,29472.5,29483.25
1787807700,29483,29447.75,29452.25
1787808000,29475,29449.5,29473
1787808300,29478.75,29460.75,29468
1787808600,29468.25,29450.25,29456.5
1787808900,29460.75,29445.25,29460.75
1787809200,29471.75,29438.25,29441.75
1787809500,29462.5,29437.5,29460.75
1787809800,29465,29438.25,29441.75
1787810100,29444,29428.25,29438.5
1787810400,29439.5,29418.75,29420.75
1787810700,29427.5,29403.25,29405.75
1787811000,29435,29402.25,29433
1787811300,29449.5,29432,29442.25
1787811600,29448.25,29436.5,29443.75
1787811900,29451.75,29431.25,29450.75
1787812200,29465.5,29448.5,29462.5
1787812500,29472,29456.75,29471.25
1787812800,29491,29470.75,29489.5
1787813100,29497,29482.25,29483.75
1787813400,29487.25,29477.5,29480.25
1787813700,29500.25,29480,29498
1787814000,29508.25,29477,29507.25
1787814300,29526,29505.5,29521.5
1787814600,29539,29518,29536.75
1787814900,29543.25,29526.75,29538.75
1787815200,29540.75,29524.5,29528.75
1787815500,29548.75,29523.25,29548.75
1787815800,29549.75,29535.5,29540.75
1787816100,29544.75,29505.75,29507
1787816400,29515,29499.25,29504
1787816700,29519,29500.5,29512.75
1787817000,29535.25,29506.25,29534
1787817300,29548.5,29532.75,29538.25
1787817600,29572,29537.25,29570.25
1787817900,29600,29570,29598.25
1787818200,29624.25,29594.75,29622
1787818500,29624,29597,29608
1787818800,29621.25,29599.5,29618.75
1787819100,29659.75,29615.25,29657
1787819400,29658,29627,29628.75
1787819700,29634,29617.75,29626.25
1787820000,29640.25,29612,29632
1787820300,29660.5,29630,29651.75
1787820600,29661.25,29629,29631.25
1787820900,29635.25,29622.25,29624
1787821200,29634,29590,29591.75
1787821500,29613,29581.5,29605.75
1787821800,29611,29582.75,29583.25
1787822100,29590.25,29567,29587.25
1787822400,29609,29578.5,29607.75
1787822700,29615.5,29594.75,29598.75
1787823000,29624,29596.75,29619.5
1787823300,29620.75,29608.75,29614.75
1787823600,29620.5,29611.5,29616.25
1787823900,29632.75,29614,29619.5
1787824200,29630.25,29605.75,29619
1787824500,29619.25,29598.75,29601.75
1787824800,29602.5,29582.5,29597.25
1787825100,29604,29594.25,29598.25
1787825400,29606.75,29586.5,29598.25
1787825700,29604.75,29582.25,29583
1787826000,29592.25,29578.5,29584
1787826300,29588.75,29576,29580.5
1787826600,29586,29575.25,29582.5
1787826900,29583.75,29570.25,29572
1787827200,29603,29571,29599
1787827500,29601.5,29583.5,29584
1787827800,29596,29568,29595.5
1787828100,29601.5,29591,29597.5
1787828400,29608,29575.75,29606.5
1787828700,29616.25,29586.25,29608.25
1787829000,29630.25,29604,29616.25
1787829300,29621,29593.25,29593.75
1787829600,29599.75,29585.5,29592
1787829900,29597,29569,29570
1787830200,29588.5,29550.25,29572.25
1787830500,29574.5,29546.25,29552.25
1787830800,29567.75,29548.75,29564
1787831100,29564,29516.25,29517.75
1787831400,29536,29514.5,29534.25
1787831700,29560.5,29533.75,29558
1787832000,29569.25,29551,29562.75
1787832300,29573.25,29555.75,29572.5
1787832600,29589.25,29569.75,29584.5
1787832900,29586,29567.5,29579.5
1787833200,29585.5,29566,29584
1787833500,29590.75,29571.5,29578.75
1787833800,29581.5,29561.25,29568.75
1787834100,29573.25,29549,29556.75
1787834400,29564.5,29534.5,29538.25
1787834700,29541.25,29526.75,29532.5
1787835000,29535,29516,29531
1787835300,29538.5,29518.25,29522.5
1787835600,29548.75,29518.75,29544.75
1787835900,29559.5,29540.5,29551.25
1787836200,29561.75,29546.25,29554.5
1787836500,29571,29544,29550.25
1787836800,29554.25,29536.25,29537.5
1787837100,29562,29523.5,29524.5
1787837400,29589.5,29452.5,29464
1787837700,29490.5,29442.75,29489.75
1787838000,29588,29484,29576
1787838300,29605,29451.75,29476.75
1787838600,29567.5,29476.5,29542.25
1787838900,29545.25,29424,29482.75
1787839200,29548.75,29477.75,29536.25
1787839500,29558,29501.75,29529.75
1787839800,29588.25,29527.25,29558.25
1787840100,29594,29558,29577.25
1787840400,29601.5,29571,29592.75
1787840700,29622.25,29576.75,29607
1787841000,29611,29562.5,29573.75
1787841300,29604.5,29543,29544
1787841600,29566.5,29537.5,29557.75
1787841900,29599.75,29531.75,29594
1787842200,29608.25,29559.5,29578.75
1787842500,29602.75,29551,29601.25
1787842800,29615.5,29588.25,29611
1787843100,29626,29604.5,29623
1787843400,29628.25,29607.75,29625.5
1787843700,29634.5,29618.25,29624.5
1787844000,29627.5,29595.75,29596.75
1787844300,29599.75,29573,29578.25
1787844600,29597.5,29563.25,29578
1787844900,29583.5,29547.5,29556.75
1787845200,29573.75,29528.5,29534.5
1787845500,29534.5,29510.75,29524
1787845800,29610,29523.5,29608.75
1787846100,29609,29592.75,29597.25
1787846400,29624,29594.75,29615
1787846700,29621.5,29590.25,29594
1787847000,29605.75,29582,29589.75
1787847300,29603,29577,29588.25
1787847600,29589.5,29570,29576.5
1787847900,29608.5,29572.25,29603.75
1787848200,29614.5,29599,29613.75
1787848500,29642,29609,29639.25
1787848800,29651,29637,29646
1787849100,29659,29642.5,29646.5
1787849400,29655.5,29637.5,29654.25
1787849700,29654.5,29642.5,29651.5
1787850000,29667.5,29650.5,29664.75
1787850300,29675,29647.75,29667.75
1787850600,29678.25,29664.25,29670.5
1787850900,29673.75,29659.25,29664.75
1787851200,29678,29660.5,29672.75
1787851500,29673.25,29637.75,29641.25
1787851800,29659,29634.25,29638.5
1787852100,29646.5,29631,29632.25
1787852400,29647.75,29626.75,29628.75
1787852700,29632.5,29613,29618
1787853000,29629.25,29609.75,29625.25
1787853300,29627.25,29606.75,29611.5
1787853600,29622.25,29574,29575
1787853900,29592,29573.25,29581
1787854200,29586,29561.75,29576.5
1787854500,29589.75,29565,29577.75
1787854800,29582.75,29563.5,29567.75
1787855100,29569.25,29526.5,29538.5
1787855400,29572.25,29536.25,29549.75
1787855700,29580,29543,29579
1787856000,29581.5,29567,29572.75
1787856300,29582.25,29551,29552.5
1787856600,29567.5,29546.75,29554.75
1787856900,29577.25,29544.25,29571.25
1787857200,29592.5,29566.75,29588.75
1787857500,29602.25,29571.75,29591.25
1787857800,29606.75,29589.75,29593
1787858100,29610.25,29592.75,29605.75
1787858400,29612.25,29602,29603.25
1787858700,29613.75,29594.75,29602.5
1787859000,29628,29595,29624
1787859300,29631.5,29619.75,29628.5
1787859600,29633.5,29621.5,29633.25
1787859900,29649.75,29629.25,29648
1787860200,29685,29628.75,29682.25
1787860500,29704,29671.75,29691.5
1787860800,29707.5,29671.75,29674.75
1787861100,29693.75,29655,29657.5
1787861400,29667.5,29647.5,29647.75
1787861700,29655.25,29646.75,29650.25
1787862000,29651.25,29636,29639.5
1787862300,29642.5,29634.25,29639
1787862600,29645.75,29638.75,29642
1787862900,29642.75,29635,29636.25
1787863200,29643.5,29635.5,29639.75
1787863500,29642.5,29627.25,29630.5
1787863800,29633.75,29620.25,29625.25
1787864100,29638.25,29623.75,29635.25
1787868000,29645.25,29599.75,29616.75
1787868300,29627,29612.75,29624.25
1787868600,29626.75,29610.25,29621.25
1787868900,29629.5,29620.5,29628.25
1787869200,29638,29621.75,29636.25
1787869500,29639.25,29621.5,29637.75
1787869800,29640.75,29629.75,29635.25
1787870100,29639,29631.25,29634
1787870400,29637.75,29627.75,29636.75
1787870700,29637,29632.25,29635
1787871000,29637.5,29630,29630.5
1787871300,29640,29630.5,29634
1787871600,29638.5,29625.25,29628.5
1787871900,29638.5,29623.75,29632.5
1787872200,29632.25,29605.75,29616.75
1787872500,29617.5,29604.25,29610
1787872800,29613,29608.75,29611
1787873100,29615,29605.5,29608.75
1787873400,29612.75,29601.75,29605.75
1787873700,29612,29604.5,29610.75
1787874000,29612,29604,29605
1787874300,29605.75,29592,29593.5
1787874600,29598.25,29592,29594
1787874900,29602.25,29591.5,29602
1787875200,29625.25,29593.5,29608.5
1787875500,29632.25,29595,29624
1787875800,29656,29620,29652.5
1787876100,29656.5,29624.75,29648.25
1787876400,29652.75,29642.5,29644.75
1787876700,29654.5,29636.75,29651.75
1787877000,29654,29642,29647.5
1787877300,29648.5,29635.25,29641
1787877600,29660,29633.25,29654
1787877900,29659.5,29643.75,29658.25
1787878200,29667.75,29645.5,29646.5
1787878500,29653.25,29642,29644.25
1787878800,29662.5,29642,29659.75
1787879100,29665.5,29650.75,29665
1787879400,29671.25,29658.25,29661
1787879700,29673.5,29659,29667.75
1787880000,29668.75,29653.75,29659
1787880300,29659.75,29643.75,29648.5
1787880600,29665,29643,29664
1787880900,29672.5,29641.75,29646.25
1787881200,29657.75,29641.5,29654.25
1787881500,29660.75,29643.5,29660.25
1787881800,29676.75,29659,29673
1787882100,29679.25,29668.75,29677.25
1787882400,29691.75,29677.5,29690
1787882700,29698.25,29687.5,29694.5
1787883000,29699.5,29688.25,29693.5
1787883300,29700,29692,29697.75
1787883600,29704.25,29686,29696.75
1787883900,29698,29689,29692
1787884200,29692.25,29674,29675.5
1787884500,29676,29666,29667
1787884800,29669.5,29643.5,29646.75
1787885100,29652,29644.5,29649.75
1787885400,29669.25,29649,29662
1787885700,29670.75,29661.25,29663.25
1787886000,29683.5,29655.5,29682.25
1787886300,29687.75,29676.75,29684.5
1787886600,29702.5,29683.5,29693.5
1787886900,29701,29689.5,29698.75
1787887200,29701.75,29693.75,29700
1787887500,29707.25,29697.5,29700.5
1787887800,29704.5,29683.25,29685.5
1787888100,29685.75,29672.25,29675.75
1787888400,29676.5,29649,29651
1787888700,29668.5,29639.5,29664
1787889000,29674.25,29663.5,29672.25
1787889300,29676.75,29666,29668
1787889600,29670.5,29647,29650.25
1787889900,29653,29643.5,29647.25
1787890200,29666.75,29647.5,29661.25
1787890500,29669.5,29656.5,29662.75
1787890800,29666.5,29658,29660.75
1787891100,29665,29656.75,29658.75
1787891400,29661.25,29644.25,29646
1787891700,29653.25,29641,29647
1787892000,29649.5,29638.75,29644
1787892300,29650,29641.5,29643.5
1787892600,29647.25,29640,29642
1787892900,29645.25,29635.25,29642
1787893200,29644.25,29628.5,29636
1787893500,29636.75,29625,29627.75
1787893800,29629.75,29620.75,29624.5
1787894100,29629,29617,29618.75
1787894400,29624,29611.25,29621
1787894700,29628,29613.25,29623.25
1787895000,29625.25,29613.25,29617.75
1787895300,29619.75,29602.75,29607.5
1787895600,29614,29605.5,29612.75
1787895900,29613,29603,29606.25
1787896200,29613,29598.25,29607.75
1787896500,29609.25,29597.5,29598
1787896800,29613.5,29594.5,29610.5
1787897100,29613,29601.25,29607.25
1787897400,29618,29602.5,29602.5
1787897700,29617.75,29601.5,29612.5
1787898000,29624,29610,29615
1787898300,29617.25,29592.5,29597
1787898600,29621,29596.75,29617.25
1787898900,29621.25,29610.25,29610.5
1787899200,29623,29596.25,29622
1787899500,29628,29615.25,29624.75
1787899800,29628.5,29619,29626
1787900100,29646,29625.5,29645
1787900400,29653.25,29624.25,29628.5
1787900700,29631.25,29607.25,29611.25
1787901000,29618,29606,29612
1787901300,29617.5,29602.75,29612
1787901600,29617.5,29601.75,29615
1787901900,29624.25,29611.5,29613.5
1787902200,29620.75,29607,29607.25
1787902500,29621,29606.25,29609.5
1787902800,29610.25,29593,29597.5
1787903100,29624.75,29595.25,29623.5
1787903400,29626,29600.25,29613.25
1787903700,29614.5,29600,29607
1787904000,29621,29586,29591.5
1787904300,29592.5,29577.75,29589.75
1787904600,29606.25,29580.75,29586
1787904900,29595,29582,29586.25
1787905200,29600.5,29582.25,29596
1787905500,29605.75,29590.75,29598.5
1787905800,29631.5,29596,29631
1787906100,29633.5,29623.75,29625.75
1787906400,29629,29619.75,29623.5
1787906700,29625.5,29607.75,29612
1787907000,29622,29602.5,29609.75
1787907300,29624.25,29607,29619.25
1787907600,29620.75,29604.5,29606.75
1787907900,29615.5,29603.5,29608.25
1787908200,29617.75,29603.5,29606.5
1787908500,29611.75,29601.25,29603.75
1787908800,29615,29595.5,29611.25
1787909100,29621,29607,29614.5
1787909400,29618.25,29605.25,29617.25
1787909700,29617.75,29603.75,29607
1787910000,29610.5,29600.25,29606.75
1787910300,29611.5,29599.25,29605.75
1787910600,29620.25,29605.5,29612.5
1787910900,29614.75,29604,29605.75
1787911200,29607.25,29596.25,29600.5
1787911500,29609.75,29592.5,29599
1787911800,29611,29594.25,29603.5
1787912100,29609.5,29597.5,29599.5
1787912400,29617.25,29597.25,29614.5
1787912700,29615.25,29606.5,29611.25
1787913000,29623,29610.75,29612.5
1787913300,29621.25,29606.25,29619.5
1787913600,29620.5,29600.5,29601.5
1787913900,29611,29599,29605.25
1787914200,29605.5,29597.5,29602.5
1787914500,29624.75,29603.5,29622
1787914800,29634.5,29604,29626.5
1787915100,29627.25,29595.75,29601.5
1787915400,29616.75,29597.5,29614
1787915700,29624.5,29612.5,29624
1787916000,29636,29624,29636
1787916300,29636.75,29628,29634
1787916600,29640.75,29619.75,29620.5
1787916900,29621.75,29613.5,29617
1787917200,29624,29607.25,29610
1787917500,29615,29607.25,29612
1787917800,29614.75,29603,29612
1787918100,29612.5,29598.25,29602
1787918400,29615.25,29597.25,29613.5
1787918700,29628.5,29611.5,29627.5
1787919000,29633,29614.25,29630.75
1787919300,29645.75,29628,29640.75
1787919600,29661.5,29640.25,29657.25
1787919900,29664.75,29648.75,29662
1787920200,29661.75,29628.25,29629
1787920500,29637.75,29613.5,29633.25
1787920800,29661,29629.75,29658.25
1787921100,29663,29648.75,29659.75
1787921400,29664,29654.75,29659.5
1787921700,29667,29652.75,29658.5
1787922000,29682.25,29650,29663.75
1787922300,29668.25,29651.25,29654.75
1787922600,29662,29654.25,29661
1787922900,29663,29649.75,29652.25
1787923200,29658.25,29643,29647
1787923500,29647.75,29622.25,29628
1787923800,29637.5,29562.5,29605.25
1787924100,29659.75,29586,29650.75
1787924400,29701.25,29648.5,29686.75
1787924700,29704,29653.75,29658.75
1787925000,29670,29625.5,29634
1787925300,29669,29603,29629.75
1787925600,29707.5,29597.5,29629.25
1787925900,29632,29558,29582
1787926200,29602,29505.5,29534.75
1787926500,29627.75,29532.25,29604.25
1787926800,29675.75,29603.5,29643.25
1787927100,29654.5,29604.25,29653.75
1787927400,29688.5,29631.5,29684
1787927700,29713,29671.5,29680.75
1787928000,29744,29674.25,29734.25
1787928300,29755,29725,29750
1787928600,29778.75,29743.75,29769.25
1787928900,29798.75,29767.25,29796.5
1787929200,29811.75,29778.5,29797
1787929500,29803.5,29755,29762.5
1787929800,29771.75,29735.25,29747.75
1787930100,29775.5,29745.75,29747.75
1787930400,29773.5,29737.5,29768.25
1787930700,29791.75,29764,29783
1787931000,29785.75,29762.5,29763.5
1787931300,29769.25,29716.5,29721.25
1787931600,29722.5,29662.25,29671
1787931900,29682.75,29627.5,29634
1787932200,29647,29585.25,29618.5
1787932500,29621,29544.75,29552.5
1787932800,29566.5,29509.5,29531.5
1787933100,29592.25,29528.75,29585.75
1787933400,29591.25,29554.25,29558.25
1787933700,29570.5,29492.25,29511
1787934000,29523.75,29464.5,29485.5
1787934300,29504.5,29476.25,29488.75
1787934600,29526,29475.75,29476.75
1787934900,29529.75,29476,29512.25
1787935200,29512.75,29474,29484
1787935500,29545.25,29483,29537.5
1787935800,29549,29507.5,29512.25
1787936100,29524.25,29499.25,29502
1787936400,29503.25,29446,29469.5
1787936700,29469.75,29437,29450.5
1787937000,29484.75,29440,29484.25
1787937300,29490,29464.25,29478.25
1787937600,29487,29451.25,29476
1787937900,29495,29461.5,29470
1787938200,29503.75,29464.5,29496.75
1787938500,29504.5,29461.25,29464.5
1787938800,29491.5,29461.75,29484
1787939100,29528.5,29475.75,29523.75
1787939400,29529.5,29512,29517.25
1787939700,29519,29494.25,29515.75
1787940000,29521.5,29495.5,29502.5
1787940300,29517.5,29494.25,29506
1787940600,29518.5,29488.5,29489.5
1787940900,29504.75,29482.75,29494.25
1787941200,29504.75,29471,29481
1787941500,29496.75,29473,29483.75
1787941800,29502.75,29479.5,29497
1787942100,29506.5,29479,29479.25
1787942400,29498.75,29476,29490.75
1787942700,29493.5,29463.5,29466
1787943000,29465.75,29440.5,29453.75
1787943300,29462.5,29443.25,29455.5
1787943600,29471.5,29443.5,29462.75
1787943900,29491.25,29454.75,29490.25
1787944200,29491,29465,29479.25
1787944500,29484.25,29464.5,29478.75
1787944800,29497,29476.25,29485.75
1787945100,29502,29483.5,29498.5
1787945400,29504.25,29484.5,29497.25
1787945700,29502.25,29483,29501.25
1787946000,29513,29500.25,29503
1787946300,29506,29472.75,29491.5
1787946600,29521,29482.25,29492
1787946900,29514.25,29482.75,29496.25
1787947200,29507.75,29488,29494
1787947500,29493.5,29478,29482.5
1787947800,29492,29481,29488.25
1787948100,29492,29484.75,29489.5
1787948400,29492,29486,29490.25
1787948700,29493.5,29486,29491.5
1787949000,29493,29485.5,29487.75
1787949300,29499.25,29485.25,29492
1787949600,29508.5,29490.75,29507.25
1787949900,29519,29506.75,29515
1787950200,29518,29506.25,29517.5
1787950500,29517.5,29508.75,29509.5
1788127200,29543.5,29455.5,29466.5
1788127500,29472.5,29447,29457.5
1788127800,29471.25,29447.25,29470.75
1788128100,29490,29467,29484.75
1788128400,29495,29478.75,29479.5
1788128700,29483.25,29470,29473.25
1788129000,29476.75,29452.25,29455.5
1788129300,29462.5,29432.75,29446
1788129600,29454,29427,29437
1788129900,29453.25,29434.25,29443
1788130200,29447.25,29437.75,29446.5
1788130500,29447.5,29435,29442.5
1788130800,29444.5,29428.25,29432.5
1788131100,29451,29431,29434.75
1788131400,29436.5,29407,29410.25
1788131700,29416.5,29408.25,29411.5
1788132000,29414,29371.5,29380.25
1788132300,29385,29369,29372
1788132600,29372.75,29347.75,29360
1788132900,29377,29351.75,29358.5
1788133200,29366,29321,29354.25
1788133500,29355.75,29301,29311
1788133800,29331,29308.25,29323.75
1788134100,29324.75,29288.75,29289.25
